Timing Analyzer report for 3-B
Mon May 25 22:35:12 2026
Quartus Prime Version 20.1.0 Build 711 06/05/2020 SJ Lite Edition


---------------------
; Table of Contents ;
---------------------
  1. Legal Notice
  2. Timing Analyzer Summary
  3. Parallel Compilation
  4. Clocks
  5. Slow 1200mV 125C Model Fmax Summary
  6. Timing Closure Recommendations
  7. Slow 1200mV 125C Model Setup Summary
  8. Slow 1200mV 125C Model Hold Summary
  9. Slow 1200mV 125C Model Recovery Summary
 10. Slow 1200mV 125C Model Removal Summary
 11. Slow 1200mV 125C Model Minimum Pulse Width Summary
 12. Slow 1200mV 125C Model Setup: 'UPclk'
 13. Slow 1200mV 125C Model Setup: 'rst'
 14. Slow 1200mV 125C Model Hold: 'UPclk'
 15. Slow 1200mV 125C Model Hold: 'rst'
 16. Slow 1200mV 125C Model Recovery: 'UPclk'
 17. Slow 1200mV 125C Model Recovery: 'rst'
 18. Slow 1200mV 125C Model Removal: 'UPclk'
 19. Slow 1200mV 125C Model Removal: 'rst'
 20. Slow 1200mV 125C Model Metastability Summary
 21. Slow 1200mV -40C Model Fmax Summary
 22. Slow 1200mV -40C Model Setup Summary
 23. Slow 1200mV -40C Model Hold Summary
 24. Slow 1200mV -40C Model Recovery Summary
 25. Slow 1200mV -40C Model Removal Summary
 26. Slow 1200mV -40C Model Minimum Pulse Width Summary
 27. Slow 1200mV -40C Model Setup: 'UPclk'
 28. Slow 1200mV -40C Model Setup: 'rst'
 29. Slow 1200mV -40C Model Hold: 'UPclk'
 30. Slow 1200mV -40C Model Hold: 'rst'
 31. Slow 1200mV -40C Model Recovery: 'UPclk'
 32. Slow 1200mV -40C Model Recovery: 'rst'
 33. Slow 1200mV -40C Model Removal: 'UPclk'
 34. Slow 1200mV -40C Model Removal: 'rst'
 35. Slow 1200mV -40C Model Metastability Summary
 36. Fast 1200mV -40C Model Setup Summary
 37. Fast 1200mV -40C Model Hold Summary
 38. Fast 1200mV -40C Model Recovery Summary
 39. Fast 1200mV -40C Model Removal Summary
 40. Fast 1200mV -40C Model Minimum Pulse Width Summary
 41. Fast 1200mV -40C Model Setup: 'UPclk'
 42. Fast 1200mV -40C Model Setup: 'rst'
 43. Fast 1200mV -40C Model Hold: 'UPclk'
 44. Fast 1200mV -40C Model Hold: 'rst'
 45. Fast 1200mV -40C Model Recovery: 'UPclk'
 46. Fast 1200mV -40C Model Recovery: 'rst'
 47. Fast 1200mV -40C Model Removal: 'UPclk'
 48. Fast 1200mV -40C Model Removal: 'rst'
 49. Fast 1200mV -40C Model Metastability Summary
 50. Multicorner Timing Analysis Summary
 51. Board Trace Model Assignments
 52. Input Transition Times
 53. Signal Integrity Metrics (Slow 1200mv n40c Model)
 54. Signal Integrity Metrics (Slow 1200mv 125c Model)
 55. Signal Integrity Metrics (Fast 1200mv n40c Model)
 56. Setup Transfers
 57. Hold Transfers
 58. Recovery Transfers
 59. Removal Transfers
 60. Report TCCS
 61. Report RSKM
 62. Unconstrained Paths Summary
 63. Clock Status Summary
 64. Unconstrained Input Ports
 65. Unconstrained Output Ports
 66. Unconstrained Input Ports
 67. Unconstrained Output Ports
 68. Timing Analyzer Messages



----------------
; Legal Notice ;
----------------
Copyright (C) 2020  Intel Corporation. All rights reserved.
Your use of Intel Corporation's design tools, logic functions 
and other software and tools, and any partner logic 
functions, and any output files from any of the foregoing 
(including device programming or simulation files), and any 
associated documentation or information are expressly subject 
to the terms and conditions of the Intel Program License 
Subscription Agreement, the Intel Quartus Prime License Agreement,
the Intel FPGA IP License Agreement, or other applicable license
agreement, including, without limitation, that your use is for
the sole purpose of programming logic devices manufactured by
Intel and sold by Intel or its authorized distributors.  Please
refer to the applicable agreement for further details, at
https://fpgasoftware.intel.com/eula.



+-----------------------------------------------------------------------------+
; Timing Analyzer Summary                                                     ;
+-----------------------+-----------------------------------------------------+
; Quartus Prime Version ; Version 20.1.0 Build 711 06/05/2020 SJ Lite Edition ;
; Timing Analyzer       ; Legacy Timing Analyzer                              ;
; Revision Name         ; 3-B                                                 ;
; Device Family         ; Cyclone IV E                                        ;
; Device Name           ; EP4CE6E22A7                                         ;
; Timing Models         ; Final                                               ;
; Delay Model           ; Combined                                            ;
; Rise/Fall Delays      ; Enabled                                             ;
+-----------------------+-----------------------------------------------------+


+------------------------------------------+
; Parallel Compilation                     ;
+----------------------------+-------------+
; Processors                 ; Number      ;
+----------------------------+-------------+
; Number detected on machine ; 12          ;
; Maximum allowed            ; 12          ;
;                            ;             ;
; Average used               ; 1.13        ;
; Maximum used               ; 12          ;
;                            ;             ;
; Usage by Processor         ; % Time Used ;
;     Processor 1            ; 100.0%      ;
;     Processor 2            ;   5.0%      ;
;     Processor 3            ;   3.2%      ;
;     Processor 4            ;   2.1%      ;
;     Processors 5-12        ;   0.4%      ;
+----------------------------+-------------+


+-----------------------------------------------------------------------------------------------------------------------------------------------------------------------------------+
; Clocks                                                                                                                                                                            ;
+------------+------+--------+------------+-------+-------+------------+-----------+-------------+-------+--------+-----------+------------+----------+--------+--------+-----------+
; Clock Name ; Type ; Period ; Frequency  ; Rise  ; Fall  ; Duty Cycle ; Divide by ; Multiply by ; Phase ; Offset ; Edge List ; Edge Shift ; Inverted ; Master ; Source ; Targets   ;
+------------+------+--------+------------+-------+-------+------------+-----------+-------------+-------+--------+-----------+------------+----------+--------+--------+-----------+
; rst        ; Base ; 1.000  ; 1000.0 MHz ; 0.000 ; 0.500 ;            ;           ;             ;       ;        ;           ;            ;          ;        ;        ; { rst }   ;
; UPclk      ; Base ; 1.000  ; 1000.0 MHz ; 0.000 ; 0.500 ;            ;           ;             ;       ;        ;           ;            ;          ;        ;        ; { UPclk } ;
+------------+------+--------+------------+-------+-------+------------+-----------+-------------+-------+--------+-----------+------------+----------+--------+--------+-----------+


+-------------------------------------------------+
; Slow 1200mV 125C Model Fmax Summary             ;
+-----------+-----------------+------------+------+
; Fmax      ; Restricted Fmax ; Clock Name ; Note ;
+-----------+-----------------+------------+------+
; 25.84 MHz ; 25.84 MHz       ; UPclk      ;      ;
; 36.78 MHz ; 36.78 MHz       ; rst        ;      ;
+-----------+-----------------+------------+------+
This panel reports FMAX for every clock in the design, regardless of the user-specified clock periods.  FMAX is only computed for paths where the source and destination registers or ports are driven by the same clock.  Paths of different clocks, including generated clocks, are ignored.  For paths between a clock and its inversion, FMAX is computed as if the rising and falling edges are scaled along with FMAX, such that the duty cycle (in terms of a percentage) is maintained. Altera recommends that you always use clock constraints and other slack reports for sign-off analysis.


----------------------------------
; Timing Closure Recommendations ;
----------------------------------
HTML report is unavailable in plain text report export.


+--------------------------------------+
; Slow 1200mV 125C Model Setup Summary ;
+-------+---------+--------------------+
; Clock ; Slack   ; End Point TNS      ;
+-------+---------+--------------------+
; UPclk ; -18.847 ; -145.498           ;
; rst   ; -15.770 ; -110.219           ;
+-------+---------+--------------------+


+-------------------------------------+
; Slow 1200mV 125C Model Hold Summary ;
+-------+--------+--------------------+
; Clock ; Slack  ; End Point TNS      ;
+-------+--------+--------------------+
; UPclk ; -4.928 ; -30.368            ;
; rst   ; -3.693 ; -17.290            ;
+-------+--------+--------------------+


+-----------------------------------------+
; Slow 1200mV 125C Model Recovery Summary ;
+-------+---------+-----------------------+
; Clock ; Slack   ; End Point TNS         ;
+-------+---------+-----------------------+
; UPclk ; -14.143 ; -104.620              ;
; rst   ; -11.113 ; -74.188               ;
+-------+---------+-----------------------+


+----------------------------------------+
; Slow 1200mV 125C Model Removal Summary ;
+-------+--------+-----------------------+
; Clock ; Slack  ; End Point TNS         ;
+-------+--------+-----------------------+
; UPclk ; -6.719 ; -37.390               ;
; rst   ; -5.407 ; -22.899               ;
+-------+--------+-----------------------+


+----------------------------------------------------+
; Slow 1200mV 125C Model Minimum Pulse Width Summary ;
+-------+--------+-----------------------------------+
; Clock ; Slack  ; End Point TNS                     ;
+-------+--------+-----------------------------------+
; UPclk ; -7.017 ; -158.603                          ;
; rst   ; -3.000 ; -42.190                           ;
+-------+--------+-----------------------------------+


+-------------------------------------------------------------------------------------------------------------------------------------+
; Slow 1200mV 125C Model Setup: 'UPclk'                                                                                               ;
+---------+--------------------------+--------------------------+--------------+-------------+--------------+------------+------------+
; Slack   ; From Node                ; To Node                  ; Launch Clock ; Latch Clock ; Relationship ; Clock Skew ; Data Delay ;
+---------+--------------------------+--------------------------+--------------+-------------+--------------+------------+------------+
; -18.847 ; 74193:inst1|25~_emulated ; 74193:inst1|23~_emulated ; UPclk        ; UPclk       ; 0.500        ; -6.100     ; 13.244     ;
; -18.727 ; 74193:inst1|24~_emulated ; 74193:inst1|25~_emulated ; UPclk        ; UPclk       ; 1.000        ; -7.003     ; 12.721     ;
; -18.692 ; 74193:inst1|24~_emulated ; 74193:inst1|23~_emulated ; UPclk        ; UPclk       ; 1.000        ; -6.235     ; 13.454     ;
; -18.691 ; 74193:inst1|25~_emulated ; 74193:inst1|24~_emulated ; UPclk        ; UPclk       ; 0.500        ; -6.593     ; 12.595     ;
; -18.605 ; 74193:inst1|23~_emulated ; 74193:inst1|25~_emulated ; UPclk        ; UPclk       ; 1.000        ; -8.205     ; 11.397     ;
; -18.369 ; 74193:inst1|23~_emulated ; 74193:inst1|24~_emulated ; UPclk        ; UPclk       ; 1.000        ; -7.885     ; 11.481     ;
; -17.935 ; 74193:inst1|25~_emulated ; 74193:inst4|26~_emulated ; UPclk        ; UPclk       ; 0.500        ; -6.035     ; 12.397     ;
; -17.780 ; 74193:inst1|24~_emulated ; 74193:inst4|26~_emulated ; UPclk        ; UPclk       ; 1.000        ; -6.170     ; 12.607     ;
; -17.611 ; 74193:inst1|23~_emulated ; 74193:inst4|26~_emulated ; UPclk        ; UPclk       ; 1.000        ; -7.325     ; 11.283     ;
; -17.283 ; 74193:inst4|25~_emulated ; 74193:inst1|25~_emulated ; UPclk        ; UPclk       ; 0.500        ; -6.668     ; 11.112     ;
; -17.203 ; 74193:inst4|25~_emulated ; 74193:inst1|23~_emulated ; UPclk        ; UPclk       ; 0.500        ; -5.855     ; 11.845     ;
; -17.183 ; 74193:inst1|24~1         ; 74193:inst1|25~_emulated ; UPclk        ; UPclk       ; 1.000        ; -5.157     ; 13.023     ;
; -17.101 ; 74193:inst1|24~1         ; 74193:inst1|23~_emulated ; UPclk        ; UPclk       ; 1.000        ; -4.342     ; 13.756     ;
; -17.081 ; 74193:inst1|25~_emulated ; 74193:inst4|24~_emulated ; UPclk        ; UPclk       ; 0.500        ; -5.477     ; 12.101     ;
; -17.047 ; 74193:inst4|25~_emulated ; 74193:inst1|24~_emulated ; UPclk        ; UPclk       ; 0.500        ; -6.348     ; 11.196     ;
; -16.944 ; 74193:inst1|25~_emulated ; 74193:inst4|25~_emulated ; UPclk        ; UPclk       ; 0.500        ; -5.283     ; 12.158     ;
; -16.926 ; 74193:inst1|24~_emulated ; 74193:inst4|24~_emulated ; UPclk        ; UPclk       ; 1.000        ; -5.612     ; 12.311     ;
; -16.887 ; 74193:inst4|26~_emulated ; 74193:inst1|25~_emulated ; UPclk        ; UPclk       ; 0.500        ; -6.699     ; 10.685     ;
; -16.817 ; 74193:inst1|25~_emulated ; 74193:inst1|26~_emulated ; UPclk        ; UPclk       ; 0.500        ; -6.965     ; 10.349     ;
; -16.807 ; 74193:inst4|26~_emulated ; 74193:inst1|23~_emulated ; UPclk        ; UPclk       ; 0.500        ; -5.886     ; 11.418     ;
; -16.789 ; 74193:inst1|24~_emulated ; 74193:inst4|25~_emulated ; UPclk        ; UPclk       ; 1.000        ; -5.418     ; 12.368     ;
; -16.757 ; 74193:inst1|23~_emulated ; 74193:inst4|24~_emulated ; UPclk        ; UPclk       ; 1.000        ; -6.767     ; 10.987     ;
; -16.671 ; 74193:inst4|24~_emulated ; 74193:inst1|25~_emulated ; UPclk        ; UPclk       ; 1.000        ; -6.715     ; 10.953     ;
; -16.651 ; 74193:inst4|26~_emulated ; 74193:inst1|24~_emulated ; UPclk        ; UPclk       ; 0.500        ; -6.379     ; 10.769     ;
; -16.620 ; 74193:inst1|23~_emulated ; 74193:inst4|25~_emulated ; UPclk        ; UPclk       ; 1.000        ; -6.573     ; 11.044     ;
; -16.617 ; 74193:inst1|24~_emulated ; 74193:inst1|26~_emulated ; UPclk        ; UPclk       ; 1.000        ; -7.055     ; 10.559     ;
; -16.589 ; 74193:inst4|24~_emulated ; 74193:inst1|23~_emulated ; UPclk        ; UPclk       ; 1.000        ; -5.900     ; 11.686     ;
; -16.577 ; 74193:inst4|25~_emulated ; 74193:inst1|25~_emulated ; rst          ; UPclk       ; 0.500        ; -5.942     ; 11.112     ;
; -16.542 ; 74193:inst4|25~_emulated ; 74193:inst1|23~_emulated ; rst          ; UPclk       ; 0.500        ; -5.174     ; 11.845     ;
; -16.541 ; 74193:inst1|25~1         ; 74193:inst1|23~_emulated ; UPclk        ; UPclk       ; 1.000        ; -4.425     ; 13.113     ;
; -16.495 ; 74193:inst1|23~_emulated ; 74193:inst1|26~_emulated ; UPclk        ; UPclk       ; 1.000        ; -8.257     ; 9.235      ;
; -16.482 ; 74193:inst1|25~_emulated ; 74193:inst4|23~_emulated ; UPclk        ; UPclk       ; 0.500        ; -3.809     ; 13.170     ;
; -16.467 ; 74193:inst1|26~1         ; 74193:inst1|25~_emulated ; UPclk        ; UPclk       ; 1.000        ; -5.243     ; 12.221     ;
; -16.435 ; 74193:inst4|24~_emulated ; 74193:inst1|24~_emulated ; UPclk        ; UPclk       ; 1.000        ; -6.395     ; 11.037     ;
; -16.387 ; 74193:inst1|25~1         ; 74193:inst1|24~_emulated ; UPclk        ; UPclk       ; 1.000        ; -4.920     ; 12.464     ;
; -16.385 ; 74193:inst1|26~1         ; 74193:inst1|23~_emulated ; UPclk        ; UPclk       ; 1.000        ; -4.428     ; 12.954     ;
; -16.363 ; 74193:inst4|23~_emulated ; 74193:inst1|25~_emulated ; UPclk        ; UPclk       ; 1.000        ; -8.542     ; 8.818      ;
; -16.341 ; 74193:inst4|25~_emulated ; 74193:inst1|24~_emulated ; rst          ; UPclk       ; 0.500        ; -5.622     ; 11.196     ;
; -16.332 ; 74193:inst1|24~_emulated ; 74193:inst4|23~_emulated ; UPclk        ; UPclk       ; 1.000        ; -3.944     ; 13.385     ;
; -16.291 ; 74193:inst4|25~_emulated ; 74193:inst4|26~_emulated ; UPclk        ; UPclk       ; 0.500        ; -5.790     ; 10.998     ;
; -16.281 ; 74193:inst4|23~_emulated ; 74193:inst1|23~_emulated ; UPclk        ; UPclk       ; 1.000        ; -7.727     ; 9.551      ;
; -16.231 ; 74193:inst1|26~1         ; 74193:inst1|24~_emulated ; UPclk        ; UPclk       ; 1.000        ; -4.923     ; 12.305     ;
; -16.215 ; 74193:inst4|24~_emulated ; 74193:inst1|25~_emulated ; rst          ; UPclk       ; 0.500        ; -5.739     ; 10.953     ;
; -16.189 ; 74193:inst1|24~1         ; 74193:inst4|26~_emulated ; UPclk        ; UPclk       ; 1.000        ; -4.277     ; 12.909     ;
; -16.180 ; 74193:inst4|24~_emulated ; 74193:inst1|23~_emulated ; rst          ; UPclk       ; 0.500        ; -4.971     ; 11.686     ;
; -16.162 ; 74193:inst1|23~_emulated ; 74193:inst4|23~_emulated ; UPclk        ; UPclk       ; 1.000        ; -5.099     ; 12.060     ;
; -16.127 ; 74193:inst4|23~_emulated ; 74193:inst1|24~_emulated ; UPclk        ; UPclk       ; 1.000        ; -8.222     ; 8.902      ;
; -16.079 ; 74193:inst1|23~1         ; 74193:inst1|25~_emulated ; UPclk        ; UPclk       ; 1.000        ; -5.161     ; 11.915     ;
; -16.067 ; 74193:inst4|24~1         ; 74193:inst1|25~_emulated ; UPclk        ; UPclk       ; 1.000        ; -5.341     ; 11.723     ;
; -16.042 ; 74193:inst4|25~1         ; 74193:inst1|25~_emulated ; UPclk        ; UPclk       ; 1.000        ; -5.162     ; 11.877     ;
; -16.011 ; 74193:inst1|23~_emulated ; 74193:inst1|25~_emulated ; rst          ; UPclk       ; 0.500        ; -5.091     ; 11.397     ;
; -15.985 ; 74193:inst4|24~1         ; 74193:inst1|23~_emulated ; UPclk        ; UPclk       ; 1.000        ; -4.526     ; 12.456     ;
; -15.979 ; 74193:inst4|24~_emulated ; 74193:inst1|24~_emulated ; rst          ; UPclk       ; 0.500        ; -5.419     ; 11.037     ;
; -15.960 ; 74193:inst4|25~1         ; 74193:inst1|23~_emulated ; UPclk        ; UPclk       ; 1.000        ; -4.347     ; 12.610     ;
; -15.868 ; 74193:inst1|25~_emulated ; 74193:inst1|23~_emulated ; rst          ; UPclk       ; 0.500        ; -3.101     ; 13.244     ;
; -15.843 ; 74193:inst1|23~1         ; 74193:inst1|24~_emulated ; UPclk        ; UPclk       ; 1.000        ; -4.841     ; 11.999     ;
; -15.831 ; 74193:inst4|24~1         ; 74193:inst1|24~_emulated ; UPclk        ; UPclk       ; 1.000        ; -5.021     ; 11.807     ;
; -15.820 ; 74193:inst4|23~_emulated ; 74193:inst1|25~_emulated ; rst          ; UPclk       ; 0.500        ; -7.479     ; 8.818      ;
; -15.806 ; 74193:inst4|25~1         ; 74193:inst1|24~_emulated ; UPclk        ; UPclk       ; 1.000        ; -4.842     ; 11.961     ;
; -15.785 ; 74193:inst4|23~_emulated ; 74193:inst1|23~_emulated ; rst          ; UPclk       ; 0.500        ; -6.711     ; 9.551      ;
; -15.775 ; 74193:inst1|23~_emulated ; 74193:inst1|24~_emulated ; rst          ; UPclk       ; 0.500        ; -4.771     ; 11.481     ;
; -15.729 ; 74193:inst4|26~1         ; 74193:inst1|25~_emulated ; UPclk        ; UPclk       ; 1.000        ; -5.339     ; 11.387     ;
; -15.677 ; 74193:inst4|24~_emulated ; 74193:inst4|26~_emulated ; UPclk        ; UPclk       ; 1.000        ; -5.835     ; 10.839     ;
; -15.667 ; 74193:inst1|25~_emulated ; 74193:inst1|24~_emulated ; rst          ; UPclk       ; 0.500        ; -3.549     ; 12.595     ;
; -15.647 ; 74193:inst4|26~1         ; 74193:inst1|23~_emulated ; UPclk        ; UPclk       ; 1.000        ; -4.524     ; 12.120     ;
; -15.630 ; 74193:inst4|25~_emulated ; 74193:inst4|26~_emulated ; rst          ; UPclk       ; 0.500        ; -5.109     ; 10.998     ;
; -15.629 ; 74193:inst1|25~1         ; 74193:inst4|26~_emulated ; UPclk        ; UPclk       ; 1.000        ; -4.360     ; 12.266     ;
; -15.584 ; 74193:inst4|23~_emulated ; 74193:inst1|24~_emulated ; rst          ; UPclk       ; 0.500        ; -7.159     ; 8.902      ;
; -15.526 ; 74193:inst1|24~_emulated ; 74193:inst1|25~_emulated ; rst          ; UPclk       ; 1.000        ; -3.782     ; 12.721     ;
; -15.493 ; 74193:inst4|26~1         ; 74193:inst1|24~_emulated ; UPclk        ; UPclk       ; 1.000        ; -5.019     ; 11.471     ;
; -15.491 ; 74193:inst1|24~_emulated ; 74193:inst1|23~_emulated ; rst          ; UPclk       ; 1.000        ; -3.014     ; 13.454     ;
; -15.473 ; 74193:inst1|26~1         ; 74193:inst4|26~_emulated ; UPclk        ; UPclk       ; 1.000        ; -4.363     ; 12.107     ;
; -15.437 ; 74193:inst4|25~_emulated ; 74193:inst4|24~_emulated ; UPclk        ; UPclk       ; 0.500        ; -5.232     ; 10.702     ;
; -15.404 ; 74193:inst1|23~_emulated ; 74193:inst1|25~_emulated ; rst          ; UPclk       ; 1.000        ; -4.984     ; 11.397     ;
; -15.369 ; 74193:inst4|23~_emulated ; 74193:inst4|26~_emulated ; UPclk        ; UPclk       ; 1.000        ; -7.662     ; 8.704      ;
; -15.365 ; 74193:inst4|26~_emulated ; 74193:inst1|25~_emulated ; rst          ; UPclk       ; 0.500        ; -5.157     ; 10.685     ;
; -15.335 ; 74193:inst1|24~1         ; 74193:inst4|24~_emulated ; UPclk        ; UPclk       ; 1.000        ; -3.719     ; 12.613     ;
; -15.330 ; 74193:inst4|26~_emulated ; 74193:inst1|23~_emulated ; rst          ; UPclk       ; 0.500        ; -4.389     ; 11.418     ;
; -15.268 ; 74193:inst4|24~_emulated ; 74193:inst4|26~_emulated ; rst          ; UPclk       ; 0.500        ; -4.906     ; 10.839     ;
; -15.198 ; 74193:inst1|24~1         ; 74193:inst4|25~_emulated ; UPclk        ; UPclk       ; 1.000        ; -3.525     ; 12.670     ;
; -15.173 ; 74193:inst4|25~_emulated ; 74193:inst1|26~_emulated ; UPclk        ; UPclk       ; 0.500        ; -6.720     ; 8.950      ;
; -15.168 ; 74193:inst1|23~_emulated ; 74193:inst1|24~_emulated ; rst          ; UPclk       ; 1.000        ; -4.664     ; 11.481     ;
; -15.129 ; 74193:inst4|26~_emulated ; 74193:inst1|24~_emulated ; rst          ; UPclk       ; 0.500        ; -4.837     ; 10.769     ;
; -15.085 ; 74193:inst1|23~1         ; 74193:inst4|26~_emulated ; UPclk        ; UPclk       ; 1.000        ; -4.281     ; 11.801     ;
; -15.073 ; 74193:inst1|24~1         ; 74193:inst1|26~_emulated ; UPclk        ; UPclk       ; 1.000        ; -5.209     ; 10.861     ;
; -15.073 ; 74193:inst4|24~1         ; 74193:inst4|26~_emulated ; UPclk        ; UPclk       ; 1.000        ; -4.461     ; 11.609     ;
; -15.064 ; 74193:inst1|23~_emulated ; 74193:inst4|26~_emulated ; rst          ; UPclk       ; 0.500        ; -4.258     ; 11.283     ;
; -15.048 ; 74193:inst4|25~1         ; 74193:inst4|26~_emulated ; UPclk        ; UPclk       ; 1.000        ; -4.282     ; 11.763     ;
; -15.043 ; 74193:inst4|26~_emulated ; 74193:inst4|24~_emulated ; UPclk        ; UPclk       ; 0.500        ; -5.263     ; 10.277     ;
; -14.956 ; 74193:inst1|25~_emulated ; 74193:inst4|26~_emulated ; rst          ; UPclk       ; 0.500        ; -3.036     ; 12.397     ;
; -14.929 ; 74193:inst4|26~_emulated ; 74193:inst4|25~_emulated ; UPclk        ; UPclk       ; 0.500        ; -5.069     ; 10.357     ;
; -14.873 ; 74193:inst4|23~_emulated ; 74193:inst4|26~_emulated ; rst          ; UPclk       ; 0.500        ; -6.646     ; 8.704      ;
; -14.838 ; 74193:inst4|25~_emulated ; 74193:inst4|23~_emulated ; UPclk        ; UPclk       ; 0.500        ; -3.564     ; 11.771     ;
; -14.777 ; 74193:inst4|26~_emulated ; 74193:inst1|26~_emulated ; UPclk        ; UPclk       ; 0.500        ; -6.751     ; 8.523      ;
; -14.776 ; 74193:inst4|25~_emulated ; 74193:inst4|24~_emulated ; rst          ; UPclk       ; 0.500        ; -4.551     ; 10.702     ;
; -14.775 ; 74193:inst1|25~1         ; 74193:inst4|24~_emulated ; UPclk        ; UPclk       ; 1.000        ; -3.802     ; 11.970     ;
; -14.736 ; 74193:inst1|24~1         ; 74193:inst4|23~_emulated ; UPclk        ; UPclk       ; 1.000        ; -2.051     ; 13.682     ;
; -14.686 ; 74193:inst4|24~_emulated ; 74193:inst4|25~_emulated ; UPclk        ; UPclk       ; 1.000        ; -5.083     ; 10.600     ;
; -14.638 ; 74193:inst1|25~1         ; 74193:inst4|25~_emulated ; UPclk        ; UPclk       ; 1.000        ; -3.608     ; 12.027     ;
; -14.619 ; 74193:inst1|26~1         ; 74193:inst4|24~_emulated ; UPclk        ; UPclk       ; 1.000        ; -3.805     ; 11.811     ;
+---------+--------------------------+--------------------------+--------------+-------------+--------------+------------+------------+


+-------------------------------------------------------------------------------------------------------------------------------------+
; Slow 1200mV 125C Model Setup: 'rst'                                                                                                 ;
+---------+--------------------------+--------------------------+--------------+-------------+--------------+------------+------------+
; Slack   ; From Node                ; To Node                  ; Launch Clock ; Latch Clock ; Relationship ; Clock Skew ; Data Delay ;
+---------+--------------------------+--------------------------+--------------+-------------+--------------+------------+------------+
; -15.770 ; 74193:inst1|24~_emulated ; 74193:inst4|26~_emulated ; UPclk        ; rst         ; 0.500        ; -3.640     ; 12.607     ;
; -15.670 ; 74193:inst1|24~_emulated ; 74193:inst1|25~_emulated ; UPclk        ; rst         ; 0.500        ; -3.426     ; 12.721     ;
; -15.648 ; 74193:inst1|23~_emulated ; 74193:inst4|26~_emulated ; UPclk        ; rst         ; 0.500        ; -4.842     ; 11.283     ;
; -15.553 ; 74193:inst1|25~_emulated ; 74193:inst1|24~_emulated ; UPclk        ; rst         ; 0.500        ; -3.435     ; 12.595     ;
; -15.548 ; 74193:inst1|23~_emulated ; 74193:inst1|25~_emulated ; UPclk        ; rst         ; 0.500        ; -4.628     ; 11.397     ;
; -15.535 ; 74193:inst1|25~_emulated ; 74193:inst4|24~_emulated ; UPclk        ; rst         ; 0.500        ; -3.911     ; 12.101     ;
; -15.520 ; 74193:inst1|24~_emulated ; 74193:inst4|25~_emulated ; UPclk        ; rst         ; 0.500        ; -3.629     ; 12.368     ;
; -15.514 ; 74193:inst1|24~_emulated ; 74193:inst1|23~_emulated ; UPclk        ; rst         ; 0.500        ; -2.537     ; 13.454     ;
; -15.459 ; 74193:inst1|25~_emulated ; 74193:inst1|23~_emulated ; UPclk        ; rst         ; 0.500        ; -2.692     ; 13.244     ;
; -15.398 ; 74193:inst1|23~_emulated ; 74193:inst4|25~_emulated ; UPclk        ; rst         ; 0.500        ; -4.831     ; 11.044     ;
; -15.335 ; 74193:inst1|24~_emulated ; 74193:inst4|24~_emulated ; UPclk        ; rst         ; 1.000        ; -4.001     ; 12.311     ;
; -15.259 ; 74193:inst1|24~_emulated ; 74193:inst1|23~_emulated ; UPclk        ; rst         ; 1.000        ; -2.782     ; 13.454     ;
; -15.231 ; 74193:inst1|23~_emulated ; 74193:inst1|24~_emulated ; UPclk        ; rst         ; 1.000        ; -4.727     ; 11.481     ;
; -15.213 ; 74193:inst1|23~_emulated ; 74193:inst4|24~_emulated ; UPclk        ; rst         ; 1.000        ; -5.203     ; 10.987     ;
; -15.061 ; 74193:inst1|24~_emulated ; 74193:inst4|23~_emulated ; UPclk        ; rst         ; 0.500        ; -2.153     ; 13.385     ;
; -14.970 ; 74193:inst1|25~_emulated ; 74193:inst4|26~_emulated ; UPclk        ; rst         ; 1.000        ; -3.550     ; 12.397     ;
; -14.962 ; 74193:inst1|24~_emulated ; 74193:inst4|24~_emulated ; UPclk        ; rst         ; 0.500        ; -3.128     ; 12.311     ;
; -14.938 ; 74193:inst1|23~_emulated ; 74193:inst4|23~_emulated ; UPclk        ; rst         ; 0.500        ; -3.355     ; 12.060     ;
; -14.884 ; 74193:inst1|25~_emulated ; 74193:inst4|23~_emulated ; UPclk        ; rst         ; 0.500        ; -2.191     ; 13.170     ;
; -14.840 ; 74193:inst1|23~_emulated ; 74193:inst4|24~_emulated ; UPclk        ; rst         ; 0.500        ; -4.330     ; 10.987     ;
; -14.720 ; 74193:inst1|25~_emulated ; 74193:inst4|25~_emulated ; UPclk        ; rst         ; 1.000        ; -3.539     ; 12.158     ;
; -14.714 ; 74193:inst1|25~_emulated ; 74193:inst1|23~_emulated ; UPclk        ; rst         ; 1.000        ; -2.447     ; 13.244     ;
; -14.689 ; 74193:inst1|24~_emulated ; 74193:inst4|23~_emulated ; UPclk        ; rst         ; 1.000        ; -2.281     ; 13.385     ;
; -14.566 ; 74193:inst1|23~_emulated ; 74193:inst4|23~_emulated ; UPclk        ; rst         ; 1.000        ; -3.483     ; 12.060     ;
; -14.256 ; 74193:inst1|25~_emulated ; 74193:inst4|23~_emulated ; UPclk        ; rst         ; 1.000        ; -2.063     ; 13.170     ;
; -14.226 ; 74193:inst1|24~1         ; 74193:inst4|26~_emulated ; UPclk        ; rst         ; 0.500        ; -1.794     ; 12.909     ;
; -14.162 ; 74193:inst1|25~_emulated ; 74193:inst4|24~_emulated ; UPclk        ; rst         ; 1.000        ; -3.038     ; 12.101     ;
; -14.126 ; 74193:inst1|24~1         ; 74193:inst1|25~_emulated ; UPclk        ; rst         ; 0.500        ; -1.580     ; 13.023     ;
; -13.976 ; 74193:inst1|24~1         ; 74193:inst4|25~_emulated ; UPclk        ; rst         ; 0.500        ; -1.783     ; 12.670     ;
; -13.970 ; 74193:inst1|24~1         ; 74193:inst1|23~_emulated ; UPclk        ; rst         ; 0.500        ; -0.691     ; 13.756     ;
; -13.909 ; 74193:inst4|25~_emulated ; 74193:inst1|24~_emulated ; UPclk        ; rst         ; 0.500        ; -3.190     ; 11.196     ;
; -13.891 ; 74193:inst4|25~_emulated ; 74193:inst4|24~_emulated ; UPclk        ; rst         ; 0.500        ; -3.666     ; 10.702     ;
; -13.815 ; 74193:inst4|25~_emulated ; 74193:inst1|23~_emulated ; UPclk        ; rst         ; 0.500        ; -2.447     ; 11.845     ;
; -13.791 ; 74193:inst1|24~1         ; 74193:inst4|24~_emulated ; UPclk        ; rst         ; 1.000        ; -2.155     ; 12.613     ;
; -13.715 ; 74193:inst1|24~1         ; 74193:inst1|23~_emulated ; UPclk        ; rst         ; 1.000        ; -0.936     ; 13.756     ;
; -13.714 ; 74193:inst4|24~_emulated ; 74193:inst4|26~_emulated ; UPclk        ; rst         ; 0.500        ; -3.352     ; 10.839     ;
; -13.666 ; 74193:inst1|25~1         ; 74193:inst4|26~_emulated ; UPclk        ; rst         ; 0.500        ; -1.877     ; 12.266     ;
; -13.614 ; 74193:inst4|24~_emulated ; 74193:inst1|25~_emulated ; UPclk        ; rst         ; 0.500        ; -3.138     ; 10.953     ;
; -13.513 ; 74193:inst4|26~_emulated ; 74193:inst1|24~_emulated ; UPclk        ; rst         ; 0.500        ; -3.221     ; 10.769     ;
; -13.512 ; 74193:inst1|24~1         ; 74193:inst4|23~_emulated ; UPclk        ; rst         ; 0.500        ; -0.307     ; 13.682     ;
; -13.510 ; 74193:inst1|26~1         ; 74193:inst4|26~_emulated ; UPclk        ; rst         ; 0.500        ; -1.880     ; 12.107     ;
; -13.497 ; 74193:inst4|26~_emulated ; 74193:inst4|24~_emulated ; UPclk        ; rst         ; 0.500        ; -3.697     ; 10.277     ;
; -13.464 ; 74193:inst4|24~_emulated ; 74193:inst4|25~_emulated ; UPclk        ; rst         ; 0.500        ; -3.341     ; 10.600     ;
; -13.458 ; 74193:inst4|24~_emulated ; 74193:inst1|23~_emulated ; UPclk        ; rst         ; 0.500        ; -2.249     ; 11.686     ;
; -13.419 ; 74193:inst4|26~_emulated ; 74193:inst1|23~_emulated ; UPclk        ; rst         ; 0.500        ; -2.478     ; 11.418     ;
; -13.418 ; 74193:inst1|24~1         ; 74193:inst4|24~_emulated ; UPclk        ; rst         ; 0.500        ; -1.282     ; 12.613     ;
; -13.416 ; 74193:inst1|25~1         ; 74193:inst4|25~_emulated ; UPclk        ; rst         ; 0.500        ; -1.866     ; 12.027     ;
; -13.410 ; 74193:inst1|26~1         ; 74193:inst1|25~_emulated ; UPclk        ; rst         ; 0.500        ; -1.666     ; 12.221     ;
; -13.410 ; 74193:inst1|25~1         ; 74193:inst1|23~_emulated ; UPclk        ; rst         ; 0.500        ; -0.774     ; 13.113     ;
; -13.406 ; 74193:inst4|23~_emulated ; 74193:inst4|26~_emulated ; UPclk        ; rst         ; 0.500        ; -5.179     ; 8.704      ;
; -13.326 ; 74193:inst4|25~_emulated ; 74193:inst4|26~_emulated ; UPclk        ; rst         ; 1.000        ; -3.305     ; 10.998     ;
; -13.306 ; 74193:inst4|23~_emulated ; 74193:inst1|25~_emulated ; UPclk        ; rst         ; 0.500        ; -4.965     ; 8.818      ;
; -13.297 ; 74193:inst4|24~_emulated ; 74193:inst1|24~_emulated ; UPclk        ; rst         ; 1.000        ; -3.237     ; 11.037     ;
; -13.260 ; 74193:inst1|26~1         ; 74193:inst4|25~_emulated ; UPclk        ; rst         ; 0.500        ; -1.869     ; 11.868     ;
; -13.254 ; 74193:inst1|26~1         ; 74193:inst1|23~_emulated ; UPclk        ; rst         ; 0.500        ; -0.777     ; 12.954     ;
; -13.249 ; 74193:inst1|25~1         ; 74193:inst1|24~_emulated ; UPclk        ; rst         ; 1.000        ; -1.762     ; 12.464     ;
; -13.240 ; 74193:inst4|25~_emulated ; 74193:inst4|23~_emulated ; UPclk        ; rst         ; 0.500        ; -1.946     ; 11.771     ;
; -13.231 ; 74193:inst1|25~1         ; 74193:inst4|24~_emulated ; UPclk        ; rst         ; 1.000        ; -2.238     ; 11.970     ;
; -13.226 ; 74193:inst4|25~_emulated ; 74193:inst1|25~_emulated ; UPclk        ; rst         ; 1.000        ; -3.091     ; 11.112     ;
; -13.203 ; 74193:inst4|24~_emulated ; 74193:inst1|23~_emulated ; UPclk        ; rst         ; 1.000        ; -2.494     ; 11.686     ;
; -13.159 ; 74193:inst4|23~_emulated ; 74193:inst4|25~_emulated ; UPclk        ; rst         ; 0.500        ; -5.168     ; 8.468      ;
; -13.155 ; 74193:inst1|25~1         ; 74193:inst1|23~_emulated ; UPclk        ; rst         ; 1.000        ; -1.019     ; 13.113     ;
; -13.150 ; 74193:inst4|23~_emulated ; 74193:inst1|23~_emulated ; UPclk        ; rst         ; 0.500        ; -4.076     ; 9.551      ;
; -13.140 ; 74193:inst1|24~1         ; 74193:inst4|23~_emulated ; UPclk        ; rst         ; 1.000        ; -0.435     ; 13.682     ;
; -13.122 ; 74193:inst1|23~1         ; 74193:inst4|26~_emulated ; UPclk        ; rst         ; 0.500        ; -1.798     ; 11.801     ;
; -13.110 ; 74193:inst4|24~1         ; 74193:inst4|26~_emulated ; UPclk        ; rst         ; 0.500        ; -1.978     ; 11.609     ;
; -13.094 ; 74193:inst4|25~_emulated ; 74193:inst1|24~_emulated ; rst          ; rst         ; 0.500        ; -2.395     ; 11.196     ;
; -13.093 ; 74193:inst1|26~1         ; 74193:inst1|24~_emulated ; UPclk        ; rst         ; 1.000        ; -1.765     ; 12.305     ;
; -13.085 ; 74193:inst4|25~1         ; 74193:inst4|26~_emulated ; UPclk        ; rst         ; 0.500        ; -1.799     ; 11.763     ;
; -13.076 ; 74193:inst4|25~_emulated ; 74193:inst4|24~_emulated ; rst          ; rst         ; 0.500        ; -2.871     ; 10.702     ;
; -13.075 ; 74193:inst1|26~1         ; 74193:inst4|24~_emulated ; UPclk        ; rst         ; 1.000        ; -2.241     ; 11.811     ;
; -13.070 ; 74193:inst4|25~_emulated ; 74193:inst1|23~_emulated ; UPclk        ; rst         ; 1.000        ; -2.202     ; 11.845     ;
; -13.022 ; 74193:inst1|23~1         ; 74193:inst1|25~_emulated ; UPclk        ; rst         ; 0.500        ; -1.584     ; 11.915     ;
; -13.010 ; 74193:inst4|24~1         ; 74193:inst1|25~_emulated ; UPclk        ; rst         ; 0.500        ; -1.764     ; 11.723     ;
; -13.000 ; 74193:inst4|25~_emulated ; 74193:inst1|23~_emulated ; rst          ; rst         ; 0.500        ; -1.652     ; 11.845     ;
; -13.000 ; 74193:inst4|24~_emulated ; 74193:inst4|23~_emulated ; UPclk        ; rst         ; 0.500        ; -1.865     ; 11.612     ;
; -12.999 ; 74193:inst1|26~1         ; 74193:inst1|23~_emulated ; UPclk        ; rst         ; 1.000        ; -1.022     ; 12.954     ;
; -12.989 ; 74193:inst4|23~_emulated ; 74193:inst1|24~_emulated ; UPclk        ; rst         ; 1.000        ; -5.064     ; 8.902      ;
; -12.985 ; 74193:inst4|25~1         ; 74193:inst1|25~_emulated ; UPclk        ; rst         ; 0.500        ; -1.585     ; 11.877     ;
; -12.971 ; 74193:inst4|23~_emulated ; 74193:inst4|24~_emulated ; UPclk        ; rst         ; 1.000        ; -5.540     ; 8.408      ;
; -12.952 ; 74193:inst1|25~1         ; 74193:inst4|23~_emulated ; UPclk        ; rst         ; 0.500        ; -0.390     ; 13.039     ;
; -12.895 ; 74193:inst4|23~_emulated ; 74193:inst1|23~_emulated ; UPclk        ; rst         ; 1.000        ; -4.321     ; 9.551      ;
; -12.883 ; 74193:inst4|26~_emulated ; 74193:inst4|23~_emulated ; UPclk        ; rst         ; 0.500        ; -1.977     ; 11.383     ;
; -12.872 ; 74193:inst1|23~1         ; 74193:inst4|25~_emulated ; UPclk        ; rst         ; 0.500        ; -1.787     ; 11.562     ;
; -12.860 ; 74193:inst4|24~1         ; 74193:inst4|25~_emulated ; UPclk        ; rst         ; 0.500        ; -1.967     ; 11.370     ;
; -12.858 ; 74193:inst1|25~1         ; 74193:inst4|24~_emulated ; UPclk        ; rst         ; 0.500        ; -1.365     ; 11.970     ;
; -12.854 ; 74193:inst4|24~1         ; 74193:inst1|23~_emulated ; UPclk        ; rst         ; 0.500        ; -0.875     ; 12.456     ;
; -12.830 ; 74193:inst4|26~_emulated ; 74193:inst1|25~_emulated ; UPclk        ; rst         ; 1.000        ; -3.122     ; 10.685     ;
; -12.829 ; 74193:inst4|25~1         ; 74193:inst1|23~_emulated ; UPclk        ; rst         ; 0.500        ; -0.696     ; 12.610     ;
; -12.796 ; 74193:inst1|26~1         ; 74193:inst4|23~_emulated ; UPclk        ; rst         ; 0.500        ; -0.393     ; 12.880     ;
; -12.732 ; 74193:inst4|24~_emulated ; 74193:inst1|24~_emulated ; rst          ; rst         ; 0.500        ; -2.192     ; 11.037     ;
; -12.705 ; 74193:inst1|23~1         ; 74193:inst1|24~_emulated ; UPclk        ; rst         ; 1.000        ; -1.683     ; 11.999     ;
; -12.705 ; 74193:inst4|26~_emulated ; 74193:inst4|25~_emulated ; UPclk        ; rst         ; 1.000        ; -3.325     ; 10.357     ;
; -12.702 ; 74193:inst1|26~1         ; 74193:inst4|24~_emulated ; UPclk        ; rst         ; 0.500        ; -1.368     ; 11.811     ;
; -12.693 ; 74193:inst4|24~1         ; 74193:inst1|24~_emulated ; UPclk        ; rst         ; 1.000        ; -1.863     ; 11.807     ;
; -12.687 ; 74193:inst1|23~1         ; 74193:inst4|24~_emulated ; UPclk        ; rst         ; 1.000        ; -2.159     ; 11.505     ;
; -12.674 ; 74193:inst4|26~_emulated ; 74193:inst1|23~_emulated ; UPclk        ; rst         ; 1.000        ; -2.233     ; 11.418     ;
; -12.672 ; 74193:inst4|26~1         ; 74193:inst1|25~_emulated ; UPclk        ; rst         ; 0.500        ; -1.762     ; 11.387     ;
; -12.668 ; 74193:inst4|25~1         ; 74193:inst1|24~_emulated ; UPclk        ; rst         ; 1.000        ; -1.684     ; 11.961     ;
; -12.650 ; 74193:inst4|25~1         ; 74193:inst4|24~_emulated ; UPclk        ; rst         ; 1.000        ; -2.160     ; 11.467     ;
+---------+--------------------------+--------------------------+--------------+-------------+--------------+------------+------------+


+------------------------------------------------------------------------------------------------------------------------------------+
; Slow 1200mV 125C Model Hold: 'UPclk'                                                                                               ;
+--------+--------------------------+--------------------------+--------------+-------------+--------------+------------+------------+
; Slack  ; From Node                ; To Node                  ; Launch Clock ; Latch Clock ; Relationship ; Clock Skew ; Data Delay ;
+--------+--------------------------+--------------------------+--------------+-------------+--------------+------------+------------+
; -4.928 ; 74193:inst1|23~1         ; 74193:inst1|23~_emulated ; rst          ; UPclk       ; 0.000        ; 6.425      ; 1.726      ;
; -4.442 ; 74193:inst4|23~1         ; 74193:inst4|23~_emulated ; rst          ; UPclk       ; 0.000        ; 6.757      ; 2.544      ;
; -4.437 ; 74193:inst1|24~1         ; 74193:inst1|24~_emulated ; rst          ; UPclk       ; 0.000        ; 5.227      ; 1.019      ;
; -3.961 ; 74193:inst1|25~1         ; 74193:inst1|25~_emulated ; rst          ; UPclk       ; -0.500       ; 5.057      ; 0.825      ;
; -3.944 ; 74193:inst4|24~1         ; 74193:inst4|24~_emulated ; rst          ; UPclk       ; 0.000        ; 4.762      ; 1.047      ;
; -3.697 ; 74193:inst4|25~1         ; 74193:inst4|25~_emulated ; rst          ; UPclk       ; -0.500       ; 4.887      ; 0.919      ;
; -3.644 ; 74193:inst4|26~1         ; 74193:inst4|26~_emulated ; rst          ; UPclk       ; -0.500       ; 4.748      ; 0.833      ;
; -1.754 ; 74193:inst1|23~1         ; 74193:inst1|23~_emulated ; UPclk        ; UPclk       ; 0.000        ; 3.291      ; 1.726      ;
; -1.686 ; 74193:inst1|24~_emulated ; 74193:inst1|24~_emulated ; UPclk        ; UPclk       ; 0.000        ; 6.683      ; 5.186      ;
; -1.658 ; 74193:inst1|23~_emulated ; 74193:inst1|23~_emulated ; UPclk        ; UPclk       ; 0.000        ; 7.390      ; 5.921      ;
; -1.643 ; rst                      ; 74193:inst4|23~_emulated ; rst          ; UPclk       ; 0.000        ; 11.108     ; 9.694      ;
; -1.502 ; 74193:inst1|25~_emulated ; 74193:inst1|25~_emulated ; UPclk        ; UPclk       ; -0.500       ; 6.913      ; 5.120      ;
; -1.315 ; 7474:inst|9              ; 7474:inst|9              ; rst          ; UPclk       ; 0.000        ; 1.779      ; 0.693      ;
; -1.313 ; rst                      ; 74193:inst1|23~_emulated ; rst          ; UPclk       ; 0.000        ; 10.771     ; 9.687      ;
; -1.310 ; 74193:inst1|24~1         ; 74193:inst1|24~_emulated ; UPclk        ; UPclk       ; 0.000        ; 2.140      ; 1.019      ;
; -1.268 ; 74193:inst4|23~1         ; 74193:inst4|23~_emulated ; UPclk        ; UPclk       ; 0.000        ; 3.623      ; 2.544      ;
; -0.932 ; rst                      ; 74193:inst4|23~_emulated ; rst          ; UPclk       ; -0.500       ; 11.108     ; 9.905      ;
; -0.814 ; rst                      ; 74193:inst4|24~_emulated ; rst          ; UPclk       ; 0.000        ; 9.281      ; 8.696      ;
; -0.809 ; 74193:inst1|25~1         ; 74193:inst1|25~_emulated ; UPclk        ; UPclk       ; -0.500       ; 1.925      ; 0.825      ;
; -0.770 ; 74193:inst4|24~1         ; 74193:inst4|24~_emulated ; UPclk        ; UPclk       ; 0.000        ; 1.628      ; 1.047      ;
; -0.682 ; rst                      ; 74193:inst1|24~_emulated ; rst          ; UPclk       ; 0.000        ; 9.569      ; 9.116      ;
; -0.633 ; rst                      ; 74193:inst1|23~_emulated ; rst          ; UPclk       ; -0.500       ; 10.771     ; 9.867      ;
; -0.545 ; 74193:inst4|25~1         ; 74193:inst4|25~_emulated ; UPclk        ; UPclk       ; -0.500       ; 1.755      ; 0.919      ;
; -0.534 ; 74193:inst4|24~_emulated ; 74193:inst4|24~_emulated ; UPclk        ; UPclk       ; 0.000        ; 5.277      ; 4.932      ;
; -0.497 ; rst                      ; 74193:inst1|25~_emulated ; rst          ; UPclk       ; 0.000        ; 9.479      ; 9.211      ;
; -0.492 ; 74193:inst4|26~1         ; 74193:inst4|26~_emulated ; UPclk        ; UPclk       ; -0.500       ; 1.616      ; 0.833      ;
; -0.452 ; rst                      ; 74193:inst4|25~_emulated ; rst          ; UPclk       ; 0.000        ; 9.234      ; 9.011      ;
; -0.311 ; rst                      ; 74193:inst4|26~_emulated ; rst          ; UPclk       ; 0.000        ; 9.265      ; 9.183      ;
; -0.283 ; 74193:inst4|26~_emulated ; 74193:inst4|26~_emulated ; UPclk        ; UPclk       ; -0.500       ; 5.821      ; 5.247      ;
; -0.223 ; rst                      ; 74193:inst4|25~_emulated ; rst          ; UPclk       ; -0.500       ; 9.234      ; 8.740      ;
; -0.167 ; rst                      ; 74193:inst1|25~_emulated ; rst          ; UPclk       ; -0.500       ; 9.479      ; 9.041      ;
; -0.139 ; rst                      ; 74193:inst4|24~_emulated ; rst          ; UPclk       ; -0.500       ; 9.281      ; 8.871      ;
; 0.014  ; rst                      ; 74193:inst4|26~_emulated ; rst          ; UPclk       ; -0.500       ; 9.265      ; 9.008      ;
; 0.018  ; rst                      ; 74193:inst1|24~_emulated ; rst          ; UPclk       ; -0.500       ; 9.569      ; 9.316      ;
; 0.458  ; 7474:inst|9              ; 7474:inst|9              ; UPclk        ; UPclk       ; 0.000        ; 0.046      ; 0.693      ;
; 0.462  ; 74193:inst4|25~_emulated ; 74193:inst4|25~_emulated ; UPclk        ; UPclk       ; -0.500       ; 5.038      ; 5.209      ;
; 0.708  ; 74193:inst4|25~1         ; 74193:inst4|25~_emulated ; rst          ; UPclk       ; 0.000        ; -0.018     ; 0.919      ;
; 0.990  ; 74193:inst4|24~_emulated ; 74193:inst4|24~_emulated ; rst          ; UPclk       ; 0.000        ; 3.713      ; 4.932      ;
; 1.432  ; 74193:inst1|24~_emulated ; 74193:inst1|24~_emulated ; rst          ; UPclk       ; 0.000        ; 3.525      ; 5.186      ;
; 1.484  ; UPclk                    ; 74193:inst4|23~_emulated ; UPclk        ; UPclk       ; 0.000        ; 11.108     ; 12.781     ;
; 1.555  ; 74193:inst1|25~_emulated ; 74193:inst1|25~_emulated ; rst          ; UPclk       ; 0.000        ; 3.336      ; 5.120      ;
; 1.577  ; 74193:inst4|26~1         ; 74193:inst4|26~_emulated ; rst          ; UPclk       ; 0.000        ; -0.973     ; 0.833      ;
; 1.664  ; 74193:inst4|23~_emulated ; 74193:inst4|23~_emulated ; UPclk        ; UPclk       ; 0.000        ; 5.436      ; 7.289      ;
; 1.682  ; 74193:inst4|26~_emulated ; 74193:inst4|26~_emulated ; rst          ; UPclk       ; 0.000        ; 3.336      ; 5.247      ;
; 1.686  ; 74193:inst4|25~_emulated ; 74193:inst4|25~_emulated ; rst          ; UPclk       ; 0.000        ; 3.294      ; 5.209      ;
; 1.708  ; 74193:inst1|23~_emulated ; 74193:inst1|23~_emulated ; rst          ; UPclk       ; 0.000        ; 3.984      ; 5.921      ;
; 1.814  ; UPclk                    ; 74193:inst1|23~_emulated ; UPclk        ; UPclk       ; 0.000        ; 10.771     ; 12.774     ;
; 2.010  ; UPclk                    ; 74193:inst4|23~_emulated ; UPclk        ; UPclk       ; -0.500       ; 11.108     ; 12.827     ;
; 2.227  ; 74193:inst1|26~1         ; 74193:inst1|26~_emulated ; rst          ; UPclk       ; 0.000        ; -1.803     ; 0.653      ;
; 2.309  ; UPclk                    ; 74193:inst1|23~_emulated ; UPclk        ; UPclk       ; -0.500       ; 10.771     ; 12.789     ;
; 2.313  ; UPclk                    ; 74193:inst4|24~_emulated ; UPclk        ; UPclk       ; 0.000        ; 9.281      ; 11.783     ;
; 2.342  ; 74193:inst1|25~1         ; 74193:inst1|25~_emulated ; rst          ; UPclk       ; 0.000        ; -1.746     ; 0.825      ;
; 2.363  ; 74193:inst4|24~_emulated ; 74193:inst4|24~_emulated ; rst          ; UPclk       ; -0.500       ; 2.840      ; 4.932      ;
; 2.445  ; UPclk                    ; 74193:inst1|24~_emulated ; UPclk        ; UPclk       ; 0.000        ; 9.569      ; 12.203     ;
; 2.453  ; 74193:inst1|23~_emulated ; 74193:inst1|23~_emulated ; rst          ; UPclk       ; -0.500       ; 3.739      ; 5.921      ;
; 2.465  ; UPclk                    ; 74193:inst1|25~_emulated ; UPclk        ; UPclk       ; 0.000        ; 9.479      ; 12.133     ;
; 2.510  ; UPclk                    ; 74193:inst4|25~_emulated ; UPclk        ; UPclk       ; 0.000        ; 9.234      ; 11.933     ;
; 2.651  ; UPclk                    ; 74193:inst4|26~_emulated ; UPclk        ; UPclk       ; 0.000        ; 9.265      ; 12.105     ;
; 2.774  ; 74193:inst4|26~_emulated ; 74193:inst4|23~_emulated ; UPclk        ; UPclk       ; 0.000        ; 7.662      ; 10.625     ;
; 2.803  ; UPclk                    ; 74193:inst4|24~_emulated ; UPclk        ; UPclk       ; -0.500       ; 9.281      ; 11.793     ;
; 2.884  ; UPclk                    ; 74193:inst4|25~_emulated ; UPclk        ; UPclk       ; -0.500       ; 9.234      ; 11.827     ;
; 2.940  ; UPclk                    ; 74193:inst1|25~_emulated ; UPclk        ; UPclk       ; -0.500       ; 9.479      ; 12.128     ;
; 2.943  ; 74193:inst1|26~_emulated ; 74193:inst1|26~_emulated ; UPclk        ; UPclk       ; 0.000        ; 0.109      ; 3.241      ;
; 2.960  ; UPclk                    ; 74193:inst1|24~_emulated ; UPclk        ; UPclk       ; -0.500       ; 9.569      ; 12.238     ;
; 3.073  ; 74193:inst4|26~_emulated ; 74193:inst1|23~_emulated ; UPclk        ; UPclk       ; 0.000        ; 7.325      ; 10.587     ;
; 3.121  ; UPclk                    ; 74193:inst4|26~_emulated ; UPclk        ; UPclk       ; -0.500       ; 9.265      ; 12.095     ;
; 3.144  ; 74193:inst4|23~1         ; 74193:inst1|23~_emulated ; rst          ; UPclk       ; 0.000        ; 6.420      ; 9.793      ;
; 3.240  ; 74193:inst4|23~_emulated ; 74193:inst4|23~_emulated ; rst          ; UPclk       ; 0.000        ; 3.820      ; 7.289      ;
; 3.359  ; 74193:inst1|23~_emulated ; 74193:inst4|23~_emulated ; UPclk        ; UPclk       ; 0.000        ; 7.727      ; 11.275     ;
; 3.485  ; 74193:inst4|23~_emulated ; 74193:inst1|23~_emulated ; UPclk        ; UPclk       ; 0.000        ; 5.099      ; 8.773      ;
; 3.528  ; 74193:inst4|24~_emulated ; 74193:inst4|23~_emulated ; UPclk        ; UPclk       ; 0.000        ; 7.104      ; 10.821     ;
; 3.536  ; 74193:inst1|25~_emulated ; 74193:inst4|23~_emulated ; UPclk        ; UPclk       ; 0.000        ; 8.542      ; 12.267     ;
; 3.567  ; 74193:inst4|26~_emulated ; 74193:inst4|24~_emulated ; UPclk        ; UPclk       ; 0.000        ; 5.835      ; 9.591      ;
; 3.638  ; 74193:inst4|23~1         ; 74193:inst4|24~_emulated ; rst          ; UPclk       ; 0.000        ; 4.930      ; 8.797      ;
; 3.646  ; 74193:inst1|26~_emulated ; 74193:inst4|23~_emulated ; UPclk        ; UPclk       ; 0.000        ; 8.594      ; 12.429     ;
; 3.677  ; 74193:inst4|26~_emulated ; 74193:inst1|24~_emulated ; UPclk        ; UPclk       ; 0.000        ; 6.170      ; 10.036     ;
; 3.795  ; 74193:inst4|23~1         ; 74193:inst1|24~_emulated ; rst          ; UPclk       ; 0.000        ; 5.218      ; 9.242      ;
; 3.827  ; 74193:inst4|24~_emulated ; 74193:inst1|23~_emulated ; UPclk        ; UPclk       ; 0.000        ; 6.767      ; 10.783     ;
; 3.835  ; 74193:inst1|25~_emulated ; 74193:inst1|23~_emulated ; UPclk        ; UPclk       ; 0.000        ; 8.205      ; 12.229     ;
; 3.868  ; 74193:inst4|23~_emulated ; 74193:inst4|23~_emulated ; rst          ; UPclk       ; -0.500       ; 3.692      ; 7.289      ;
; 3.882  ; 74193:inst4|25~1         ; 74193:inst4|25~_emulated ; UPclk        ; UPclk       ; 0.000        ; -3.152     ; 0.919      ;
; 3.900  ; 74193:inst4|25~_emulated ; 74193:inst4|23~_emulated ; UPclk        ; UPclk       ; 0.000        ; 6.910      ; 10.999     ;
; 3.945  ; 74193:inst1|26~_emulated ; 74193:inst1|23~_emulated ; UPclk        ; UPclk       ; 0.000        ; 8.257      ; 12.391     ;
; 3.979  ; 74193:inst4|23~_emulated ; 74193:inst4|24~_emulated ; UPclk        ; UPclk       ; 0.000        ; 3.609      ; 7.777      ;
; 4.089  ; 74193:inst4|23~_emulated ; 74193:inst1|24~_emulated ; UPclk        ; UPclk       ; 0.000        ; 3.944      ; 8.222      ;
; 4.137  ; 74193:inst1|24~_emulated ; 74193:inst4|23~_emulated ; UPclk        ; UPclk       ; 0.000        ; 8.222      ; 12.548     ;
; 4.152  ; 74193:inst1|23~_emulated ; 74193:inst4|24~_emulated ; UPclk        ; UPclk       ; 0.000        ; 5.900      ; 10.241     ;
; 4.166  ; rst                      ; 74193:inst1|26~_emulated ; rst          ; UPclk       ; 0.000        ; 2.623      ; 7.018      ;
; 4.182  ; rst                      ; 74193:inst4|25~_emulated ; rst          ; UPclk       ; 0.000        ; 4.329      ; 8.740      ;
; 4.183  ; 74193:inst4|26~_emulated ; 74193:inst4|25~_emulated ; UPclk        ; UPclk       ; -0.500       ; 5.790      ; 9.682      ;
; 4.187  ; 74193:inst4|26~_emulated ; 74193:inst1|25~_emulated ; UPclk        ; UPclk       ; -0.500       ; 6.035      ; 9.931      ;
; 4.199  ; 74193:inst4|25~_emulated ; 74193:inst1|23~_emulated ; UPclk        ; UPclk       ; 0.000        ; 6.573      ; 10.961     ;
; 4.262  ; 74193:inst1|23~_emulated ; 74193:inst1|24~_emulated ; UPclk        ; UPclk       ; 0.000        ; 6.235      ; 10.686     ;
; 4.280  ; 74193:inst4|23~1         ; 74193:inst1|25~_emulated ; rst          ; UPclk       ; -0.500       ; 5.128      ; 9.137      ;
; 4.293  ; 74193:inst4|23~1         ; 74193:inst4|25~_emulated ; rst          ; UPclk       ; -0.500       ; 4.883      ; 8.905      ;
; 4.329  ; 74193:inst1|25~_emulated ; 74193:inst4|24~_emulated ; UPclk        ; UPclk       ; 0.000        ; 6.715      ; 11.233     ;
; 4.431  ; 74193:inst4|24~_emulated ; 74193:inst1|24~_emulated ; UPclk        ; UPclk       ; 0.000        ; 5.612      ; 10.232     ;
; 4.436  ; 74193:inst1|24~_emulated ; 74193:inst1|23~_emulated ; UPclk        ; UPclk       ; 0.000        ; 7.885      ; 12.510     ;
; 4.438  ; 74193:inst4|26~1         ; 74193:inst4|23~_emulated ; rst          ; UPclk       ; 0.000        ; 6.591      ; 11.258     ;
; 4.439  ; 74193:inst1|26~_emulated ; 74193:inst4|24~_emulated ; UPclk        ; UPclk       ; 0.000        ; 6.767      ; 11.395     ;
+--------+--------------------------+--------------------------+--------------+-------------+--------------+------------+------------+


+------------------------------------------------------------------------------------------------------------------------------------+
; Slow 1200mV 125C Model Hold: 'rst'                                                                                                 ;
+--------+--------------------------+--------------------------+--------------+-------------+--------------+------------+------------+
; Slack  ; From Node                ; To Node                  ; Launch Clock ; Latch Clock ; Relationship ; Clock Skew ; Data Delay ;
+--------+--------------------------+--------------------------+--------------+-------------+--------------+------------+------------+
; -3.693 ; 7474:inst|9              ; 7474:inst|9              ; UPclk        ; rst         ; 0.000        ; 4.157      ; 0.693      ;
; -2.882 ; 74193:inst4|25~1         ; 74193:inst4|25~_emulated ; rst          ; rst         ; -0.500       ; 4.092      ; 0.919      ;
; -2.790 ; 74193:inst4|23~1         ; 74193:inst4|23~_emulated ; rst          ; rst         ; -0.500       ; 5.625      ; 2.544      ;
; -2.379 ; 74193:inst4|24~1         ; 74193:inst4|24~_emulated ; rst          ; rst         ; -0.500       ; 3.717      ; 1.047      ;
; -2.013 ; 74193:inst4|26~1         ; 74193:inst4|26~_emulated ; rst          ; rst         ; -0.500       ; 3.137      ; 0.833      ;
; -1.598 ; 74193:inst1|23~1         ; 74193:inst1|23~_emulated ; rst          ; rst         ; 0.000        ; 3.135      ; 1.726      ;
; -1.225 ; 74193:inst1|23~1         ; 74193:inst1|23~_emulated ; rst          ; rst         ; -0.500       ; 3.242      ; 1.726      ;
; -1.112 ; 74193:inst4|23~1         ; 74193:inst4|23~_emulated ; rst          ; rst         ; 0.000        ; 3.467      ; 2.544      ;
; -1.107 ; 74193:inst1|24~1         ; 74193:inst1|24~_emulated ; rst          ; rst         ; 0.000        ; 1.937      ; 1.019      ;
; -0.828 ; 74193:inst1|25~1         ; 74193:inst1|25~_emulated ; rst          ; rst         ; -0.500       ; 1.944      ; 0.825      ;
; -0.614 ; 74193:inst4|24~1         ; 74193:inst4|24~_emulated ; rst          ; rst         ; 0.000        ; 1.472      ; 1.047      ;
; -0.329 ; rst                      ; 74193:inst4|23~_emulated ; rst          ; rst         ; 0.000        ; 10.045     ; 9.905      ;
; -0.060 ; rst                      ; 74193:inst4|23~_emulated ; rst          ; rst         ; -0.500       ; 10.045     ; 9.694      ;
; 0.116  ; 74193:inst4|25~1         ; 74193:inst4|25~_emulated ; UPclk        ; rst         ; -0.500       ; 1.074      ; 0.919      ;
; 0.208  ; 74193:inst4|23~1         ; 74193:inst4|23~_emulated ; UPclk        ; rst         ; -0.500       ; 2.607      ; 2.544      ;
; 0.314  ; rst                      ; 74193:inst4|25~_emulated ; rst          ; rst         ; 0.000        ; 8.508      ; 9.011      ;
; 0.377  ; rst                      ; 74193:inst4|24~_emulated ; rst          ; rst         ; 0.000        ; 8.305      ; 8.871      ;
; 0.458  ; 7474:inst|9              ; 7474:inst|9              ; rst          ; rst         ; 0.000        ; 0.046      ; 0.693      ;
; 0.523  ; rst                      ; 74193:inst4|25~_emulated ; rst          ; rst         ; -0.500       ; 8.508      ; 8.740      ;
; 0.619  ; 74193:inst4|24~1         ; 74193:inst4|24~_emulated ; UPclk        ; rst         ; -0.500       ; 0.699      ; 1.047      ;
; 0.682  ; rst                      ; 74193:inst4|24~_emulated ; rst          ; rst         ; -0.500       ; 8.305      ; 8.696      ;
; 0.855  ; 74193:inst4|24~_emulated ; 74193:inst4|24~_emulated ; UPclk        ; rst         ; -0.500       ; 4.348      ; 4.932      ;
; 0.985  ; 74193:inst4|26~1         ; 74193:inst4|26~_emulated ; UPclk        ; rst         ; -0.500       ; 0.119      ; 0.833      ;
; 1.123  ; 74193:inst4|25~_emulated ; 74193:inst4|25~_emulated ; UPclk        ; rst         ; -0.500       ; 4.357      ; 5.209      ;
; 1.194  ; 74193:inst4|26~_emulated ; 74193:inst4|26~_emulated ; UPclk        ; rst         ; -0.500       ; 4.324      ; 5.247      ;
; 1.271  ; rst                      ; 74193:inst4|26~_emulated ; rst          ; rst         ; 0.000        ; 7.723      ; 9.183      ;
; 1.380  ; 74193:inst1|23~1         ; 74193:inst1|23~_emulated ; UPclk        ; rst         ; 0.000        ; 0.117      ; 1.726      ;
; 1.476  ; 74193:inst1|23~_emulated ; 74193:inst1|23~_emulated ; UPclk        ; rst         ; 0.000        ; 4.216      ; 5.921      ;
; 1.495  ; 74193:inst1|24~_emulated ; 74193:inst1|24~_emulated ; UPclk        ; rst         ; 0.000        ; 3.462      ; 5.186      ;
; 1.522  ; 74193:inst1|25~_emulated ; 74193:inst1|25~_emulated ; UPclk        ; rst         ; -0.500       ; 3.869      ; 5.120      ;
; 1.576  ; rst                      ; 74193:inst4|26~_emulated ; rst          ; rst         ; -0.500       ; 7.723      ; 9.008      ;
; 1.618  ; rst                      ; 74193:inst4|23~_emulated ; rst          ; rst         ; 0.000        ; 7.887      ; 9.694      ;
; 1.773  ; 74193:inst1|23~1         ; 74193:inst1|23~_emulated ; UPclk        ; rst         ; -0.500       ; 0.224      ; 1.726      ;
; 1.866  ; 74193:inst4|23~1         ; 74193:inst4|23~_emulated ; UPclk        ; rst         ; 0.000        ; 0.449      ; 2.544      ;
; 1.869  ; 74193:inst1|23~_emulated ; 74193:inst1|23~_emulated ; UPclk        ; rst         ; -0.500       ; 4.323      ; 5.921      ;
; 1.871  ; 74193:inst1|24~1         ; 74193:inst1|24~_emulated ; UPclk        ; rst         ; 0.000        ; -1.081     ; 1.019      ;
; 1.948  ; rst                      ; 74193:inst1|23~_emulated ; rst          ; rst         ; 0.000        ; 7.550      ; 9.687      ;
; 2.021  ; rst                      ; 74193:inst1|23~_emulated ; rst          ; rst         ; 0.000        ; 7.657      ; 9.867      ;
; 2.170  ; 74193:inst1|25~1         ; 74193:inst1|25~_emulated ; UPclk        ; rst         ; -0.500       ; -1.074     ; 0.825      ;
; 2.309  ; rst                      ; 74193:inst4|23~_emulated ; rst          ; rst         ; -0.500       ; 7.887      ; 9.905      ;
; 2.321  ; rst                      ; 74193:inst1|23~_emulated ; rst          ; rst         ; -0.500       ; 7.657      ; 9.687      ;
; 2.364  ; 74193:inst4|24~1         ; 74193:inst4|24~_emulated ; UPclk        ; rst         ; 0.000        ; -1.546     ; 1.047      ;
; 2.447  ; rst                      ; 74193:inst4|24~_emulated ; rst          ; rst         ; 0.000        ; 6.060      ; 8.696      ;
; 2.529  ; 74193:inst4|25~_emulated ; 74193:inst4|25~_emulated ; rst          ; rst         ; 0.000        ; 2.491      ; 5.209      ;
; 2.553  ; UPclk                    ; 74193:inst4|23~_emulated ; UPclk        ; rst         ; 0.000        ; 10.045     ; 12.827     ;
; 2.555  ; 74193:inst4|24~_emulated ; 74193:inst4|24~_emulated ; rst          ; rst         ; -0.500       ; 2.668      ; 4.932      ;
; 2.579  ; rst                      ; 74193:inst1|24~_emulated ; rst          ; rst         ; 0.000        ; 6.348      ; 9.116      ;
; 2.587  ; rst                      ; 74193:inst1|25~_emulated ; rst          ; rst         ; 0.000        ; 6.435      ; 9.211      ;
; 2.600  ; 74193:inst4|24~_emulated ; 74193:inst4|24~_emulated ; UPclk        ; rst         ; 0.000        ; 2.103      ; 4.932      ;
; 2.608  ; rst                      ; 74193:inst1|23~_emulated ; rst          ; rst         ; -0.500       ; 7.550      ; 9.867      ;
; 2.897  ; rst                      ; 74193:inst1|25~_emulated ; rst          ; rst         ; -0.500       ; 6.435      ; 9.041      ;
; 3.007  ; UPclk                    ; 74193:inst4|23~_emulated ; UPclk        ; rst         ; -0.500       ; 10.045     ; 12.781     ;
; 3.102  ; rst                      ; 74193:inst4|24~_emulated ; rst          ; rst         ; -0.500       ; 6.060      ; 8.871      ;
; 3.140  ; 74193:inst4|23~_emulated ; 74193:inst4|23~_emulated ; UPclk        ; rst         ; -0.500       ; 4.420      ; 7.289      ;
; 3.196  ; UPclk                    ; 74193:inst4|25~_emulated ; UPclk        ; rst         ; 0.000        ; 8.508      ; 11.933     ;
; 3.259  ; rst                      ; 74193:inst1|24~_emulated ; rst          ; rst         ; -0.500       ; 6.348      ; 9.316      ;
; 3.259  ; UPclk                    ; 74193:inst4|24~_emulated ; UPclk        ; rst         ; 0.000        ; 8.305      ; 11.793     ;
; 3.341  ; 74193:inst4|26~_emulated ; 74193:inst4|26~_emulated ; rst          ; rst         ; 0.000        ; 1.717      ; 5.247      ;
; 3.590  ; UPclk                    ; 74193:inst4|25~_emulated ; UPclk        ; rst         ; -0.500       ; 8.508      ; 11.827     ;
; 3.749  ; UPclk                    ; 74193:inst4|24~_emulated ; UPclk        ; rst         ; -0.500       ; 8.305      ; 11.783     ;
; 4.153  ; UPclk                    ; 74193:inst4|26~_emulated ; UPclk        ; rst         ; 0.000        ; 7.723      ; 12.105     ;
; 4.250  ; 74193:inst4|26~_emulated ; 74193:inst4|23~_emulated ; UPclk        ; rst         ; -0.500       ; 6.646      ; 10.625     ;
; 4.320  ; 74193:inst4|24~_emulated ; 74193:inst4|24~_emulated ; rst          ; rst         ; 0.000        ; 0.423      ; 4.932      ;
; 4.548  ; 74193:inst4|23~_emulated ; 74193:inst4|23~_emulated ; rst          ; rst         ; 0.000        ; 2.552      ; 7.289      ;
; 4.643  ; UPclk                    ; 74193:inst4|26~_emulated ; UPclk        ; rst         ; -0.500       ; 7.723      ; 12.095     ;
; 4.665  ; UPclk                    ; 74193:inst4|23~_emulated ; UPclk        ; rst         ; 0.000        ; 7.887      ; 12.781     ;
; 4.666  ; 74193:inst4|24~_emulated ; 74193:inst4|24~_emulated ; rst          ; rst         ; 0.000        ; 0.077      ; 4.932      ;
; 4.762  ; 74193:inst1|24~_emulated ; 74193:inst1|24~_emulated ; rst          ; rst         ; 0.000        ; 0.235      ; 5.186      ;
; 4.798  ; 74193:inst4|23~_emulated ; 74193:inst4|23~_emulated ; UPclk        ; rst         ; 0.000        ; 2.262      ; 7.289      ;
; 4.835  ; 74193:inst1|23~_emulated ; 74193:inst4|23~_emulated ; UPclk        ; rst         ; -0.500       ; 6.711      ; 11.275     ;
; 4.844  ; 74193:inst4|26~_emulated ; 74193:inst4|25~_emulated ; UPclk        ; rst         ; -0.500       ; 5.109      ; 9.682      ;
; 4.849  ; 74193:inst1|25~_emulated ; 74193:inst1|25~_emulated ; rst          ; rst         ; 0.000        ; 0.082      ; 5.120      ;
; 4.892  ; 74193:inst4|23~_emulated ; 74193:inst4|23~_emulated ; rst          ; rst         ; -0.500       ; 2.688      ; 7.289      ;
; 4.903  ; UPclk                    ; 74193:inst1|23~_emulated ; UPclk        ; rst         ; 0.000        ; 7.657      ; 12.789     ;
; 4.956  ; 74193:inst4|26~_emulated ; 74193:inst4|24~_emulated ; UPclk        ; rst         ; -0.500       ; 4.906      ; 9.591      ;
; 4.995  ; UPclk                    ; 74193:inst1|23~_emulated ; UPclk        ; rst         ; 0.000        ; 7.550      ; 12.774     ;
; 5.004  ; 74193:inst4|24~_emulated ; 74193:inst4|23~_emulated ; UPclk        ; rst         ; -0.500       ; 6.088      ; 10.821     ;
; 5.038  ; 74193:inst1|23~_emulated ; 74193:inst1|23~_emulated ; rst          ; rst         ; 0.000        ; 0.694      ; 5.921      ;
; 5.059  ; 74193:inst1|25~_emulated ; 74193:inst4|23~_emulated ; UPclk        ; rst         ; -0.500       ; 7.479      ; 12.267     ;
; 5.108  ; 74193:inst4|23~1         ; 74193:inst4|25~_emulated ; rst          ; rst         ; -0.500       ; 4.088      ; 8.905      ;
; 5.169  ; 74193:inst1|26~_emulated ; 74193:inst4|23~_emulated ; UPclk        ; rst         ; -0.500       ; 7.531      ; 12.429     ;
; 5.203  ; 74193:inst4|23~1         ; 74193:inst4|24~_emulated ; rst          ; rst         ; -0.500       ; 3.885      ; 8.797      ;
; 5.211  ; UPclk                    ; 74193:inst4|23~_emulated ; UPclk        ; rst         ; -0.500       ; 7.887      ; 12.827     ;
; 5.277  ; 74193:inst4|23~_emulated ; 74193:inst4|25~_emulated ; UPclk        ; rst         ; -0.500       ; 2.883      ; 7.889      ;
; 5.334  ; 74193:inst4|25~_emulated ; 74193:inst4|25~_emulated ; UPclk        ; rst         ; 0.000        ; -0.354     ; 5.209      ;
; 5.368  ; 74193:inst4|23~_emulated ; 74193:inst4|24~_emulated ; UPclk        ; rst         ; -0.500       ; 2.680      ; 7.777      ;
; 5.376  ; 74193:inst4|25~_emulated ; 74193:inst4|23~_emulated ; UPclk        ; rst         ; -0.500       ; 5.894      ; 10.999     ;
; 5.388  ; UPclk                    ; 74193:inst1|23~_emulated ; UPclk        ; rst         ; -0.500       ; 7.657      ; 12.774     ;
; 5.411  ; 74193:inst1|23~_emulated ; 74193:inst1|23~_emulated ; rst          ; rst         ; -0.500       ; 0.801      ; 5.921      ;
; 5.462  ; 74193:inst1|23~_emulated ; 74193:inst4|25~_emulated ; UPclk        ; rst         ; -0.500       ; 5.174      ; 10.365     ;
; 5.469  ; UPclk                    ; 74193:inst1|25~_emulated ; UPclk        ; rst         ; 0.000        ; 6.435      ; 12.133     ;
; 5.494  ; UPclk                    ; 74193:inst4|24~_emulated ; UPclk        ; rst         ; 0.000        ; 6.060      ; 11.783     ;
; 5.510  ; UPclk                    ; 74193:inst1|23~_emulated ; UPclk        ; rst         ; -0.500       ; 7.550      ; 12.789     ;
; 5.541  ; 74193:inst1|23~_emulated ; 74193:inst4|24~_emulated ; UPclk        ; rst         ; -0.500       ; 4.971      ; 10.241     ;
; 5.626  ; UPclk                    ; 74193:inst1|24~_emulated ; UPclk        ; rst         ; 0.000        ; 6.348      ; 12.203     ;
; 5.641  ; 74193:inst1|23~_emulated ; 74193:inst1|23~_emulated ; rst          ; rst         ; 0.000        ; 0.091      ; 5.921      ;
; 5.647  ; 74193:inst4|24~_emulated ; 74193:inst4|25~_emulated ; UPclk        ; rst         ; -0.500       ; 4.551      ; 9.927      ;
; 5.660  ; 74193:inst1|24~_emulated ; 74193:inst4|23~_emulated ; UPclk        ; rst         ; -0.500       ; 7.159      ; 12.548     ;
; 5.673  ; 74193:inst4|24~_emulated ; 74193:inst4|24~_emulated ; rst          ; rst         ; -0.500       ; -0.450     ; 4.932      ;
; 5.702  ; 74193:inst1|25~_emulated ; 74193:inst4|25~_emulated ; UPclk        ; rst         ; -0.500       ; 5.942      ; 11.373     ;
+--------+--------------------------+--------------------------+--------------+-------------+--------------+------------+------------+


+-------------------------------------------------------------------------------------------------------------------------------------+
; Slow 1200mV 125C Model Recovery: 'UPclk'                                                                                            ;
+---------+--------------------------+--------------------------+--------------+-------------+--------------+------------+------------+
; Slack   ; From Node                ; To Node                  ; Launch Clock ; Latch Clock ; Relationship ; Clock Skew ; Data Delay ;
+---------+--------------------------+--------------------------+--------------+-------------+--------------+------------+------------+
; -14.143 ; 74193:inst1|25~_emulated ; 74193:inst1|26~_emulated ; UPclk        ; UPclk       ; 0.500        ; -6.965     ; 7.675      ;
; -14.091 ; 74193:inst1|25~_emulated ; 74193:inst1|25~_emulated ; UPclk        ; UPclk       ; 0.500        ; -6.913     ; 7.675      ;
; -13.943 ; 74193:inst1|24~_emulated ; 74193:inst1|26~_emulated ; UPclk        ; UPclk       ; 1.000        ; -7.055     ; 7.885      ;
; -13.891 ; 74193:inst1|24~_emulated ; 74193:inst1|25~_emulated ; UPclk        ; UPclk       ; 1.000        ; -7.003     ; 7.885      ;
; -13.821 ; 74193:inst1|23~_emulated ; 74193:inst1|26~_emulated ; UPclk        ; UPclk       ; 1.000        ; -8.257     ; 6.561      ;
; -13.769 ; 74193:inst1|23~_emulated ; 74193:inst1|25~_emulated ; UPclk        ; UPclk       ; 1.000        ; -8.205     ; 6.561      ;
; -13.769 ; 74193:inst1|25~_emulated ; 74193:inst1|24~_emulated ; UPclk        ; UPclk       ; 0.500        ; -6.593     ; 7.673      ;
; -13.569 ; 74193:inst1|24~_emulated ; 74193:inst1|24~_emulated ; UPclk        ; UPclk       ; 1.000        ; -6.683     ; 7.883      ;
; -13.447 ; 74193:inst1|23~_emulated ; 74193:inst1|24~_emulated ; UPclk        ; UPclk       ; 1.000        ; -7.885     ; 6.559      ;
; -13.281 ; 74193:inst1|25~_emulated ; 74193:inst1|23~_emulated ; UPclk        ; UPclk       ; 0.500        ; -6.100     ; 7.678      ;
; -13.217 ; 74193:inst1|25~_emulated ; 74193:inst4|26~_emulated ; UPclk        ; UPclk       ; 0.500        ; -6.035     ; 7.679      ;
; -13.126 ; 74193:inst1|24~_emulated ; 74193:inst1|23~_emulated ; UPclk        ; UPclk       ; 1.000        ; -6.235     ; 7.888      ;
; -13.062 ; 74193:inst1|24~_emulated ; 74193:inst4|26~_emulated ; UPclk        ; UPclk       ; 1.000        ; -6.170     ; 7.889      ;
; -12.957 ; 74193:inst1|23~_emulated ; 74193:inst1|23~_emulated ; UPclk        ; UPclk       ; 1.000        ; -7.390     ; 6.564      ;
; -12.893 ; 74193:inst1|23~_emulated ; 74193:inst4|26~_emulated ; UPclk        ; UPclk       ; 1.000        ; -7.325     ; 6.565      ;
; -12.659 ; 74193:inst1|25~_emulated ; 74193:inst4|24~_emulated ; UPclk        ; UPclk       ; 0.500        ; -5.477     ; 7.679      ;
; -12.504 ; 74193:inst1|24~_emulated ; 74193:inst4|24~_emulated ; UPclk        ; UPclk       ; 1.000        ; -5.612     ; 7.889      ;
; -12.499 ; 74193:inst4|25~_emulated ; 74193:inst1|26~_emulated ; UPclk        ; UPclk       ; 0.500        ; -6.720     ; 6.276      ;
; -12.465 ; 74193:inst1|25~_emulated ; 74193:inst4|25~_emulated ; UPclk        ; UPclk       ; 0.500        ; -5.283     ; 7.679      ;
; -12.447 ; 74193:inst4|25~_emulated ; 74193:inst1|25~_emulated ; UPclk        ; UPclk       ; 0.500        ; -6.668     ; 6.276      ;
; -12.399 ; 74193:inst1|24~1         ; 74193:inst1|26~_emulated ; UPclk        ; UPclk       ; 1.000        ; -5.209     ; 8.187      ;
; -12.347 ; 74193:inst1|24~1         ; 74193:inst1|25~_emulated ; UPclk        ; UPclk       ; 1.000        ; -5.157     ; 8.187      ;
; -12.335 ; 74193:inst1|23~_emulated ; 74193:inst4|24~_emulated ; UPclk        ; UPclk       ; 1.000        ; -6.767     ; 6.565      ;
; -12.310 ; 74193:inst1|24~_emulated ; 74193:inst4|25~_emulated ; UPclk        ; UPclk       ; 1.000        ; -5.418     ; 7.889      ;
; -12.141 ; 74193:inst1|23~_emulated ; 74193:inst4|25~_emulated ; UPclk        ; UPclk       ; 1.000        ; -6.573     ; 6.565      ;
; -12.125 ; 74193:inst4|25~_emulated ; 74193:inst1|24~_emulated ; UPclk        ; UPclk       ; 0.500        ; -6.348     ; 6.274      ;
; -12.103 ; 74193:inst4|26~_emulated ; 74193:inst1|26~_emulated ; UPclk        ; UPclk       ; 0.500        ; -6.751     ; 5.849      ;
; -12.051 ; 74193:inst4|26~_emulated ; 74193:inst1|25~_emulated ; UPclk        ; UPclk       ; 0.500        ; -6.699     ; 5.849      ;
; -12.025 ; 74193:inst1|24~1         ; 74193:inst1|24~_emulated ; UPclk        ; UPclk       ; 1.000        ; -4.837     ; 8.185      ;
; -11.887 ; 74193:inst4|24~_emulated ; 74193:inst1|26~_emulated ; UPclk        ; UPclk       ; 1.000        ; -6.767     ; 6.117      ;
; -11.839 ; 74193:inst1|25~1         ; 74193:inst1|26~_emulated ; UPclk        ; UPclk       ; 1.000        ; -5.292     ; 7.544      ;
; -11.835 ; 74193:inst4|24~_emulated ; 74193:inst1|25~_emulated ; UPclk        ; UPclk       ; 1.000        ; -6.715     ; 6.117      ;
; -11.793 ; 74193:inst4|25~_emulated ; 74193:inst1|26~_emulated ; rst          ; UPclk       ; 0.500        ; -5.994     ; 6.276      ;
; -11.787 ; 74193:inst1|25~1         ; 74193:inst1|25~_emulated ; UPclk        ; UPclk       ; 1.000        ; -5.240     ; 7.544      ;
; -11.741 ; 74193:inst4|25~_emulated ; 74193:inst1|25~_emulated ; rst          ; UPclk       ; 0.500        ; -5.942     ; 6.276      ;
; -11.729 ; 74193:inst4|26~_emulated ; 74193:inst1|24~_emulated ; UPclk        ; UPclk       ; 0.500        ; -6.379     ; 5.847      ;
; -11.683 ; 74193:inst1|26~1         ; 74193:inst1|26~_emulated ; UPclk        ; UPclk       ; 1.000        ; -5.295     ; 7.385      ;
; -11.637 ; 74193:inst4|25~_emulated ; 74193:inst1|23~_emulated ; UPclk        ; UPclk       ; 0.500        ; -5.855     ; 6.279      ;
; -11.631 ; 74193:inst1|26~1         ; 74193:inst1|25~_emulated ; UPclk        ; UPclk       ; 1.000        ; -5.243     ; 7.385      ;
; -11.579 ; 74193:inst4|23~_emulated ; 74193:inst1|26~_emulated ; UPclk        ; UPclk       ; 1.000        ; -8.594     ; 3.982      ;
; -11.573 ; 74193:inst4|25~_emulated ; 74193:inst4|26~_emulated ; UPclk        ; UPclk       ; 0.500        ; -5.790     ; 6.280      ;
; -11.535 ; 74193:inst1|24~1         ; 74193:inst1|23~_emulated ; UPclk        ; UPclk       ; 1.000        ; -4.342     ; 8.190      ;
; -11.527 ; 74193:inst4|23~_emulated ; 74193:inst1|25~_emulated ; UPclk        ; UPclk       ; 1.000        ; -8.542     ; 3.982      ;
; -11.513 ; 74193:inst4|24~_emulated ; 74193:inst1|24~_emulated ; UPclk        ; UPclk       ; 1.000        ; -6.395     ; 6.115      ;
; -11.471 ; 74193:inst1|24~1         ; 74193:inst4|26~_emulated ; UPclk        ; UPclk       ; 1.000        ; -4.277     ; 8.191      ;
; -11.465 ; 74193:inst1|25~1         ; 74193:inst1|24~_emulated ; UPclk        ; UPclk       ; 1.000        ; -4.920     ; 7.542      ;
; -11.431 ; 74193:inst4|24~_emulated ; 74193:inst1|26~_emulated ; rst          ; UPclk       ; 0.500        ; -5.791     ; 6.117      ;
; -11.419 ; 74193:inst4|25~_emulated ; 74193:inst1|24~_emulated ; rst          ; UPclk       ; 0.500        ; -5.622     ; 6.274      ;
; -11.379 ; 74193:inst4|24~_emulated ; 74193:inst1|25~_emulated ; rst          ; UPclk       ; 0.500        ; -5.739     ; 6.117      ;
; -11.309 ; 74193:inst1|26~1         ; 74193:inst1|24~_emulated ; UPclk        ; UPclk       ; 1.000        ; -4.923     ; 7.383      ;
; -11.295 ; 74193:inst1|23~1         ; 74193:inst1|26~_emulated ; UPclk        ; UPclk       ; 1.000        ; -5.213     ; 7.079      ;
; -11.283 ; 74193:inst4|24~1         ; 74193:inst1|26~_emulated ; UPclk        ; UPclk       ; 1.000        ; -5.393     ; 6.887      ;
; -11.258 ; 74193:inst4|25~1         ; 74193:inst1|26~_emulated ; UPclk        ; UPclk       ; 1.000        ; -5.214     ; 7.041      ;
; -11.243 ; 74193:inst1|23~1         ; 74193:inst1|25~_emulated ; UPclk        ; UPclk       ; 1.000        ; -5.161     ; 7.079      ;
; -11.241 ; 74193:inst4|26~_emulated ; 74193:inst1|23~_emulated ; UPclk        ; UPclk       ; 0.500        ; -5.886     ; 5.852      ;
; -11.231 ; 74193:inst4|24~1         ; 74193:inst1|25~_emulated ; UPclk        ; UPclk       ; 1.000        ; -5.341     ; 6.887      ;
; -11.227 ; 74193:inst1|23~_emulated ; 74193:inst1|26~_emulated ; rst          ; UPclk       ; 0.500        ; -5.143     ; 6.561      ;
; -11.206 ; 74193:inst4|25~1         ; 74193:inst1|25~_emulated ; UPclk        ; UPclk       ; 1.000        ; -5.162     ; 7.041      ;
; -11.205 ; 74193:inst4|23~_emulated ; 74193:inst1|24~_emulated ; UPclk        ; UPclk       ; 1.000        ; -8.222     ; 3.980      ;
; -11.177 ; 74193:inst4|26~_emulated ; 74193:inst4|26~_emulated ; UPclk        ; UPclk       ; 0.500        ; -5.821     ; 5.853      ;
; -11.175 ; 74193:inst1|23~_emulated ; 74193:inst1|25~_emulated ; rst          ; UPclk       ; 0.500        ; -5.091     ; 6.561      ;
; -11.119 ; 74193:inst1|25~_emulated ; 74193:inst1|26~_emulated ; rst          ; UPclk       ; 0.500        ; -3.921     ; 7.675      ;
; -11.067 ; 74193:inst1|25~_emulated ; 74193:inst1|25~_emulated ; rst          ; UPclk       ; 0.500        ; -3.869     ; 7.675      ;
; -11.057 ; 74193:inst4|24~_emulated ; 74193:inst1|24~_emulated ; rst          ; UPclk       ; 0.500        ; -5.419     ; 6.115      ;
; -11.036 ; 74193:inst4|23~_emulated ; 74193:inst1|26~_emulated ; rst          ; UPclk       ; 0.500        ; -7.531     ; 3.982      ;
; -11.023 ; 74193:inst4|24~_emulated ; 74193:inst1|23~_emulated ; UPclk        ; UPclk       ; 1.000        ; -5.900     ; 6.120      ;
; -11.015 ; 74193:inst4|25~_emulated ; 74193:inst4|24~_emulated ; UPclk        ; UPclk       ; 0.500        ; -5.232     ; 6.280      ;
; -10.995 ; 74193:inst1|25~_emulated ; 74193:inst4|23~_emulated ; UPclk        ; UPclk       ; 0.500        ; -3.809     ; 7.683      ;
; -10.984 ; 74193:inst4|23~_emulated ; 74193:inst1|25~_emulated ; rst          ; UPclk       ; 0.500        ; -7.479     ; 3.982      ;
; -10.976 ; 74193:inst4|25~_emulated ; 74193:inst1|23~_emulated ; rst          ; UPclk       ; 0.500        ; -5.174     ; 6.279      ;
; -10.975 ; 74193:inst1|25~1         ; 74193:inst1|23~_emulated ; UPclk        ; UPclk       ; 1.000        ; -4.425     ; 7.547      ;
; -10.959 ; 74193:inst4|24~_emulated ; 74193:inst4|26~_emulated ; UPclk        ; UPclk       ; 1.000        ; -5.835     ; 6.121      ;
; -10.945 ; 74193:inst4|26~1         ; 74193:inst1|26~_emulated ; UPclk        ; UPclk       ; 1.000        ; -5.391     ; 6.551      ;
; -10.921 ; 74193:inst1|23~1         ; 74193:inst1|24~_emulated ; UPclk        ; UPclk       ; 1.000        ; -4.841     ; 7.077      ;
; -10.913 ; 74193:inst1|24~1         ; 74193:inst4|24~_emulated ; UPclk        ; UPclk       ; 1.000        ; -3.719     ; 8.191      ;
; -10.912 ; 74193:inst4|25~_emulated ; 74193:inst4|26~_emulated ; rst          ; UPclk       ; 0.500        ; -5.109     ; 6.280      ;
; -10.911 ; 74193:inst1|25~1         ; 74193:inst4|26~_emulated ; UPclk        ; UPclk       ; 1.000        ; -4.360     ; 7.548      ;
; -10.909 ; 74193:inst4|24~1         ; 74193:inst1|24~_emulated ; UPclk        ; UPclk       ; 1.000        ; -5.021     ; 6.885      ;
; -10.893 ; 74193:inst4|26~1         ; 74193:inst1|25~_emulated ; UPclk        ; UPclk       ; 1.000        ; -5.339     ; 6.551      ;
; -10.884 ; 74193:inst4|25~1         ; 74193:inst1|24~_emulated ; UPclk        ; UPclk       ; 1.000        ; -4.842     ; 7.039      ;
; -10.853 ; 74193:inst1|23~_emulated ; 74193:inst1|24~_emulated ; rst          ; UPclk       ; 0.500        ; -4.771     ; 6.559      ;
; -10.840 ; 74193:inst1|24~_emulated ; 74193:inst4|23~_emulated ; UPclk        ; UPclk       ; 1.000        ; -3.944     ; 7.893      ;
; -10.821 ; 74193:inst4|25~_emulated ; 74193:inst4|25~_emulated ; UPclk        ; UPclk       ; 0.500        ; -5.038     ; 6.280      ;
; -10.819 ; 74193:inst1|26~1         ; 74193:inst1|23~_emulated ; UPclk        ; UPclk       ; 1.000        ; -4.428     ; 7.388      ;
; -10.755 ; 74193:inst1|26~1         ; 74193:inst4|26~_emulated ; UPclk        ; UPclk       ; 1.000        ; -4.363     ; 7.389      ;
; -10.745 ; 74193:inst1|25~_emulated ; 74193:inst1|24~_emulated ; rst          ; UPclk       ; 0.500        ; -3.549     ; 7.673      ;
; -10.742 ; 74193:inst1|24~_emulated ; 74193:inst1|26~_emulated ; rst          ; UPclk       ; 1.000        ; -3.834     ; 7.885      ;
; -10.719 ; 74193:inst1|24~1         ; 74193:inst4|25~_emulated ; UPclk        ; UPclk       ; 1.000        ; -3.525     ; 8.191      ;
; -10.715 ; 74193:inst4|23~_emulated ; 74193:inst1|23~_emulated ; UPclk        ; UPclk       ; 1.000        ; -7.727     ; 3.985      ;
; -10.690 ; 74193:inst1|24~_emulated ; 74193:inst1|25~_emulated ; rst          ; UPclk       ; 1.000        ; -3.782     ; 7.885      ;
; -10.671 ; 74193:inst1|23~_emulated ; 74193:inst4|23~_emulated ; UPclk        ; UPclk       ; 1.000        ; -5.099     ; 6.569      ;
; -10.662 ; 74193:inst4|23~_emulated ; 74193:inst1|24~_emulated ; rst          ; UPclk       ; 0.500        ; -7.159     ; 3.980      ;
; -10.651 ; 74193:inst4|23~_emulated ; 74193:inst4|26~_emulated ; UPclk        ; UPclk       ; 1.000        ; -7.662     ; 3.986      ;
; -10.620 ; 74193:inst1|23~_emulated ; 74193:inst1|26~_emulated ; rst          ; UPclk       ; 1.000        ; -5.036     ; 6.561      ;
; -10.619 ; 74193:inst4|26~_emulated ; 74193:inst4|24~_emulated ; UPclk        ; UPclk       ; 0.500        ; -5.263     ; 5.853      ;
; -10.614 ; 74193:inst4|24~_emulated ; 74193:inst1|23~_emulated ; rst          ; UPclk       ; 0.500        ; -4.971     ; 6.120      ;
; -10.581 ; 74193:inst4|26~_emulated ; 74193:inst1|26~_emulated ; rst          ; UPclk       ; 0.500        ; -5.209     ; 5.849      ;
; -10.571 ; 74193:inst4|26~1         ; 74193:inst1|24~_emulated ; UPclk        ; UPclk       ; 1.000        ; -5.019     ; 6.549      ;
; -10.568 ; 74193:inst1|23~_emulated ; 74193:inst1|25~_emulated ; rst          ; UPclk       ; 1.000        ; -4.984     ; 6.561      ;
; -10.550 ; 74193:inst4|24~_emulated ; 74193:inst4|26~_emulated ; rst          ; UPclk       ; 0.500        ; -4.906     ; 6.121      ;
+---------+--------------------------+--------------------------+--------------+-------------+--------------+------------+------------+


+-------------------------------------------------------------------------------------------------------------------------------------+
; Slow 1200mV 125C Model Recovery: 'rst'                                                                                              ;
+---------+--------------------------+--------------------------+--------------+-------------+--------------+------------+------------+
; Slack   ; From Node                ; To Node                  ; Launch Clock ; Latch Clock ; Relationship ; Clock Skew ; Data Delay ;
+---------+--------------------------+--------------------------+--------------+-------------+--------------+------------+------------+
; -11.113 ; 74193:inst1|25~_emulated ; 74193:inst4|24~_emulated ; UPclk        ; rst         ; 0.500        ; -3.911     ; 7.679      ;
; -11.052 ; 74193:inst1|24~_emulated ; 74193:inst4|26~_emulated ; UPclk        ; rst         ; 0.500        ; -3.640     ; 7.889      ;
; -11.041 ; 74193:inst1|24~_emulated ; 74193:inst4|25~_emulated ; UPclk        ; rst         ; 0.500        ; -3.629     ; 7.889      ;
; -10.930 ; 74193:inst1|23~_emulated ; 74193:inst4|26~_emulated ; UPclk        ; rst         ; 0.500        ; -4.842     ; 6.565      ;
; -10.919 ; 74193:inst1|23~_emulated ; 74193:inst4|25~_emulated ; UPclk        ; rst         ; 0.500        ; -4.831     ; 6.565      ;
; -10.913 ; 74193:inst1|24~_emulated ; 74193:inst4|24~_emulated ; UPclk        ; rst         ; 1.000        ; -4.001     ; 7.889      ;
; -10.834 ; 74193:inst1|24~_emulated ; 74193:inst1|25~_emulated ; UPclk        ; rst         ; 0.500        ; -3.426     ; 7.885      ;
; -10.791 ; 74193:inst1|23~_emulated ; 74193:inst4|24~_emulated ; UPclk        ; rst         ; 1.000        ; -5.203     ; 6.565      ;
; -10.712 ; 74193:inst1|23~_emulated ; 74193:inst1|25~_emulated ; UPclk        ; rst         ; 0.500        ; -4.628     ; 6.561      ;
; -10.631 ; 74193:inst1|25~_emulated ; 74193:inst1|24~_emulated ; UPclk        ; rst         ; 0.500        ; -3.435     ; 7.673      ;
; -10.540 ; 74193:inst1|24~_emulated ; 74193:inst4|24~_emulated ; UPclk        ; rst         ; 0.500        ; -3.128     ; 7.889      ;
; -10.431 ; 74193:inst1|24~_emulated ; 74193:inst1|24~_emulated ; UPclk        ; rst         ; 1.000        ; -3.525     ; 7.883      ;
; -10.418 ; 74193:inst1|23~_emulated ; 74193:inst4|24~_emulated ; UPclk        ; rst         ; 0.500        ; -4.330     ; 6.565      ;
; -10.309 ; 74193:inst1|23~_emulated ; 74193:inst1|24~_emulated ; UPclk        ; rst         ; 1.000        ; -4.727     ; 6.559      ;
; -10.252 ; 74193:inst1|25~_emulated ; 74193:inst4|26~_emulated ; UPclk        ; rst         ; 1.000        ; -3.550     ; 7.679      ;
; -10.241 ; 74193:inst1|25~_emulated ; 74193:inst4|25~_emulated ; UPclk        ; rst         ; 1.000        ; -3.539     ; 7.679      ;
; -10.034 ; 74193:inst1|25~_emulated ; 74193:inst1|25~_emulated ; UPclk        ; rst         ; 1.000        ; -3.336     ; 7.675      ;
; -9.948  ; 74193:inst1|24~_emulated ; 74193:inst1|23~_emulated ; UPclk        ; rst         ; 0.500        ; -2.537     ; 7.888      ;
; -9.893  ; 74193:inst1|25~_emulated ; 74193:inst1|23~_emulated ; UPclk        ; rst         ; 0.500        ; -2.692     ; 7.678      ;
; -9.826  ; 74193:inst1|23~_emulated ; 74193:inst1|23~_emulated ; UPclk        ; rst         ; 0.500        ; -3.739     ; 6.564      ;
; -9.740  ; 74193:inst1|25~_emulated ; 74193:inst4|24~_emulated ; UPclk        ; rst         ; 1.000        ; -3.038     ; 7.679      ;
; -9.693  ; 74193:inst1|24~_emulated ; 74193:inst1|23~_emulated ; UPclk        ; rst         ; 1.000        ; -2.782     ; 7.888      ;
; -9.571  ; 74193:inst1|23~_emulated ; 74193:inst1|23~_emulated ; UPclk        ; rst         ; 1.000        ; -3.984     ; 6.564      ;
; -9.569  ; 74193:inst1|24~_emulated ; 74193:inst4|23~_emulated ; UPclk        ; rst         ; 0.500        ; -2.153     ; 7.893      ;
; -9.508  ; 74193:inst1|24~1         ; 74193:inst4|26~_emulated ; UPclk        ; rst         ; 0.500        ; -1.794     ; 8.191      ;
; -9.497  ; 74193:inst1|24~1         ; 74193:inst4|25~_emulated ; UPclk        ; rst         ; 0.500        ; -1.783     ; 8.191      ;
; -9.469  ; 74193:inst4|25~_emulated ; 74193:inst4|24~_emulated ; UPclk        ; rst         ; 0.500        ; -3.666     ; 6.280      ;
; -9.447  ; 74193:inst1|23~_emulated ; 74193:inst4|23~_emulated ; UPclk        ; rst         ; 0.500        ; -3.355     ; 6.569      ;
; -9.397  ; 74193:inst1|25~_emulated ; 74193:inst4|23~_emulated ; UPclk        ; rst         ; 0.500        ; -2.191     ; 7.683      ;
; -9.369  ; 74193:inst1|24~1         ; 74193:inst4|24~_emulated ; UPclk        ; rst         ; 1.000        ; -2.155     ; 8.191      ;
; -9.290  ; 74193:inst1|24~1         ; 74193:inst1|25~_emulated ; UPclk        ; rst         ; 0.500        ; -1.580     ; 8.187      ;
; -9.197  ; 74193:inst1|24~_emulated ; 74193:inst4|23~_emulated ; UPclk        ; rst         ; 1.000        ; -2.281     ; 7.893      ;
; -9.148  ; 74193:inst1|25~_emulated ; 74193:inst1|23~_emulated ; UPclk        ; rst         ; 1.000        ; -2.447     ; 7.678      ;
; -9.075  ; 74193:inst1|23~_emulated ; 74193:inst4|23~_emulated ; UPclk        ; rst         ; 1.000        ; -3.483     ; 6.569      ;
; -9.073  ; 74193:inst4|26~_emulated ; 74193:inst4|24~_emulated ; UPclk        ; rst         ; 0.500        ; -3.697     ; 5.853      ;
; -8.996  ; 74193:inst4|24~_emulated ; 74193:inst4|26~_emulated ; UPclk        ; rst         ; 0.500        ; -3.352     ; 6.121      ;
; -8.996  ; 74193:inst1|24~1         ; 74193:inst4|24~_emulated ; UPclk        ; rst         ; 0.500        ; -1.282     ; 8.191      ;
; -8.987  ; 74193:inst4|25~_emulated ; 74193:inst1|24~_emulated ; UPclk        ; rst         ; 0.500        ; -3.190     ; 6.274      ;
; -8.985  ; 74193:inst4|24~_emulated ; 74193:inst4|25~_emulated ; UPclk        ; rst         ; 0.500        ; -3.341     ; 6.121      ;
; -8.948  ; 74193:inst1|25~1         ; 74193:inst4|26~_emulated ; UPclk        ; rst         ; 0.500        ; -1.877     ; 7.548      ;
; -8.937  ; 74193:inst1|25~1         ; 74193:inst4|25~_emulated ; UPclk        ; rst         ; 0.500        ; -1.866     ; 7.548      ;
; -8.887  ; 74193:inst1|24~1         ; 74193:inst1|24~_emulated ; UPclk        ; rst         ; 1.000        ; -1.679     ; 8.185      ;
; -8.857  ; 74193:inst4|24~_emulated ; 74193:inst4|24~_emulated ; UPclk        ; rst         ; 1.000        ; -3.713     ; 6.121      ;
; -8.809  ; 74193:inst1|25~1         ; 74193:inst4|24~_emulated ; UPclk        ; rst         ; 1.000        ; -2.238     ; 7.548      ;
; -8.792  ; 74193:inst1|26~1         ; 74193:inst4|26~_emulated ; UPclk        ; rst         ; 0.500        ; -1.880     ; 7.389      ;
; -8.781  ; 74193:inst1|26~1         ; 74193:inst4|25~_emulated ; UPclk        ; rst         ; 0.500        ; -1.869     ; 7.389      ;
; -8.778  ; 74193:inst4|24~_emulated ; 74193:inst1|25~_emulated ; UPclk        ; rst         ; 0.500        ; -3.138     ; 6.117      ;
; -8.769  ; 74193:inst1|25~_emulated ; 74193:inst4|23~_emulated ; UPclk        ; rst         ; 1.000        ; -2.063     ; 7.683      ;
; -8.730  ; 74193:inst1|25~1         ; 74193:inst1|25~_emulated ; UPclk        ; rst         ; 0.500        ; -1.663     ; 7.544      ;
; -8.688  ; 74193:inst4|23~_emulated ; 74193:inst4|26~_emulated ; UPclk        ; rst         ; 0.500        ; -5.179     ; 3.986      ;
; -8.677  ; 74193:inst4|23~_emulated ; 74193:inst4|25~_emulated ; UPclk        ; rst         ; 0.500        ; -5.168     ; 3.986      ;
; -8.654  ; 74193:inst4|25~_emulated ; 74193:inst4|24~_emulated ; rst          ; rst         ; 0.500        ; -2.871     ; 6.280      ;
; -8.653  ; 74193:inst1|26~1         ; 74193:inst4|24~_emulated ; UPclk        ; rst         ; 1.000        ; -2.241     ; 7.389      ;
; -8.608  ; 74193:inst4|25~_emulated ; 74193:inst4|26~_emulated ; UPclk        ; rst         ; 1.000        ; -3.305     ; 6.280      ;
; -8.597  ; 74193:inst4|25~_emulated ; 74193:inst4|25~_emulated ; UPclk        ; rst         ; 1.000        ; -3.294     ; 6.280      ;
; -8.591  ; 74193:inst4|26~_emulated ; 74193:inst1|24~_emulated ; UPclk        ; rst         ; 0.500        ; -3.221     ; 5.847      ;
; -8.574  ; 74193:inst1|26~1         ; 74193:inst1|25~_emulated ; UPclk        ; rst         ; 0.500        ; -1.666     ; 7.385      ;
; -8.549  ; 74193:inst4|23~_emulated ; 74193:inst4|24~_emulated ; UPclk        ; rst         ; 1.000        ; -5.540     ; 3.986      ;
; -8.484  ; 74193:inst4|24~_emulated ; 74193:inst4|24~_emulated ; UPclk        ; rst         ; 0.500        ; -2.840     ; 6.121      ;
; -8.470  ; 74193:inst4|23~_emulated ; 74193:inst1|25~_emulated ; UPclk        ; rst         ; 0.500        ; -4.965     ; 3.982      ;
; -8.436  ; 74193:inst1|25~1         ; 74193:inst4|24~_emulated ; UPclk        ; rst         ; 0.500        ; -1.365     ; 7.548      ;
; -8.404  ; 74193:inst1|23~1         ; 74193:inst4|26~_emulated ; UPclk        ; rst         ; 0.500        ; -1.798     ; 7.083      ;
; -8.404  ; 74193:inst1|24~1         ; 74193:inst1|23~_emulated ; UPclk        ; rst         ; 0.500        ; -0.691     ; 8.190      ;
; -8.393  ; 74193:inst1|23~1         ; 74193:inst4|25~_emulated ; UPclk        ; rst         ; 0.500        ; -1.787     ; 7.083      ;
; -8.392  ; 74193:inst4|24~1         ; 74193:inst4|26~_emulated ; UPclk        ; rst         ; 0.500        ; -1.978     ; 6.891      ;
; -8.390  ; 74193:inst4|25~_emulated ; 74193:inst1|25~_emulated ; UPclk        ; rst         ; 1.000        ; -3.091     ; 6.276      ;
; -8.381  ; 74193:inst4|24~1         ; 74193:inst4|25~_emulated ; UPclk        ; rst         ; 0.500        ; -1.967     ; 6.891      ;
; -8.375  ; 74193:inst4|24~_emulated ; 74193:inst1|24~_emulated ; UPclk        ; rst         ; 1.000        ; -3.237     ; 6.115      ;
; -8.367  ; 74193:inst4|25~1         ; 74193:inst4|26~_emulated ; UPclk        ; rst         ; 0.500        ; -1.799     ; 7.045      ;
; -8.356  ; 74193:inst4|25~1         ; 74193:inst4|25~_emulated ; UPclk        ; rst         ; 0.500        ; -1.788     ; 7.045      ;
; -8.327  ; 74193:inst1|25~1         ; 74193:inst1|24~_emulated ; UPclk        ; rst         ; 1.000        ; -1.762     ; 7.542      ;
; -8.292  ; 74193:inst4|24~_emulated ; 74193:inst4|24~_emulated ; rst          ; rst         ; 0.500        ; -2.668     ; 6.121      ;
; -8.280  ; 74193:inst1|26~1         ; 74193:inst4|24~_emulated ; UPclk        ; rst         ; 0.500        ; -1.368     ; 7.389      ;
; -8.265  ; 74193:inst1|23~1         ; 74193:inst4|24~_emulated ; UPclk        ; rst         ; 1.000        ; -2.159     ; 7.083      ;
; -8.253  ; 74193:inst4|24~1         ; 74193:inst4|24~_emulated ; UPclk        ; rst         ; 1.000        ; -2.339     ; 6.891      ;
; -8.249  ; 74193:inst4|25~_emulated ; 74193:inst1|23~_emulated ; UPclk        ; rst         ; 0.500        ; -2.447     ; 6.279      ;
; -8.228  ; 74193:inst4|25~1         ; 74193:inst4|24~_emulated ; UPclk        ; rst         ; 1.000        ; -2.160     ; 7.045      ;
; -8.212  ; 74193:inst4|26~_emulated ; 74193:inst4|26~_emulated ; UPclk        ; rst         ; 1.000        ; -3.336     ; 5.853      ;
; -8.201  ; 74193:inst4|26~_emulated ; 74193:inst4|25~_emulated ; UPclk        ; rst         ; 1.000        ; -3.325     ; 5.853      ;
; -8.186  ; 74193:inst1|23~1         ; 74193:inst1|25~_emulated ; UPclk        ; rst         ; 0.500        ; -1.584     ; 7.079      ;
; -8.176  ; 74193:inst4|23~_emulated ; 74193:inst4|24~_emulated ; UPclk        ; rst         ; 0.500        ; -4.667     ; 3.986      ;
; -8.174  ; 74193:inst4|24~1         ; 74193:inst1|25~_emulated ; UPclk        ; rst         ; 0.500        ; -1.764     ; 6.887      ;
; -8.172  ; 74193:inst4|25~_emulated ; 74193:inst1|24~_emulated ; rst          ; rst         ; 0.500        ; -2.395     ; 6.274      ;
; -8.171  ; 74193:inst1|26~1         ; 74193:inst1|24~_emulated ; UPclk        ; rst         ; 1.000        ; -1.765     ; 7.383      ;
; -8.149  ; 74193:inst1|24~1         ; 74193:inst1|23~_emulated ; UPclk        ; rst         ; 1.000        ; -0.936     ; 8.190      ;
; -8.149  ; 74193:inst4|25~1         ; 74193:inst1|25~_emulated ; UPclk        ; rst         ; 0.500        ; -1.585     ; 7.041      ;
; -8.096  ; 74193:inst4|25~_emulated ; 74193:inst4|24~_emulated ; UPclk        ; rst         ; 1.000        ; -2.793     ; 6.280      ;
; -8.088  ; 74193:inst1|23~_emulated ; 74193:inst4|24~_emulated ; rst          ; rst         ; 0.500        ; -2.020     ; 6.565      ;
; -8.067  ; 74193:inst4|23~_emulated ; 74193:inst1|24~_emulated ; UPclk        ; rst         ; 1.000        ; -5.064     ; 3.980      ;
; -8.054  ; 74193:inst4|26~1         ; 74193:inst4|26~_emulated ; UPclk        ; rst         ; 0.500        ; -1.976     ; 6.555      ;
; -8.043  ; 74193:inst4|26~1         ; 74193:inst4|25~_emulated ; UPclk        ; rst         ; 0.500        ; -1.965     ; 6.555      ;
; -8.025  ; 74193:inst1|24~1         ; 74193:inst4|23~_emulated ; UPclk        ; rst         ; 0.500        ; -0.307     ; 8.195      ;
; -7.994  ; 74193:inst4|26~_emulated ; 74193:inst1|25~_emulated ; UPclk        ; rst         ; 1.000        ; -3.122     ; 5.849      ;
; -7.980  ; 74193:inst1|25~_emulated ; 74193:inst4|24~_emulated ; rst          ; rst         ; 0.500        ; -0.798     ; 7.679      ;
; -7.915  ; 74193:inst4|26~1         ; 74193:inst4|24~_emulated ; UPclk        ; rst         ; 1.000        ; -2.337     ; 6.555      ;
; -7.897  ; 74193:inst4|23~_emulated ; 74193:inst4|24~_emulated ; rst          ; rst         ; 0.500        ; -4.408     ; 3.986      ;
; -7.892  ; 74193:inst1|23~1         ; 74193:inst4|24~_emulated ; UPclk        ; rst         ; 0.500        ; -1.286     ; 7.083      ;
; -7.892  ; 74193:inst4|24~_emulated ; 74193:inst1|23~_emulated ; UPclk        ; rst         ; 0.500        ; -2.249     ; 6.120      ;
; -7.880  ; 74193:inst4|24~1         ; 74193:inst4|24~_emulated ; UPclk        ; rst         ; 0.500        ; -1.466     ; 6.891      ;
; -7.855  ; 74193:inst4|25~1         ; 74193:inst4|24~_emulated ; UPclk        ; rst         ; 0.500        ; -1.287     ; 7.045      ;
+---------+--------------------------+--------------------------+--------------+-------------+--------------+------------+------------+


+------------------------------------------------------------------------------------------------------------------------------------+
; Slow 1200mV 125C Model Removal: 'UPclk'                                                                                            ;
+--------+--------------------------+--------------------------+--------------+-------------+--------------+------------+------------+
; Slack  ; From Node                ; To Node                  ; Launch Clock ; Latch Clock ; Relationship ; Clock Skew ; Data Delay ;
+--------+--------------------------+--------------------------+--------------+-------------+--------------+------------+------------+
; -6.719 ; rst                      ; 74193:inst4|23~_emulated ; rst          ; UPclk       ; 0.000        ; 11.108     ; 4.618      ;
; -6.387 ; rst                      ; 74193:inst1|23~_emulated ; rst          ; UPclk       ; 0.000        ; 10.771     ; 4.613      ;
; -6.010 ; rst                      ; 74193:inst4|23~_emulated ; rst          ; UPclk       ; -0.500       ; 11.108     ; 4.827      ;
; -5.678 ; rst                      ; 74193:inst1|23~_emulated ; rst          ; UPclk       ; -0.500       ; 10.771     ; 4.822      ;
; -5.189 ; rst                      ; 74193:inst1|24~_emulated ; rst          ; UPclk       ; 0.000        ; 9.569      ; 4.609      ;
; -4.896 ; rst                      ; 74193:inst4|24~_emulated ; rst          ; UPclk       ; 0.000        ; 9.281      ; 4.614      ;
; -4.889 ; rst                      ; 74193:inst1|25~_emulated ; rst          ; UPclk       ; 0.000        ; 9.479      ; 4.819      ;
; -4.671 ; rst                      ; 74193:inst4|26~_emulated ; rst          ; UPclk       ; 0.000        ; 9.265      ; 4.823      ;
; -4.639 ; rst                      ; 74193:inst4|25~_emulated ; rst          ; UPclk       ; 0.000        ; 9.234      ; 4.824      ;
; -4.598 ; rst                      ; 74193:inst1|25~_emulated ; rst          ; UPclk       ; -0.500       ; 9.479      ; 4.610      ;
; -4.480 ; rst                      ; 74193:inst1|24~_emulated ; rst          ; UPclk       ; -0.500       ; 9.569      ; 4.818      ;
; -4.380 ; rst                      ; 74193:inst4|26~_emulated ; rst          ; UPclk       ; -0.500       ; 9.265      ; 4.614      ;
; -4.348 ; rst                      ; 74193:inst4|25~_emulated ; rst          ; UPclk       ; -0.500       ; 9.234      ; 4.615      ;
; -4.187 ; rst                      ; 74193:inst4|24~_emulated ; rst          ; UPclk       ; -0.500       ; 9.281      ; 4.823      ;
; -3.592 ; UPclk                    ; 74193:inst4|23~_emulated ; UPclk        ; UPclk       ; 0.000        ; 11.108     ; 7.705      ;
; -3.260 ; UPclk                    ; 74193:inst1|23~_emulated ; UPclk        ; UPclk       ; 0.000        ; 10.771     ; 7.700      ;
; -3.068 ; UPclk                    ; 74193:inst4|23~_emulated ; UPclk        ; UPclk       ; -0.500       ; 11.108     ; 7.749      ;
; -2.736 ; UPclk                    ; 74193:inst1|23~_emulated ; UPclk        ; UPclk       ; -0.500       ; 10.771     ; 7.744      ;
; -2.304 ; 74193:inst4|26~_emulated ; 74193:inst4|23~_emulated ; UPclk        ; UPclk       ; 0.000        ; 7.662      ; 5.547      ;
; -2.233 ; 74193:inst4|23~1         ; 74193:inst4|23~_emulated ; rst          ; UPclk       ; 0.000        ; 6.757      ; 4.753      ;
; -2.062 ; UPclk                    ; 74193:inst1|24~_emulated ; UPclk        ; UPclk       ; 0.000        ; 9.569      ; 7.696      ;
; -1.972 ; 74193:inst4|26~_emulated ; 74193:inst1|23~_emulated ; UPclk        ; UPclk       ; 0.000        ; 7.325      ; 5.542      ;
; -1.927 ; UPclk                    ; 74193:inst1|25~_emulated ; UPclk        ; UPclk       ; 0.000        ; 9.479      ; 7.741      ;
; -1.901 ; 74193:inst4|23~1         ; 74193:inst1|23~_emulated ; rst          ; UPclk       ; 0.000        ; 6.420      ; 4.748      ;
; -1.892 ; 74193:inst4|23~_emulated ; 74193:inst4|23~_emulated ; UPclk        ; UPclk       ; 0.000        ; 5.436      ; 3.733      ;
; -1.769 ; UPclk                    ; 74193:inst4|24~_emulated ; UPclk        ; UPclk       ; 0.000        ; 9.281      ; 7.701      ;
; -1.719 ; 74193:inst1|23~_emulated ; 74193:inst4|23~_emulated ; UPclk        ; UPclk       ; 0.000        ; 7.727      ; 6.197      ;
; -1.709 ; UPclk                    ; 74193:inst4|26~_emulated ; UPclk        ; UPclk       ; 0.000        ; 9.265      ; 7.745      ;
; -1.677 ; UPclk                    ; 74193:inst4|25~_emulated ; UPclk        ; UPclk       ; 0.000        ; 9.234      ; 7.746      ;
; -1.560 ; 74193:inst4|23~_emulated ; 74193:inst1|23~_emulated ; UPclk        ; UPclk       ; 0.000        ; 5.099      ; 3.728      ;
; -1.550 ; 74193:inst4|24~_emulated ; 74193:inst4|23~_emulated ; UPclk        ; UPclk       ; 0.000        ; 7.104      ; 5.743      ;
; -1.542 ; 74193:inst1|25~_emulated ; 74193:inst4|23~_emulated ; UPclk        ; UPclk       ; 0.000        ; 8.542      ; 7.189      ;
; -1.538 ; UPclk                    ; 74193:inst1|24~_emulated ; UPclk        ; UPclk       ; -0.500       ; 9.569      ; 7.740      ;
; -1.491 ; UPclk                    ; 74193:inst1|25~_emulated ; UPclk        ; UPclk       ; -0.500       ; 9.479      ; 7.697      ;
; -1.432 ; 74193:inst1|26~_emulated ; 74193:inst4|23~_emulated ; UPclk        ; UPclk       ; 0.000        ; 8.594      ; 7.351      ;
; -1.387 ; 74193:inst1|23~_emulated ; 74193:inst1|23~_emulated ; UPclk        ; UPclk       ; 0.000        ; 7.390      ; 6.192      ;
; -1.273 ; UPclk                    ; 74193:inst4|26~_emulated ; UPclk        ; UPclk       ; -0.500       ; 9.265      ; 7.701      ;
; -1.245 ; UPclk                    ; 74193:inst4|24~_emulated ; UPclk        ; UPclk       ; -0.500       ; 9.281      ; 7.745      ;
; -1.241 ; UPclk                    ; 74193:inst4|25~_emulated ; UPclk        ; UPclk       ; -0.500       ; 9.234      ; 7.702      ;
; -1.218 ; 74193:inst4|24~_emulated ; 74193:inst1|23~_emulated ; UPclk        ; UPclk       ; 0.000        ; 6.767      ; 5.738      ;
; -1.210 ; 74193:inst1|25~_emulated ; 74193:inst1|23~_emulated ; UPclk        ; UPclk       ; 0.000        ; 8.205      ; 7.184      ;
; -1.178 ; 74193:inst4|25~_emulated ; 74193:inst4|23~_emulated ; UPclk        ; UPclk       ; 0.000        ; 6.910      ; 5.921      ;
; -1.100 ; 74193:inst1|26~_emulated ; 74193:inst1|23~_emulated ; UPclk        ; UPclk       ; 0.000        ; 8.257      ; 7.346      ;
; -0.941 ; 74193:inst1|24~_emulated ; 74193:inst4|23~_emulated ; UPclk        ; UPclk       ; 0.000        ; 8.222      ; 7.470      ;
; -0.846 ; 74193:inst4|25~_emulated ; 74193:inst1|23~_emulated ; UPclk        ; UPclk       ; 0.000        ; 6.573      ; 5.916      ;
; -0.821 ; 74193:inst4|26~_emulated ; 74193:inst1|24~_emulated ; UPclk        ; UPclk       ; 0.000        ; 6.170      ; 5.538      ;
; -0.703 ; 74193:inst4|23~1         ; 74193:inst1|24~_emulated ; rst          ; UPclk       ; 0.000        ; 5.218      ; 4.744      ;
; -0.640 ; 74193:inst4|26~1         ; 74193:inst4|23~_emulated ; rst          ; UPclk       ; 0.000        ; 6.591      ; 6.180      ;
; -0.609 ; 74193:inst1|24~_emulated ; 74193:inst1|23~_emulated ; UPclk        ; UPclk       ; 0.000        ; 7.885      ; 7.465      ;
; -0.481 ; 74193:inst4|26~_emulated ; 74193:inst4|24~_emulated ; UPclk        ; UPclk       ; 0.000        ; 5.835      ; 5.543      ;
; -0.410 ; 74193:inst4|23~1         ; 74193:inst4|24~_emulated ; rst          ; UPclk       ; 0.000        ; 4.930      ; 4.749      ;
; -0.409 ; 74193:inst4|23~_emulated ; 74193:inst1|24~_emulated ; UPclk        ; UPclk       ; 0.000        ; 3.944      ; 3.724      ;
; -0.378 ; 74193:inst4|25~1         ; 74193:inst4|23~_emulated ; rst          ; UPclk       ; 0.000        ; 6.761      ; 6.612      ;
; -0.376 ; 74193:inst4|24~1         ; 74193:inst4|23~_emulated ; rst          ; UPclk       ; 0.000        ; 6.589      ; 6.442      ;
; -0.316 ; 74193:inst4|23~_emulated ; 74193:inst4|23~_emulated ; rst          ; UPclk       ; 0.000        ; 3.820      ; 3.733      ;
; -0.308 ; 74193:inst4|26~1         ; 74193:inst1|23~_emulated ; rst          ; UPclk       ; 0.000        ; 6.254      ; 6.175      ;
; -0.287 ; 74193:inst1|23~1         ; 74193:inst4|23~_emulated ; rst          ; UPclk       ; 0.000        ; 6.762      ; 6.704      ;
; -0.236 ; 74193:inst1|23~_emulated ; 74193:inst1|24~_emulated ; UPclk        ; UPclk       ; 0.000        ; 6.235      ; 6.188      ;
; -0.205 ; 74193:inst4|26~_emulated ; 74193:inst1|25~_emulated ; UPclk        ; UPclk       ; -0.500       ; 6.035      ; 5.539      ;
; -0.112 ; 74193:inst4|23~1         ; 74193:inst1|25~_emulated ; rst          ; UPclk       ; -0.500       ; 5.128      ; 4.745      ;
; -0.069 ; 74193:inst4|23~_emulated ; 74193:inst4|24~_emulated ; UPclk        ; UPclk       ; 0.000        ; 3.609      ; 3.729      ;
; -0.067 ; 74193:inst4|24~_emulated ; 74193:inst1|24~_emulated ; UPclk        ; UPclk       ; 0.000        ; 5.612      ; 5.734      ;
; -0.046 ; 74193:inst4|25~1         ; 74193:inst1|23~_emulated ; rst          ; UPclk       ; 0.000        ; 6.424      ; 6.607      ;
; -0.044 ; 74193:inst4|24~1         ; 74193:inst1|23~_emulated ; rst          ; UPclk       ; 0.000        ; 6.252      ; 6.437      ;
; -0.026 ; 74193:inst4|24~_emulated ; 74193:inst4|23~_emulated ; rst          ; UPclk       ; 0.000        ; 5.540      ; 5.743      ;
; -0.012 ; 74193:inst1|25~_emulated ; 74193:inst1|24~_emulated ; UPclk        ; UPclk       ; 0.000        ; 7.003      ; 7.180      ;
; 0.013  ; 74193:inst4|26~_emulated ; 74193:inst4|26~_emulated ; UPclk        ; UPclk       ; -0.500       ; 5.821      ; 5.543      ;
; 0.016  ; 74193:inst4|23~_emulated ; 74193:inst1|23~_emulated ; rst          ; UPclk       ; 0.000        ; 3.483      ; 3.728      ;
; 0.043  ; 74193:inst1|26~1         ; 74193:inst4|23~_emulated ; rst          ; UPclk       ; 0.000        ; 6.682      ; 6.954      ;
; 0.045  ; 74193:inst1|23~1         ; 74193:inst1|23~_emulated ; rst          ; UPclk       ; 0.000        ; 6.425      ; 6.699      ;
; 0.045  ; 74193:inst4|26~_emulated ; 74193:inst4|25~_emulated ; UPclk        ; UPclk       ; -0.500       ; 5.790      ; 5.544      ;
; 0.057  ; rst                      ; 74193:inst4|25~_emulated ; rst          ; UPclk       ; 0.000        ; 4.329      ; 4.615      ;
; 0.098  ; 74193:inst1|26~_emulated ; 74193:inst1|24~_emulated ; UPclk        ; UPclk       ; 0.000        ; 7.055      ; 7.342      ;
; 0.104  ; 74193:inst1|23~_emulated ; 74193:inst4|24~_emulated ; UPclk        ; UPclk       ; 0.000        ; 5.900      ; 6.193      ;
; 0.106  ; 74193:inst4|23~1         ; 74193:inst4|26~_emulated ; rst          ; UPclk       ; -0.500       ; 4.914      ; 4.749      ;
; 0.138  ; 74193:inst4|23~1         ; 74193:inst4|25~_emulated ; rst          ; UPclk       ; -0.500       ; 4.883      ; 4.750      ;
; 0.145  ; 74193:inst1|25~1         ; 74193:inst4|23~_emulated ; rst          ; UPclk       ; 0.000        ; 6.686      ; 7.060      ;
; 0.207  ; 74193:inst4|23~_emulated ; 74193:inst1|25~_emulated ; UPclk        ; UPclk       ; -0.500       ; 3.809      ; 3.725      ;
; 0.273  ; 74193:inst4|24~_emulated ; 74193:inst4|24~_emulated ; UPclk        ; UPclk       ; 0.000        ; 5.277      ; 5.739      ;
; 0.281  ; 74193:inst1|25~_emulated ; 74193:inst4|24~_emulated ; UPclk        ; UPclk       ; 0.000        ; 6.715      ; 7.185      ;
; 0.305  ; 74193:inst4|25~_emulated ; 74193:inst1|24~_emulated ; UPclk        ; UPclk       ; 0.000        ; 5.418      ; 5.912      ;
; 0.306  ; 74193:inst4|24~_emulated ; 74193:inst1|23~_emulated ; rst          ; UPclk       ; 0.000        ; 5.203      ; 5.738      ;
; 0.312  ; 74193:inst4|23~_emulated ; 74193:inst4|23~_emulated ; rst          ; UPclk       ; -0.500       ; 3.692      ; 3.733      ;
; 0.375  ; 74193:inst1|26~1         ; 74193:inst1|23~_emulated ; rst          ; UPclk       ; 0.000        ; 6.345      ; 6.949      ;
; 0.380  ; 74193:inst1|23~_emulated ; 74193:inst1|25~_emulated ; UPclk        ; UPclk       ; -0.500       ; 6.100      ; 6.189      ;
; 0.391  ; 74193:inst1|26~_emulated ; 74193:inst4|24~_emulated ; UPclk        ; UPclk       ; 0.000        ; 6.767      ; 7.347      ;
; 0.425  ; 74193:inst4|23~_emulated ; 74193:inst4|26~_emulated ; UPclk        ; UPclk       ; -0.500       ; 3.595      ; 3.729      ;
; 0.457  ; 74193:inst4|23~_emulated ; 74193:inst4|25~_emulated ; UPclk        ; UPclk       ; -0.500       ; 3.564      ; 3.730      ;
; 0.477  ; 74193:inst1|25~1         ; 74193:inst1|23~_emulated ; rst          ; UPclk       ; 0.000        ; 6.349      ; 7.055      ;
; 0.549  ; 74193:inst4|24~_emulated ; 74193:inst1|25~_emulated ; UPclk        ; UPclk       ; -0.500       ; 5.477      ; 5.735      ;
; 0.559  ; 74193:inst1|25~_emulated ; 74193:inst1|25~_emulated ; UPclk        ; UPclk       ; -0.500       ; 6.913      ; 7.181      ;
; 0.589  ; 74193:inst1|24~_emulated ; 74193:inst1|24~_emulated ; UPclk        ; UPclk       ; 0.000        ; 6.683      ; 7.461      ;
; 0.598  ; 74193:inst1|23~_emulated ; 74193:inst4|26~_emulated ; UPclk        ; UPclk       ; -0.500       ; 5.886      ; 6.193      ;
; 0.630  ; 74193:inst1|23~_emulated ; 74193:inst4|25~_emulated ; UPclk        ; UPclk       ; -0.500       ; 5.855      ; 6.194      ;
; 0.639  ; 74193:inst4|26~_emulated ; 74193:inst4|23~_emulated ; rst          ; UPclk       ; -0.500       ; 5.179      ; 5.547      ;
; 0.644  ; 74193:inst4|23~_emulated ; 74193:inst1|23~_emulated ; rst          ; UPclk       ; -0.500       ; 3.355      ; 3.728      ;
; 0.645  ; 74193:inst4|25~_emulated ; 74193:inst4|24~_emulated ; UPclk        ; UPclk       ; 0.000        ; 5.083      ; 5.917      ;
; 0.669  ; 74193:inst1|26~_emulated ; 74193:inst1|25~_emulated ; UPclk        ; UPclk       ; -0.500       ; 6.965      ; 7.343      ;
; 0.743  ; 74193:inst1|24~1         ; 74193:inst4|23~_emulated ; rst          ; UPclk       ; 0.000        ; 6.766      ; 7.738      ;
; 0.766  ; rst                      ; 74193:inst4|25~_emulated ; rst          ; UPclk       ; -0.500       ; 4.329      ; 4.824      ;
+--------+--------------------------+--------------------------+--------------+-------------+--------------+------------+------------+


+------------------------------------------------------------------------------------------------------------------------------------+
; Slow 1200mV 125C Model Removal: 'rst'                                                                                              ;
+--------+--------------------------+--------------------------+--------------+-------------+--------------+------------+------------+
; Slack  ; From Node                ; To Node                  ; Launch Clock ; Latch Clock ; Relationship ; Clock Skew ; Data Delay ;
+--------+--------------------------+--------------------------+--------------+-------------+--------------+------------+------------+
; -5.407 ; rst                      ; 74193:inst4|23~_emulated ; rst          ; rst         ; 0.000        ; 10.045     ; 4.827      ;
; -5.136 ; rst                      ; 74193:inst4|23~_emulated ; rst          ; rst         ; -0.500       ; 10.045     ; 4.618      ;
; -3.873 ; rst                      ; 74193:inst4|25~_emulated ; rst          ; rst         ; 0.000        ; 8.508      ; 4.824      ;
; -3.671 ; rst                      ; 74193:inst4|24~_emulated ; rst          ; rst         ; 0.000        ; 8.305      ; 4.823      ;
; -3.602 ; rst                      ; 74193:inst4|25~_emulated ; rst          ; rst         ; -0.500       ; 8.508      ; 4.615      ;
; -3.458 ; rst                      ; 74193:inst4|23~_emulated ; rst          ; rst         ; 0.000        ; 7.887      ; 4.618      ;
; -3.400 ; rst                      ; 74193:inst4|24~_emulated ; rst          ; rst         ; -0.500       ; 8.305      ; 4.614      ;
; -3.126 ; rst                      ; 74193:inst1|23~_emulated ; rst          ; rst         ; 0.000        ; 7.550      ; 4.613      ;
; -3.089 ; rst                      ; 74193:inst4|26~_emulated ; rst          ; rst         ; 0.000        ; 7.723      ; 4.823      ;
; -3.024 ; rst                      ; 74193:inst1|23~_emulated ; rst          ; rst         ; 0.000        ; 7.657      ; 4.822      ;
; -2.818 ; rst                      ; 74193:inst4|26~_emulated ; rst          ; rst         ; -0.500       ; 7.723      ; 4.614      ;
; -2.769 ; rst                      ; 74193:inst4|23~_emulated ; rst          ; rst         ; -0.500       ; 7.887      ; 4.827      ;
; -2.753 ; rst                      ; 74193:inst1|23~_emulated ; rst          ; rst         ; -0.500       ; 7.657      ; 4.613      ;
; -2.525 ; UPclk                    ; 74193:inst4|23~_emulated ; UPclk        ; rst         ; 0.000        ; 10.045     ; 7.749      ;
; -2.437 ; rst                      ; 74193:inst1|23~_emulated ; rst          ; rst         ; -0.500       ; 7.550      ; 4.822      ;
; -2.069 ; UPclk                    ; 74193:inst4|23~_emulated ; UPclk        ; rst         ; -0.500       ; 10.045     ; 7.705      ;
; -1.928 ; rst                      ; 74193:inst1|24~_emulated ; rst          ; rst         ; 0.000        ; 6.348      ; 4.609      ;
; -1.805 ; rst                      ; 74193:inst1|25~_emulated ; rst          ; rst         ; 0.000        ; 6.435      ; 4.819      ;
; -1.635 ; rst                      ; 74193:inst4|24~_emulated ; rst          ; rst         ; 0.000        ; 6.060      ; 4.614      ;
; -1.534 ; rst                      ; 74193:inst1|25~_emulated ; rst          ; rst         ; -0.500       ; 6.435      ; 4.610      ;
; -1.239 ; rst                      ; 74193:inst1|24~_emulated ; rst          ; rst         ; -0.500       ; 6.348      ; 4.818      ;
; -0.991 ; UPclk                    ; 74193:inst4|25~_emulated ; UPclk        ; rst         ; 0.000        ; 8.508      ; 7.746      ;
; -0.946 ; rst                      ; 74193:inst4|24~_emulated ; rst          ; rst         ; -0.500       ; 6.060      ; 4.823      ;
; -0.828 ; 74193:inst4|26~_emulated ; 74193:inst4|23~_emulated ; UPclk        ; rst         ; -0.500       ; 6.646      ; 5.547      ;
; -0.789 ; UPclk                    ; 74193:inst4|24~_emulated ; UPclk        ; rst         ; 0.000        ; 8.305      ; 7.745      ;
; -0.581 ; 74193:inst4|23~1         ; 74193:inst4|23~_emulated ; rst          ; rst         ; -0.500       ; 5.625      ; 4.753      ;
; -0.535 ; UPclk                    ; 74193:inst4|25~_emulated ; UPclk        ; rst         ; -0.500       ; 8.508      ; 7.702      ;
; -0.416 ; 74193:inst4|23~_emulated ; 74193:inst4|23~_emulated ; UPclk        ; rst         ; -0.500       ; 4.420      ; 3.733      ;
; -0.411 ; UPclk                    ; 74193:inst4|23~_emulated ; UPclk        ; rst         ; 0.000        ; 7.887      ; 7.705      ;
; -0.333 ; UPclk                    ; 74193:inst4|24~_emulated ; UPclk        ; rst         ; -0.500       ; 8.305      ; 7.701      ;
; -0.243 ; 74193:inst1|23~_emulated ; 74193:inst4|23~_emulated ; UPclk        ; rst         ; -0.500       ; 6.711      ; 6.197      ;
; -0.207 ; UPclk                    ; 74193:inst4|26~_emulated ; UPclk        ; rst         ; 0.000        ; 7.723      ; 7.745      ;
; -0.142 ; UPclk                    ; 74193:inst1|23~_emulated ; UPclk        ; rst         ; 0.000        ; 7.657      ; 7.744      ;
; -0.079 ; UPclk                    ; 74193:inst1|23~_emulated ; UPclk        ; rst         ; 0.000        ; 7.550      ; 7.700      ;
; -0.074 ; 74193:inst4|24~_emulated ; 74193:inst4|23~_emulated ; UPclk        ; rst         ; -0.500       ; 6.088      ; 5.743      ;
; -0.019 ; 74193:inst1|25~_emulated ; 74193:inst4|23~_emulated ; UPclk        ; rst         ; -0.500       ; 7.479      ; 7.189      ;
; 0.091  ; 74193:inst1|26~_emulated ; 74193:inst4|23~_emulated ; UPclk        ; rst         ; -0.500       ; 7.531      ; 7.351      ;
; 0.133  ; UPclk                    ; 74193:inst4|23~_emulated ; UPclk        ; rst         ; -0.500       ; 7.887      ; 7.749      ;
; 0.249  ; UPclk                    ; 74193:inst4|26~_emulated ; UPclk        ; rst         ; -0.500       ; 7.723      ; 7.701      ;
; 0.298  ; 74193:inst4|25~_emulated ; 74193:inst4|23~_emulated ; UPclk        ; rst         ; -0.500       ; 5.894      ; 5.921      ;
; 0.314  ; UPclk                    ; 74193:inst1|23~_emulated ; UPclk        ; rst         ; -0.500       ; 7.657      ; 7.700      ;
; 0.465  ; UPclk                    ; 74193:inst1|23~_emulated ; UPclk        ; rst         ; -0.500       ; 7.550      ; 7.744      ;
; 0.582  ; 74193:inst1|24~_emulated ; 74193:inst4|23~_emulated ; UPclk        ; rst         ; -0.500       ; 7.159      ; 7.470      ;
; 0.706  ; 74193:inst4|26~_emulated ; 74193:inst4|25~_emulated ; UPclk        ; rst         ; -0.500       ; 5.109      ; 5.544      ;
; 0.830  ; 74193:inst4|26~_emulated ; 74193:inst4|23~_emulated ; UPclk        ; rst         ; 0.000        ; 4.488      ; 5.547      ;
; 0.908  ; 74193:inst4|26~_emulated ; 74193:inst4|24~_emulated ; UPclk        ; rst         ; -0.500       ; 4.906      ; 5.543      ;
; 0.953  ; 74193:inst4|23~1         ; 74193:inst4|25~_emulated ; rst          ; rst         ; -0.500       ; 4.088      ; 4.750      ;
; 0.992  ; 74193:inst4|23~_emulated ; 74193:inst4|23~_emulated ; rst          ; rst         ; 0.000        ; 2.552      ; 3.733      ;
; 1.012  ; 74193:inst4|26~1         ; 74193:inst4|23~_emulated ; rst          ; rst         ; -0.500       ; 5.459      ; 6.180      ;
; 1.077  ; UPclk                    ; 74193:inst1|25~_emulated ; UPclk        ; rst         ; 0.000        ; 6.435      ; 7.741      ;
; 1.097  ; 74193:inst4|23~1         ; 74193:inst4|23~_emulated ; rst          ; rst         ; 0.000        ; 3.467      ; 4.753      ;
; 1.118  ; 74193:inst4|23~_emulated ; 74193:inst4|25~_emulated ; UPclk        ; rst         ; -0.500       ; 2.883      ; 3.730      ;
; 1.119  ; UPclk                    ; 74193:inst1|24~_emulated ; UPclk        ; rst         ; 0.000        ; 6.348      ; 7.696      ;
; 1.155  ; 74193:inst4|23~1         ; 74193:inst4|24~_emulated ; rst          ; rst         ; -0.500       ; 3.885      ; 4.749      ;
; 1.162  ; 74193:inst4|26~_emulated ; 74193:inst1|23~_emulated ; UPclk        ; rst         ; 0.000        ; 4.151      ; 5.542      ;
; 1.242  ; 74193:inst4|23~_emulated ; 74193:inst4|23~_emulated ; UPclk        ; rst         ; 0.000        ; 2.262      ; 3.733      ;
; 1.274  ; 74193:inst4|25~1         ; 74193:inst4|23~_emulated ; rst          ; rst         ; -0.500       ; 5.629      ; 6.612      ;
; 1.276  ; 74193:inst4|24~1         ; 74193:inst4|23~_emulated ; rst          ; rst         ; -0.500       ; 5.457      ; 6.442      ;
; 1.291  ; 74193:inst1|23~_emulated ; 74193:inst4|25~_emulated ; UPclk        ; rst         ; -0.500       ; 5.174      ; 6.194      ;
; 1.319  ; 74193:inst4|26~_emulated ; 74193:inst4|23~_emulated ; rst          ; rst         ; 0.000        ; 4.039      ; 5.547      ;
; 1.320  ; 74193:inst4|23~_emulated ; 74193:inst4|24~_emulated ; UPclk        ; rst         ; -0.500       ; 2.680      ; 3.729      ;
; 1.336  ; 74193:inst4|23~_emulated ; 74193:inst4|23~_emulated ; rst          ; rst         ; -0.500       ; 2.688      ; 3.733      ;
; 1.365  ; 74193:inst1|23~1         ; 74193:inst4|23~_emulated ; rst          ; rst         ; -0.500       ; 5.630      ; 6.704      ;
; 1.412  ; UPclk                    ; 74193:inst4|24~_emulated ; UPclk        ; rst         ; 0.000        ; 6.060      ; 7.701      ;
; 1.415  ; 74193:inst1|23~_emulated ; 74193:inst4|23~_emulated ; UPclk        ; rst         ; 0.000        ; 4.553      ; 6.197      ;
; 1.429  ; 74193:inst4|23~1         ; 74193:inst1|23~_emulated ; rst          ; rst         ; 0.000        ; 3.130      ; 4.748      ;
; 1.460  ; 74193:inst4|24~_emulated ; 74193:inst4|25~_emulated ; UPclk        ; rst         ; -0.500       ; 4.551      ; 5.740      ;
; 1.490  ; 74193:inst4|26~_emulated ; 74193:inst4|26~_emulated ; UPclk        ; rst         ; -0.500       ; 4.324      ; 5.543      ;
; 1.493  ; 74193:inst1|23~_emulated ; 74193:inst4|24~_emulated ; UPclk        ; rst         ; -0.500       ; 4.971      ; 6.193      ;
; 1.515  ; 74193:inst1|25~_emulated ; 74193:inst4|25~_emulated ; UPclk        ; rst         ; -0.500       ; 5.942      ; 7.186      ;
; 1.533  ; UPclk                    ; 74193:inst1|25~_emulated ; UPclk        ; rst         ; -0.500       ; 6.435      ; 7.697      ;
; 1.555  ; 74193:inst4|26~_emulated ; 74193:inst1|23~_emulated ; UPclk        ; rst         ; -0.500       ; 4.258      ; 5.542      ;
; 1.574  ; 74193:inst4|23~_emulated ; 74193:inst1|23~_emulated ; UPclk        ; rst         ; 0.000        ; 1.925      ; 3.728      ;
; 1.584  ; 74193:inst4|24~_emulated ; 74193:inst4|23~_emulated ; UPclk        ; rst         ; 0.000        ; 3.930      ; 5.743      ;
; 1.625  ; 74193:inst1|26~_emulated ; 74193:inst4|25~_emulated ; UPclk        ; rst         ; -0.500       ; 5.994      ; 7.348      ;
; 1.626  ; 74193:inst4|24~_emulated ; 74193:inst4|23~_emulated ; rst          ; rst         ; -0.500       ; 4.408      ; 5.743      ;
; 1.639  ; 74193:inst1|25~_emulated ; 74193:inst4|23~_emulated ; UPclk        ; rst         ; 0.000        ; 5.321      ; 7.189      ;
; 1.662  ; 74193:inst4|24~_emulated ; 74193:inst4|24~_emulated ; UPclk        ; rst         ; -0.500       ; 4.348      ; 5.739      ;
; 1.663  ; UPclk                    ; 74193:inst1|24~_emulated ; UPclk        ; rst         ; -0.500       ; 6.348      ; 7.740      ;
; 1.695  ; 74193:inst1|26~1         ; 74193:inst4|23~_emulated ; rst          ; rst         ; -0.500       ; 5.550      ; 6.954      ;
; 1.704  ; 74193:inst4|25~_emulated ; 74193:inst4|23~_emulated ; rst          ; rst         ; 0.000        ; 4.028      ; 5.921      ;
; 1.717  ; 74193:inst1|25~_emulated ; 74193:inst4|24~_emulated ; UPclk        ; rst         ; -0.500       ; 5.739      ; 7.185      ;
; 1.737  ; 74193:inst4|23~1         ; 74193:inst4|26~_emulated ; rst          ; rst         ; -0.500       ; 3.303      ; 4.749      ;
; 1.747  ; 74193:inst1|23~_emulated ; 74193:inst1|23~_emulated ; UPclk        ; rst         ; 0.000        ; 4.216      ; 6.192      ;
; 1.749  ; 74193:inst1|26~_emulated ; 74193:inst4|23~_emulated ; UPclk        ; rst         ; 0.000        ; 5.373      ; 7.351      ;
; 1.797  ; 74193:inst1|25~1         ; 74193:inst4|23~_emulated ; rst          ; rst         ; -0.500       ; 5.554      ; 7.060      ;
; 1.802  ; 74193:inst4|23~1         ; 74193:inst1|23~_emulated ; rst          ; rst         ; -0.500       ; 3.237      ; 4.748      ;
; 1.827  ; 74193:inst1|26~_emulated ; 74193:inst4|24~_emulated ; UPclk        ; rst         ; -0.500       ; 5.791      ; 7.347      ;
; 1.832  ; 74193:inst4|25~_emulated ; 74193:inst4|25~_emulated ; UPclk        ; rst         ; -0.500       ; 4.357      ; 5.918      ;
; 1.902  ; 74193:inst4|23~_emulated ; 74193:inst4|26~_emulated ; UPclk        ; rst         ; -0.500       ; 2.098      ; 3.729      ;
; 1.916  ; 74193:inst4|24~_emulated ; 74193:inst1|23~_emulated ; UPclk        ; rst         ; 0.000        ; 3.593      ; 5.738      ;
; 1.956  ; 74193:inst4|25~_emulated ; 74193:inst4|23~_emulated ; UPclk        ; rst         ; 0.000        ; 3.736      ; 5.921      ;
; 1.956  ; UPclk                    ; 74193:inst4|24~_emulated ; UPclk        ; rst         ; -0.500       ; 6.060      ; 7.745      ;
; 1.967  ; 74193:inst4|23~_emulated ; 74193:inst1|23~_emulated ; UPclk        ; rst         ; -0.500       ; 2.032      ; 3.728      ;
; 1.971  ; 74193:inst1|25~_emulated ; 74193:inst1|23~_emulated ; UPclk        ; rst         ; 0.000        ; 4.984      ; 7.184      ;
; 2.027  ; 74193:inst4|24~_emulated ; 74193:inst4|23~_emulated ; rst          ; rst         ; 0.000        ; 3.527      ; 5.743      ;
; 2.034  ; 74193:inst4|25~_emulated ; 74193:inst4|24~_emulated ; UPclk        ; rst         ; -0.500       ; 4.154      ; 5.917      ;
; 2.075  ; 74193:inst1|23~_emulated ; 74193:inst4|26~_emulated ; UPclk        ; rst         ; -0.500       ; 4.389      ; 6.193      ;
; 2.081  ; 74193:inst1|26~_emulated ; 74193:inst1|23~_emulated ; UPclk        ; rst         ; 0.000        ; 5.036      ; 7.346      ;
; 2.116  ; 74193:inst1|24~_emulated ; 74193:inst4|25~_emulated ; UPclk        ; rst         ; -0.500       ; 5.622      ; 7.467      ;
+--------+--------------------------+--------------------------+--------------+-------------+--------------+------------+------------+


------------------------------------------------
; Slow 1200mV 125C Model Metastability Summary ;
------------------------------------------------
No synchronizer chains to report.


+-------------------------------------------------+
; Slow 1200mV -40C Model Fmax Summary             ;
+-----------+-----------------+------------+------+
; Fmax      ; Restricted Fmax ; Clock Name ; Note ;
+-----------+-----------------+------------+------+
; 29.04 MHz ; 29.04 MHz       ; UPclk      ;      ;
; 41.19 MHz ; 41.19 MHz       ; rst        ;      ;
+-----------+-----------------+------------+------+
This panel reports FMAX for every clock in the design, regardless of the user-specified clock periods.  FMAX is only computed for paths where the source and destination registers or ports are driven by the same clock.  Paths of different clocks, including generated clocks, are ignored.  For paths between a clock and its inversion, FMAX is computed as if the rising and falling edges are scaled along with FMAX, such that the duty cycle (in terms of a percentage) is maintained. Altera recommends that you always use clock constraints and other slack reports for sign-off analysis.


+--------------------------------------+
; Slow 1200mV -40C Model Setup Summary ;
+-------+---------+--------------------+
; Clock ; Slack   ; End Point TNS      ;
+-------+---------+--------------------+
; UPclk ; -16.716 ; -128.824           ;
; rst   ; -14.062 ; -98.294            ;
+-------+---------+--------------------+


+-------------------------------------+
; Slow 1200mV -40C Model Hold Summary ;
+-------+--------+--------------------+
; Clock ; Slack  ; End Point TNS      ;
+-------+--------+--------------------+
; UPclk ; -4.325 ; -27.186            ;
; rst   ; -3.054 ; -14.873            ;
+-------+--------+--------------------+


+-----------------------------------------+
; Slow 1200mV -40C Model Recovery Summary ;
+-------+---------+-----------------------+
; Clock ; Slack   ; End Point TNS         ;
+-------+---------+-----------------------+
; UPclk ; -12.262 ; -90.854               ;
; rst   ; -9.724  ; -64.356               ;
+-------+---------+-----------------------+


+----------------------------------------+
; Slow 1200mV -40C Model Removal Summary ;
+-------+--------+-----------------------+
; Clock ; Slack  ; End Point TNS         ;
+-------+--------+-----------------------+
; UPclk ; -5.907 ; -33.489               ;
; rst   ; -4.829 ; -20.408               ;
+-------+--------+-----------------------+


+----------------------------------------------------+
; Slow 1200mV -40C Model Minimum Pulse Width Summary ;
+-------+--------+-----------------------------------+
; Clock ; Slack  ; End Point TNS                     ;
+-------+--------+-----------------------------------+
; UPclk ; -6.058 ; -137.694                          ;
; rst   ; -3.000 ; -35.521                           ;
+-------+--------+-----------------------------------+


+-------------------------------------------------------------------------------------------------------------------------------------+
; Slow 1200mV -40C Model Setup: 'UPclk'                                                                                               ;
+---------+--------------------------+--------------------------+--------------+-------------+--------------+------------+------------+
; Slack   ; From Node                ; To Node                  ; Launch Clock ; Latch Clock ; Relationship ; Clock Skew ; Data Delay ;
+---------+--------------------------+--------------------------+--------------+-------------+--------------+------------+------------+
; -16.716 ; 74193:inst1|25~_emulated ; 74193:inst1|23~_emulated ; UPclk        ; UPclk       ; 0.500        ; -5.361     ; 11.855     ;
; -16.547 ; 74193:inst1|25~_emulated ; 74193:inst1|24~_emulated ; UPclk        ; UPclk       ; 0.500        ; -5.790     ; 11.257     ;
; -16.428 ; 74193:inst1|24~_emulated ; 74193:inst1|25~_emulated ; UPclk        ; UPclk       ; 1.000        ; -5.964     ; 11.464     ;
; -16.389 ; 74193:inst1|24~_emulated ; 74193:inst1|23~_emulated ; UPclk        ; UPclk       ; 1.000        ; -5.238     ; 12.151     ;
; -16.283 ; 74193:inst1|23~_emulated ; 74193:inst1|25~_emulated ; UPclk        ; UPclk       ; 1.000        ; -7.029     ; 10.254     ;
; -16.039 ; 74193:inst1|23~_emulated ; 74193:inst1|24~_emulated ; UPclk        ; UPclk       ; 1.000        ; -6.696     ; 10.343     ;
; -16.014 ; 74193:inst1|25~_emulated ; 74193:inst4|26~_emulated ; UPclk        ; UPclk       ; 0.500        ; -5.359     ; 11.155     ;
; -15.687 ; 74193:inst1|24~_emulated ; 74193:inst4|26~_emulated ; UPclk        ; UPclk       ; 1.000        ; -5.236     ; 11.451     ;
; -15.505 ; 74193:inst1|23~_emulated ; 74193:inst4|26~_emulated ; UPclk        ; UPclk       ; 1.000        ; -6.264     ; 10.241     ;
; -15.391 ; 74193:inst4|25~_emulated ; 74193:inst1|25~_emulated ; UPclk        ; UPclk       ; 0.500        ; -5.907     ; 9.984      ;
; -15.318 ; 74193:inst1|25~_emulated ; 74193:inst4|24~_emulated ; UPclk        ; UPclk       ; 0.500        ; -4.886     ; 10.932     ;
; -15.316 ; 74193:inst4|25~_emulated ; 74193:inst1|23~_emulated ; UPclk        ; UPclk       ; 0.500        ; -5.145     ; 10.671     ;
; -15.166 ; 74193:inst1|25~_emulated ; 74193:inst4|25~_emulated ; UPclk        ; UPclk       ; 0.500        ; -4.759     ; 10.907     ;
; -15.147 ; 74193:inst4|25~_emulated ; 74193:inst1|24~_emulated ; UPclk        ; UPclk       ; 0.500        ; -5.574     ; 10.073     ;
; -15.094 ; 74193:inst4|26~_emulated ; 74193:inst1|25~_emulated ; UPclk        ; UPclk       ; 0.500        ; -5.969     ; 9.625      ;
; -15.023 ; 74193:inst1|24~1         ; 74193:inst1|25~_emulated ; UPclk        ; UPclk       ; 1.000        ; -4.324     ; 11.699     ;
; -15.019 ; 74193:inst4|26~_emulated ; 74193:inst1|23~_emulated ; UPclk        ; UPclk       ; 0.500        ; -5.207     ; 10.312     ;
; -14.991 ; 74193:inst1|24~_emulated ; 74193:inst4|24~_emulated ; UPclk        ; UPclk       ; 1.000        ; -4.763     ; 11.228     ;
; -14.947 ; 74193:inst1|24~1         ; 74193:inst1|23~_emulated ; UPclk        ; UPclk       ; 1.000        ; -3.561     ; 12.386     ;
; -14.850 ; 74193:inst4|26~_emulated ; 74193:inst1|24~_emulated ; UPclk        ; UPclk       ; 0.500        ; -5.636     ; 9.714      ;
; -14.839 ; 74193:inst1|24~_emulated ; 74193:inst4|25~_emulated ; UPclk        ; UPclk       ; 1.000        ; -4.636     ; 11.203     ;
; -14.809 ; 74193:inst1|23~_emulated ; 74193:inst4|24~_emulated ; UPclk        ; UPclk       ; 1.000        ; -5.791     ; 10.018     ;
; -14.784 ; 74193:inst1|25~_emulated ; 74193:inst4|23~_emulated ; UPclk        ; UPclk       ; 0.500        ; -3.377     ; 11.907     ;
; -14.735 ; 74193:inst1|25~_emulated ; 74193:inst1|26~_emulated ; UPclk        ; UPclk       ; 0.500        ; -6.132     ; 9.103      ;
; -14.657 ; 74193:inst1|23~_emulated ; 74193:inst4|25~_emulated ; UPclk        ; UPclk       ; 1.000        ; -5.664     ; 9.993      ;
; -14.614 ; 74193:inst4|25~_emulated ; 74193:inst4|26~_emulated ; UPclk        ; UPclk       ; 0.500        ; -5.143     ; 9.971      ;
; -14.543 ; 74193:inst4|24~_emulated ; 74193:inst1|25~_emulated ; UPclk        ; UPclk       ; 1.000        ; -5.741     ; 9.802      ;
; -14.508 ; 74193:inst4|25~_emulated ; 74193:inst1|25~_emulated ; rst          ; UPclk       ; 0.500        ; -5.004     ; 9.984      ;
; -14.469 ; 74193:inst4|25~_emulated ; 74193:inst1|23~_emulated ; rst          ; UPclk       ; 0.500        ; -4.278     ; 10.671     ;
; -14.467 ; 74193:inst4|24~_emulated ; 74193:inst1|23~_emulated ; UPclk        ; UPclk       ; 1.000        ; -4.978     ; 10.489     ;
; -14.457 ; 74193:inst1|24~_emulated ; 74193:inst4|23~_emulated ; UPclk        ; UPclk       ; 1.000        ; -3.254     ; 12.203     ;
; -14.372 ; 74193:inst1|24~_emulated ; 74193:inst1|26~_emulated ; UPclk        ; UPclk       ; 1.000        ; -5.973     ; 9.399      ;
; -14.341 ; 74193:inst1|25~1         ; 74193:inst1|23~_emulated ; UPclk        ; UPclk       ; 1.000        ; -3.636     ; 11.705     ;
; -14.330 ; 74193:inst1|26~1         ; 74193:inst1|25~_emulated ; UPclk        ; UPclk       ; 1.000        ; -4.401     ; 10.929     ;
; -14.299 ; 74193:inst4|24~_emulated ; 74193:inst1|24~_emulated ; UPclk        ; UPclk       ; 1.000        ; -5.408     ; 9.891      ;
; -14.289 ; 74193:inst4|23~_emulated ; 74193:inst1|25~_emulated ; UPclk        ; UPclk       ; 1.000        ; -7.395     ; 7.894      ;
; -14.275 ; 74193:inst1|23~_emulated ; 74193:inst4|23~_emulated ; UPclk        ; UPclk       ; 1.000        ; -4.282     ; 10.993     ;
; -14.264 ; 74193:inst4|25~_emulated ; 74193:inst1|24~_emulated ; rst          ; UPclk       ; 0.500        ; -4.671     ; 10.073     ;
; -14.254 ; 74193:inst1|26~1         ; 74193:inst1|23~_emulated ; UPclk        ; UPclk       ; 1.000        ; -3.638     ; 11.616     ;
; -14.245 ; 74193:inst1|24~1         ; 74193:inst4|26~_emulated ; UPclk        ; UPclk       ; 1.000        ; -3.559     ; 11.686     ;
; -14.227 ; 74193:inst1|23~_emulated ; 74193:inst1|26~_emulated ; UPclk        ; UPclk       ; 1.000        ; -7.038     ; 8.189      ;
; -14.213 ; 74193:inst4|23~_emulated ; 74193:inst1|23~_emulated ; UPclk        ; UPclk       ; 1.000        ; -6.632     ; 8.581      ;
; -14.195 ; 74193:inst4|24~_emulated ; 74193:inst1|25~_emulated ; rst          ; UPclk       ; 0.500        ; -4.873     ; 9.802      ;
; -14.173 ; 74193:inst1|25~1         ; 74193:inst1|24~_emulated ; UPclk        ; UPclk       ; 1.000        ; -4.066     ; 11.107     ;
; -14.156 ; 74193:inst4|24~_emulated ; 74193:inst1|23~_emulated ; rst          ; UPclk       ; 0.500        ; -4.147     ; 10.489     ;
; -14.153 ; 74193:inst1|23~_emulated ; 74193:inst1|25~_emulated ; rst          ; UPclk       ; 0.500        ; -4.379     ; 10.254     ;
; -14.086 ; 74193:inst1|26~1         ; 74193:inst1|24~_emulated ; UPclk        ; UPclk       ; 1.000        ; -4.068     ; 11.018     ;
; -14.080 ; 74193:inst1|23~1         ; 74193:inst1|25~_emulated ; UPclk        ; UPclk       ; 1.000        ; -4.330     ; 10.750     ;
; -14.045 ; 74193:inst4|23~_emulated ; 74193:inst1|24~_emulated ; UPclk        ; UPclk       ; 1.000        ; -7.062     ; 7.983      ;
; -14.028 ; 74193:inst4|25~1         ; 74193:inst1|25~_emulated ; UPclk        ; UPclk       ; 1.000        ; -4.332     ; 10.696     ;
; -13.970 ; 74193:inst4|24~1         ; 74193:inst1|25~_emulated ; UPclk        ; UPclk       ; 1.000        ; -4.484     ; 10.486     ;
; -13.952 ; 74193:inst4|25~1         ; 74193:inst1|23~_emulated ; UPclk        ; UPclk       ; 1.000        ; -3.569     ; 11.383     ;
; -13.951 ; 74193:inst4|24~_emulated ; 74193:inst1|24~_emulated ; rst          ; UPclk       ; 0.500        ; -4.540     ; 9.891      ;
; -13.928 ; 74193:inst1|25~_emulated ; 74193:inst1|23~_emulated ; rst          ; UPclk       ; 0.500        ; -2.553     ; 11.855     ;
; -13.918 ; 74193:inst4|25~_emulated ; 74193:inst4|24~_emulated ; UPclk        ; UPclk       ; 0.500        ; -4.670     ; 9.748      ;
; -13.909 ; 74193:inst1|23~_emulated ; 74193:inst1|24~_emulated ; rst          ; UPclk       ; 0.500        ; -4.046     ; 10.343     ;
; -13.894 ; 74193:inst4|24~1         ; 74193:inst1|23~_emulated ; UPclk        ; UPclk       ; 1.000        ; -3.721     ; 11.173     ;
; -13.858 ; 74193:inst4|23~_emulated ; 74193:inst1|25~_emulated ; rst          ; UPclk       ; 0.500        ; -6.444     ; 7.894      ;
; -13.836 ; 74193:inst1|23~1         ; 74193:inst1|24~_emulated ; UPclk        ; UPclk       ; 1.000        ; -3.997     ; 10.839     ;
; -13.819 ; 74193:inst4|23~_emulated ; 74193:inst1|23~_emulated ; rst          ; UPclk       ; 0.500        ; -5.718     ; 8.581      ;
; -13.784 ; 74193:inst4|25~1         ; 74193:inst1|24~_emulated ; UPclk        ; UPclk       ; 1.000        ; -3.999     ; 10.785     ;
; -13.782 ; 74193:inst4|26~1         ; 74193:inst1|25~_emulated ; UPclk        ; UPclk       ; 1.000        ; -4.483     ; 10.299     ;
; -13.767 ; 74193:inst4|25~_emulated ; 74193:inst4|26~_emulated ; rst          ; UPclk       ; 0.500        ; -4.276     ; 9.971      ;
; -13.765 ; 74193:inst4|24~_emulated ; 74193:inst4|26~_emulated ; UPclk        ; UPclk       ; 1.000        ; -4.976     ; 9.789      ;
; -13.726 ; 74193:inst4|24~1         ; 74193:inst1|24~_emulated ; UPclk        ; UPclk       ; 1.000        ; -4.151     ; 10.575     ;
; -13.723 ; 74193:inst1|25~_emulated ; 74193:inst1|24~_emulated ; rst          ; UPclk       ; 0.500        ; -2.946     ; 11.257     ;
; -13.708 ; 74193:inst1|24~_emulated ; 74193:inst1|25~_emulated ; rst          ; UPclk       ; 1.000        ; -3.224     ; 11.464     ;
; -13.706 ; 74193:inst4|26~1         ; 74193:inst1|23~_emulated ; UPclk        ; UPclk       ; 1.000        ; -3.720     ; 10.986     ;
; -13.669 ; 74193:inst1|24~_emulated ; 74193:inst1|23~_emulated ; rst          ; UPclk       ; 1.000        ; -2.498     ; 12.151     ;
; -13.639 ; 74193:inst1|25~1         ; 74193:inst4|26~_emulated ; UPclk        ; UPclk       ; 1.000        ; -3.634     ; 11.005     ;
; -13.621 ; 74193:inst4|26~_emulated ; 74193:inst4|24~_emulated ; UPclk        ; UPclk       ; 0.500        ; -4.732     ; 9.389      ;
; -13.614 ; 74193:inst4|23~_emulated ; 74193:inst1|24~_emulated ; rst          ; UPclk       ; 0.500        ; -6.111     ; 7.983      ;
; -13.563 ; 74193:inst1|23~_emulated ; 74193:inst1|25~_emulated ; rst          ; UPclk       ; 1.000        ; -4.289     ; 10.254     ;
; -13.552 ; 74193:inst1|26~1         ; 74193:inst4|26~_emulated ; UPclk        ; UPclk       ; 1.000        ; -3.636     ; 10.916     ;
; -13.549 ; 74193:inst1|24~1         ; 74193:inst4|24~_emulated ; UPclk        ; UPclk       ; 1.000        ; -3.086     ; 11.463     ;
; -13.538 ; 74193:inst4|26~1         ; 74193:inst1|24~_emulated ; UPclk        ; UPclk       ; 1.000        ; -4.150     ; 10.388     ;
; -13.525 ; 74193:inst4|26~_emulated ; 74193:inst1|25~_emulated ; rst          ; UPclk       ; 0.500        ; -4.380     ; 9.625      ;
; -13.511 ; 74193:inst4|23~_emulated ; 74193:inst4|26~_emulated ; UPclk        ; UPclk       ; 1.000        ; -6.630     ; 7.881      ;
; -13.486 ; 74193:inst4|26~_emulated ; 74193:inst1|23~_emulated ; rst          ; UPclk       ; 0.500        ; -3.654     ; 10.312     ;
; -13.469 ; 74193:inst4|26~_emulated ; 74193:inst4|25~_emulated ; UPclk        ; UPclk       ; 0.500        ; -4.605     ; 9.364      ;
; -13.454 ; 74193:inst4|24~_emulated ; 74193:inst4|26~_emulated ; rst          ; UPclk       ; 0.500        ; -4.145     ; 9.789      ;
; -13.412 ; 74193:inst1|23~_emulated ; 74193:inst4|26~_emulated ; rst          ; UPclk       ; 0.500        ; -3.651     ; 10.241     ;
; -13.397 ; 74193:inst1|24~1         ; 74193:inst4|25~_emulated ; UPclk        ; UPclk       ; 1.000        ; -2.959     ; 11.438     ;
; -13.384 ; 74193:inst4|25~_emulated ; 74193:inst4|23~_emulated ; UPclk        ; UPclk       ; 0.500        ; -3.161     ; 10.723     ;
; -13.335 ; 74193:inst4|25~_emulated ; 74193:inst1|26~_emulated ; UPclk        ; UPclk       ; 0.500        ; -5.916     ; 7.919      ;
; -13.319 ; 74193:inst1|23~_emulated ; 74193:inst1|24~_emulated ; rst          ; UPclk       ; 1.000        ; -3.956     ; 10.343     ;
; -13.302 ; 74193:inst1|23~1         ; 74193:inst4|26~_emulated ; UPclk        ; UPclk       ; 1.000        ; -3.565     ; 10.737     ;
; -13.281 ; 74193:inst4|26~_emulated ; 74193:inst1|24~_emulated ; rst          ; UPclk       ; 0.500        ; -4.047     ; 9.714      ;
; -13.250 ; 74193:inst4|25~1         ; 74193:inst4|26~_emulated ; UPclk        ; UPclk       ; 1.000        ; -3.567     ; 10.683     ;
; -13.226 ; 74193:inst1|25~_emulated ; 74193:inst4|26~_emulated ; rst          ; UPclk       ; 0.500        ; -2.551     ; 11.155     ;
; -13.192 ; 74193:inst4|24~1         ; 74193:inst4|26~_emulated ; UPclk        ; UPclk       ; 1.000        ; -3.719     ; 10.473     ;
; -13.117 ; 74193:inst4|23~_emulated ; 74193:inst4|26~_emulated ; rst          ; UPclk       ; 0.500        ; -5.716     ; 7.881      ;
; -13.087 ; 74193:inst4|26~_emulated ; 74193:inst4|23~_emulated ; UPclk        ; UPclk       ; 0.500        ; -3.223     ; 10.364     ;
; -13.071 ; 74193:inst4|25~_emulated ; 74193:inst4|24~_emulated ; rst          ; UPclk       ; 0.500        ; -3.803     ; 9.748      ;
; -13.038 ; 74193:inst4|26~_emulated ; 74193:inst1|26~_emulated ; UPclk        ; UPclk       ; 0.500        ; -5.978     ; 7.560      ;
; -13.015 ; 74193:inst1|24~1         ; 74193:inst4|23~_emulated ; UPclk        ; UPclk       ; 1.000        ; -1.577     ; 12.438     ;
; -12.967 ; 74193:inst1|24~1         ; 74193:inst1|26~_emulated ; UPclk        ; UPclk       ; 1.000        ; -4.333     ; 9.634      ;
; -12.967 ; 74193:inst1|24~_emulated ; 74193:inst4|26~_emulated ; rst          ; UPclk       ; 1.000        ; -2.496     ; 11.451     ;
; -12.943 ; 74193:inst1|25~1         ; 74193:inst4|24~_emulated ; UPclk        ; UPclk       ; 1.000        ; -3.161     ; 10.782     ;
; -12.917 ; 74193:inst4|24~_emulated ; 74193:inst4|25~_emulated ; UPclk        ; UPclk       ; 1.000        ; -4.376     ; 9.541      ;
+---------+--------------------------+--------------------------+--------------+-------------+--------------+------------+------------+


+-------------------------------------------------------------------------------------------------------------------------------------+
; Slow 1200mV -40C Model Setup: 'rst'                                                                                                 ;
+---------+--------------------------+--------------------------+--------------+-------------+--------------+------------+------------+
; Slack   ; From Node                ; To Node                  ; Launch Clock ; Latch Clock ; Relationship ; Clock Skew ; Data Delay ;
+---------+--------------------------+--------------------------+--------------+-------------+--------------+------------+------------+
; -14.062 ; 74193:inst1|24~_emulated ; 74193:inst4|26~_emulated ; UPclk        ; rst         ; 0.500        ; -3.091     ; 11.451     ;
; -14.021 ; 74193:inst1|25~_emulated ; 74193:inst4|24~_emulated ; UPclk        ; rst         ; 0.500        ; -3.569     ; 10.932     ;
; -13.935 ; 74193:inst1|25~_emulated ; 74193:inst1|24~_emulated ; UPclk        ; rst         ; 0.500        ; -3.158     ; 11.257     ;
; -13.918 ; 74193:inst1|24~_emulated ; 74193:inst1|25~_emulated ; UPclk        ; rst         ; 0.500        ; -2.934     ; 11.464     ;
; -13.917 ; 74193:inst1|23~_emulated ; 74193:inst4|26~_emulated ; UPclk        ; rst         ; 0.500        ; -4.156     ; 10.241     ;
; -13.878 ; 74193:inst1|25~_emulated ; 74193:inst1|23~_emulated ; UPclk        ; rst         ; 0.500        ; -2.503     ; 11.855     ;
; -13.834 ; 74193:inst1|24~_emulated ; 74193:inst4|25~_emulated ; UPclk        ; rst         ; 0.500        ; -3.111     ; 11.203     ;
; -13.785 ; 74193:inst1|24~_emulated ; 74193:inst1|23~_emulated ; UPclk        ; rst         ; 0.500        ; -2.114     ; 12.151     ;
; -13.773 ; 74193:inst1|23~_emulated ; 74193:inst1|25~_emulated ; UPclk        ; rst         ; 0.500        ; -3.999     ; 10.254     ;
; -13.689 ; 74193:inst1|23~_emulated ; 74193:inst4|25~_emulated ; UPclk        ; rst         ; 0.500        ; -4.176     ; 9.993      ;
; -13.658 ; 74193:inst1|24~_emulated ; 74193:inst4|24~_emulated ; UPclk        ; rst         ; 1.000        ; -3.410     ; 11.228     ;
; -13.515 ; 74193:inst1|24~_emulated ; 74193:inst1|23~_emulated ; UPclk        ; rst         ; 1.000        ; -2.344     ; 12.151     ;
; -13.513 ; 74193:inst1|23~_emulated ; 74193:inst4|24~_emulated ; UPclk        ; rst         ; 1.000        ; -4.475     ; 10.018     ;
; -13.452 ; 74193:inst1|24~_emulated ; 74193:inst4|23~_emulated ; UPclk        ; rst         ; 0.500        ; -1.729     ; 12.203     ;
; -13.442 ; 74193:inst1|25~_emulated ; 74193:inst4|23~_emulated ; UPclk        ; rst         ; 0.500        ; -2.015     ; 11.907     ;
; -13.427 ; 74193:inst1|23~_emulated ; 74193:inst1|24~_emulated ; UPclk        ; rst         ; 1.000        ; -4.064     ; 10.343     ;
; -13.425 ; 74193:inst1|25~_emulated ; 74193:inst4|26~_emulated ; UPclk        ; rst         ; 1.000        ; -3.250     ; 11.155     ;
; -13.406 ; 74193:inst1|24~_emulated ; 74193:inst4|24~_emulated ; UPclk        ; rst         ; 0.500        ; -2.658     ; 11.228     ;
; -13.307 ; 74193:inst1|23~_emulated ; 74193:inst4|23~_emulated ; UPclk        ; rst         ; 0.500        ; -2.794     ; 10.993     ;
; -13.261 ; 74193:inst1|23~_emulated ; 74193:inst4|24~_emulated ; UPclk        ; rst         ; 0.500        ; -3.723     ; 10.018     ;
; -13.197 ; 74193:inst1|25~_emulated ; 74193:inst4|25~_emulated ; UPclk        ; rst         ; 1.000        ; -3.270     ; 10.907     ;
; -13.148 ; 74193:inst1|25~_emulated ; 74193:inst1|23~_emulated ; UPclk        ; rst         ; 1.000        ; -2.273     ; 11.855     ;
; -13.079 ; 74193:inst1|24~_emulated ; 74193:inst4|23~_emulated ; UPclk        ; rst         ; 1.000        ; -1.856     ; 12.203     ;
; -12.934 ; 74193:inst1|23~_emulated ; 74193:inst4|23~_emulated ; UPclk        ; rst         ; 1.000        ; -2.921     ; 10.993     ;
; -12.815 ; 74193:inst1|25~_emulated ; 74193:inst4|23~_emulated ; UPclk        ; rst         ; 1.000        ; -1.888     ; 11.907     ;
; -12.769 ; 74193:inst1|25~_emulated ; 74193:inst4|24~_emulated ; UPclk        ; rst         ; 1.000        ; -2.817     ; 10.932     ;
; -12.657 ; 74193:inst1|24~1         ; 74193:inst4|26~_emulated ; UPclk        ; rst         ; 0.500        ; -1.451     ; 11.686     ;
; -12.621 ; 74193:inst4|25~_emulated ; 74193:inst4|24~_emulated ; UPclk        ; rst         ; 0.500        ; -3.353     ; 9.748      ;
; -12.535 ; 74193:inst4|25~_emulated ; 74193:inst1|24~_emulated ; UPclk        ; rst         ; 0.500        ; -2.942     ; 10.073     ;
; -12.513 ; 74193:inst1|24~1         ; 74193:inst1|25~_emulated ; UPclk        ; rst         ; 0.500        ; -1.294     ; 11.699     ;
; -12.478 ; 74193:inst4|25~_emulated ; 74193:inst1|23~_emulated ; UPclk        ; rst         ; 0.500        ; -2.287     ; 10.671     ;
; -12.429 ; 74193:inst1|24~1         ; 74193:inst4|25~_emulated ; UPclk        ; rst         ; 0.500        ; -1.471     ; 11.438     ;
; -12.380 ; 74193:inst1|24~1         ; 74193:inst1|23~_emulated ; UPclk        ; rst         ; 0.500        ; -0.474     ; 12.386     ;
; -12.324 ; 74193:inst4|26~_emulated ; 74193:inst4|24~_emulated ; UPclk        ; rst         ; 0.500        ; -3.415     ; 9.389      ;
; -12.253 ; 74193:inst1|24~1         ; 74193:inst4|24~_emulated ; UPclk        ; rst         ; 1.000        ; -1.770     ; 11.463     ;
; -12.238 ; 74193:inst4|26~_emulated ; 74193:inst1|24~_emulated ; UPclk        ; rst         ; 0.500        ; -3.004     ; 9.714      ;
; -12.181 ; 74193:inst4|26~_emulated ; 74193:inst1|23~_emulated ; UPclk        ; rst         ; 0.500        ; -2.349     ; 10.312     ;
; -12.177 ; 74193:inst4|24~_emulated ; 74193:inst4|26~_emulated ; UPclk        ; rst         ; 0.500        ; -2.868     ; 9.789      ;
; -12.110 ; 74193:inst1|24~1         ; 74193:inst1|23~_emulated ; UPclk        ; rst         ; 1.000        ; -0.704     ; 12.386     ;
; -12.051 ; 74193:inst1|25~1         ; 74193:inst4|26~_emulated ; UPclk        ; rst         ; 0.500        ; -1.526     ; 11.005     ;
; -12.047 ; 74193:inst1|24~1         ; 74193:inst4|23~_emulated ; UPclk        ; rst         ; 0.500        ; -0.089     ; 12.438     ;
; -12.042 ; 74193:inst4|25~_emulated ; 74193:inst4|23~_emulated ; UPclk        ; rst         ; 0.500        ; -1.799     ; 10.723     ;
; -12.033 ; 74193:inst4|24~_emulated ; 74193:inst1|25~_emulated ; UPclk        ; rst         ; 0.500        ; -2.711     ; 9.802      ;
; -12.025 ; 74193:inst4|25~_emulated ; 74193:inst4|26~_emulated ; UPclk        ; rst         ; 1.000        ; -3.034     ; 9.971      ;
; -12.001 ; 74193:inst1|24~1         ; 74193:inst4|24~_emulated ; UPclk        ; rst         ; 0.500        ; -1.018     ; 11.463     ;
; -11.964 ; 74193:inst1|26~1         ; 74193:inst4|26~_emulated ; UPclk        ; rst         ; 0.500        ; -1.528     ; 10.916     ;
; -11.949 ; 74193:inst4|24~_emulated ; 74193:inst4|25~_emulated ; UPclk        ; rst         ; 0.500        ; -2.888     ; 9.541      ;
; -11.923 ; 74193:inst4|23~_emulated ; 74193:inst4|26~_emulated ; UPclk        ; rst         ; 0.500        ; -4.522     ; 7.881      ;
; -11.900 ; 74193:inst4|24~_emulated ; 74193:inst1|23~_emulated ; UPclk        ; rst         ; 0.500        ; -1.891     ; 10.489     ;
; -11.881 ; 74193:inst4|25~_emulated ; 74193:inst1|25~_emulated ; UPclk        ; rst         ; 1.000        ; -2.877     ; 9.984      ;
; -11.823 ; 74193:inst1|25~1         ; 74193:inst4|25~_emulated ; UPclk        ; rst         ; 0.500        ; -1.546     ; 10.757     ;
; -11.820 ; 74193:inst1|26~1         ; 74193:inst1|25~_emulated ; UPclk        ; rst         ; 0.500        ; -1.371     ; 10.929     ;
; -11.779 ; 74193:inst4|23~_emulated ; 74193:inst1|25~_emulated ; UPclk        ; rst         ; 0.500        ; -4.365     ; 7.894      ;
; -11.774 ; 74193:inst1|25~1         ; 74193:inst1|23~_emulated ; UPclk        ; rst         ; 0.500        ; -0.549     ; 11.705     ;
; -11.748 ; 74193:inst4|25~_emulated ; 74193:inst1|23~_emulated ; UPclk        ; rst         ; 1.000        ; -2.057     ; 10.671     ;
; -11.745 ; 74193:inst4|26~_emulated ; 74193:inst4|23~_emulated ; UPclk        ; rst         ; 0.500        ; -1.861     ; 10.364     ;
; -11.736 ; 74193:inst1|26~1         ; 74193:inst4|25~_emulated ; UPclk        ; rst         ; 0.500        ; -1.548     ; 10.668     ;
; -11.714 ; 74193:inst1|23~1         ; 74193:inst4|26~_emulated ; UPclk        ; rst         ; 0.500        ; -1.457     ; 10.737     ;
; -11.695 ; 74193:inst4|23~_emulated ; 74193:inst4|25~_emulated ; UPclk        ; rst         ; 0.500        ; -4.542     ; 7.633      ;
; -11.687 ; 74193:inst4|24~_emulated ; 74193:inst1|24~_emulated ; UPclk        ; rst         ; 1.000        ; -2.776     ; 9.891      ;
; -11.687 ; 74193:inst1|26~1         ; 74193:inst1|23~_emulated ; UPclk        ; rst         ; 0.500        ; -0.551     ; 11.616     ;
; -11.674 ; 74193:inst1|24~1         ; 74193:inst4|23~_emulated ; UPclk        ; rst         ; 1.000        ; -0.216     ; 12.438     ;
; -11.662 ; 74193:inst4|25~1         ; 74193:inst4|26~_emulated ; UPclk        ; rst         ; 0.500        ; -1.459     ; 10.683     ;
; -11.647 ; 74193:inst1|25~1         ; 74193:inst4|24~_emulated ; UPclk        ; rst         ; 1.000        ; -1.845     ; 10.782     ;
; -11.646 ; 74193:inst4|23~_emulated ; 74193:inst1|23~_emulated ; UPclk        ; rst         ; 0.500        ; -3.545     ; 8.581      ;
; -11.638 ; 74193:inst4|25~_emulated ; 74193:inst4|24~_emulated ; rst          ; rst         ; 0.500        ; -2.390     ; 9.748      ;
; -11.630 ; 74193:inst4|24~_emulated ; 74193:inst1|23~_emulated ; UPclk        ; rst         ; 1.000        ; -2.121     ; 10.489     ;
; -11.604 ; 74193:inst4|24~1         ; 74193:inst4|26~_emulated ; UPclk        ; rst         ; 0.500        ; -1.611     ; 10.473     ;
; -11.584 ; 74193:inst4|26~_emulated ; 74193:inst1|25~_emulated ; UPclk        ; rst         ; 1.000        ; -2.939     ; 9.625      ;
; -11.570 ; 74193:inst1|23~1         ; 74193:inst1|25~_emulated ; UPclk        ; rst         ; 0.500        ; -1.300     ; 10.750     ;
; -11.567 ; 74193:inst4|24~_emulated ; 74193:inst4|23~_emulated ; UPclk        ; rst         ; 0.500        ; -1.506     ; 10.541     ;
; -11.561 ; 74193:inst1|25~1         ; 74193:inst1|24~_emulated ; UPclk        ; rst         ; 1.000        ; -1.434     ; 11.107     ;
; -11.560 ; 74193:inst1|26~1         ; 74193:inst4|24~_emulated ; UPclk        ; rst         ; 1.000        ; -1.847     ; 10.693     ;
; -11.552 ; 74193:inst4|25~_emulated ; 74193:inst1|24~_emulated ; rst          ; rst         ; 0.500        ; -1.979     ; 10.073     ;
; -11.519 ; 74193:inst4|23~_emulated ; 74193:inst4|24~_emulated ; UPclk        ; rst         ; 1.000        ; -4.841     ; 7.658      ;
; -11.518 ; 74193:inst4|25~1         ; 74193:inst1|25~_emulated ; UPclk        ; rst         ; 0.500        ; -1.302     ; 10.696     ;
; -11.504 ; 74193:inst1|25~1         ; 74193:inst1|23~_emulated ; UPclk        ; rst         ; 1.000        ; -0.779     ; 11.705     ;
; -11.500 ; 74193:inst4|26~_emulated ; 74193:inst4|25~_emulated ; UPclk        ; rst         ; 1.000        ; -3.116     ; 9.364      ;
; -11.495 ; 74193:inst4|25~_emulated ; 74193:inst1|23~_emulated ; rst          ; rst         ; 0.500        ; -1.324     ; 10.671     ;
; -11.486 ; 74193:inst1|23~1         ; 74193:inst4|25~_emulated ; UPclk        ; rst         ; 0.500        ; -1.477     ; 10.489     ;
; -11.474 ; 74193:inst1|26~1         ; 74193:inst1|24~_emulated ; UPclk        ; rst         ; 1.000        ; -1.436     ; 11.018     ;
; -11.460 ; 74193:inst4|24~1         ; 74193:inst1|25~_emulated ; UPclk        ; rst         ; 0.500        ; -1.454     ; 10.486     ;
; -11.451 ; 74193:inst4|26~_emulated ; 74193:inst1|23~_emulated ; UPclk        ; rst         ; 1.000        ; -2.119     ; 10.312     ;
; -11.441 ; 74193:inst1|25~1         ; 74193:inst4|23~_emulated ; UPclk        ; rst         ; 0.500        ; -0.164     ; 11.757     ;
; -11.433 ; 74193:inst4|23~_emulated ; 74193:inst1|24~_emulated ; UPclk        ; rst         ; 1.000        ; -4.430     ; 7.983      ;
; -11.417 ; 74193:inst1|26~1         ; 74193:inst1|23~_emulated ; UPclk        ; rst         ; 1.000        ; -0.781     ; 11.616     ;
; -11.415 ; 74193:inst4|25~_emulated ; 74193:inst4|23~_emulated ; UPclk        ; rst         ; 1.000        ; -1.672     ; 10.723     ;
; -11.395 ; 74193:inst1|25~1         ; 74193:inst4|24~_emulated ; UPclk        ; rst         ; 0.500        ; -1.093     ; 10.782     ;
; -11.385 ; 74193:inst4|25~1         ; 74193:inst1|23~_emulated ; UPclk        ; rst         ; 0.500        ; -0.482     ; 11.383     ;
; -11.376 ; 74193:inst4|23~_emulated ; 74193:inst1|23~_emulated ; UPclk        ; rst         ; 1.000        ; -3.775     ; 8.581      ;
; -11.376 ; 74193:inst4|24~1         ; 74193:inst4|25~_emulated ; UPclk        ; rst         ; 0.500        ; -1.631     ; 10.225     ;
; -11.369 ; 74193:inst4|25~_emulated ; 74193:inst4|24~_emulated ; UPclk        ; rst         ; 1.000        ; -2.601     ; 9.748      ;
; -11.354 ; 74193:inst1|26~1         ; 74193:inst4|23~_emulated ; UPclk        ; rst         ; 0.500        ; -0.166     ; 11.668     ;
; -11.327 ; 74193:inst4|24~1         ; 74193:inst1|23~_emulated ; UPclk        ; rst         ; 0.500        ; -0.634     ; 11.173     ;
; -11.310 ; 74193:inst1|23~1         ; 74193:inst4|24~_emulated ; UPclk        ; rst         ; 1.000        ; -1.776     ; 10.514     ;
; -11.308 ; 74193:inst1|26~1         ; 74193:inst4|24~_emulated ; UPclk        ; rst         ; 0.500        ; -1.095     ; 10.693     ;
; -11.283 ; 74193:inst1|23~_emulated ; 74193:inst4|24~_emulated ; rst          ; rst         ; 0.500        ; -1.765     ; 10.018     ;
; -11.272 ; 74193:inst4|26~1         ; 74193:inst1|25~_emulated ; UPclk        ; rst         ; 0.500        ; -1.453     ; 10.299     ;
; -11.267 ; 74193:inst4|23~_emulated ; 74193:inst4|24~_emulated ; UPclk        ; rst         ; 0.500        ; -4.089     ; 7.658      ;
; -11.258 ; 74193:inst4|25~1         ; 74193:inst4|24~_emulated ; UPclk        ; rst         ; 1.000        ; -1.778     ; 10.460     ;
+---------+--------------------------+--------------------------+--------------+-------------+--------------+------------+------------+


+------------------------------------------------------------------------------------------------------------------------------------+
; Slow 1200mV -40C Model Hold: 'UPclk'                                                                                               ;
+--------+--------------------------+--------------------------+--------------+-------------+--------------+------------+------------+
; Slack  ; From Node                ; To Node                  ; Launch Clock ; Latch Clock ; Relationship ; Clock Skew ; Data Delay ;
+--------+--------------------------+--------------------------+--------------+-------------+--------------+------------+------------+
; -4.325 ; 74193:inst1|23~1         ; 74193:inst1|23~_emulated ; rst          ; UPclk       ; 0.000        ; 5.575      ; 1.458      ;
; -3.984 ; 74193:inst4|23~1         ; 74193:inst4|23~_emulated ; rst          ; UPclk       ; 0.000        ; 5.936      ; 2.160      ;
; -3.861 ; 74193:inst1|24~1         ; 74193:inst1|24~_emulated ; rst          ; UPclk       ; 0.000        ; 4.516      ; 0.863      ;
; -3.636 ; 74193:inst1|25~1         ; 74193:inst1|25~_emulated ; rst          ; UPclk       ; -0.500       ; 4.601      ; 0.673      ;
; -3.488 ; 74193:inst4|24~1         ; 74193:inst4|24~_emulated ; rst          ; UPclk       ; 0.000        ; 4.138      ; 0.858      ;
; -3.382 ; 74193:inst4|25~1         ; 74193:inst4|25~_emulated ; rst          ; UPclk       ; -0.500       ; 4.451      ; 0.777      ;
; -3.378 ; 74193:inst4|26~1         ; 74193:inst4|26~_emulated ; rst          ; UPclk       ; -0.500       ; 4.367      ; 0.697      ;
; -1.612 ; 74193:inst1|23~1         ; 74193:inst1|23~_emulated ; UPclk        ; UPclk       ; 0.000        ; 2.902      ; 1.458      ;
; -1.587 ; rst                      ; 74193:inst4|23~_emulated ; rst          ; UPclk       ; 0.000        ; 9.678      ; 8.299      ;
; -1.493 ; 74193:inst1|25~_emulated ; 74193:inst1|25~_emulated ; UPclk        ; UPclk       ; -0.500       ; 6.123      ; 4.318      ;
; -1.448 ; 74193:inst1|23~_emulated ; 74193:inst1|23~_emulated ; UPclk        ; UPclk       ; 0.000        ; 6.266      ; 4.986      ;
; -1.394 ; 74193:inst1|24~_emulated ; 74193:inst1|24~_emulated ; UPclk        ; UPclk       ; 0.000        ; 5.631      ; 4.405      ;
; -1.321 ; rst                      ; 74193:inst1|23~_emulated ; rst          ; UPclk       ; 0.000        ; 9.312      ; 8.199      ;
; -1.271 ; 74193:inst4|23~1         ; 74193:inst4|23~_emulated ; UPclk        ; UPclk       ; 0.000        ; 3.263      ; 2.160      ;
; -1.185 ; 74193:inst1|24~1         ; 74193:inst1|24~_emulated ; UPclk        ; UPclk       ; 0.000        ; 1.880      ; 0.863      ;
; -1.132 ; 7474:inst|9              ; 7474:inst|9              ; rst          ; UPclk       ; 0.000        ; 1.512      ; 0.588      ;
; -0.960 ; rst                      ; 74193:inst4|23~_emulated ; rst          ; UPclk       ; -0.500       ; 9.678      ; 8.426      ;
; -0.944 ; 74193:inst1|25~1         ; 74193:inst1|25~_emulated ; UPclk        ; UPclk       ; -0.500       ; 1.929      ; 0.673      ;
; -0.818 ; rst                      ; 74193:inst4|24~_emulated ; rst          ; UPclk       ; 0.000        ; 8.024      ; 7.414      ;
; -0.775 ; 74193:inst4|24~1         ; 74193:inst4|24~_emulated ; UPclk        ; UPclk       ; 0.000        ; 1.465      ; 0.858      ;
; -0.729 ; rst                      ; 74193:inst1|25~_emulated ; rst          ; UPclk       ; 0.000        ; 8.406      ; 7.885      ;
; -0.692 ; rst                      ; 74193:inst1|24~_emulated ; rst          ; UPclk       ; 0.000        ; 8.247      ; 7.763      ;
; -0.690 ; 74193:inst4|25~1         ; 74193:inst4|25~_emulated ; UPclk        ; UPclk       ; -0.500       ; 1.779      ; 0.777      ;
; -0.686 ; 74193:inst4|26~1         ; 74193:inst4|26~_emulated ; UPclk        ; UPclk       ; -0.500       ; 1.695      ; 0.697      ;
; -0.681 ; rst                      ; 74193:inst4|25~_emulated ; rst          ; UPclk       ; 0.000        ; 8.190      ; 7.717      ;
; -0.597 ; rst                      ; 74193:inst4|26~_emulated ; rst          ; UPclk       ; 0.000        ; 8.252      ; 7.863      ;
; -0.589 ; rst                      ; 74193:inst1|23~_emulated ; rst          ; UPclk       ; -0.500       ; 9.312      ; 8.431      ;
; -0.503 ; 74193:inst4|24~_emulated ; 74193:inst4|24~_emulated ; UPclk        ; UPclk       ; 0.000        ; 4.503      ; 4.168      ;
; -0.467 ; 74193:inst4|26~_emulated ; 74193:inst4|26~_emulated ; UPclk        ; UPclk       ; -0.500       ; 5.205      ; 4.426      ;
; -0.446 ; rst                      ; 74193:inst1|25~_emulated ; rst          ; UPclk       ; -0.500       ; 8.406      ; 7.668      ;
; -0.406 ; rst                      ; 74193:inst4|25~_emulated ; rst          ; UPclk       ; -0.500       ; 8.190      ; 7.492      ;
; -0.290 ; rst                      ; 74193:inst4|26~_emulated ; rst          ; UPclk       ; -0.500       ; 8.252      ; 7.670      ;
; -0.126 ; rst                      ; 74193:inst4|24~_emulated ; rst          ; UPclk       ; -0.500       ; 8.024      ; 7.606      ;
; 0.051  ; rst                      ; 74193:inst1|24~_emulated ; rst          ; UPclk       ; -0.500       ; 8.247      ; 8.006      ;
; 0.183  ; 74193:inst4|25~_emulated ; 74193:inst4|25~_emulated ; UPclk        ; UPclk       ; -0.500       ; 4.543      ; 4.414      ;
; 0.382  ; 7474:inst|9              ; 7474:inst|9              ; UPclk        ; UPclk       ; 0.000        ; 0.038      ; 0.588      ;
; 0.555  ; 74193:inst4|25~1         ; 74193:inst4|25~_emulated ; rst          ; UPclk       ; 0.000        ; 0.014      ; 0.777      ;
; 0.773  ; 74193:inst4|24~_emulated ; 74193:inst4|24~_emulated ; rst          ; UPclk       ; 0.000        ; 3.187      ; 4.168      ;
; 1.017  ; 74193:inst1|25~_emulated ; 74193:inst1|25~_emulated ; rst          ; UPclk       ; 0.000        ; 3.093      ; 4.318      ;
; 1.089  ; UPclk                    ; 74193:inst4|23~_emulated ; UPclk        ; UPclk       ; 0.000        ; 9.678      ; 10.935     ;
; 1.122  ; 74193:inst4|26~_emulated ; 74193:inst4|26~_emulated ; rst          ; UPclk       ; 0.000        ; 3.096      ; 4.426      ;
; 1.152  ; 74193:inst4|25~_emulated ; 74193:inst4|25~_emulated ; rst          ; UPclk       ; 0.000        ; 3.054      ; 4.414      ;
; 1.198  ; 74193:inst1|24~_emulated ; 74193:inst1|24~_emulated ; rst          ; UPclk       ; 0.000        ; 2.999      ; 4.405      ;
; 1.245  ; 74193:inst4|26~1         ; 74193:inst4|26~_emulated ; rst          ; UPclk       ; 0.000        ; -0.756     ; 0.697      ;
; 1.355  ; UPclk                    ; 74193:inst1|23~_emulated ; UPclk        ; UPclk       ; 0.000        ; 9.312      ; 10.835     ;
; 1.369  ; 74193:inst1|23~_emulated ; 74193:inst1|23~_emulated ; rst          ; UPclk       ; 0.000        ; 3.409      ; 4.986      ;
; 1.390  ; 74193:inst4|23~_emulated ; 74193:inst4|23~_emulated ; UPclk        ; UPclk       ; 0.000        ; 4.648      ; 6.206      ;
; 1.791  ; UPclk                    ; 74193:inst4|23~_emulated ; UPclk        ; UPclk       ; -0.500       ; 9.678      ; 11.157     ;
; 1.801  ; 74193:inst1|26~1         ; 74193:inst1|26~_emulated ; rst          ; UPclk       ; 0.000        ; -1.444     ; 0.565      ;
; 1.858  ; UPclk                    ; 74193:inst4|24~_emulated ; UPclk        ; UPclk       ; 0.000        ; 8.024      ; 10.050     ;
; 1.899  ; 74193:inst1|25~1         ; 74193:inst1|25~_emulated ; rst          ; UPclk       ; 0.000        ; -1.434     ; 0.673      ;
; 1.984  ; UPclk                    ; 74193:inst1|24~_emulated ; UPclk        ; UPclk       ; 0.000        ; 8.247      ; 10.399     ;
; 2.025  ; 74193:inst4|24~_emulated ; 74193:inst4|24~_emulated ; rst          ; UPclk       ; -0.500       ; 2.435      ; 4.168      ;
; 2.042  ; UPclk                    ; 74193:inst1|25~_emulated ; UPclk        ; UPclk       ; 0.000        ; 8.406      ; 10.616     ;
; 2.090  ; UPclk                    ; 74193:inst4|25~_emulated ; UPclk        ; UPclk       ; 0.000        ; 8.190      ; 10.448     ;
; 2.099  ; 74193:inst1|23~_emulated ; 74193:inst1|23~_emulated ; rst          ; UPclk       ; -0.500       ; 3.179      ; 4.986      ;
; 2.162  ; UPclk                    ; 74193:inst1|23~_emulated ; UPclk        ; UPclk       ; -0.500       ; 9.312      ; 11.162     ;
; 2.174  ; UPclk                    ; 74193:inst4|26~_emulated ; UPclk        ; UPclk       ; 0.000        ; 8.252      ; 10.594     ;
; 2.210  ; UPclk                    ; 74193:inst1|25~_emulated ; UPclk        ; UPclk       ; -0.500       ; 8.406      ; 10.304     ;
; 2.225  ; 74193:inst4|26~_emulated ; 74193:inst4|23~_emulated ; UPclk        ; UPclk       ; 0.000        ; 6.630      ; 9.023      ;
; 2.250  ; UPclk                    ; 74193:inst4|25~_emulated ; UPclk        ; UPclk       ; -0.500       ; 8.190      ; 10.128     ;
; 2.366  ; UPclk                    ; 74193:inst4|26~_emulated ; UPclk        ; UPclk       ; -0.500       ; 8.252      ; 10.306     ;
; 2.491  ; 74193:inst4|26~_emulated ; 74193:inst1|23~_emulated ; UPclk        ; UPclk       ; 0.000        ; 6.264      ; 8.923      ;
; 2.527  ; 74193:inst1|26~_emulated ; 74193:inst1|26~_emulated ; UPclk        ; UPclk       ; 0.000        ; 0.089      ; 2.784      ;
; 2.555  ; 74193:inst4|23~1         ; 74193:inst1|23~_emulated ; rst          ; UPclk       ; 0.000        ; 5.570      ; 8.333      ;
; 2.625  ; UPclk                    ; 74193:inst4|24~_emulated ; UPclk        ; UPclk       ; -0.500       ; 8.024      ; 10.337     ;
; 2.711  ; 74193:inst4|23~_emulated ; 74193:inst4|23~_emulated ; rst          ; UPclk       ; 0.000        ; 3.287      ; 6.206      ;
; 2.795  ; 74193:inst1|23~_emulated ; 74193:inst4|23~_emulated ; UPclk        ; UPclk       ; 0.000        ; 6.632      ; 9.595      ;
; 2.802  ; UPclk                    ; 74193:inst1|24~_emulated ; UPclk        ; UPclk       ; -0.500       ; 8.247      ; 10.737     ;
; 2.911  ; 74193:inst4|24~_emulated ; 74193:inst4|23~_emulated ; UPclk        ; UPclk       ; 0.000        ; 6.157      ; 9.236      ;
; 2.929  ; 74193:inst1|25~_emulated ; 74193:inst4|23~_emulated ; UPclk        ; UPclk       ; 0.000        ; 7.395      ; 10.492     ;
; 2.980  ; 74193:inst4|23~_emulated ; 74193:inst1|23~_emulated ; UPclk        ; UPclk       ; 0.000        ; 4.282      ; 7.430      ;
; 2.994  ; 74193:inst4|26~_emulated ; 74193:inst4|24~_emulated ; UPclk        ; UPclk       ; 0.000        ; 4.976      ; 8.138      ;
; 3.045  ; 74193:inst1|26~_emulated ; 74193:inst4|23~_emulated ; UPclk        ; UPclk       ; 0.000        ; 7.404      ; 10.617     ;
; 3.058  ; 74193:inst4|23~1         ; 74193:inst4|24~_emulated ; rst          ; UPclk       ; 0.000        ; 4.282      ; 7.548      ;
; 3.083  ; 74193:inst4|26~_emulated ; 74193:inst1|24~_emulated ; UPclk        ; UPclk       ; 0.000        ; 5.236      ; 8.487      ;
; 3.162  ; 74193:inst4|25~_emulated ; 74193:inst4|23~_emulated ; UPclk        ; UPclk       ; 0.000        ; 6.030      ; 9.360      ;
; 3.177  ; 74193:inst4|24~_emulated ; 74193:inst1|23~_emulated ; UPclk        ; UPclk       ; 0.000        ; 5.791      ; 9.136      ;
; 3.184  ; 74193:inst4|23~1         ; 74193:inst1|24~_emulated ; rst          ; UPclk       ; 0.000        ; 4.505      ; 7.897      ;
; 3.195  ; 74193:inst1|25~_emulated ; 74193:inst1|23~_emulated ; UPclk        ; UPclk       ; 0.000        ; 7.029      ; 10.392     ;
; 3.268  ; 74193:inst4|25~1         ; 74193:inst4|25~_emulated ; UPclk        ; UPclk       ; 0.000        ; -2.659     ; 0.777      ;
; 3.311  ; 74193:inst1|26~_emulated ; 74193:inst1|23~_emulated ; UPclk        ; UPclk       ; 0.000        ; 7.038      ; 10.517     ;
; 3.338  ; 74193:inst4|23~_emulated ; 74193:inst4|23~_emulated ; rst          ; UPclk       ; -0.500       ; 3.160      ; 6.206      ;
; 3.345  ; 74193:inst4|26~_emulated ; 74193:inst1|25~_emulated ; UPclk        ; UPclk       ; -0.500       ; 5.359      ; 8.392      ;
; 3.385  ; 74193:inst4|26~_emulated ; 74193:inst4|25~_emulated ; UPclk        ; UPclk       ; -0.500       ; 5.143      ; 8.216      ;
; 3.428  ; 74193:inst4|25~_emulated ; 74193:inst1|23~_emulated ; UPclk        ; UPclk       ; 0.000        ; 5.664      ; 9.260      ;
; 3.430  ; 74193:inst4|23~1         ; 74193:inst1|25~_emulated ; rst          ; UPclk       ; -0.500       ; 4.664      ; 7.802      ;
; 3.432  ; 74193:inst1|24~_emulated ; 74193:inst4|23~_emulated ; UPclk        ; UPclk       ; 0.000        ; 7.062      ; 10.662     ;
; 3.457  ; rst                      ; 74193:inst1|26~_emulated ; rst          ; UPclk       ; 0.000        ; 2.363      ; 6.028      ;
; 3.470  ; 74193:inst4|23~1         ; 74193:inst4|25~_emulated ; rst          ; UPclk       ; -0.500       ; 4.448      ; 7.626      ;
; 3.483  ; 74193:inst4|23~_emulated ; 74193:inst4|24~_emulated ; UPclk        ; UPclk       ; 0.000        ; 2.994      ; 6.645      ;
; 3.531  ; rst                      ; 74193:inst4|25~_emulated ; rst          ; UPclk       ; 0.000        ; 3.753      ; 7.492      ;
; 3.564  ; 74193:inst1|23~_emulated ; 74193:inst4|24~_emulated ; UPclk        ; UPclk       ; 0.000        ; 4.978      ; 8.710      ;
; 3.569  ; 74193:inst4|26~1         ; 74193:inst4|23~_emulated ; rst          ; UPclk       ; 0.000        ; 5.793      ; 9.570      ;
; 3.572  ; 74193:inst4|23~_emulated ; 74193:inst1|24~_emulated ; UPclk        ; UPclk       ; 0.000        ; 3.254      ; 6.994      ;
; 3.586  ; 74193:inst4|23~1         ; 74193:inst4|26~_emulated ; rst          ; UPclk       ; -0.500       ; 4.510      ; 7.804      ;
; 3.653  ; 74193:inst1|23~_emulated ; 74193:inst1|24~_emulated ; UPclk        ; UPclk       ; 0.000        ; 5.238      ; 9.059      ;
; 3.698  ; 74193:inst1|24~_emulated ; 74193:inst1|23~_emulated ; UPclk        ; UPclk       ; 0.000        ; 6.696      ; 10.562     ;
; 3.698  ; 74193:inst1|25~_emulated ; 74193:inst4|24~_emulated ; UPclk        ; UPclk       ; 0.000        ; 5.741      ; 9.607      ;
; 3.769  ; 74193:inst4|24~_emulated ; 74193:inst1|24~_emulated ; UPclk        ; UPclk       ; 0.000        ; 4.763      ; 8.700      ;
+--------+--------------------------+--------------------------+--------------+-------------+--------------+------------+------------+


+------------------------------------------------------------------------------------------------------------------------------------+
; Slow 1200mV -40C Model Hold: 'rst'                                                                                                 ;
+--------+--------------------------+--------------------------+--------------+-------------+--------------+------------+------------+
; Slack  ; From Node                ; To Node                  ; Launch Clock ; Latch Clock ; Relationship ; Clock Skew ; Data Delay ;
+--------+--------------------------+--------------------------+--------------+-------------+--------------+------------+------------+
; -3.054 ; 7474:inst|9              ; 7474:inst|9              ; UPclk        ; rst         ; 0.000        ; 3.434      ; 0.588      ;
; -2.453 ; 74193:inst4|23~1         ; 74193:inst4|23~_emulated ; rst          ; rst         ; -0.500       ; 4.925      ; 2.160      ;
; -2.399 ; 74193:inst4|25~1         ; 74193:inst4|25~_emulated ; rst          ; rst         ; -0.500       ; 3.488      ; 0.777      ;
; -2.040 ; 74193:inst4|24~1         ; 74193:inst4|24~_emulated ; rst          ; rst         ; -0.500       ; 3.210      ; 0.858      ;
; -1.709 ; 74193:inst4|26~1         ; 74193:inst4|26~_emulated ; rst          ; rst         ; -0.500       ; 2.718      ; 0.697      ;
; -1.485 ; 74193:inst1|23~1         ; 74193:inst1|23~_emulated ; rst          ; rst         ; 0.000        ; 2.775      ; 1.458      ;
; -1.144 ; 74193:inst4|23~1         ; 74193:inst4|23~_emulated ; rst          ; rst         ; 0.000        ; 3.136      ; 2.160      ;
; -1.095 ; 74193:inst1|23~1         ; 74193:inst1|23~_emulated ; rst          ; rst         ; -0.500       ; 2.865      ; 1.458      ;
; -1.021 ; 74193:inst1|24~1         ; 74193:inst1|24~_emulated ; rst          ; rst         ; 0.000        ; 1.716      ; 0.863      ;
; -0.712 ; 74193:inst1|25~1         ; 74193:inst1|25~_emulated ; rst          ; rst         ; -0.500       ; 1.697      ; 0.673      ;
; -0.648 ; 74193:inst4|24~1         ; 74193:inst4|24~_emulated ; rst          ; rst         ; 0.000        ; 1.338      ; 0.858      ;
; -0.469 ; rst                      ; 74193:inst4|23~_emulated ; rst          ; rst         ; 0.000        ; 8.727      ; 8.426      ;
; -0.116 ; rst                      ; 74193:inst4|23~_emulated ; rst          ; rst         ; -0.500       ; 8.727      ; 8.299      ;
; 0.103  ; 74193:inst4|23~1         ; 74193:inst4|23~_emulated ; UPclk        ; rst         ; -0.500       ; 2.349      ; 2.160      ;
; 0.157  ; 74193:inst4|25~1         ; 74193:inst4|25~_emulated ; UPclk        ; rst         ; -0.500       ; 0.912      ; 0.777      ;
; 0.262  ; rst                      ; 74193:inst4|25~_emulated ; rst          ; rst         ; 0.000        ; 7.287      ; 7.717      ;
; 0.282  ; rst                      ; 74193:inst4|24~_emulated ; rst          ; rst         ; 0.000        ; 7.156      ; 7.606      ;
; 0.382  ; 7474:inst|9              ; 7474:inst|9              ; rst          ; rst         ; 0.000        ; 0.038      ; 0.588      ;
; 0.516  ; 74193:inst4|24~1         ; 74193:inst4|24~_emulated ; UPclk        ; rst         ; -0.500       ; 0.634      ; 0.858      ;
; 0.517  ; rst                      ; 74193:inst4|25~_emulated ; rst          ; rst         ; -0.500       ; 7.287      ; 7.492      ;
; 0.570  ; rst                      ; 74193:inst4|24~_emulated ; rst          ; rst         ; -0.500       ; 7.156      ; 7.414      ;
; 0.788  ; 74193:inst4|24~_emulated ; 74193:inst4|24~_emulated ; UPclk        ; rst         ; -0.500       ; 3.672      ; 4.168      ;
; 0.847  ; 74193:inst4|26~1         ; 74193:inst4|26~_emulated ; UPclk        ; rst         ; -0.500       ; 0.142      ; 0.697      ;
; 1.030  ; 74193:inst4|25~_emulated ; 74193:inst4|25~_emulated ; UPclk        ; rst         ; -0.500       ; 3.676      ; 4.414      ;
; 1.032  ; rst                      ; 74193:inst4|26~_emulated ; rst          ; rst         ; 0.000        ; 6.663      ; 7.863      ;
; 1.051  ; 74193:inst1|23~1         ; 74193:inst1|23~_emulated ; UPclk        ; rst         ; 0.000        ; 0.199      ; 1.458      ;
; 1.066  ; 74193:inst4|26~_emulated ; 74193:inst4|26~_emulated ; UPclk        ; rst         ; -0.500       ; 3.652      ; 4.426      ;
; 1.193  ; rst                      ; 74193:inst4|23~_emulated ; rst          ; rst         ; 0.000        ; 6.938      ; 8.299      ;
; 1.215  ; 74193:inst1|23~_emulated ; 74193:inst1|23~_emulated ; UPclk        ; rst         ; 0.000        ; 3.563      ; 4.986      ;
; 1.306  ; 74193:inst1|24~_emulated ; 74193:inst1|24~_emulated ; UPclk        ; rst         ; 0.000        ; 2.891      ; 4.405      ;
; 1.319  ; rst                      ; 74193:inst4|26~_emulated ; rst          ; rst         ; -0.500       ; 6.663      ; 7.670      ;
; 1.331  ; 74193:inst1|25~_emulated ; 74193:inst1|25~_emulated ; UPclk        ; rst         ; -0.500       ; 3.279      ; 4.318      ;
; 1.392  ; 74193:inst4|23~1         ; 74193:inst4|23~_emulated ; UPclk        ; rst         ; 0.000        ; 0.560      ; 2.160      ;
; 1.459  ; rst                      ; 74193:inst1|23~_emulated ; rst          ; rst         ; 0.000        ; 6.572      ; 8.199      ;
; 1.461  ; 74193:inst1|23~1         ; 74193:inst1|23~_emulated ; UPclk        ; rst         ; -0.500       ; 0.289      ; 1.458      ;
; 1.515  ; 74193:inst1|24~1         ; 74193:inst1|24~_emulated ; UPclk        ; rst         ; 0.000        ; -0.860     ; 0.863      ;
; 1.601  ; rst                      ; 74193:inst1|23~_emulated ; rst          ; rst         ; 0.000        ; 6.662      ; 8.431      ;
; 1.625  ; 74193:inst1|23~_emulated ; 74193:inst1|23~_emulated ; UPclk        ; rst         ; -0.500       ; 3.653      ; 4.986      ;
; 1.800  ; rst                      ; 74193:inst4|23~_emulated ; rst          ; rst         ; -0.500       ; 6.938      ; 8.426      ;
; 1.844  ; 74193:inst1|25~1         ; 74193:inst1|25~_emulated ; UPclk        ; rst         ; -0.500       ; -0.879     ; 0.673      ;
; 1.849  ; rst                      ; 74193:inst1|23~_emulated ; rst          ; rst         ; -0.500       ; 6.662      ; 8.199      ;
; 1.888  ; 74193:inst4|24~1         ; 74193:inst4|24~_emulated ; UPclk        ; rst         ; 0.000        ; -1.238     ; 0.858      ;
; 1.962  ; rst                      ; 74193:inst4|24~_emulated ; rst          ; rst         ; 0.000        ; 5.284      ; 7.414      ;
; 2.088  ; rst                      ; 74193:inst1|24~_emulated ; rst          ; rst         ; 0.000        ; 5.507      ; 7.763      ;
; 2.155  ; rst                      ; 74193:inst1|25~_emulated ; rst          ; rst         ; 0.000        ; 5.562      ; 7.885      ;
; 2.158  ; 74193:inst4|25~_emulated ; 74193:inst4|25~_emulated ; rst          ; rst         ; 0.000        ; 2.088      ; 4.414      ;
; 2.160  ; 74193:inst4|24~_emulated ; 74193:inst4|24~_emulated ; UPclk        ; rst         ; 0.000        ; 1.800      ; 4.168      ;
; 2.171  ; rst                      ; 74193:inst1|23~_emulated ; rst          ; rst         ; -0.500       ; 6.572      ; 8.431      ;
; 2.221  ; 74193:inst4|24~_emulated ; 74193:inst4|24~_emulated ; rst          ; rst         ; -0.500       ; 2.259      ; 4.168      ;
; 2.222  ; UPclk                    ; 74193:inst4|23~_emulated ; UPclk        ; rst         ; 0.000        ; 8.727      ; 11.157     ;
; 2.418  ; rst                      ; 74193:inst1|25~_emulated ; rst          ; rst         ; -0.500       ; 5.562      ; 7.668      ;
; 2.500  ; UPclk                    ; 74193:inst4|23~_emulated ; UPclk        ; rst         ; -0.500       ; 8.727      ; 10.935     ;
; 2.634  ; rst                      ; 74193:inst4|24~_emulated ; rst          ; rst         ; -0.500       ; 5.284      ; 7.606      ;
; 2.764  ; 74193:inst4|23~_emulated ; 74193:inst4|23~_emulated ; UPclk        ; rst         ; -0.500       ; 3.734      ; 6.206      ;
; 2.811  ; rst                      ; 74193:inst1|24~_emulated ; rst          ; rst         ; -0.500       ; 5.507      ; 8.006      ;
; 2.814  ; 74193:inst4|26~_emulated ; 74193:inst4|26~_emulated ; rst          ; rst         ; 0.000        ; 1.444      ; 4.426      ;
; 2.953  ; UPclk                    ; 74193:inst4|25~_emulated ; UPclk        ; rst         ; 0.000        ; 7.287      ; 10.448     ;
; 2.973  ; UPclk                    ; 74193:inst4|24~_emulated ; UPclk        ; rst         ; 0.000        ; 7.156      ; 10.337     ;
; 3.133  ; UPclk                    ; 74193:inst4|25~_emulated ; UPclk        ; rst         ; -0.500       ; 7.287      ; 10.128     ;
; 3.186  ; UPclk                    ; 74193:inst4|24~_emulated ; UPclk        ; rst         ; -0.500       ; 7.156      ; 10.050     ;
; 3.599  ; 74193:inst4|26~_emulated ; 74193:inst4|23~_emulated ; UPclk        ; rst         ; -0.500       ; 5.716      ; 9.023      ;
; 3.613  ; 74193:inst4|24~_emulated ; 74193:inst4|24~_emulated ; rst          ; rst         ; 0.000        ; 0.387      ; 4.168      ;
; 3.723  ; UPclk                    ; 74193:inst4|26~_emulated ; UPclk        ; rst         ; 0.000        ; 6.663      ; 10.594     ;
; 3.789  ; UPclk                    ; 74193:inst4|23~_emulated ; UPclk        ; rst         ; 0.000        ; 6.938      ; 10.935     ;
; 3.892  ; 74193:inst4|23~_emulated ; 74193:inst4|23~_emulated ; rst          ; rst         ; 0.000        ; 2.146      ; 6.206      ;
; 3.935  ; UPclk                    ; 74193:inst4|26~_emulated ; UPclk        ; rst         ; -0.500       ; 6.663      ; 10.306     ;
; 3.935  ; 74193:inst4|24~_emulated ; 74193:inst4|24~_emulated ; rst          ; rst         ; 0.000        ; 0.065      ; 4.168      ;
; 4.038  ; 74193:inst1|24~_emulated ; 74193:inst1|24~_emulated ; rst          ; rst         ; 0.000        ; 0.199      ; 4.405      ;
; 4.053  ; 74193:inst4|23~_emulated ; 74193:inst4|23~_emulated ; UPclk        ; rst         ; 0.000        ; 1.945      ; 6.206      ;
; 4.055  ; UPclk                    ; 74193:inst1|23~_emulated ; UPclk        ; rst         ; 0.000        ; 6.572      ; 10.835     ;
; 4.084  ; 74193:inst1|25~_emulated ; 74193:inst1|25~_emulated ; rst          ; rst         ; 0.000        ; 0.066      ; 4.318      ;
; 4.169  ; 74193:inst1|23~_emulated ; 74193:inst4|23~_emulated ; UPclk        ; rst         ; -0.500       ; 5.718      ; 9.595      ;
; 4.209  ; 74193:inst1|23~_emulated ; 74193:inst1|23~_emulated ; rst          ; rst         ; 0.000        ; 0.609      ; 4.986      ;
; 4.232  ; 74193:inst4|26~_emulated ; 74193:inst4|25~_emulated ; UPclk        ; rst         ; -0.500       ; 4.276      ; 8.216      ;
; 4.242  ; 74193:inst4|23~_emulated ; 74193:inst4|23~_emulated ; rst          ; rst         ; -0.500       ; 2.276      ; 6.206      ;
; 4.285  ; 74193:inst4|26~_emulated ; 74193:inst4|24~_emulated ; UPclk        ; rst         ; -0.500       ; 4.145      ; 8.138      ;
; 4.285  ; 74193:inst4|24~_emulated ; 74193:inst4|23~_emulated ; UPclk        ; rst         ; -0.500       ; 5.243      ; 9.236      ;
; 4.292  ; UPclk                    ; 74193:inst1|23~_emulated ; UPclk        ; rst         ; 0.000        ; 6.662      ; 11.162     ;
; 4.340  ; 74193:inst1|25~_emulated ; 74193:inst4|23~_emulated ; UPclk        ; rst         ; -0.500       ; 6.444      ; 10.492     ;
; 4.453  ; 74193:inst4|23~1         ; 74193:inst4|25~_emulated ; rst          ; rst         ; -0.500       ; 3.485      ; 7.626      ;
; 4.456  ; 74193:inst1|26~_emulated ; 74193:inst4|23~_emulated ; UPclk        ; rst         ; -0.500       ; 6.453      ; 10.617     ;
; 4.465  ; UPclk                    ; 74193:inst1|23~_emulated ; UPclk        ; rst         ; -0.500       ; 6.662      ; 10.835     ;
; 4.506  ; 74193:inst4|23~1         ; 74193:inst4|24~_emulated ; rst          ; rst         ; -0.500       ; 3.354      ; 7.548      ;
; 4.511  ; UPclk                    ; 74193:inst4|23~_emulated ; UPclk        ; rst         ; -0.500       ; 6.938      ; 11.157     ;
; 4.536  ; 74193:inst4|25~_emulated ; 74193:inst4|23~_emulated ; UPclk        ; rst         ; -0.500       ; 5.116      ; 9.360      ;
; 4.558  ; UPclk                    ; 74193:inst4|24~_emulated ; UPclk        ; rst         ; 0.000        ; 5.284      ; 10.050     ;
; 4.599  ; 74193:inst1|23~_emulated ; 74193:inst1|23~_emulated ; rst          ; rst         ; -0.500       ; 0.699      ; 4.986      ;
; 4.684  ; UPclk                    ; 74193:inst1|24~_emulated ; UPclk        ; rst         ; 0.000        ; 5.507      ; 10.399     ;
; 4.721  ; 74193:inst4|23~_emulated ; 74193:inst4|25~_emulated ; UPclk        ; rst         ; -0.500       ; 2.294      ; 6.723      ;
; 4.741  ; 74193:inst1|23~_emulated ; 74193:inst1|23~_emulated ; rst          ; rst         ; 0.000        ; 0.077      ; 4.986      ;
; 4.774  ; 74193:inst4|23~_emulated ; 74193:inst4|24~_emulated ; UPclk        ; rst         ; -0.500       ; 2.163      ; 6.645      ;
; 4.786  ; 74193:inst4|25~_emulated ; 74193:inst4|25~_emulated ; UPclk        ; rst         ; 0.000        ; -0.580     ; 4.414      ;
; 4.802  ; 74193:inst1|23~_emulated ; 74193:inst4|25~_emulated ; UPclk        ; rst         ; -0.500       ; 4.278      ; 8.788      ;
; 4.843  ; 74193:inst1|24~_emulated ; 74193:inst4|23~_emulated ; UPclk        ; rst         ; -0.500       ; 6.111      ; 10.662     ;
; 4.845  ; 74193:inst4|24~_emulated ; 74193:inst4|24~_emulated ; rst          ; rst         ; -0.500       ; -0.365     ; 4.168      ;
; 4.846  ; UPclk                    ; 74193:inst1|25~_emulated ; UPclk        ; rst         ; 0.000        ; 5.562      ; 10.616     ;
; 4.855  ; 74193:inst1|23~_emulated ; 74193:inst4|24~_emulated ; UPclk        ; rst         ; -0.500       ; 4.147      ; 8.710      ;
; 4.882  ; UPclk                    ; 74193:inst1|23~_emulated ; UPclk        ; rst         ; -0.500       ; 6.572      ; 11.162     ;
; 4.888  ; 74193:inst4|26~_emulated ; 74193:inst4|23~_emulated ; UPclk        ; rst         ; 0.000        ; 3.927      ; 9.023      ;
; 4.918  ; 74193:inst4|24~_emulated ; 74193:inst4|25~_emulated ; UPclk        ; rst         ; -0.500       ; 3.803      ; 8.429      ;
+--------+--------------------------+--------------------------+--------------+-------------+--------------+------------+------------+


+-------------------------------------------------------------------------------------------------------------------------------------+
; Slow 1200mV -40C Model Recovery: 'UPclk'                                                                                            ;
+---------+--------------------------+--------------------------+--------------+-------------+--------------+------------+------------+
; Slack   ; From Node                ; To Node                  ; Launch Clock ; Latch Clock ; Relationship ; Clock Skew ; Data Delay ;
+---------+--------------------------+--------------------------+--------------+-------------+--------------+------------+------------+
; -12.262 ; 74193:inst1|25~_emulated ; 74193:inst1|26~_emulated ; UPclk        ; UPclk       ; 0.500        ; -6.132     ; 6.630      ;
; -12.253 ; 74193:inst1|25~_emulated ; 74193:inst1|25~_emulated ; UPclk        ; UPclk       ; 0.500        ; -6.123     ; 6.630      ;
; -11.917 ; 74193:inst1|25~_emulated ; 74193:inst1|24~_emulated ; UPclk        ; UPclk       ; 0.500        ; -5.790     ; 6.627      ;
; -11.899 ; 74193:inst1|24~_emulated ; 74193:inst1|26~_emulated ; UPclk        ; UPclk       ; 1.000        ; -5.973     ; 6.926      ;
; -11.890 ; 74193:inst1|24~_emulated ; 74193:inst1|25~_emulated ; UPclk        ; UPclk       ; 1.000        ; -5.964     ; 6.926      ;
; -11.754 ; 74193:inst1|23~_emulated ; 74193:inst1|26~_emulated ; UPclk        ; UPclk       ; 1.000        ; -7.038     ; 5.716      ;
; -11.745 ; 74193:inst1|23~_emulated ; 74193:inst1|25~_emulated ; UPclk        ; UPclk       ; 1.000        ; -7.029     ; 5.716      ;
; -11.554 ; 74193:inst1|24~_emulated ; 74193:inst1|24~_emulated ; UPclk        ; UPclk       ; 1.000        ; -5.631     ; 6.923      ;
; -11.495 ; 74193:inst1|25~_emulated ; 74193:inst1|23~_emulated ; UPclk        ; UPclk       ; 0.500        ; -5.361     ; 6.634      ;
; -11.494 ; 74193:inst1|25~_emulated ; 74193:inst4|26~_emulated ; UPclk        ; UPclk       ; 0.500        ; -5.359     ; 6.635      ;
; -11.409 ; 74193:inst1|23~_emulated ; 74193:inst1|24~_emulated ; UPclk        ; UPclk       ; 1.000        ; -6.696     ; 5.713      ;
; -11.168 ; 74193:inst1|24~_emulated ; 74193:inst1|23~_emulated ; UPclk        ; UPclk       ; 1.000        ; -5.238     ; 6.930      ;
; -11.167 ; 74193:inst1|24~_emulated ; 74193:inst4|26~_emulated ; UPclk        ; UPclk       ; 1.000        ; -5.236     ; 6.931      ;
; -11.021 ; 74193:inst1|25~_emulated ; 74193:inst4|24~_emulated ; UPclk        ; UPclk       ; 0.500        ; -4.886     ; 6.635      ;
; -10.986 ; 74193:inst1|23~_emulated ; 74193:inst1|23~_emulated ; UPclk        ; UPclk       ; 1.000        ; -6.266     ; 5.720      ;
; -10.985 ; 74193:inst1|23~_emulated ; 74193:inst4|26~_emulated ; UPclk        ; UPclk       ; 1.000        ; -6.264     ; 5.721      ;
; -10.895 ; 74193:inst1|25~_emulated ; 74193:inst4|25~_emulated ; UPclk        ; UPclk       ; 0.500        ; -4.759     ; 6.636      ;
; -10.862 ; 74193:inst4|25~_emulated ; 74193:inst1|26~_emulated ; UPclk        ; UPclk       ; 0.500        ; -5.916     ; 5.446      ;
; -10.853 ; 74193:inst4|25~_emulated ; 74193:inst1|25~_emulated ; UPclk        ; UPclk       ; 0.500        ; -5.907     ; 5.446      ;
; -10.694 ; 74193:inst1|24~_emulated ; 74193:inst4|24~_emulated ; UPclk        ; UPclk       ; 1.000        ; -4.763     ; 6.931      ;
; -10.568 ; 74193:inst1|24~_emulated ; 74193:inst4|25~_emulated ; UPclk        ; UPclk       ; 1.000        ; -4.636     ; 6.932      ;
; -10.565 ; 74193:inst4|26~_emulated ; 74193:inst1|26~_emulated ; UPclk        ; UPclk       ; 0.500        ; -5.978     ; 5.087      ;
; -10.556 ; 74193:inst4|26~_emulated ; 74193:inst1|25~_emulated ; UPclk        ; UPclk       ; 0.500        ; -5.969     ; 5.087      ;
; -10.517 ; 74193:inst4|25~_emulated ; 74193:inst1|24~_emulated ; UPclk        ; UPclk       ; 0.500        ; -5.574     ; 5.443      ;
; -10.512 ; 74193:inst1|23~_emulated ; 74193:inst4|24~_emulated ; UPclk        ; UPclk       ; 1.000        ; -5.791     ; 5.721      ;
; -10.494 ; 74193:inst1|24~1         ; 74193:inst1|26~_emulated ; UPclk        ; UPclk       ; 1.000        ; -4.333     ; 7.161      ;
; -10.485 ; 74193:inst1|24~1         ; 74193:inst1|25~_emulated ; UPclk        ; UPclk       ; 1.000        ; -4.324     ; 7.161      ;
; -10.386 ; 74193:inst1|23~_emulated ; 74193:inst4|25~_emulated ; UPclk        ; UPclk       ; 1.000        ; -5.664     ; 5.722      ;
; -10.220 ; 74193:inst4|26~_emulated ; 74193:inst1|24~_emulated ; UPclk        ; UPclk       ; 0.500        ; -5.636     ; 5.084      ;
; -10.149 ; 74193:inst1|24~1         ; 74193:inst1|24~_emulated ; UPclk        ; UPclk       ; 1.000        ; -3.991     ; 7.158      ;
; -10.095 ; 74193:inst4|25~_emulated ; 74193:inst1|23~_emulated ; UPclk        ; UPclk       ; 0.500        ; -5.145     ; 5.450      ;
; -10.094 ; 74193:inst4|25~_emulated ; 74193:inst4|26~_emulated ; UPclk        ; UPclk       ; 0.500        ; -5.143     ; 5.451      ;
; -10.014 ; 74193:inst4|24~_emulated ; 74193:inst1|26~_emulated ; UPclk        ; UPclk       ; 1.000        ; -5.750     ; 5.264      ;
; -10.005 ; 74193:inst4|24~_emulated ; 74193:inst1|25~_emulated ; UPclk        ; UPclk       ; 1.000        ; -5.741     ; 5.264      ;
; -9.979  ; 74193:inst4|25~_emulated ; 74193:inst1|26~_emulated ; rst          ; UPclk       ; 0.500        ; -5.013     ; 5.446      ;
; -9.970  ; 74193:inst4|25~_emulated ; 74193:inst1|25~_emulated ; rst          ; UPclk       ; 0.500        ; -5.004     ; 5.446      ;
; -9.888  ; 74193:inst1|25~1         ; 74193:inst1|26~_emulated ; UPclk        ; UPclk       ; 1.000        ; -4.408     ; 6.480      ;
; -9.879  ; 74193:inst1|25~1         ; 74193:inst1|25~_emulated ; UPclk        ; UPclk       ; 1.000        ; -4.399     ; 6.480      ;
; -9.801  ; 74193:inst1|26~1         ; 74193:inst1|26~_emulated ; UPclk        ; UPclk       ; 1.000        ; -4.410     ; 6.391      ;
; -9.798  ; 74193:inst4|26~_emulated ; 74193:inst1|23~_emulated ; UPclk        ; UPclk       ; 0.500        ; -5.207     ; 5.091      ;
; -9.797  ; 74193:inst4|26~_emulated ; 74193:inst4|26~_emulated ; UPclk        ; UPclk       ; 0.500        ; -5.205     ; 5.092      ;
; -9.792  ; 74193:inst1|26~1         ; 74193:inst1|25~_emulated ; UPclk        ; UPclk       ; 1.000        ; -4.401     ; 6.391      ;
; -9.780  ; 74193:inst4|23~_emulated ; 74193:inst1|26~_emulated ; UPclk        ; UPclk       ; 1.000        ; -7.404     ; 3.376      ;
; -9.771  ; 74193:inst4|23~_emulated ; 74193:inst1|25~_emulated ; UPclk        ; UPclk       ; 1.000        ; -7.395     ; 3.376      ;
; -9.726  ; 74193:inst1|24~1         ; 74193:inst1|23~_emulated ; UPclk        ; UPclk       ; 1.000        ; -3.561     ; 7.165      ;
; -9.725  ; 74193:inst1|24~1         ; 74193:inst4|26~_emulated ; UPclk        ; UPclk       ; 1.000        ; -3.559     ; 7.166      ;
; -9.669  ; 74193:inst4|24~_emulated ; 74193:inst1|24~_emulated ; UPclk        ; UPclk       ; 1.000        ; -5.408     ; 5.261      ;
; -9.666  ; 74193:inst4|24~_emulated ; 74193:inst1|26~_emulated ; rst          ; UPclk       ; 0.500        ; -4.882     ; 5.264      ;
; -9.657  ; 74193:inst4|24~_emulated ; 74193:inst1|25~_emulated ; rst          ; UPclk       ; 0.500        ; -4.873     ; 5.264      ;
; -9.634  ; 74193:inst4|25~_emulated ; 74193:inst1|24~_emulated ; rst          ; UPclk       ; 0.500        ; -4.671     ; 5.443      ;
; -9.624  ; 74193:inst1|23~_emulated ; 74193:inst1|26~_emulated ; rst          ; UPclk       ; 0.500        ; -4.388     ; 5.716      ;
; -9.621  ; 74193:inst4|25~_emulated ; 74193:inst4|24~_emulated ; UPclk        ; UPclk       ; 0.500        ; -4.670     ; 5.451      ;
; -9.615  ; 74193:inst1|23~_emulated ; 74193:inst1|25~_emulated ; rst          ; UPclk       ; 0.500        ; -4.379     ; 5.716      ;
; -9.551  ; 74193:inst1|23~1         ; 74193:inst1|26~_emulated ; UPclk        ; UPclk       ; 1.000        ; -4.339     ; 6.212      ;
; -9.543  ; 74193:inst1|25~1         ; 74193:inst1|24~_emulated ; UPclk        ; UPclk       ; 1.000        ; -4.066     ; 6.477      ;
; -9.542  ; 74193:inst1|23~1         ; 74193:inst1|25~_emulated ; UPclk        ; UPclk       ; 1.000        ; -4.330     ; 6.212      ;
; -9.517  ; 74193:inst1|25~_emulated ; 74193:inst4|23~_emulated ; UPclk        ; UPclk       ; 0.500        ; -3.377     ; 6.640      ;
; -9.499  ; 74193:inst4|25~1         ; 74193:inst1|26~_emulated ; UPclk        ; UPclk       ; 1.000        ; -4.341     ; 6.158      ;
; -9.495  ; 74193:inst4|25~_emulated ; 74193:inst4|25~_emulated ; UPclk        ; UPclk       ; 0.500        ; -4.543     ; 5.452      ;
; -9.490  ; 74193:inst4|25~1         ; 74193:inst1|25~_emulated ; UPclk        ; UPclk       ; 1.000        ; -4.332     ; 6.158      ;
; -9.456  ; 74193:inst1|26~1         ; 74193:inst1|24~_emulated ; UPclk        ; UPclk       ; 1.000        ; -4.068     ; 6.388      ;
; -9.441  ; 74193:inst4|24~1         ; 74193:inst1|26~_emulated ; UPclk        ; UPclk       ; 1.000        ; -4.493     ; 5.948      ;
; -9.438  ; 74193:inst1|25~_emulated ; 74193:inst1|26~_emulated ; rst          ; UPclk       ; 0.500        ; -3.288     ; 6.630      ;
; -9.436  ; 74193:inst4|23~_emulated ; 74193:inst1|24~_emulated ; UPclk        ; UPclk       ; 1.000        ; -7.062     ; 3.374      ;
; -9.432  ; 74193:inst4|24~1         ; 74193:inst1|25~_emulated ; UPclk        ; UPclk       ; 1.000        ; -4.484     ; 5.948      ;
; -9.429  ; 74193:inst1|25~_emulated ; 74193:inst1|25~_emulated ; rst          ; UPclk       ; 0.500        ; -3.279     ; 6.630      ;
; -9.349  ; 74193:inst4|23~_emulated ; 74193:inst1|26~_emulated ; rst          ; UPclk       ; 0.500        ; -6.453     ; 3.376      ;
; -9.340  ; 74193:inst4|23~_emulated ; 74193:inst1|25~_emulated ; rst          ; UPclk       ; 0.500        ; -6.444     ; 3.376      ;
; -9.324  ; 74193:inst4|26~_emulated ; 74193:inst4|24~_emulated ; UPclk        ; UPclk       ; 0.500        ; -4.732     ; 5.092      ;
; -9.321  ; 74193:inst4|24~_emulated ; 74193:inst1|24~_emulated ; rst          ; UPclk       ; 0.500        ; -4.540     ; 5.261      ;
; -9.279  ; 74193:inst1|23~_emulated ; 74193:inst1|24~_emulated ; rst          ; UPclk       ; 0.500        ; -4.046     ; 5.713      ;
; -9.253  ; 74193:inst4|26~1         ; 74193:inst1|26~_emulated ; UPclk        ; UPclk       ; 1.000        ; -4.492     ; 5.761      ;
; -9.252  ; 74193:inst1|24~1         ; 74193:inst4|24~_emulated ; UPclk        ; UPclk       ; 1.000        ; -3.086     ; 7.166      ;
; -9.248  ; 74193:inst4|25~_emulated ; 74193:inst1|23~_emulated ; rst          ; UPclk       ; 0.500        ; -4.278     ; 5.450      ;
; -9.247  ; 74193:inst4|25~_emulated ; 74193:inst4|26~_emulated ; rst          ; UPclk       ; 0.500        ; -4.276     ; 5.451      ;
; -9.246  ; 74193:inst4|24~_emulated ; 74193:inst1|23~_emulated ; UPclk        ; UPclk       ; 1.000        ; -4.978     ; 5.268      ;
; -9.245  ; 74193:inst4|24~_emulated ; 74193:inst4|26~_emulated ; UPclk        ; UPclk       ; 1.000        ; -4.976     ; 5.269      ;
; -9.244  ; 74193:inst4|26~1         ; 74193:inst1|25~_emulated ; UPclk        ; UPclk       ; 1.000        ; -4.483     ; 5.761      ;
; -9.206  ; 74193:inst1|23~1         ; 74193:inst1|24~_emulated ; UPclk        ; UPclk       ; 1.000        ; -3.997     ; 6.209      ;
; -9.198  ; 74193:inst4|26~_emulated ; 74193:inst4|25~_emulated ; UPclk        ; UPclk       ; 0.500        ; -4.605     ; 5.093      ;
; -9.190  ; 74193:inst1|24~_emulated ; 74193:inst4|23~_emulated ; UPclk        ; UPclk       ; 1.000        ; -3.254     ; 6.936      ;
; -9.179  ; 74193:inst1|24~_emulated ; 74193:inst1|26~_emulated ; rst          ; UPclk       ; 1.000        ; -3.233     ; 6.926      ;
; -9.170  ; 74193:inst1|24~_emulated ; 74193:inst1|25~_emulated ; rst          ; UPclk       ; 1.000        ; -3.224     ; 6.926      ;
; -9.154  ; 74193:inst4|25~1         ; 74193:inst1|24~_emulated ; UPclk        ; UPclk       ; 1.000        ; -3.999     ; 6.155      ;
; -9.126  ; 74193:inst1|24~1         ; 74193:inst4|25~_emulated ; UPclk        ; UPclk       ; 1.000        ; -2.959     ; 7.167      ;
; -9.120  ; 74193:inst1|25~1         ; 74193:inst1|23~_emulated ; UPclk        ; UPclk       ; 1.000        ; -3.636     ; 6.484      ;
; -9.119  ; 74193:inst1|25~1         ; 74193:inst4|26~_emulated ; UPclk        ; UPclk       ; 1.000        ; -3.634     ; 6.485      ;
; -9.096  ; 74193:inst4|24~1         ; 74193:inst1|24~_emulated ; UPclk        ; UPclk       ; 1.000        ; -4.151     ; 5.945      ;
; -9.093  ; 74193:inst1|25~_emulated ; 74193:inst1|24~_emulated ; rst          ; UPclk       ; 0.500        ; -2.946     ; 6.627      ;
; -9.034  ; 74193:inst1|23~_emulated ; 74193:inst1|26~_emulated ; rst          ; UPclk       ; 1.000        ; -4.298     ; 5.716      ;
; -9.033  ; 74193:inst1|26~1         ; 74193:inst1|23~_emulated ; UPclk        ; UPclk       ; 1.000        ; -3.638     ; 6.395      ;
; -9.032  ; 74193:inst1|26~1         ; 74193:inst4|26~_emulated ; UPclk        ; UPclk       ; 1.000        ; -3.636     ; 6.396      ;
; -9.025  ; 74193:inst1|23~_emulated ; 74193:inst1|25~_emulated ; rst          ; UPclk       ; 1.000        ; -4.289     ; 5.716      ;
; -9.013  ; 74193:inst4|23~_emulated ; 74193:inst1|23~_emulated ; UPclk        ; UPclk       ; 1.000        ; -6.632     ; 3.381      ;
; -9.012  ; 74193:inst4|23~_emulated ; 74193:inst4|26~_emulated ; UPclk        ; UPclk       ; 1.000        ; -6.630     ; 3.382      ;
; -9.008  ; 74193:inst1|23~_emulated ; 74193:inst4|23~_emulated ; UPclk        ; UPclk       ; 1.000        ; -4.282     ; 5.726      ;
; -9.005  ; 74193:inst4|23~_emulated ; 74193:inst1|24~_emulated ; rst          ; UPclk       ; 0.500        ; -6.111     ; 3.374      ;
; -8.996  ; 74193:inst4|26~_emulated ; 74193:inst1|26~_emulated ; rst          ; UPclk       ; 0.500        ; -4.389     ; 5.087      ;
; -8.987  ; 74193:inst4|26~_emulated ; 74193:inst1|25~_emulated ; rst          ; UPclk       ; 0.500        ; -4.380     ; 5.087      ;
; -8.935  ; 74193:inst4|24~_emulated ; 74193:inst1|23~_emulated ; rst          ; UPclk       ; 0.500        ; -4.147     ; 5.268      ;
+---------+--------------------------+--------------------------+--------------+-------------+--------------+------------+------------+


+------------------------------------------------------------------------------------------------------------------------------------+
; Slow 1200mV -40C Model Recovery: 'rst'                                                                                             ;
+--------+--------------------------+--------------------------+--------------+-------------+--------------+------------+------------+
; Slack  ; From Node                ; To Node                  ; Launch Clock ; Latch Clock ; Relationship ; Clock Skew ; Data Delay ;
+--------+--------------------------+--------------------------+--------------+-------------+--------------+------------+------------+
; -9.724 ; 74193:inst1|25~_emulated ; 74193:inst4|24~_emulated ; UPclk        ; rst         ; 0.500        ; -3.569     ; 6.635      ;
; -9.563 ; 74193:inst1|24~_emulated ; 74193:inst4|25~_emulated ; UPclk        ; rst         ; 0.500        ; -3.111     ; 6.932      ;
; -9.542 ; 74193:inst1|24~_emulated ; 74193:inst4|26~_emulated ; UPclk        ; rst         ; 0.500        ; -3.091     ; 6.931      ;
; -9.418 ; 74193:inst1|23~_emulated ; 74193:inst4|25~_emulated ; UPclk        ; rst         ; 0.500        ; -4.176     ; 5.722      ;
; -9.397 ; 74193:inst1|23~_emulated ; 74193:inst4|26~_emulated ; UPclk        ; rst         ; 0.500        ; -4.156     ; 5.721      ;
; -9.380 ; 74193:inst1|24~_emulated ; 74193:inst1|25~_emulated ; UPclk        ; rst         ; 0.500        ; -2.934     ; 6.926      ;
; -9.361 ; 74193:inst1|24~_emulated ; 74193:inst4|24~_emulated ; UPclk        ; rst         ; 1.000        ; -3.410     ; 6.931      ;
; -9.305 ; 74193:inst1|25~_emulated ; 74193:inst1|24~_emulated ; UPclk        ; rst         ; 0.500        ; -3.158     ; 6.627      ;
; -9.235 ; 74193:inst1|23~_emulated ; 74193:inst1|25~_emulated ; UPclk        ; rst         ; 0.500        ; -3.999     ; 5.716      ;
; -9.216 ; 74193:inst1|23~_emulated ; 74193:inst4|24~_emulated ; UPclk        ; rst         ; 1.000        ; -4.475     ; 5.721      ;
; -9.109 ; 74193:inst1|24~_emulated ; 74193:inst4|24~_emulated ; UPclk        ; rst         ; 0.500        ; -2.658     ; 6.931      ;
; -8.964 ; 74193:inst1|23~_emulated ; 74193:inst4|24~_emulated ; UPclk        ; rst         ; 0.500        ; -3.723     ; 5.721      ;
; -8.942 ; 74193:inst1|24~_emulated ; 74193:inst1|24~_emulated ; UPclk        ; rst         ; 1.000        ; -2.999     ; 6.923      ;
; -8.926 ; 74193:inst1|25~_emulated ; 74193:inst4|25~_emulated ; UPclk        ; rst         ; 1.000        ; -3.270     ; 6.636      ;
; -8.905 ; 74193:inst1|25~_emulated ; 74193:inst4|26~_emulated ; UPclk        ; rst         ; 1.000        ; -3.250     ; 6.635      ;
; -8.797 ; 74193:inst1|23~_emulated ; 74193:inst1|24~_emulated ; UPclk        ; rst         ; 1.000        ; -4.064     ; 5.713      ;
; -8.743 ; 74193:inst1|25~_emulated ; 74193:inst1|25~_emulated ; UPclk        ; rst         ; 1.000        ; -3.093     ; 6.630      ;
; -8.657 ; 74193:inst1|25~_emulated ; 74193:inst1|23~_emulated ; UPclk        ; rst         ; 0.500        ; -2.503     ; 6.634      ;
; -8.564 ; 74193:inst1|24~_emulated ; 74193:inst1|23~_emulated ; UPclk        ; rst         ; 0.500        ; -2.114     ; 6.930      ;
; -8.472 ; 74193:inst1|25~_emulated ; 74193:inst4|24~_emulated ; UPclk        ; rst         ; 1.000        ; -2.817     ; 6.635      ;
; -8.419 ; 74193:inst1|23~_emulated ; 74193:inst1|23~_emulated ; UPclk        ; rst         ; 0.500        ; -3.179     ; 5.720      ;
; -8.324 ; 74193:inst4|25~_emulated ; 74193:inst4|24~_emulated ; UPclk        ; rst         ; 0.500        ; -3.353     ; 5.451      ;
; -8.294 ; 74193:inst1|24~_emulated ; 74193:inst1|23~_emulated ; UPclk        ; rst         ; 1.000        ; -2.344     ; 6.930      ;
; -8.185 ; 74193:inst1|24~_emulated ; 74193:inst4|23~_emulated ; UPclk        ; rst         ; 0.500        ; -1.729     ; 6.936      ;
; -8.175 ; 74193:inst1|25~_emulated ; 74193:inst4|23~_emulated ; UPclk        ; rst         ; 0.500        ; -2.015     ; 6.640      ;
; -8.158 ; 74193:inst1|24~1         ; 74193:inst4|25~_emulated ; UPclk        ; rst         ; 0.500        ; -1.471     ; 7.167      ;
; -8.149 ; 74193:inst1|23~_emulated ; 74193:inst1|23~_emulated ; UPclk        ; rst         ; 1.000        ; -3.409     ; 5.720      ;
; -8.137 ; 74193:inst1|24~1         ; 74193:inst4|26~_emulated ; UPclk        ; rst         ; 0.500        ; -1.451     ; 7.166      ;
; -8.040 ; 74193:inst1|23~_emulated ; 74193:inst4|23~_emulated ; UPclk        ; rst         ; 0.500        ; -2.794     ; 5.726      ;
; -8.027 ; 74193:inst4|26~_emulated ; 74193:inst4|24~_emulated ; UPclk        ; rst         ; 0.500        ; -3.415     ; 5.092      ;
; -7.975 ; 74193:inst1|24~1         ; 74193:inst1|25~_emulated ; UPclk        ; rst         ; 0.500        ; -1.294     ; 7.161      ;
; -7.956 ; 74193:inst1|24~1         ; 74193:inst4|24~_emulated ; UPclk        ; rst         ; 1.000        ; -1.770     ; 7.166      ;
; -7.927 ; 74193:inst1|25~_emulated ; 74193:inst1|23~_emulated ; UPclk        ; rst         ; 1.000        ; -2.273     ; 6.634      ;
; -7.905 ; 74193:inst4|25~_emulated ; 74193:inst1|24~_emulated ; UPclk        ; rst         ; 0.500        ; -2.942     ; 5.443      ;
; -7.812 ; 74193:inst1|24~_emulated ; 74193:inst4|23~_emulated ; UPclk        ; rst         ; 1.000        ; -1.856     ; 6.936      ;
; -7.704 ; 74193:inst1|24~1         ; 74193:inst4|24~_emulated ; UPclk        ; rst         ; 0.500        ; -1.018     ; 7.166      ;
; -7.678 ; 74193:inst4|24~_emulated ; 74193:inst4|25~_emulated ; UPclk        ; rst         ; 0.500        ; -2.888     ; 5.270      ;
; -7.667 ; 74193:inst1|23~_emulated ; 74193:inst4|23~_emulated ; UPclk        ; rst         ; 1.000        ; -2.921     ; 5.726      ;
; -7.657 ; 74193:inst4|24~_emulated ; 74193:inst4|26~_emulated ; UPclk        ; rst         ; 0.500        ; -2.868     ; 5.269      ;
; -7.608 ; 74193:inst4|26~_emulated ; 74193:inst1|24~_emulated ; UPclk        ; rst         ; 0.500        ; -3.004     ; 5.084      ;
; -7.552 ; 74193:inst1|25~1         ; 74193:inst4|25~_emulated ; UPclk        ; rst         ; 0.500        ; -1.546     ; 6.486      ;
; -7.548 ; 74193:inst1|25~_emulated ; 74193:inst4|23~_emulated ; UPclk        ; rst         ; 1.000        ; -1.888     ; 6.640      ;
; -7.537 ; 74193:inst1|24~1         ; 74193:inst1|24~_emulated ; UPclk        ; rst         ; 1.000        ; -1.359     ; 7.158      ;
; -7.531 ; 74193:inst1|25~1         ; 74193:inst4|26~_emulated ; UPclk        ; rst         ; 0.500        ; -1.526     ; 6.485      ;
; -7.526 ; 74193:inst4|25~_emulated ; 74193:inst4|25~_emulated ; UPclk        ; rst         ; 1.000        ; -3.054     ; 5.452      ;
; -7.505 ; 74193:inst4|25~_emulated ; 74193:inst4|26~_emulated ; UPclk        ; rst         ; 1.000        ; -3.034     ; 5.451      ;
; -7.495 ; 74193:inst4|24~_emulated ; 74193:inst1|25~_emulated ; UPclk        ; rst         ; 0.500        ; -2.711     ; 5.264      ;
; -7.476 ; 74193:inst4|24~_emulated ; 74193:inst4|24~_emulated ; UPclk        ; rst         ; 1.000        ; -3.187     ; 5.269      ;
; -7.465 ; 74193:inst1|26~1         ; 74193:inst4|25~_emulated ; UPclk        ; rst         ; 0.500        ; -1.548     ; 6.397      ;
; -7.445 ; 74193:inst4|23~_emulated ; 74193:inst4|25~_emulated ; UPclk        ; rst         ; 0.500        ; -4.542     ; 3.383      ;
; -7.444 ; 74193:inst1|26~1         ; 74193:inst4|26~_emulated ; UPclk        ; rst         ; 0.500        ; -1.528     ; 6.396      ;
; -7.424 ; 74193:inst4|23~_emulated ; 74193:inst4|26~_emulated ; UPclk        ; rst         ; 0.500        ; -4.522     ; 3.382      ;
; -7.369 ; 74193:inst1|25~1         ; 74193:inst1|25~_emulated ; UPclk        ; rst         ; 0.500        ; -1.369     ; 6.480      ;
; -7.350 ; 74193:inst1|25~1         ; 74193:inst4|24~_emulated ; UPclk        ; rst         ; 1.000        ; -1.845     ; 6.485      ;
; -7.343 ; 74193:inst4|25~_emulated ; 74193:inst1|25~_emulated ; UPclk        ; rst         ; 1.000        ; -2.877     ; 5.446      ;
; -7.341 ; 74193:inst4|25~_emulated ; 74193:inst4|24~_emulated ; rst          ; rst         ; 0.500        ; -2.390     ; 5.451      ;
; -7.282 ; 74193:inst1|26~1         ; 74193:inst1|25~_emulated ; UPclk        ; rst         ; 0.500        ; -1.371     ; 6.391      ;
; -7.263 ; 74193:inst1|26~1         ; 74193:inst4|24~_emulated ; UPclk        ; rst         ; 1.000        ; -1.847     ; 6.396      ;
; -7.261 ; 74193:inst4|23~_emulated ; 74193:inst1|25~_emulated ; UPclk        ; rst         ; 0.500        ; -4.365     ; 3.376      ;
; -7.257 ; 74193:inst4|25~_emulated ; 74193:inst1|23~_emulated ; UPclk        ; rst         ; 0.500        ; -2.287     ; 5.450      ;
; -7.243 ; 74193:inst4|23~_emulated ; 74193:inst4|24~_emulated ; UPclk        ; rst         ; 1.000        ; -4.841     ; 3.382      ;
; -7.229 ; 74193:inst4|26~_emulated ; 74193:inst4|25~_emulated ; UPclk        ; rst         ; 1.000        ; -3.116     ; 5.093      ;
; -7.224 ; 74193:inst4|24~_emulated ; 74193:inst4|24~_emulated ; UPclk        ; rst         ; 0.500        ; -2.435     ; 5.269      ;
; -7.215 ; 74193:inst1|23~1         ; 74193:inst4|25~_emulated ; UPclk        ; rst         ; 0.500        ; -1.477     ; 6.218      ;
; -7.208 ; 74193:inst4|26~_emulated ; 74193:inst4|26~_emulated ; UPclk        ; rst         ; 1.000        ; -3.096     ; 5.092      ;
; -7.194 ; 74193:inst1|23~1         ; 74193:inst4|26~_emulated ; UPclk        ; rst         ; 0.500        ; -1.457     ; 6.217      ;
; -7.163 ; 74193:inst4|25~1         ; 74193:inst4|25~_emulated ; UPclk        ; rst         ; 0.500        ; -1.479     ; 6.164      ;
; -7.159 ; 74193:inst1|24~1         ; 74193:inst1|23~_emulated ; UPclk        ; rst         ; 0.500        ; -0.474     ; 7.165      ;
; -7.142 ; 74193:inst4|25~1         ; 74193:inst4|26~_emulated ; UPclk        ; rst         ; 0.500        ; -1.459     ; 6.163      ;
; -7.105 ; 74193:inst4|24~1         ; 74193:inst4|25~_emulated ; UPclk        ; rst         ; 0.500        ; -1.631     ; 5.954      ;
; -7.098 ; 74193:inst1|25~1         ; 74193:inst4|24~_emulated ; UPclk        ; rst         ; 0.500        ; -1.093     ; 6.485      ;
; -7.084 ; 74193:inst4|24~1         ; 74193:inst4|26~_emulated ; UPclk        ; rst         ; 0.500        ; -1.611     ; 5.953      ;
; -7.072 ; 74193:inst4|25~_emulated ; 74193:inst4|24~_emulated ; UPclk        ; rst         ; 1.000        ; -2.601     ; 5.451      ;
; -7.057 ; 74193:inst4|24~_emulated ; 74193:inst1|24~_emulated ; UPclk        ; rst         ; 1.000        ; -2.776     ; 5.261      ;
; -7.046 ; 74193:inst4|26~_emulated ; 74193:inst1|25~_emulated ; UPclk        ; rst         ; 1.000        ; -2.939     ; 5.087      ;
; -7.032 ; 74193:inst1|23~1         ; 74193:inst1|25~_emulated ; UPclk        ; rst         ; 0.500        ; -1.300     ; 6.212      ;
; -7.028 ; 74193:inst4|24~_emulated ; 74193:inst4|24~_emulated ; rst          ; rst         ; 0.500        ; -2.259     ; 5.269      ;
; -7.013 ; 74193:inst1|23~1         ; 74193:inst4|24~_emulated ; UPclk        ; rst         ; 1.000        ; -1.776     ; 6.217      ;
; -7.011 ; 74193:inst1|26~1         ; 74193:inst4|24~_emulated ; UPclk        ; rst         ; 0.500        ; -1.095     ; 6.396      ;
; -6.991 ; 74193:inst4|23~_emulated ; 74193:inst4|24~_emulated ; UPclk        ; rst         ; 0.500        ; -4.089     ; 3.382      ;
; -6.986 ; 74193:inst1|23~_emulated ; 74193:inst4|24~_emulated ; rst          ; rst         ; 0.500        ; -1.765     ; 5.721      ;
; -6.980 ; 74193:inst4|25~1         ; 74193:inst1|25~_emulated ; UPclk        ; rst         ; 0.500        ; -1.302     ; 6.158      ;
; -6.961 ; 74193:inst4|25~1         ; 74193:inst4|24~_emulated ; UPclk        ; rst         ; 1.000        ; -1.778     ; 6.163      ;
; -6.960 ; 74193:inst4|26~_emulated ; 74193:inst1|23~_emulated ; UPclk        ; rst         ; 0.500        ; -2.349     ; 5.091      ;
; -6.931 ; 74193:inst1|25~1         ; 74193:inst1|24~_emulated ; UPclk        ; rst         ; 1.000        ; -1.434     ; 6.477      ;
; -6.922 ; 74193:inst4|25~_emulated ; 74193:inst1|24~_emulated ; rst          ; rst         ; 0.500        ; -1.979     ; 5.443      ;
; -6.922 ; 74193:inst4|24~1         ; 74193:inst1|25~_emulated ; UPclk        ; rst         ; 0.500        ; -1.454     ; 5.948      ;
; -6.917 ; 74193:inst4|26~1         ; 74193:inst4|25~_emulated ; UPclk        ; rst         ; 0.500        ; -1.630     ; 5.767      ;
; -6.903 ; 74193:inst4|24~1         ; 74193:inst4|24~_emulated ; UPclk        ; rst         ; 1.000        ; -1.930     ; 5.953      ;
; -6.896 ; 74193:inst4|26~1         ; 74193:inst4|26~_emulated ; UPclk        ; rst         ; 0.500        ; -1.610     ; 5.766      ;
; -6.889 ; 74193:inst1|24~1         ; 74193:inst1|23~_emulated ; UPclk        ; rst         ; 1.000        ; -0.704     ; 7.165      ;
; -6.844 ; 74193:inst1|26~1         ; 74193:inst1|24~_emulated ; UPclk        ; rst         ; 1.000        ; -1.436     ; 6.388      ;
; -6.824 ; 74193:inst4|23~_emulated ; 74193:inst1|24~_emulated ; UPclk        ; rst         ; 1.000        ; -4.430     ; 3.374      ;
; -6.800 ; 74193:inst1|25~_emulated ; 74193:inst4|24~_emulated ; rst          ; rst         ; 0.500        ; -0.665     ; 6.635      ;
; -6.780 ; 74193:inst1|24~1         ; 74193:inst4|23~_emulated ; UPclk        ; rst         ; 0.500        ; -0.089     ; 7.171      ;
; -6.775 ; 74193:inst4|25~_emulated ; 74193:inst4|23~_emulated ; UPclk        ; rst         ; 0.500        ; -1.799     ; 5.456      ;
; -6.775 ; 74193:inst4|26~_emulated ; 74193:inst4|24~_emulated ; UPclk        ; rst         ; 1.000        ; -2.663     ; 5.092      ;
; -6.761 ; 74193:inst1|23~1         ; 74193:inst4|24~_emulated ; UPclk        ; rst         ; 0.500        ; -1.024     ; 6.217      ;
; -6.743 ; 74193:inst1|24~_emulated ; 74193:inst4|25~_emulated ; rst          ; rst         ; 0.500        ; -0.311     ; 6.932      ;
; -6.734 ; 74193:inst4|26~1         ; 74193:inst1|25~_emulated ; UPclk        ; rst         ; 0.500        ; -1.453     ; 5.761      ;
+--------+--------------------------+--------------------------+--------------+-------------+--------------+------------+------------+


+------------------------------------------------------------------------------------------------------------------------------------+
; Slow 1200mV -40C Model Removal: 'UPclk'                                                                                            ;
+--------+--------------------------+--------------------------+--------------+-------------+--------------+------------+------------+
; Slack  ; From Node                ; To Node                  ; Launch Clock ; Latch Clock ; Relationship ; Clock Skew ; Data Delay ;
+--------+--------------------------+--------------------------+--------------+-------------+--------------+------------+------------+
; -5.907 ; rst                      ; 74193:inst4|23~_emulated ; rst          ; UPclk       ; 0.000        ; 9.678      ; 3.979      ;
; -5.545 ; rst                      ; 74193:inst1|23~_emulated ; rst          ; UPclk       ; 0.000        ; 9.312      ; 3.975      ;
; -5.320 ; rst                      ; 74193:inst4|23~_emulated ; rst          ; UPclk       ; -0.500       ; 9.678      ; 4.066      ;
; -4.960 ; rst                      ; 74193:inst1|23~_emulated ; rst          ; UPclk       ; -0.500       ; 9.312      ; 4.060      ;
; -4.559 ; rst                      ; 74193:inst1|25~_emulated ; rst          ; UPclk       ; 0.000        ; 8.406      ; 4.055      ;
; -4.487 ; rst                      ; 74193:inst1|24~_emulated ; rst          ; UPclk       ; 0.000        ; 8.247      ; 3.968      ;
; -4.399 ; rst                      ; 74193:inst4|26~_emulated ; rst          ; UPclk       ; 0.000        ; 8.252      ; 4.061      ;
; -4.337 ; rst                      ; 74193:inst4|25~_emulated ; rst          ; UPclk       ; 0.000        ; 8.190      ; 4.061      ;
; -4.255 ; rst                      ; 74193:inst4|24~_emulated ; rst          ; UPclk       ; 0.000        ; 8.024      ; 3.977      ;
; -4.143 ; rst                      ; 74193:inst1|25~_emulated ; rst          ; UPclk       ; -0.500       ; 8.406      ; 3.971      ;
; -3.983 ; rst                      ; 74193:inst4|26~_emulated ; rst          ; UPclk       ; -0.500       ; 8.252      ; 3.977      ;
; -3.921 ; rst                      ; 74193:inst4|25~_emulated ; rst          ; UPclk       ; -0.500       ; 8.190      ; 3.977      ;
; -3.902 ; rst                      ; 74193:inst1|24~_emulated ; rst          ; UPclk       ; -0.500       ; 8.247      ; 4.053      ;
; -3.671 ; rst                      ; 74193:inst4|24~_emulated ; rst          ; UPclk       ; -0.500       ; 8.024      ; 4.061      ;
; -3.231 ; UPclk                    ; 74193:inst4|23~_emulated ; UPclk        ; UPclk       ; 0.000        ; 9.678      ; 6.615      ;
; -2.869 ; UPclk                    ; 74193:inst1|23~_emulated ; UPclk        ; UPclk       ; 0.000        ; 9.312      ; 6.611      ;
; -2.569 ; UPclk                    ; 74193:inst4|23~_emulated ; UPclk        ; UPclk       ; -0.500       ; 9.678      ; 6.797      ;
; -2.209 ; UPclk                    ; 74193:inst1|23~_emulated ; UPclk        ; UPclk       ; -0.500       ; 9.312      ; 6.791      ;
; -2.115 ; 74193:inst4|23~1         ; 74193:inst4|23~_emulated ; rst          ; UPclk       ; 0.000        ; 5.936      ; 4.029      ;
; -2.095 ; 74193:inst4|26~_emulated ; 74193:inst4|23~_emulated ; UPclk        ; UPclk       ; 0.000        ; 6.630      ; 4.703      ;
; -1.811 ; UPclk                    ; 74193:inst1|24~_emulated ; UPclk        ; UPclk       ; 0.000        ; 8.247      ; 6.604      ;
; -1.788 ; UPclk                    ; 74193:inst1|25~_emulated ; UPclk        ; UPclk       ; 0.000        ; 8.406      ; 6.786      ;
; -1.755 ; 74193:inst4|23~1         ; 74193:inst1|23~_emulated ; rst          ; UPclk       ; 0.000        ; 5.570      ; 4.023      ;
; -1.733 ; 74193:inst4|26~_emulated ; 74193:inst1|23~_emulated ; UPclk        ; UPclk       ; 0.000        ; 6.264      ; 4.699      ;
; -1.628 ; UPclk                    ; 74193:inst4|26~_emulated ; UPclk        ; UPclk       ; 0.000        ; 8.252      ; 6.792      ;
; -1.623 ; 74193:inst4|23~_emulated ; 74193:inst4|23~_emulated ; UPclk        ; UPclk       ; 0.000        ; 4.648      ; 3.193      ;
; -1.579 ; UPclk                    ; 74193:inst4|24~_emulated ; UPclk        ; UPclk       ; 0.000        ; 8.024      ; 6.613      ;
; -1.566 ; UPclk                    ; 74193:inst4|25~_emulated ; UPclk        ; UPclk       ; 0.000        ; 8.190      ; 6.792      ;
; -1.525 ; 74193:inst1|23~_emulated ; 74193:inst4|23~_emulated ; UPclk        ; UPclk       ; 0.000        ; 6.632      ; 5.275      ;
; -1.487 ; UPclk                    ; 74193:inst1|25~_emulated ; UPclk        ; UPclk       ; -0.500       ; 8.406      ; 6.607      ;
; -1.409 ; 74193:inst4|24~_emulated ; 74193:inst4|23~_emulated ; UPclk        ; UPclk       ; 0.000        ; 6.157      ; 4.916      ;
; -1.391 ; 74193:inst1|25~_emulated ; 74193:inst4|23~_emulated ; UPclk        ; UPclk       ; 0.000        ; 7.395      ; 6.172      ;
; -1.327 ; UPclk                    ; 74193:inst4|26~_emulated ; UPclk        ; UPclk       ; -0.500       ; 8.252      ; 6.613      ;
; -1.275 ; 74193:inst1|26~_emulated ; 74193:inst4|23~_emulated ; UPclk        ; UPclk       ; 0.000        ; 7.404      ; 6.297      ;
; -1.265 ; UPclk                    ; 74193:inst4|25~_emulated ; UPclk        ; UPclk       ; -0.500       ; 8.190      ; 6.613      ;
; -1.263 ; 74193:inst4|23~_emulated ; 74193:inst1|23~_emulated ; UPclk        ; UPclk       ; 0.000        ; 4.282      ; 3.187      ;
; -1.163 ; 74193:inst1|23~_emulated ; 74193:inst1|23~_emulated ; UPclk        ; UPclk       ; 0.000        ; 6.266      ; 5.271      ;
; -1.158 ; 74193:inst4|25~_emulated ; 74193:inst4|23~_emulated ; UPclk        ; UPclk       ; 0.000        ; 6.030      ; 5.040      ;
; -1.151 ; UPclk                    ; 74193:inst1|24~_emulated ; UPclk        ; UPclk       ; -0.500       ; 8.247      ; 6.784      ;
; -1.047 ; 74193:inst4|24~_emulated ; 74193:inst1|23~_emulated ; UPclk        ; UPclk       ; 0.000        ; 5.791      ; 4.912      ;
; -1.029 ; 74193:inst1|25~_emulated ; 74193:inst1|23~_emulated ; UPclk        ; UPclk       ; 0.000        ; 7.029      ; 6.168      ;
; -0.920 ; UPclk                    ; 74193:inst4|24~_emulated ; UPclk        ; UPclk       ; -0.500       ; 8.024      ; 6.792      ;
; -0.913 ; 74193:inst1|26~_emulated ; 74193:inst1|23~_emulated ; UPclk        ; UPclk       ; 0.000        ; 7.038      ; 6.293      ;
; -0.888 ; 74193:inst1|24~_emulated ; 74193:inst4|23~_emulated ; UPclk        ; UPclk       ; 0.000        ; 7.062      ; 6.342      ;
; -0.796 ; 74193:inst4|25~_emulated ; 74193:inst1|23~_emulated ; UPclk        ; UPclk       ; 0.000        ; 5.664      ; 5.036      ;
; -0.751 ; 74193:inst4|26~1         ; 74193:inst4|23~_emulated ; rst          ; UPclk       ; 0.000        ; 5.793      ; 5.250      ;
; -0.712 ; 74193:inst4|26~_emulated ; 74193:inst1|24~_emulated ; UPclk        ; UPclk       ; 0.000        ; 5.236      ; 4.692      ;
; -0.697 ; 74193:inst4|23~1         ; 74193:inst1|24~_emulated ; rst          ; UPclk       ; 0.000        ; 4.505      ; 4.016      ;
; -0.526 ; 74193:inst1|24~_emulated ; 74193:inst1|23~_emulated ; UPclk        ; UPclk       ; 0.000        ; 6.696      ; 6.338      ;
; -0.515 ; 74193:inst4|25~1         ; 74193:inst4|23~_emulated ; rst          ; UPclk       ; 0.000        ; 5.939      ; 5.632      ;
; -0.473 ; 74193:inst4|24~1         ; 74193:inst4|23~_emulated ; rst          ; UPclk       ; 0.000        ; 5.792      ; 5.527      ;
; -0.466 ; 74193:inst4|23~1         ; 74193:inst4|24~_emulated ; rst          ; UPclk       ; 0.000        ; 4.282      ; 4.024      ;
; -0.458 ; 74193:inst1|23~1         ; 74193:inst4|23~_emulated ; rst          ; UPclk       ; 0.000        ; 5.941      ; 5.691      ;
; -0.443 ; 74193:inst4|26~_emulated ; 74193:inst4|24~_emulated ; UPclk        ; UPclk       ; 0.000        ; 4.976      ; 4.701      ;
; -0.389 ; 74193:inst4|26~1         ; 74193:inst1|23~_emulated ; rst          ; UPclk       ; 0.000        ; 5.427      ; 5.246      ;
; -0.354 ; 74193:inst4|23~1         ; 74193:inst1|25~_emulated ; rst          ; UPclk       ; -0.500       ; 4.664      ; 4.018      ;
; -0.352 ; 74193:inst4|26~_emulated ; 74193:inst1|25~_emulated ; UPclk        ; UPclk       ; -0.500       ; 5.359      ; 4.695      ;
; -0.302 ; 74193:inst4|23~_emulated ; 74193:inst4|23~_emulated ; rst          ; UPclk       ; 0.000        ; 3.287      ; 3.193      ;
; -0.242 ; 74193:inst4|23~_emulated ; 74193:inst1|24~_emulated ; UPclk        ; UPclk       ; 0.000        ; 3.254      ; 3.180      ;
; -0.194 ; 74193:inst4|23~1         ; 74193:inst4|26~_emulated ; rst          ; UPclk       ; -0.500       ; 4.510      ; 4.024      ;
; -0.192 ; 74193:inst4|26~_emulated ; 74193:inst4|26~_emulated ; UPclk        ; UPclk       ; -0.500       ; 5.205      ; 4.701      ;
; -0.153 ; 74193:inst4|25~1         ; 74193:inst1|23~_emulated ; rst          ; UPclk       ; 0.000        ; 5.573      ; 5.628      ;
; -0.142 ; 74193:inst1|23~_emulated ; 74193:inst1|24~_emulated ; UPclk        ; UPclk       ; 0.000        ; 5.238      ; 5.264      ;
; -0.133 ; 74193:inst4|24~_emulated ; 74193:inst4|23~_emulated ; rst          ; UPclk       ; 0.000        ; 4.841      ; 4.916      ;
; -0.132 ; 74193:inst4|23~1         ; 74193:inst4|25~_emulated ; rst          ; UPclk       ; -0.500       ; 4.448      ; 4.024      ;
; -0.130 ; 74193:inst4|26~_emulated ; 74193:inst4|25~_emulated ; UPclk        ; UPclk       ; -0.500       ; 5.143      ; 4.701      ;
; -0.128 ; 74193:inst1|26~1         ; 74193:inst4|23~_emulated ; rst          ; UPclk       ; 0.000        ; 5.871      ; 5.951      ;
; -0.111 ; 74193:inst4|24~1         ; 74193:inst1|23~_emulated ; rst          ; UPclk       ; 0.000        ; 5.426      ; 5.523      ;
; -0.096 ; 74193:inst1|23~1         ; 74193:inst1|23~_emulated ; rst          ; UPclk       ; 0.000        ; 5.575      ; 5.687      ;
; -0.026 ; 74193:inst4|24~_emulated ; 74193:inst1|24~_emulated ; UPclk        ; UPclk       ; 0.000        ; 4.763      ; 4.905      ;
; -0.022 ; 74193:inst1|25~1         ; 74193:inst4|23~_emulated ; rst          ; UPclk       ; 0.000        ; 5.873      ; 6.059      ;
; 0.016  ; rst                      ; 74193:inst4|25~_emulated ; rst          ; UPclk       ; 0.000        ; 3.753      ; 3.977      ;
; 0.026  ; 74193:inst4|23~_emulated ; 74193:inst4|24~_emulated ; UPclk        ; UPclk       ; 0.000        ; 2.994      ; 3.188      ;
; 0.029  ; 74193:inst1|25~_emulated ; 74193:inst1|24~_emulated ; UPclk        ; UPclk       ; 0.000        ; 5.964      ; 6.161      ;
; 0.058  ; 74193:inst4|23~_emulated ; 74193:inst1|23~_emulated ; rst          ; UPclk       ; 0.000        ; 2.921      ; 3.187      ;
; 0.117  ; 74193:inst4|23~_emulated ; 74193:inst1|25~_emulated ; UPclk        ; UPclk       ; -0.500       ; 3.377      ; 3.182      ;
; 0.127  ; 74193:inst1|23~_emulated ; 74193:inst4|24~_emulated ; UPclk        ; UPclk       ; 0.000        ; 4.978      ; 5.273      ;
; 0.145  ; 74193:inst1|26~_emulated ; 74193:inst1|24~_emulated ; UPclk        ; UPclk       ; 0.000        ; 5.973      ; 6.286      ;
; 0.218  ; 74193:inst1|23~_emulated ; 74193:inst1|25~_emulated ; UPclk        ; UPclk       ; -0.500       ; 5.361      ; 5.267      ;
; 0.225  ; 74193:inst4|25~_emulated ; 74193:inst1|24~_emulated ; UPclk        ; UPclk       ; 0.000        ; 4.636      ; 5.029      ;
; 0.229  ; 74193:inst4|24~_emulated ; 74193:inst1|23~_emulated ; rst          ; UPclk       ; 0.000        ; 4.475      ; 4.912      ;
; 0.234  ; 74193:inst1|26~1         ; 74193:inst1|23~_emulated ; rst          ; UPclk       ; 0.000        ; 5.505      ; 5.947      ;
; 0.243  ; 74193:inst4|24~_emulated ; 74193:inst4|24~_emulated ; UPclk        ; UPclk       ; 0.000        ; 4.503      ; 4.914      ;
; 0.261  ; 74193:inst1|25~_emulated ; 74193:inst4|24~_emulated ; UPclk        ; UPclk       ; 0.000        ; 5.741      ; 6.170      ;
; 0.277  ; 74193:inst4|23~_emulated ; 74193:inst4|26~_emulated ; UPclk        ; UPclk       ; -0.500       ; 3.223      ; 3.188      ;
; 0.325  ; 74193:inst4|23~_emulated ; 74193:inst4|23~_emulated ; rst          ; UPclk       ; -0.500       ; 3.160      ; 3.193      ;
; 0.334  ; 74193:inst4|24~_emulated ; 74193:inst1|25~_emulated ; UPclk        ; UPclk       ; -0.500       ; 4.886      ; 4.908      ;
; 0.339  ; 74193:inst4|23~_emulated ; 74193:inst4|25~_emulated ; UPclk        ; UPclk       ; -0.500       ; 3.161      ; 3.188      ;
; 0.340  ; 74193:inst1|25~1         ; 74193:inst1|23~_emulated ; rst          ; UPclk       ; 0.000        ; 5.507      ; 6.055      ;
; 0.353  ; 74193:inst1|25~_emulated ; 74193:inst1|25~_emulated ; UPclk        ; UPclk       ; -0.500       ; 6.123      ; 6.164      ;
; 0.377  ; 74193:inst1|26~_emulated ; 74193:inst4|24~_emulated ; UPclk        ; UPclk       ; 0.000        ; 5.750      ; 6.295      ;
; 0.378  ; 74193:inst1|23~_emulated ; 74193:inst4|26~_emulated ; UPclk        ; UPclk       ; -0.500       ; 5.207      ; 5.273      ;
; 0.404  ; 74193:inst1|24~1         ; 74193:inst4|23~_emulated ; rst          ; UPclk       ; 0.000        ; 5.947      ; 6.559      ;
; 0.440  ; 74193:inst1|23~_emulated ; 74193:inst4|25~_emulated ; UPclk        ; UPclk       ; -0.500       ; 5.145      ; 5.273      ;
; 0.469  ; 74193:inst1|26~_emulated ; 74193:inst1|25~_emulated ; UPclk        ; UPclk       ; -0.500       ; 6.132      ; 6.289      ;
; 0.473  ; 74193:inst4|26~_emulated ; 74193:inst4|23~_emulated ; rst          ; UPclk       ; -0.500       ; 4.522      ; 4.703      ;
; 0.494  ; 74193:inst4|25~_emulated ; 74193:inst4|24~_emulated ; UPclk        ; UPclk       ; 0.000        ; 4.376      ; 5.038      ;
; 0.494  ; 74193:inst4|24~_emulated ; 74193:inst4|26~_emulated ; UPclk        ; UPclk       ; -0.500       ; 4.732      ; 4.914      ;
; 0.513  ; 74193:inst1|25~_emulated ; 74193:inst4|26~_emulated ; UPclk        ; UPclk       ; -0.500       ; 5.969      ; 6.170      ;
; 0.532  ; 74193:inst1|24~_emulated ; 74193:inst1|24~_emulated ; UPclk        ; UPclk       ; 0.000        ; 5.631      ; 6.331      ;
+--------+--------------------------+--------------------------+--------------+-------------+--------------+------------+------------+


+------------------------------------------------------------------------------------------------------------------------------------+
; Slow 1200mV -40C Model Removal: 'rst'                                                                                              ;
+--------+--------------------------+--------------------------+--------------+-------------+--------------+------------+------------+
; Slack  ; From Node                ; To Node                  ; Launch Clock ; Latch Clock ; Relationship ; Clock Skew ; Data Delay ;
+--------+--------------------------+--------------------------+--------------+-------------+--------------+------------+------------+
; -4.829 ; rst                      ; 74193:inst4|23~_emulated ; rst          ; rst         ; 0.000        ; 8.727      ; 4.066      ;
; -4.436 ; rst                      ; 74193:inst4|23~_emulated ; rst          ; rst         ; -0.500       ; 8.727      ; 3.979      ;
; -3.394 ; rst                      ; 74193:inst4|25~_emulated ; rst          ; rst         ; 0.000        ; 7.287      ; 4.061      ;
; -3.263 ; rst                      ; 74193:inst4|24~_emulated ; rst          ; rst         ; 0.000        ; 7.156      ; 4.061      ;
; -3.127 ; rst                      ; 74193:inst4|23~_emulated ; rst          ; rst         ; 0.000        ; 6.938      ; 3.979      ;
; -2.998 ; rst                      ; 74193:inst4|25~_emulated ; rst          ; rst         ; -0.500       ; 7.287      ; 3.977      ;
; -2.867 ; rst                      ; 74193:inst4|24~_emulated ; rst          ; rst         ; -0.500       ; 7.156      ; 3.977      ;
; -2.770 ; rst                      ; 74193:inst4|26~_emulated ; rst          ; rst         ; 0.000        ; 6.663      ; 4.061      ;
; -2.770 ; rst                      ; 74193:inst1|23~_emulated ; rst          ; rst         ; 0.000        ; 6.662      ; 4.060      ;
; -2.765 ; rst                      ; 74193:inst1|23~_emulated ; rst          ; rst         ; 0.000        ; 6.572      ; 3.975      ;
; -2.560 ; rst                      ; 74193:inst4|23~_emulated ; rst          ; rst         ; -0.500       ; 6.938      ; 4.066      ;
; -2.375 ; rst                      ; 74193:inst1|23~_emulated ; rst          ; rst         ; -0.500       ; 6.662      ; 3.975      ;
; -2.374 ; rst                      ; 74193:inst4|26~_emulated ; rst          ; rst         ; -0.500       ; 6.663      ; 3.977      ;
; -2.200 ; rst                      ; 74193:inst1|23~_emulated ; rst          ; rst         ; -0.500       ; 6.572      ; 4.060      ;
; -2.138 ; UPclk                    ; 74193:inst4|23~_emulated ; UPclk        ; rst         ; 0.000        ; 8.727      ; 6.797      ;
; -1.820 ; UPclk                    ; 74193:inst4|23~_emulated ; UPclk        ; rst         ; -0.500       ; 8.727      ; 6.615      ;
; -1.707 ; rst                      ; 74193:inst1|24~_emulated ; rst          ; rst         ; 0.000        ; 5.507      ; 3.968      ;
; -1.675 ; rst                      ; 74193:inst1|25~_emulated ; rst          ; rst         ; 0.000        ; 5.562      ; 4.055      ;
; -1.475 ; rst                      ; 74193:inst4|24~_emulated ; rst          ; rst         ; 0.000        ; 5.284      ; 3.977      ;
; -1.279 ; rst                      ; 74193:inst1|25~_emulated ; rst          ; rst         ; -0.500       ; 5.562      ; 3.971      ;
; -1.142 ; rst                      ; 74193:inst1|24~_emulated ; rst          ; rst         ; -0.500       ; 5.507      ; 4.053      ;
; -0.911 ; rst                      ; 74193:inst4|24~_emulated ; rst          ; rst         ; -0.500       ; 5.284      ; 4.061      ;
; -0.721 ; 74193:inst4|26~_emulated ; 74193:inst4|23~_emulated ; UPclk        ; rst         ; -0.500       ; 5.716      ; 4.703      ;
; -0.703 ; UPclk                    ; 74193:inst4|25~_emulated ; UPclk        ; rst         ; 0.000        ; 7.287      ; 6.792      ;
; -0.584 ; 74193:inst4|23~1         ; 74193:inst4|23~_emulated ; rst          ; rst         ; -0.500       ; 4.925      ; 4.029      ;
; -0.572 ; UPclk                    ; 74193:inst4|24~_emulated ; UPclk        ; rst         ; 0.000        ; 7.156      ; 6.792      ;
; -0.531 ; UPclk                    ; 74193:inst4|23~_emulated ; UPclk        ; rst         ; 0.000        ; 6.938      ; 6.615      ;
; -0.382 ; UPclk                    ; 74193:inst4|25~_emulated ; UPclk        ; rst         ; -0.500       ; 7.287      ; 6.613      ;
; -0.251 ; UPclk                    ; 74193:inst4|24~_emulated ; UPclk        ; rst         ; -0.500       ; 7.156      ; 6.613      ;
; -0.249 ; 74193:inst4|23~_emulated ; 74193:inst4|23~_emulated ; UPclk        ; rst         ; -0.500       ; 3.734      ; 3.193      ;
; -0.169 ; UPclk                    ; 74193:inst1|23~_emulated ; UPclk        ; rst         ; 0.000        ; 6.572      ; 6.611      ;
; -0.151 ; 74193:inst1|23~_emulated ; 74193:inst4|23~_emulated ; UPclk        ; rst         ; -0.500       ; 5.718      ; 5.275      ;
; -0.079 ; UPclk                    ; 74193:inst1|23~_emulated ; UPclk        ; rst         ; 0.000        ; 6.662      ; 6.791      ;
; -0.079 ; UPclk                    ; 74193:inst4|26~_emulated ; UPclk        ; rst         ; 0.000        ; 6.663      ; 6.792      ;
; -0.035 ; 74193:inst4|24~_emulated ; 74193:inst4|23~_emulated ; UPclk        ; rst         ; -0.500       ; 5.243      ; 4.916      ;
; 0.020  ; 74193:inst1|25~_emulated ; 74193:inst4|23~_emulated ; UPclk        ; rst         ; -0.500       ; 6.444      ; 6.172      ;
; 0.136  ; 74193:inst1|26~_emulated ; 74193:inst4|23~_emulated ; UPclk        ; rst         ; -0.500       ; 6.453      ; 6.297      ;
; 0.151  ; UPclk                    ; 74193:inst4|23~_emulated ; UPclk        ; rst         ; -0.500       ; 6.938      ; 6.797      ;
; 0.216  ; 74193:inst4|25~_emulated ; 74193:inst4|23~_emulated ; UPclk        ; rst         ; -0.500       ; 5.116      ; 5.040      ;
; 0.241  ; UPclk                    ; 74193:inst1|23~_emulated ; UPclk        ; rst         ; -0.500       ; 6.662      ; 6.611      ;
; 0.242  ; UPclk                    ; 74193:inst4|26~_emulated ; UPclk        ; rst         ; -0.500       ; 6.663      ; 6.613      ;
; 0.511  ; UPclk                    ; 74193:inst1|23~_emulated ; UPclk        ; rst         ; -0.500       ; 6.572      ; 6.791      ;
; 0.523  ; 74193:inst1|24~_emulated ; 74193:inst4|23~_emulated ; UPclk        ; rst         ; -0.500       ; 6.111      ; 6.342      ;
; 0.568  ; 74193:inst4|26~_emulated ; 74193:inst4|23~_emulated ; UPclk        ; rst         ; 0.000        ; 3.927      ; 4.703      ;
; 0.717  ; 74193:inst4|26~_emulated ; 74193:inst4|25~_emulated ; UPclk        ; rst         ; -0.500       ; 4.276      ; 4.701      ;
; 0.725  ; 74193:inst4|23~1         ; 74193:inst4|23~_emulated ; rst          ; rst         ; 0.000        ; 3.136      ; 4.029      ;
; 0.780  ; 74193:inst4|26~1         ; 74193:inst4|23~_emulated ; rst          ; rst         ; -0.500       ; 4.782      ; 5.250      ;
; 0.848  ; 74193:inst4|26~_emulated ; 74193:inst4|24~_emulated ; UPclk        ; rst         ; -0.500       ; 4.145      ; 4.701      ;
; 0.851  ; 74193:inst4|23~1         ; 74193:inst4|25~_emulated ; rst          ; rst         ; -0.500       ; 3.485      ; 4.024      ;
; 0.879  ; 74193:inst4|23~_emulated ; 74193:inst4|23~_emulated ; rst          ; rst         ; 0.000        ; 2.146      ; 3.193      ;
; 0.889  ; UPclk                    ; 74193:inst1|24~_emulated ; UPclk        ; rst         ; 0.000        ; 5.507      ; 6.604      ;
; 0.930  ; 74193:inst4|26~_emulated ; 74193:inst1|23~_emulated ; UPclk        ; rst         ; 0.000        ; 3.561      ; 4.699      ;
; 0.982  ; 74193:inst4|23~1         ; 74193:inst4|24~_emulated ; rst          ; rst         ; -0.500       ; 3.354      ; 4.024      ;
; 1.016  ; UPclk                    ; 74193:inst1|25~_emulated ; UPclk        ; rst         ; 0.000        ; 5.562      ; 6.786      ;
; 1.016  ; 74193:inst4|25~1         ; 74193:inst4|23~_emulated ; rst          ; rst         ; -0.500       ; 4.928      ; 5.632      ;
; 1.027  ; 74193:inst4|26~_emulated ; 74193:inst4|23~_emulated ; rst          ; rst         ; 0.000        ; 3.508      ; 4.703      ;
; 1.040  ; 74193:inst4|23~_emulated ; 74193:inst4|23~_emulated ; UPclk        ; rst         ; 0.000        ; 1.945      ; 3.193      ;
; 1.058  ; 74193:inst4|24~1         ; 74193:inst4|23~_emulated ; rst          ; rst         ; -0.500       ; 4.781      ; 5.527      ;
; 1.073  ; 74193:inst1|23~1         ; 74193:inst4|23~_emulated ; rst          ; rst         ; -0.500       ; 4.930      ; 5.691      ;
; 1.085  ; 74193:inst4|23~1         ; 74193:inst1|23~_emulated ; rst          ; rst         ; 0.000        ; 2.770      ; 4.023      ;
; 1.121  ; UPclk                    ; 74193:inst4|24~_emulated ; UPclk        ; rst         ; 0.000        ; 5.284      ; 6.613      ;
; 1.138  ; 74193:inst1|23~_emulated ; 74193:inst4|23~_emulated ; UPclk        ; rst         ; 0.000        ; 3.929      ; 5.275      ;
; 1.186  ; 74193:inst4|23~_emulated ; 74193:inst4|25~_emulated ; UPclk        ; rst         ; -0.500       ; 2.294      ; 3.188      ;
; 1.229  ; 74193:inst4|23~_emulated ; 74193:inst4|23~_emulated ; rst          ; rst         ; -0.500       ; 2.276      ; 3.193      ;
; 1.254  ; 74193:inst4|24~_emulated ; 74193:inst4|23~_emulated ; UPclk        ; rst         ; 0.000        ; 3.454      ; 4.916      ;
; 1.287  ; 74193:inst1|23~_emulated ; 74193:inst4|25~_emulated ; UPclk        ; rst         ; -0.500       ; 4.278      ; 5.273      ;
; 1.309  ; 74193:inst1|25~_emulated ; 74193:inst4|23~_emulated ; UPclk        ; rst         ; 0.000        ; 4.655      ; 6.172      ;
; 1.317  ; 74193:inst4|23~_emulated ; 74193:inst4|24~_emulated ; UPclk        ; rst         ; -0.500       ; 2.163      ; 3.188      ;
; 1.337  ; UPclk                    ; 74193:inst1|25~_emulated ; UPclk        ; rst         ; -0.500       ; 5.562      ; 6.607      ;
; 1.340  ; 74193:inst4|26~_emulated ; 74193:inst1|23~_emulated ; UPclk        ; rst         ; -0.500       ; 3.651      ; 4.699      ;
; 1.341  ; 74193:inst4|26~_emulated ; 74193:inst4|26~_emulated ; UPclk        ; rst         ; -0.500       ; 3.652      ; 4.701      ;
; 1.344  ; 74193:inst4|25~_emulated ; 74193:inst4|23~_emulated ; rst          ; rst         ; 0.000        ; 3.528      ; 5.040      ;
; 1.398  ; 74193:inst4|24~_emulated ; 74193:inst4|23~_emulated ; rst          ; rst         ; -0.500       ; 3.830      ; 4.916      ;
; 1.400  ; 74193:inst4|23~_emulated ; 74193:inst1|23~_emulated ; UPclk        ; rst         ; 0.000        ; 1.579      ; 3.187      ;
; 1.403  ; 74193:inst4|24~_emulated ; 74193:inst4|25~_emulated ; UPclk        ; rst         ; -0.500       ; 3.803      ; 4.914      ;
; 1.403  ; 74193:inst1|26~1         ; 74193:inst4|23~_emulated ; rst          ; rst         ; -0.500       ; 4.860      ; 5.951      ;
; 1.418  ; 74193:inst1|23~_emulated ; 74193:inst4|24~_emulated ; UPclk        ; rst         ; -0.500       ; 4.147      ; 5.273      ;
; 1.425  ; 74193:inst1|26~_emulated ; 74193:inst4|23~_emulated ; UPclk        ; rst         ; 0.000        ; 4.664      ; 6.297      ;
; 1.458  ; 74193:inst1|25~_emulated ; 74193:inst4|25~_emulated ; UPclk        ; rst         ; -0.500       ; 5.004      ; 6.170      ;
; 1.475  ; 74193:inst4|23~1         ; 74193:inst4|26~_emulated ; rst          ; rst         ; -0.500       ; 2.861      ; 4.024      ;
; 1.475  ; 74193:inst4|23~1         ; 74193:inst1|23~_emulated ; rst          ; rst         ; -0.500       ; 2.860      ; 4.023      ;
; 1.500  ; 74193:inst1|23~_emulated ; 74193:inst1|23~_emulated ; UPclk        ; rst         ; 0.000        ; 3.563      ; 5.271      ;
; 1.505  ; 74193:inst4|25~_emulated ; 74193:inst4|23~_emulated ; UPclk        ; rst         ; 0.000        ; 3.327      ; 5.040      ;
; 1.509  ; 74193:inst1|25~1         ; 74193:inst4|23~_emulated ; rst          ; rst         ; -0.500       ; 4.862      ; 6.059      ;
; 1.534  ; 74193:inst4|24~_emulated ; 74193:inst4|24~_emulated ; UPclk        ; rst         ; -0.500       ; 3.672      ; 4.914      ;
; 1.569  ; UPclk                    ; 74193:inst1|24~_emulated ; UPclk        ; rst         ; -0.500       ; 5.507      ; 6.784      ;
; 1.574  ; 74193:inst1|26~_emulated ; 74193:inst4|25~_emulated ; UPclk        ; rst         ; -0.500       ; 5.013      ; 6.295      ;
; 1.589  ; 74193:inst1|25~_emulated ; 74193:inst4|24~_emulated ; UPclk        ; rst         ; -0.500       ; 4.873      ; 6.170      ;
; 1.616  ; 74193:inst4|24~_emulated ; 74193:inst1|23~_emulated ; UPclk        ; rst         ; 0.000        ; 3.088      ; 4.912      ;
; 1.654  ; 74193:inst4|25~_emulated ; 74193:inst4|25~_emulated ; UPclk        ; rst         ; -0.500       ; 3.676      ; 5.038      ;
; 1.671  ; 74193:inst1|25~_emulated ; 74193:inst1|23~_emulated ; UPclk        ; rst         ; 0.000        ; 4.289      ; 6.168      ;
; 1.673  ; 74193:inst4|24~_emulated ; 74193:inst4|23~_emulated ; rst          ; rst         ; 0.000        ; 3.075      ; 4.916      ;
; 1.705  ; 74193:inst1|26~_emulated ; 74193:inst4|24~_emulated ; UPclk        ; rst         ; -0.500       ; 4.882      ; 6.295      ;
; 1.785  ; 74193:inst4|25~_emulated ; 74193:inst4|24~_emulated ; UPclk        ; rst         ; -0.500       ; 3.545      ; 5.038      ;
; 1.787  ; 74193:inst1|26~_emulated ; 74193:inst1|23~_emulated ; UPclk        ; rst         ; 0.000        ; 4.298      ; 6.293      ;
; 1.800  ; UPclk                    ; 74193:inst4|24~_emulated ; UPclk        ; rst         ; -0.500       ; 5.284      ; 6.792      ;
; 1.810  ; 74193:inst4|23~_emulated ; 74193:inst1|23~_emulated ; UPclk        ; rst         ; -0.500       ; 1.669      ; 3.187      ;
; 1.810  ; 74193:inst4|23~_emulated ; 74193:inst4|26~_emulated ; UPclk        ; rst         ; -0.500       ; 1.670      ; 3.188      ;
; 1.812  ; 74193:inst1|24~_emulated ; 74193:inst4|23~_emulated ; UPclk        ; rst         ; 0.000        ; 4.322      ; 6.342      ;
; 1.867  ; 74193:inst4|25~_emulated ; 74193:inst1|23~_emulated ; UPclk        ; rst         ; 0.000        ; 2.961      ; 5.036      ;
+--------+--------------------------+--------------------------+--------------+-------------+--------------+------------+------------+


------------------------------------------------
; Slow 1200mV -40C Model Metastability Summary ;
------------------------------------------------
No synchronizer chains to report.


+--------------------------------------+
; Fast 1200mV -40C Model Setup Summary ;
+-------+--------+---------------------+
; Clock ; Slack  ; End Point TNS       ;
+-------+--------+---------------------+
; UPclk ; -9.055 ; -69.057             ;
; rst   ; -7.483 ; -51.210             ;
+-------+--------+---------------------+


+-------------------------------------+
; Fast 1200mV -40C Model Hold Summary ;
+-------+--------+--------------------+
; Clock ; Slack  ; End Point TNS      ;
+-------+--------+--------------------+
; UPclk ; -2.351 ; -14.405            ;
; rst   ; -1.828 ; -8.420             ;
+-------+--------+--------------------+


+-----------------------------------------+
; Fast 1200mV -40C Model Recovery Summary ;
+-------+--------+------------------------+
; Clock ; Slack  ; End Point TNS          ;
+-------+--------+------------------------+
; UPclk ; -6.597 ; -48.830                ;
; rst   ; -5.154 ; -33.015                ;
+-------+--------+------------------------+


+----------------------------------------+
; Fast 1200mV -40C Model Removal Summary ;
+-------+--------+-----------------------+
; Clock ; Slack  ; End Point TNS         ;
+-------+--------+-----------------------+
; UPclk ; -3.160 ; -17.220               ;
; rst   ; -2.439 ; -10.362               ;
+-------+--------+-----------------------+


+----------------------------------------------------+
; Fast 1200mV -40C Model Minimum Pulse Width Summary ;
+-------+--------+-----------------------------------+
; Clock ; Slack  ; End Point TNS                     ;
+-------+--------+-----------------------------------+
; UPclk ; -3.321 ; -72.858                           ;
; rst   ; -3.000 ; -22.980                           ;
+-------+--------+-----------------------------------+


+------------------------------------------------------------------------------------------------------------------------------------+
; Fast 1200mV -40C Model Setup: 'UPclk'                                                                                              ;
+--------+--------------------------+--------------------------+--------------+-------------+--------------+------------+------------+
; Slack  ; From Node                ; To Node                  ; Launch Clock ; Latch Clock ; Relationship ; Clock Skew ; Data Delay ;
+--------+--------------------------+--------------------------+--------------+-------------+--------------+------------+------------+
; -9.055 ; 74193:inst1|25~_emulated ; 74193:inst1|23~_emulated ; UPclk        ; UPclk       ; 0.500        ; -3.105     ; 6.438      ;
; -9.000 ; 74193:inst1|25~_emulated ; 74193:inst1|24~_emulated ; UPclk        ; UPclk       ; 0.500        ; -3.330     ; 6.158      ;
; -8.598 ; 74193:inst1|25~_emulated ; 74193:inst4|26~_emulated ; UPclk        ; UPclk       ; 0.500        ; -3.045     ; 6.041      ;
; -8.584 ; 74193:inst1|24~_emulated ; 74193:inst1|25~_emulated ; UPclk        ; UPclk       ; 1.000        ; -3.332     ; 6.240      ;
; -8.573 ; 74193:inst1|24~_emulated ; 74193:inst1|23~_emulated ; UPclk        ; UPclk       ; 1.000        ; -3.017     ; 6.544      ;
; -8.471 ; 74193:inst1|23~_emulated ; 74193:inst1|25~_emulated ; UPclk        ; UPclk       ; 1.000        ; -3.837     ; 5.622      ;
; -8.384 ; 74193:inst1|23~_emulated ; 74193:inst1|24~_emulated ; UPclk        ; UPclk       ; 1.000        ; -3.726     ; 5.646      ;
; -8.349 ; 74193:inst4|25~_emulated ; 74193:inst1|25~_emulated ; UPclk        ; UPclk       ; 0.500        ; -3.337     ; 5.500      ;
; -8.317 ; 74193:inst4|25~_emulated ; 74193:inst1|23~_emulated ; UPclk        ; UPclk       ; 0.500        ; -3.001     ; 5.804      ;
; -8.262 ; 74193:inst4|25~_emulated ; 74193:inst1|24~_emulated ; UPclk        ; UPclk       ; 0.500        ; -3.226     ; 5.524      ;
; -8.188 ; 74193:inst1|25~_emulated ; 74193:inst4|25~_emulated ; UPclk        ; UPclk       ; 0.500        ; -2.681     ; 5.995      ;
; -8.187 ; 74193:inst1|25~_emulated ; 74193:inst4|24~_emulated ; UPclk        ; UPclk       ; 0.500        ; -2.801     ; 5.874      ;
; -8.120 ; 74193:inst4|26~_emulated ; 74193:inst1|25~_emulated ; UPclk        ; UPclk       ; 0.500        ; -3.311     ; 5.297      ;
; -8.120 ; 74193:inst4|25~_emulated ; 74193:inst1|25~_emulated ; rst          ; UPclk       ; 0.500        ; -3.088     ; 5.500      ;
; -8.116 ; 74193:inst1|24~_emulated ; 74193:inst4|26~_emulated ; UPclk        ; UPclk       ; 1.000        ; -2.957     ; 6.147      ;
; -8.109 ; 74193:inst4|25~_emulated ; 74193:inst1|23~_emulated ; rst          ; UPclk       ; 0.500        ; -2.773     ; 5.804      ;
; -8.088 ; 74193:inst4|26~_emulated ; 74193:inst1|23~_emulated ; UPclk        ; UPclk       ; 0.500        ; -2.975     ; 5.601      ;
; -8.037 ; 74193:inst1|25~_emulated ; 74193:inst4|23~_emulated ; UPclk        ; UPclk       ; 0.500        ; -2.028     ; 6.497      ;
; -8.033 ; 74193:inst4|26~_emulated ; 74193:inst1|24~_emulated ; UPclk        ; UPclk       ; 0.500        ; -3.200     ; 5.321      ;
; -8.033 ; 74193:inst4|25~_emulated ; 74193:inst1|24~_emulated ; rst          ; UPclk       ; 0.500        ; -2.977     ; 5.524      ;
; -8.025 ; 74193:inst1|25~_emulated ; 74193:inst1|26~_emulated ; UPclk        ; UPclk       ; 0.500        ; -3.487     ; 5.026      ;
; -7.982 ; 74193:inst1|23~_emulated ; 74193:inst4|26~_emulated ; UPclk        ; UPclk       ; 1.000        ; -3.441     ; 5.529      ;
; -7.914 ; 74193:inst4|24~_emulated ; 74193:inst1|25~_emulated ; rst          ; UPclk       ; 0.500        ; -2.964     ; 5.418      ;
; -7.903 ; 74193:inst4|24~_emulated ; 74193:inst1|23~_emulated ; rst          ; UPclk       ; 0.500        ; -2.649     ; 5.722      ;
; -7.867 ; 74193:inst1|24~1         ; 74193:inst1|25~_emulated ; UPclk        ; UPclk       ; 1.000        ; -2.452     ; 6.403      ;
; -7.860 ; 74193:inst4|25~_emulated ; 74193:inst4|26~_emulated ; UPclk        ; UPclk       ; 0.500        ; -2.941     ; 5.407      ;
; -7.835 ; 74193:inst1|24~1         ; 74193:inst1|23~_emulated ; UPclk        ; UPclk       ; 1.000        ; -2.116     ; 6.707      ;
; -7.827 ; 74193:inst4|24~_emulated ; 74193:inst1|24~_emulated ; rst          ; UPclk       ; 0.500        ; -2.853     ; 5.442      ;
; -7.801 ; 74193:inst1|23~_emulated ; 74193:inst1|25~_emulated ; rst          ; UPclk       ; 0.500        ; -2.647     ; 5.622      ;
; -7.777 ; 74193:inst1|25~_emulated ; 74193:inst1|23~_emulated ; rst          ; UPclk       ; 0.500        ; -1.807     ; 6.438      ;
; -7.714 ; 74193:inst1|23~_emulated ; 74193:inst1|24~_emulated ; rst          ; UPclk       ; 0.500        ; -2.536     ; 5.646      ;
; -7.706 ; 74193:inst1|24~_emulated ; 74193:inst4|25~_emulated ; UPclk        ; UPclk       ; 1.000        ; -2.593     ; 6.101      ;
; -7.705 ; 74193:inst1|24~_emulated ; 74193:inst4|24~_emulated ; UPclk        ; UPclk       ; 1.000        ; -2.713     ; 5.980      ;
; -7.701 ; 74193:inst1|25~_emulated ; 74193:inst1|24~_emulated ; rst          ; UPclk       ; 0.500        ; -2.011     ; 6.158      ;
; -7.670 ; 74193:inst4|23~_emulated ; 74193:inst1|25~_emulated ; rst          ; UPclk       ; 0.500        ; -3.768     ; 4.370      ;
; -7.659 ; 74193:inst4|23~_emulated ; 74193:inst1|23~_emulated ; rst          ; UPclk       ; 0.500        ; -3.453     ; 4.674      ;
; -7.652 ; 74193:inst4|25~_emulated ; 74193:inst4|26~_emulated ; rst          ; UPclk       ; 0.500        ; -2.713     ; 5.407      ;
; -7.609 ; 74193:inst4|24~_emulated ; 74193:inst1|25~_emulated ; UPclk        ; UPclk       ; 1.000        ; -3.179     ; 5.418      ;
; -7.606 ; 74193:inst1|25~1         ; 74193:inst1|23~_emulated ; UPclk        ; UPclk       ; 1.000        ; -2.215     ; 6.379      ;
; -7.583 ; 74193:inst4|23~_emulated ; 74193:inst1|24~_emulated ; rst          ; UPclk       ; 0.500        ; -3.657     ; 4.394      ;
; -7.581 ; 74193:inst1|26~1         ; 74193:inst1|25~_emulated ; UPclk        ; UPclk       ; 1.000        ; -2.554     ; 6.015      ;
; -7.577 ; 74193:inst4|24~_emulated ; 74193:inst1|23~_emulated ; UPclk        ; UPclk       ; 1.000        ; -2.843     ; 5.722      ;
; -7.572 ; 74193:inst1|23~_emulated ; 74193:inst4|25~_emulated ; UPclk        ; UPclk       ; 1.000        ; -3.077     ; 5.483      ;
; -7.571 ; 74193:inst1|23~_emulated ; 74193:inst4|24~_emulated ; UPclk        ; UPclk       ; 1.000        ; -3.197     ; 5.362      ;
; -7.555 ; 74193:inst1|24~_emulated ; 74193:inst4|23~_emulated ; UPclk        ; UPclk       ; 1.000        ; -1.940     ; 6.603      ;
; -7.551 ; 74193:inst1|25~1         ; 74193:inst1|24~_emulated ; UPclk        ; UPclk       ; 1.000        ; -2.440     ; 6.099      ;
; -7.549 ; 74193:inst1|26~1         ; 74193:inst1|23~_emulated ; UPclk        ; UPclk       ; 1.000        ; -2.218     ; 6.319      ;
; -7.538 ; 74193:inst4|26~_emulated ; 74193:inst1|25~_emulated ; rst          ; UPclk       ; 0.500        ; -2.709     ; 5.297      ;
; -7.527 ; 74193:inst4|26~_emulated ; 74193:inst1|23~_emulated ; rst          ; UPclk       ; 0.500        ; -2.394     ; 5.601      ;
; -7.522 ; 74193:inst1|24~_emulated ; 74193:inst1|26~_emulated ; UPclk        ; UPclk       ; 1.000        ; -3.378     ; 5.132      ;
; -7.522 ; 74193:inst4|24~_emulated ; 74193:inst1|24~_emulated ; UPclk        ; UPclk       ; 1.000        ; -3.068     ; 5.442      ;
; -7.494 ; 74193:inst1|26~1         ; 74193:inst1|24~_emulated ; UPclk        ; UPclk       ; 1.000        ; -2.443     ; 6.039      ;
; -7.451 ; 74193:inst4|26~_emulated ; 74193:inst1|24~_emulated ; rst          ; UPclk       ; 0.500        ; -2.598     ; 5.321      ;
; -7.449 ; 74193:inst4|25~_emulated ; 74193:inst4|24~_emulated ; UPclk        ; UPclk       ; 0.500        ; -2.697     ; 5.240      ;
; -7.446 ; 74193:inst4|24~_emulated ; 74193:inst4|26~_emulated ; rst          ; UPclk       ; 0.500        ; -2.589     ; 5.325      ;
; -7.421 ; 74193:inst1|23~_emulated ; 74193:inst4|23~_emulated ; UPclk        ; UPclk       ; 1.000        ; -2.424     ; 5.985      ;
; -7.409 ; 74193:inst1|23~_emulated ; 74193:inst1|26~_emulated ; UPclk        ; UPclk       ; 1.000        ; -3.883     ; 4.514      ;
; -7.390 ; 74193:inst4|23~_emulated ; 74193:inst1|25~_emulated ; UPclk        ; UPclk       ; 1.000        ; -4.008     ; 4.370      ;
; -7.378 ; 74193:inst1|24~1         ; 74193:inst4|26~_emulated ; UPclk        ; UPclk       ; 1.000        ; -2.056     ; 6.310      ;
; -7.358 ; 74193:inst4|23~_emulated ; 74193:inst1|23~_emulated ; UPclk        ; UPclk       ; 1.000        ; -3.672     ; 4.674      ;
; -7.354 ; 74193:inst4|24~1         ; 74193:inst1|25~_emulated ; UPclk        ; UPclk       ; 1.000        ; -2.536     ; 5.806      ;
; -7.347 ; 74193:inst1|23~1         ; 74193:inst1|25~_emulated ; UPclk        ; UPclk       ; 1.000        ; -2.458     ; 5.877      ;
; -7.343 ; 74193:inst4|25~1         ; 74193:inst1|25~_emulated ; UPclk        ; UPclk       ; 1.000        ; -2.459     ; 5.872      ;
; -7.333 ; 74193:inst1|23~_emulated ; 74193:inst4|26~_emulated ; rst          ; UPclk       ; 0.500        ; -2.272     ; 5.529      ;
; -7.322 ; 74193:inst4|24~1         ; 74193:inst1|23~_emulated ; UPclk        ; UPclk       ; 1.000        ; -2.200     ; 6.110      ;
; -7.320 ; 74193:inst1|25~_emulated ; 74193:inst4|26~_emulated ; rst          ; UPclk       ; 0.500        ; -1.747     ; 6.041      ;
; -7.311 ; 74193:inst4|25~1         ; 74193:inst1|23~_emulated ; UPclk        ; UPclk       ; 1.000        ; -2.123     ; 6.176      ;
; -7.303 ; 74193:inst4|23~_emulated ; 74193:inst1|24~_emulated ; UPclk        ; UPclk       ; 1.000        ; -3.897     ; 4.394      ;
; -7.299 ; 74193:inst4|25~_emulated ; 74193:inst4|23~_emulated ; UPclk        ; UPclk       ; 0.500        ; -1.924     ; 5.863      ;
; -7.287 ; 74193:inst4|25~_emulated ; 74193:inst1|26~_emulated ; UPclk        ; UPclk       ; 0.500        ; -3.383     ; 4.392      ;
; -7.267 ; 74193:inst4|24~1         ; 74193:inst1|24~_emulated ; UPclk        ; UPclk       ; 1.000        ; -2.425     ; 5.830      ;
; -7.260 ; 74193:inst1|23~1         ; 74193:inst1|24~_emulated ; UPclk        ; UPclk       ; 1.000        ; -2.347     ; 5.901      ;
; -7.256 ; 74193:inst4|25~1         ; 74193:inst1|24~_emulated ; UPclk        ; UPclk       ; 1.000        ; -2.348     ; 5.896      ;
; -7.241 ; 74193:inst4|25~_emulated ; 74193:inst4|24~_emulated ; rst          ; UPclk       ; 0.500        ; -2.469     ; 5.240      ;
; -7.221 ; 74193:inst4|26~_emulated ; 74193:inst4|25~_emulated ; UPclk        ; UPclk       ; 0.500        ; -2.551     ; 5.158      ;
; -7.220 ; 74193:inst4|26~_emulated ; 74193:inst4|24~_emulated ; UPclk        ; UPclk       ; 0.500        ; -2.671     ; 5.037      ;
; -7.202 ; 74193:inst4|23~_emulated ; 74193:inst4|26~_emulated ; rst          ; UPclk       ; 0.500        ; -3.393     ; 4.277      ;
; -7.193 ; 74193:inst4|26~1         ; 74193:inst1|25~_emulated ; UPclk        ; UPclk       ; 1.000        ; -2.535     ; 5.646      ;
; -7.161 ; 74193:inst4|26~1         ; 74193:inst1|23~_emulated ; UPclk        ; UPclk       ; 1.000        ; -2.199     ; 5.950      ;
; -7.149 ; 74193:inst1|25~1         ; 74193:inst4|26~_emulated ; UPclk        ; UPclk       ; 1.000        ; -2.155     ; 5.982      ;
; -7.120 ; 74193:inst4|24~_emulated ; 74193:inst4|26~_emulated ; UPclk        ; UPclk       ; 1.000        ; -2.783     ; 5.325      ;
; -7.106 ; 74193:inst4|26~1         ; 74193:inst1|24~_emulated ; UPclk        ; UPclk       ; 1.000        ; -2.424     ; 5.670      ;
; -7.092 ; 74193:inst1|26~1         ; 74193:inst4|26~_emulated ; UPclk        ; UPclk       ; 1.000        ; -2.158     ; 5.922      ;
; -7.091 ; 74193:inst4|25~_emulated ; 74193:inst4|23~_emulated ; rst          ; UPclk       ; 0.500        ; -1.696     ; 5.863      ;
; -7.070 ; 74193:inst4|26~_emulated ; 74193:inst4|23~_emulated ; UPclk        ; UPclk       ; 0.500        ; -1.898     ; 5.660      ;
; -7.069 ; 74193:inst1|24~_emulated ; 74193:inst1|25~_emulated ; rst          ; UPclk       ; 1.000        ; -1.797     ; 6.240      ;
; -7.058 ; 74193:inst4|26~_emulated ; 74193:inst1|26~_emulated ; UPclk        ; UPclk       ; 0.500        ; -3.357     ; 4.189      ;
; -7.058 ; 74193:inst1|24~_emulated ; 74193:inst1|23~_emulated ; rst          ; UPclk       ; 1.000        ; -1.482     ; 6.544      ;
; -7.058 ; 74193:inst4|25~_emulated ; 74193:inst1|26~_emulated ; rst          ; UPclk       ; 0.500        ; -3.134     ; 4.392      ;
; -7.036 ; 74193:inst4|24~_emulated ; 74193:inst4|25~_emulated ; rst          ; UPclk       ; 0.500        ; -2.225     ; 5.279      ;
; -6.968 ; 74193:inst1|24~1         ; 74193:inst4|25~_emulated ; UPclk        ; UPclk       ; 1.000        ; -1.692     ; 6.264      ;
; -6.967 ; 74193:inst1|24~1         ; 74193:inst4|24~_emulated ; UPclk        ; UPclk       ; 1.000        ; -1.812     ; 6.143      ;
; -6.956 ; 74193:inst1|23~_emulated ; 74193:inst1|25~_emulated ; rst          ; UPclk       ; 1.000        ; -2.302     ; 5.622      ;
; -6.923 ; 74193:inst1|23~_emulated ; 74193:inst4|25~_emulated ; rst          ; UPclk       ; 0.500        ; -1.908     ; 5.483      ;
; -6.922 ; 74193:inst1|23~_emulated ; 74193:inst4|24~_emulated ; rst          ; UPclk       ; 0.500        ; -2.028     ; 5.362      ;
; -6.910 ; 74193:inst1|25~_emulated ; 74193:inst4|25~_emulated ; rst          ; UPclk       ; 0.500        ; -1.383     ; 5.995      ;
; -6.909 ; 74193:inst1|25~_emulated ; 74193:inst4|24~_emulated ; rst          ; UPclk       ; 0.500        ; -1.503     ; 5.874      ;
; -6.901 ; 74193:inst4|23~_emulated ; 74193:inst4|26~_emulated ; UPclk        ; UPclk       ; 1.000        ; -3.612     ; 4.277      ;
; -6.885 ; 74193:inst4|24~_emulated ; 74193:inst4|23~_emulated ; rst          ; UPclk       ; 0.500        ; -1.572     ; 5.781      ;
; -6.869 ; 74193:inst1|23~_emulated ; 74193:inst1|24~_emulated ; rst          ; UPclk       ; 1.000        ; -2.191     ; 5.646      ;
+--------+--------------------------+--------------------------+--------------+-------------+--------------+------------+------------+


+------------------------------------------------------------------------------------------------------------------------------------+
; Fast 1200mV -40C Model Setup: 'rst'                                                                                                ;
+--------+--------------------------+--------------------------+--------------+-------------+--------------+------------+------------+
; Slack  ; From Node                ; To Node                  ; Launch Clock ; Latch Clock ; Relationship ; Clock Skew ; Data Delay ;
+--------+--------------------------+--------------------------+--------------+-------------+--------------+------------+------------+
; -7.483 ; 74193:inst1|25~_emulated ; 74193:inst1|24~_emulated ; UPclk        ; rst         ; 0.500        ; -1.793     ; 6.158      ;
; -7.432 ; 74193:inst1|25~_emulated ; 74193:inst1|23~_emulated ; UPclk        ; rst         ; 0.500        ; -1.462     ; 6.438      ;
; -7.424 ; 74193:inst1|25~_emulated ; 74193:inst4|24~_emulated ; UPclk        ; rst         ; 0.500        ; -2.018     ; 5.874      ;
; -7.257 ; 74193:inst1|25~_emulated ; 74193:inst4|23~_emulated ; UPclk        ; rst         ; 0.500        ; -1.228     ; 6.497      ;
; -7.154 ; 74193:inst1|24~_emulated ; 74193:inst4|26~_emulated ; UPclk        ; rst         ; 0.500        ; -1.475     ; 6.147      ;
; -7.119 ; 74193:inst1|24~_emulated ; 74193:inst1|25~_emulated ; UPclk        ; rst         ; 0.500        ; -1.347     ; 6.240      ;
; -7.065 ; 74193:inst1|24~_emulated ; 74193:inst4|25~_emulated ; UPclk        ; rst         ; 0.500        ; -1.432     ; 6.101      ;
; -7.055 ; 74193:inst1|24~_emulated ; 74193:inst1|23~_emulated ; UPclk        ; rst         ; 0.500        ; -0.979     ; 6.544      ;
; -7.041 ; 74193:inst1|23~_emulated ; 74193:inst4|26~_emulated ; UPclk        ; rst         ; 0.500        ; -1.980     ; 5.529      ;
; -7.006 ; 74193:inst1|23~_emulated ; 74193:inst1|25~_emulated ; UPclk        ; rst         ; 0.500        ; -1.852     ; 5.622      ;
; -6.952 ; 74193:inst1|23~_emulated ; 74193:inst4|25~_emulated ; UPclk        ; rst         ; 0.500        ; -1.937     ; 5.483      ;
; -6.929 ; 74193:inst1|24~_emulated ; 74193:inst1|23~_emulated ; UPclk        ; rst         ; 1.000        ; -1.353     ; 6.544      ;
; -6.921 ; 74193:inst1|24~_emulated ; 74193:inst4|24~_emulated ; UPclk        ; rst         ; 1.000        ; -1.909     ; 5.980      ;
; -6.914 ; 74193:inst1|24~_emulated ; 74193:inst4|23~_emulated ; UPclk        ; rst         ; 0.500        ; -0.779     ; 6.603      ;
; -6.867 ; 74193:inst1|23~_emulated ; 74193:inst1|24~_emulated ; UPclk        ; rst         ; 1.000        ; -2.189     ; 5.646      ;
; -6.808 ; 74193:inst1|23~_emulated ; 74193:inst4|24~_emulated ; UPclk        ; rst         ; 1.000        ; -2.414     ; 5.362      ;
; -6.801 ; 74193:inst1|23~_emulated ; 74193:inst4|23~_emulated ; UPclk        ; rst         ; 0.500        ; -1.284     ; 5.985      ;
; -6.764 ; 74193:inst1|24~_emulated ; 74193:inst4|24~_emulated ; UPclk        ; rst         ; 0.500        ; -1.252     ; 5.980      ;
; -6.754 ; 74193:inst1|24~_emulated ; 74193:inst4|23~_emulated ; UPclk        ; rst         ; 1.000        ; -1.119     ; 6.603      ;
; -6.745 ; 74193:inst4|25~_emulated ; 74193:inst1|24~_emulated ; UPclk        ; rst         ; 0.500        ; -1.689     ; 5.524      ;
; -6.694 ; 74193:inst4|25~_emulated ; 74193:inst1|23~_emulated ; UPclk        ; rst         ; 0.500        ; -1.358     ; 5.804      ;
; -6.686 ; 74193:inst4|25~_emulated ; 74193:inst4|24~_emulated ; UPclk        ; rst         ; 0.500        ; -1.914     ; 5.240      ;
; -6.657 ; 74193:inst1|25~_emulated ; 74193:inst4|26~_emulated ; UPclk        ; rst         ; 1.000        ; -1.584     ; 6.041      ;
; -6.651 ; 74193:inst1|23~_emulated ; 74193:inst4|24~_emulated ; UPclk        ; rst         ; 0.500        ; -1.757     ; 5.362      ;
; -6.641 ; 74193:inst1|23~_emulated ; 74193:inst4|23~_emulated ; UPclk        ; rst         ; 1.000        ; -1.624     ; 5.985      ;
; -6.568 ; 74193:inst1|25~_emulated ; 74193:inst4|25~_emulated ; UPclk        ; rst         ; 1.000        ; -1.541     ; 5.995      ;
; -6.558 ; 74193:inst1|25~_emulated ; 74193:inst1|23~_emulated ; UPclk        ; rst         ; 1.000        ; -1.088     ; 6.438      ;
; -6.519 ; 74193:inst4|25~_emulated ; 74193:inst4|23~_emulated ; UPclk        ; rst         ; 0.500        ; -1.124     ; 5.863      ;
; -6.516 ; 74193:inst4|26~_emulated ; 74193:inst1|24~_emulated ; UPclk        ; rst         ; 0.500        ; -1.663     ; 5.321      ;
; -6.465 ; 74193:inst4|26~_emulated ; 74193:inst1|23~_emulated ; UPclk        ; rst         ; 0.500        ; -1.332     ; 5.601      ;
; -6.457 ; 74193:inst4|26~_emulated ; 74193:inst4|24~_emulated ; UPclk        ; rst         ; 0.500        ; -1.888     ; 5.037      ;
; -6.445 ; 74193:inst4|25~_emulated ; 74193:inst1|24~_emulated ; rst          ; rst         ; 0.500        ; -1.409     ; 5.524      ;
; -6.437 ; 74193:inst1|24~1         ; 74193:inst4|26~_emulated ; UPclk        ; rst         ; 0.500        ; -0.595     ; 6.310      ;
; -6.417 ; 74193:inst1|25~_emulated ; 74193:inst4|23~_emulated ; UPclk        ; rst         ; 1.000        ; -0.888     ; 6.497      ;
; -6.402 ; 74193:inst1|24~1         ; 74193:inst1|25~_emulated ; UPclk        ; rst         ; 0.500        ; -0.467     ; 6.403      ;
; -6.394 ; 74193:inst4|25~_emulated ; 74193:inst1|23~_emulated ; rst          ; rst         ; 0.500        ; -1.078     ; 5.804      ;
; -6.386 ; 74193:inst4|25~_emulated ; 74193:inst4|24~_emulated ; rst          ; rst         ; 0.500        ; -1.634     ; 5.240      ;
; -6.348 ; 74193:inst1|24~1         ; 74193:inst4|25~_emulated ; UPclk        ; rst         ; 0.500        ; -0.552     ; 6.264      ;
; -6.338 ; 74193:inst1|24~1         ; 74193:inst1|23~_emulated ; UPclk        ; rst         ; 0.500        ; -0.099     ; 6.707      ;
; -6.290 ; 74193:inst4|26~_emulated ; 74193:inst4|23~_emulated ; UPclk        ; rst         ; 0.500        ; -1.098     ; 5.660      ;
; -6.267 ; 74193:inst1|25~_emulated ; 74193:inst4|24~_emulated ; UPclk        ; rst         ; 1.000        ; -1.361     ; 5.874      ;
; -6.239 ; 74193:inst4|24~_emulated ; 74193:inst1|24~_emulated ; rst          ; rst         ; 0.500        ; -1.285     ; 5.442      ;
; -6.219 ; 74193:inst4|25~_emulated ; 74193:inst4|23~_emulated ; rst          ; rst         ; 0.500        ; -0.844     ; 5.863      ;
; -6.212 ; 74193:inst1|24~1         ; 74193:inst1|23~_emulated ; UPclk        ; rst         ; 1.000        ; -0.473     ; 6.707      ;
; -6.208 ; 74193:inst1|25~1         ; 74193:inst4|26~_emulated ; UPclk        ; rst         ; 0.500        ; -0.694     ; 5.982      ;
; -6.204 ; 74193:inst1|24~1         ; 74193:inst4|24~_emulated ; UPclk        ; rst         ; 1.000        ; -1.029     ; 6.143      ;
; -6.197 ; 74193:inst1|24~1         ; 74193:inst4|23~_emulated ; UPclk        ; rst         ; 0.500        ; 0.101      ; 6.766      ;
; -6.188 ; 74193:inst4|24~_emulated ; 74193:inst1|23~_emulated ; rst          ; rst         ; 0.500        ; -0.954     ; 5.722      ;
; -6.179 ; 74193:inst4|24~_emulated ; 74193:inst4|26~_emulated ; UPclk        ; rst         ; 0.500        ; -1.322     ; 5.325      ;
; -6.151 ; 74193:inst1|26~1         ; 74193:inst4|26~_emulated ; UPclk        ; rst         ; 0.500        ; -0.697     ; 5.922      ;
; -6.144 ; 74193:inst4|24~_emulated ; 74193:inst1|25~_emulated ; UPclk        ; rst         ; 0.500        ; -1.194     ; 5.418      ;
; -6.126 ; 74193:inst1|23~_emulated ; 74193:inst1|24~_emulated ; rst          ; rst         ; 0.500        ; -0.968     ; 5.646      ;
; -6.119 ; 74193:inst1|25~1         ; 74193:inst4|25~_emulated ; UPclk        ; rst         ; 0.500        ; -0.651     ; 5.936      ;
; -6.116 ; 74193:inst1|26~1         ; 74193:inst1|25~_emulated ; UPclk        ; rst         ; 0.500        ; -0.569     ; 6.015      ;
; -6.113 ; 74193:inst1|25~_emulated ; 74193:inst1|24~_emulated ; rst          ; rst         ; 0.500        ; -0.443     ; 6.158      ;
; -6.109 ; 74193:inst1|25~1         ; 74193:inst1|23~_emulated ; UPclk        ; rst         ; 0.500        ; -0.198     ; 6.379      ;
; -6.090 ; 74193:inst4|24~_emulated ; 74193:inst4|25~_emulated ; UPclk        ; rst         ; 0.500        ; -1.279     ; 5.279      ;
; -6.080 ; 74193:inst4|24~_emulated ; 74193:inst1|23~_emulated ; UPclk        ; rst         ; 0.500        ; -0.826     ; 5.722      ;
; -6.067 ; 74193:inst1|23~_emulated ; 74193:inst4|24~_emulated ; rst          ; rst         ; 0.500        ; -1.193     ; 5.362      ;
; -6.062 ; 74193:inst1|25~_emulated ; 74193:inst1|23~_emulated ; rst          ; rst         ; 0.500        ; -0.112     ; 6.438      ;
; -6.062 ; 74193:inst1|26~1         ; 74193:inst4|25~_emulated ; UPclk        ; rst         ; 0.500        ; -0.654     ; 5.876      ;
; -6.054 ; 74193:inst1|25~_emulated ; 74193:inst4|24~_emulated ; rst          ; rst         ; 0.500        ; -0.668     ; 5.874      ;
; -6.052 ; 74193:inst1|26~1         ; 74193:inst1|23~_emulated ; UPclk        ; rst         ; 0.500        ; -0.201     ; 6.319      ;
; -6.047 ; 74193:inst1|24~1         ; 74193:inst4|24~_emulated ; UPclk        ; rst         ; 0.500        ; -0.372     ; 6.143      ;
; -6.037 ; 74193:inst1|24~1         ; 74193:inst4|23~_emulated ; UPclk        ; rst         ; 1.000        ; -0.239     ; 6.766      ;
; -6.034 ; 74193:inst1|25~1         ; 74193:inst1|24~_emulated ; UPclk        ; rst         ; 1.000        ; -0.903     ; 6.099      ;
; -6.013 ; 74193:inst4|24~_emulated ; 74193:inst4|23~_emulated ; rst          ; rst         ; 0.500        ; -0.720     ; 5.781      ;
; -6.005 ; 74193:inst4|24~_emulated ; 74193:inst1|24~_emulated ; UPclk        ; rst         ; 1.000        ; -1.531     ; 5.442      ;
; -5.995 ; 74193:inst4|23~_emulated ; 74193:inst1|24~_emulated ; rst          ; rst         ; 0.500        ; -2.089     ; 4.394      ;
; -5.983 ; 74193:inst1|25~1         ; 74193:inst1|23~_emulated ; UPclk        ; rst         ; 1.000        ; -0.572     ; 6.379      ;
; -5.977 ; 74193:inst1|26~1         ; 74193:inst1|24~_emulated ; UPclk        ; rst         ; 1.000        ; -0.906     ; 6.039      ;
; -5.975 ; 74193:inst1|25~1         ; 74193:inst4|24~_emulated ; UPclk        ; rst         ; 1.000        ; -1.128     ; 5.815      ;
; -5.968 ; 74193:inst1|25~1         ; 74193:inst4|23~_emulated ; UPclk        ; rst         ; 0.500        ; 0.002      ; 6.438      ;
; -5.960 ; 74193:inst4|23~_emulated ; 74193:inst4|26~_emulated ; UPclk        ; rst         ; 0.500        ; -2.151     ; 4.277      ;
; -5.954 ; 74193:inst4|24~_emulated ; 74193:inst1|23~_emulated ; UPclk        ; rst         ; 1.000        ; -1.200     ; 5.722      ;
; -5.944 ; 74193:inst4|23~_emulated ; 74193:inst1|23~_emulated ; rst          ; rst         ; 0.500        ; -1.758     ; 4.674      ;
; -5.939 ; 74193:inst4|24~_emulated ; 74193:inst4|23~_emulated ; UPclk        ; rst         ; 0.500        ; -0.626     ; 5.781      ;
; -5.936 ; 74193:inst4|23~_emulated ; 74193:inst4|24~_emulated ; rst          ; rst         ; 0.500        ; -2.314     ; 4.110      ;
; -5.926 ; 74193:inst1|26~1         ; 74193:inst1|23~_emulated ; UPclk        ; rst         ; 1.000        ; -0.575     ; 6.319      ;
; -5.925 ; 74193:inst4|23~_emulated ; 74193:inst1|25~_emulated ; UPclk        ; rst         ; 0.500        ; -2.023     ; 4.370      ;
; -5.924 ; 74193:inst4|24~1         ; 74193:inst4|26~_emulated ; UPclk        ; rst         ; 0.500        ; -0.679     ; 5.713      ;
; -5.919 ; 74193:inst4|25~_emulated ; 74193:inst4|26~_emulated ; UPclk        ; rst         ; 1.000        ; -1.480     ; 5.407      ;
; -5.918 ; 74193:inst1|26~1         ; 74193:inst4|24~_emulated ; UPclk        ; rst         ; 1.000        ; -1.131     ; 5.755      ;
; -5.917 ; 74193:inst1|23~1         ; 74193:inst4|26~_emulated ; UPclk        ; rst         ; 0.500        ; -0.601     ; 5.784      ;
; -5.913 ; 74193:inst4|25~1         ; 74193:inst4|26~_emulated ; UPclk        ; rst         ; 0.500        ; -0.602     ; 5.779      ;
; -5.911 ; 74193:inst1|26~1         ; 74193:inst4|23~_emulated ; UPclk        ; rst         ; 0.500        ; -0.001     ; 6.378      ;
; -5.900 ; 74193:inst1|23~_emulated ; 74193:inst4|23~_emulated ; rst          ; rst         ; 0.500        ; -0.403     ; 5.985      ;
; -5.889 ; 74193:inst4|24~1         ; 74193:inst1|25~_emulated ; UPclk        ; rst         ; 0.500        ; -0.551     ; 5.806      ;
; -5.887 ; 74193:inst1|25~_emulated ; 74193:inst4|23~_emulated ; rst          ; rst         ; 0.500        ; 0.122      ; 6.497      ;
; -5.884 ; 74193:inst4|25~_emulated ; 74193:inst1|25~_emulated ; UPclk        ; rst         ; 1.000        ; -1.352     ; 5.500      ;
; -5.882 ; 74193:inst1|23~1         ; 74193:inst1|25~_emulated ; UPclk        ; rst         ; 0.500        ; -0.473     ; 5.877      ;
; -5.878 ; 74193:inst4|25~1         ; 74193:inst1|25~_emulated ; UPclk        ; rst         ; 0.500        ; -0.474     ; 5.872      ;
; -5.871 ; 74193:inst4|23~_emulated ; 74193:inst4|25~_emulated ; UPclk        ; rst         ; 0.500        ; -2.108     ; 4.231      ;
; -5.863 ; 74193:inst4|26~_emulated ; 74193:inst1|24~_emulated ; rst          ; rst         ; 0.500        ; -1.030     ; 5.321      ;
; -5.861 ; 74193:inst4|23~_emulated ; 74193:inst1|23~_emulated ; UPclk        ; rst         ; 0.500        ; -1.655     ; 4.674      ;
; -5.835 ; 74193:inst4|24~1         ; 74193:inst4|25~_emulated ; UPclk        ; rst         ; 0.500        ; -0.636     ; 5.667      ;
; -5.828 ; 74193:inst1|23~1         ; 74193:inst4|25~_emulated ; UPclk        ; rst         ; 0.500        ; -0.558     ; 5.738      ;
; -5.825 ; 74193:inst4|24~1         ; 74193:inst1|23~_emulated ; UPclk        ; rst         ; 0.500        ; -0.183     ; 6.110      ;
; -5.820 ; 74193:inst4|25~_emulated ; 74193:inst1|23~_emulated ; UPclk        ; rst         ; 1.000        ; -0.984     ; 5.804      ;
; -5.818 ; 74193:inst1|25~1         ; 74193:inst4|24~_emulated ; UPclk        ; rst         ; 0.500        ; -0.471     ; 5.815      ;
+--------+--------------------------+--------------------------+--------------+-------------+--------------+------------+------------+


+------------------------------------------------------------------------------------------------------------------------------------+
; Fast 1200mV -40C Model Hold: 'UPclk'                                                                                               ;
+--------+--------------------------+--------------------------+--------------+-------------+--------------+------------+------------+
; Slack  ; From Node                ; To Node                  ; Launch Clock ; Latch Clock ; Relationship ; Clock Skew ; Data Delay ;
+--------+--------------------------+--------------------------+--------------+-------------+--------------+------------+------------+
; -2.351 ; 74193:inst1|23~1         ; 74193:inst1|23~_emulated ; rst          ; UPclk       ; 0.000        ; 2.986      ; 0.757      ;
; -2.177 ; 74193:inst1|24~1         ; 74193:inst1|24~_emulated ; rst          ; UPclk       ; 0.000        ; 2.487      ; 0.432      ;
; -2.082 ; 74193:inst4|23~1         ; 74193:inst4|23~_emulated ; rst          ; UPclk       ; 0.000        ; 3.152      ; 1.192      ;
; -1.934 ; 74193:inst4|24~1         ; 74193:inst4|24~_emulated ; rst          ; UPclk       ; 0.000        ; 2.254      ; 0.442      ;
; -1.774 ; 74193:inst1|25~1         ; 74193:inst1|25~_emulated ; rst          ; UPclk       ; -0.500       ; 2.502      ; 0.350      ;
; -1.706 ; 74193:inst4|25~1         ; 74193:inst4|25~_emulated ; rst          ; UPclk       ; -0.500       ; 2.485      ; 0.401      ;
; -1.660 ; 74193:inst4|26~1         ; 74193:inst4|26~_emulated ; rst          ; UPclk       ; -0.500       ; 2.387      ; 0.349      ;
; -0.875 ; 74193:inst1|24~_emulated ; 74193:inst1|24~_emulated ; UPclk        ; UPclk       ; 0.000        ; 3.221      ; 2.428      ;
; -0.863 ; 74193:inst1|23~_emulated ; 74193:inst1|23~_emulated ; UPclk        ; UPclk       ; 0.000        ; 3.501      ; 2.720      ;
; -0.819 ; 74193:inst1|23~1         ; 74193:inst1|23~_emulated ; UPclk        ; UPclk       ; 0.000        ; 1.494      ; 0.757      ;
; -0.781 ; rst                      ; 74193:inst4|23~_emulated ; rst          ; UPclk       ; 0.000        ; 5.191      ; 4.532      ;
; -0.721 ; 7474:inst|9              ; 7474:inst|9              ; rst          ; UPclk       ; 0.000        ; 0.899      ; 0.300      ;
; -0.718 ; 74193:inst1|25~_emulated ; 74193:inst1|25~_emulated ; UPclk        ; UPclk       ; -0.500       ; 3.441      ; 2.325      ;
; -0.666 ; 74193:inst1|24~1         ; 74193:inst1|24~_emulated ; UPclk        ; UPclk       ; 0.000        ; 1.016      ; 0.432      ;
; -0.627 ; rst                      ; 74193:inst1|23~_emulated ; rst          ; UPclk       ; 0.000        ; 5.020      ; 4.515      ;
; -0.550 ; 74193:inst4|23~1         ; 74193:inst4|23~_emulated ; UPclk        ; UPclk       ; 0.000        ; 1.660      ; 1.192      ;
; -0.402 ; 74193:inst4|24~1         ; 74193:inst4|24~_emulated ; UPclk        ; UPclk       ; 0.000        ; 0.762      ; 0.442      ;
; -0.393 ; rst                      ; 74193:inst4|24~_emulated ; rst          ; UPclk       ; 0.000        ; 4.362      ; 4.091      ;
; -0.335 ; 74193:inst4|24~_emulated ; 74193:inst4|24~_emulated ; UPclk        ; UPclk       ; 0.000        ; 2.539      ; 2.286      ;
; -0.307 ; rst                      ; 74193:inst1|24~_emulated ; rst          ; UPclk       ; 0.000        ; 4.515      ; 4.330      ;
; -0.262 ; 74193:inst1|25~1         ; 74193:inst1|25~_emulated ; UPclk        ; UPclk       ; -0.500       ; 1.010      ; 0.350      ;
; -0.194 ; 74193:inst4|25~1         ; 74193:inst4|25~_emulated ; UPclk        ; UPclk       ; -0.500       ; 0.993      ; 0.401      ;
; -0.190 ; rst                      ; 74193:inst1|25~_emulated ; rst          ; UPclk       ; 0.000        ; 4.624      ; 4.556      ;
; -0.148 ; 74193:inst4|26~1         ; 74193:inst4|26~_emulated ; UPclk        ; UPclk       ; -0.500       ; 0.895      ; 0.349      ;
; -0.147 ; rst                      ; 74193:inst4|25~_emulated ; rst          ; UPclk       ; 0.000        ; 4.520      ; 4.495      ;
; -0.090 ; 74193:inst4|26~_emulated ; 74193:inst4|26~_emulated ; UPclk        ; UPclk       ; -0.500       ; 2.915      ; 2.427      ;
; -0.032 ; rst                      ; 74193:inst4|25~_emulated ; rst          ; UPclk       ; -0.500       ; 4.520      ; 4.110      ;
; -0.022 ; rst                      ; 74193:inst4|26~_emulated ; rst          ; UPclk       ; 0.000        ; 4.494      ; 4.594      ;
; -0.018 ; rst                      ; 74193:inst1|25~_emulated ; rst          ; UPclk       ; -0.500       ; 4.624      ; 4.228      ;
; 0.115  ; rst                      ; 74193:inst4|26~_emulated ; rst          ; UPclk       ; -0.500       ; 4.494      ; 4.231      ;
; 0.174  ; rst                      ; 74193:inst4|23~_emulated ; rst          ; UPclk       ; -0.500       ; 5.191      ; 4.987      ;
; 0.197  ; 7474:inst|9              ; 7474:inst|9              ; UPclk        ; UPclk       ; 0.000        ; 0.021      ; 0.300      ;
; 0.208  ; 74193:inst4|25~_emulated ; 74193:inst4|25~_emulated ; UPclk        ; UPclk       ; -0.500       ; 2.577      ; 2.387      ;
; 0.222  ; rst                      ; 74193:inst1|23~_emulated ; rst          ; UPclk       ; -0.500       ; 5.020      ; 4.864      ;
; 0.312  ; 74193:inst4|25~1         ; 74193:inst4|25~_emulated ; rst          ; UPclk       ; 0.000        ; -0.033     ; 0.401      ;
; 0.408  ; 74193:inst4|24~_emulated ; 74193:inst4|24~_emulated ; rst          ; UPclk       ; 0.000        ; 1.756      ; 2.286      ;
; 0.470  ; rst                      ; 74193:inst4|24~_emulated ; rst          ; UPclk       ; -0.500       ; 4.362      ; 4.454      ;
; 0.530  ; rst                      ; 74193:inst1|24~_emulated ; rst          ; UPclk       ; -0.500       ; 4.515      ; 4.667      ;
; 0.622  ; 74193:inst1|24~_emulated ; 74193:inst1|24~_emulated ; rst          ; UPclk       ; 0.000        ; 1.684      ; 2.428      ;
; 0.711  ; 74193:inst4|26~1         ; 74193:inst4|26~_emulated ; rst          ; UPclk       ; 0.000        ; -0.484     ; 0.349      ;
; 0.730  ; UPclk                    ; 74193:inst4|23~_emulated ; UPclk        ; UPclk       ; 0.000        ; 5.191      ; 6.003      ;
; 0.740  ; 74193:inst1|23~_emulated ; 74193:inst1|23~_emulated ; rst          ; UPclk       ; 0.000        ; 1.858      ; 2.720      ;
; 0.747  ; 74193:inst1|25~_emulated ; 74193:inst1|25~_emulated ; rst          ; UPclk       ; 0.000        ; 1.456      ; 2.325      ;
; 0.762  ; 74193:inst4|23~_emulated ; 74193:inst4|23~_emulated ; UPclk        ; UPclk       ; 0.000        ; 2.595      ; 3.439      ;
; 0.828  ; 74193:inst4|25~_emulated ; 74193:inst4|25~_emulated ; rst          ; UPclk       ; 0.000        ; 1.437      ; 2.387      ;
; 0.851  ; 74193:inst4|26~_emulated ; 74193:inst4|26~_emulated ; rst          ; UPclk       ; 0.000        ; 1.454      ; 2.427      ;
; 0.884  ; UPclk                    ; 74193:inst1|23~_emulated ; UPclk        ; UPclk       ; 0.000        ; 5.020      ; 5.986      ;
; 1.092  ; 74193:inst1|26~1         ; 74193:inst1|26~_emulated ; rst          ; UPclk       ; 0.000        ; -0.940     ; 0.274      ;
; 1.116  ; UPclk                    ; 74193:inst1|25~_emulated ; UPclk        ; UPclk       ; 0.000        ; 4.624      ; 5.822      ;
; 1.118  ; UPclk                    ; 74193:inst4|24~_emulated ; UPclk        ; UPclk       ; 0.000        ; 4.362      ; 5.562      ;
; 1.118  ; 74193:inst1|25~1         ; 74193:inst1|25~_emulated ; rst          ; UPclk       ; 0.000        ; -0.890     ; 0.350      ;
; 1.159  ; UPclk                    ; 74193:inst4|25~_emulated ; UPclk        ; UPclk       ; 0.000        ; 4.520      ; 5.761      ;
; 1.204  ; UPclk                    ; 74193:inst1|24~_emulated ; UPclk        ; UPclk       ; 0.000        ; 4.515      ; 5.801      ;
; 1.204  ; 74193:inst4|26~_emulated ; 74193:inst4|23~_emulated ; UPclk        ; UPclk       ; 0.000        ; 3.612      ; 4.898      ;
; 1.252  ; 74193:inst4|26~_emulated ; 74193:inst1|23~_emulated ; UPclk        ; UPclk       ; 0.000        ; 3.441      ; 4.775      ;
; 1.284  ; UPclk                    ; 74193:inst4|26~_emulated ; UPclk        ; UPclk       ; 0.000        ; 4.494      ; 5.860      ;
; 1.348  ; 74193:inst4|23~1         ; 74193:inst1|23~_emulated ; rst          ; UPclk       ; 0.000        ; 2.981      ; 4.451      ;
; 1.353  ; 74193:inst1|26~_emulated ; 74193:inst1|26~_emulated ; UPclk        ; UPclk       ; 0.000        ; 0.048      ; 1.483      ;
; 1.419  ; 74193:inst1|23~_emulated ; 74193:inst4|23~_emulated ; UPclk        ; UPclk       ; 0.000        ; 3.672      ; 5.173      ;
; 1.459  ; UPclk                    ; 74193:inst4|25~_emulated ; UPclk        ; UPclk       ; -0.500       ; 4.520      ; 5.581      ;
; 1.460  ; UPclk                    ; 74193:inst4|23~_emulated ; UPclk        ; UPclk       ; -0.500       ; 5.191      ; 6.253      ;
; 1.461  ; 74193:inst4|23~_emulated ; 74193:inst1|23~_emulated ; UPclk        ; UPclk       ; 0.000        ; 2.424      ; 3.967      ;
; 1.473  ; UPclk                    ; 74193:inst1|25~_emulated ; UPclk        ; UPclk       ; -0.500       ; 4.624      ; 5.699      ;
; 1.500  ; 74193:inst4|26~_emulated ; 74193:inst4|24~_emulated ; UPclk        ; UPclk       ; 0.000        ; 2.783      ; 4.365      ;
; 1.508  ; UPclk                    ; 74193:inst1|23~_emulated ; UPclk        ; UPclk       ; -0.500       ; 5.020      ; 6.130      ;
; 1.510  ; 74193:inst1|25~_emulated ; 74193:inst4|23~_emulated ; UPclk        ; UPclk       ; 0.000        ; 4.008      ; 5.600      ;
; 1.522  ; 74193:inst4|23~_emulated ; 74193:inst4|23~_emulated ; rst          ; UPclk       ; 0.000        ; 1.795      ; 3.439      ;
; 1.533  ; 74193:inst1|26~_emulated ; 74193:inst4|23~_emulated ; UPclk        ; UPclk       ; 0.000        ; 4.054      ; 5.669      ;
; 1.535  ; 74193:inst4|24~_emulated ; 74193:inst4|23~_emulated ; UPclk        ; UPclk       ; 0.000        ; 3.368      ; 4.985      ;
; 1.539  ; 74193:inst4|26~_emulated ; 74193:inst1|24~_emulated ; UPclk        ; UPclk       ; 0.000        ; 2.957      ; 4.578      ;
; 1.558  ; 74193:inst1|25~_emulated ; 74193:inst1|23~_emulated ; UPclk        ; UPclk       ; 0.000        ; 3.837      ; 5.477      ;
; 1.565  ; 74193:inst4|24~_emulated ; 74193:inst4|24~_emulated ; rst          ; UPclk       ; -0.500       ; 1.099      ; 2.286      ;
; 1.581  ; 74193:inst1|26~_emulated ; 74193:inst1|23~_emulated ; UPclk        ; UPclk       ; 0.000        ; 3.883      ; 5.546      ;
; 1.583  ; 74193:inst4|24~_emulated ; 74193:inst1|23~_emulated ; UPclk        ; UPclk       ; 0.000        ; 3.197      ; 4.862      ;
; 1.596  ; 74193:inst4|23~1         ; 74193:inst4|24~_emulated ; rst          ; UPclk       ; 0.000        ; 2.323      ; 4.041      ;
; 1.606  ; UPclk                    ; 74193:inst4|26~_emulated ; UPclk        ; UPclk       ; -0.500       ; 4.494      ; 5.702      ;
; 1.614  ; 74193:inst1|23~_emulated ; 74193:inst1|23~_emulated ; rst          ; UPclk       ; -0.500       ; 1.484      ; 2.720      ;
; 1.656  ; 74193:inst4|23~1         ; 74193:inst1|24~_emulated ; rst          ; UPclk       ; 0.000        ; 2.476      ; 4.254      ;
; 1.709  ; 74193:inst4|23~_emulated ; 74193:inst4|24~_emulated ; UPclk        ; UPclk       ; 0.000        ; 1.766      ; 3.557      ;
; 1.715  ; 74193:inst1|23~_emulated ; 74193:inst4|24~_emulated ; UPclk        ; UPclk       ; 0.000        ; 2.843      ; 4.640      ;
; 1.728  ; 74193:inst4|25~_emulated ; 74193:inst4|23~_emulated ; UPclk        ; UPclk       ; 0.000        ; 3.248      ; 5.058      ;
; 1.731  ; 74193:inst1|24~_emulated ; 74193:inst4|23~_emulated ; UPclk        ; UPclk       ; 0.000        ; 3.897      ; 5.710      ;
; 1.748  ; 74193:inst4|23~_emulated ; 74193:inst1|24~_emulated ; UPclk        ; UPclk       ; 0.000        ; 1.940      ; 3.770      ;
; 1.754  ; 74193:inst1|23~_emulated ; 74193:inst1|24~_emulated ; UPclk        ; UPclk       ; 0.000        ; 3.017      ; 4.853      ;
; 1.756  ; UPclk                    ; 74193:inst4|24~_emulated ; UPclk        ; UPclk       ; -0.500       ; 4.362      ; 5.720      ;
; 1.776  ; 74193:inst4|25~_emulated ; 74193:inst1|23~_emulated ; UPclk        ; UPclk       ; 0.000        ; 3.077      ; 4.935      ;
; 1.779  ; 74193:inst1|24~_emulated ; 74193:inst1|23~_emulated ; UPclk        ; UPclk       ; 0.000        ; 3.726      ; 5.587      ;
; 1.806  ; 74193:inst1|25~_emulated ; 74193:inst4|24~_emulated ; UPclk        ; UPclk       ; 0.000        ; 3.179      ; 5.067      ;
; 1.816  ; UPclk                    ; 74193:inst1|24~_emulated ; UPclk        ; UPclk       ; -0.500       ; 4.515      ; 5.933      ;
; 1.820  ; 74193:inst4|26~_emulated ; 74193:inst1|25~_emulated ; UPclk        ; UPclk       ; -0.500       ; 3.045      ; 4.467      ;
; 1.829  ; 74193:inst1|26~_emulated ; 74193:inst4|24~_emulated ; UPclk        ; UPclk       ; 0.000        ; 3.225      ; 5.136      ;
; 1.844  ; 74193:inst4|25~1         ; 74193:inst4|25~_emulated ; UPclk        ; UPclk       ; 0.000        ; -1.525     ; 0.401      ;
; 1.863  ; 74193:inst4|26~_emulated ; 74193:inst4|25~_emulated ; UPclk        ; UPclk       ; -0.500       ; 2.941      ; 4.406      ;
; 1.866  ; 74193:inst1|25~_emulated ; 74193:inst1|24~_emulated ; UPclk        ; UPclk       ; 0.000        ; 3.332      ; 5.280      ;
; 1.870  ; 74193:inst4|24~_emulated ; 74193:inst1|24~_emulated ; UPclk        ; UPclk       ; 0.000        ; 2.713      ; 4.665      ;
; 1.889  ; 74193:inst1|26~_emulated ; 74193:inst1|24~_emulated ; UPclk        ; UPclk       ; 0.000        ; 3.378      ; 5.349      ;
; 1.936  ; 74193:inst4|23~1         ; 74193:inst1|25~_emulated ; rst          ; UPclk       ; -0.500       ; 2.585      ; 4.143      ;
; 1.979  ; 74193:inst4|23~1         ; 74193:inst4|25~_emulated ; rst          ; UPclk       ; -0.500       ; 2.481      ; 4.082      ;
; 1.983  ; 74193:inst4|26~1         ; 74193:inst4|23~_emulated ; rst          ; UPclk       ; 0.000        ; 3.084      ; 5.189      ;
; 1.986  ; rst                      ; 74193:inst4|25~_emulated ; rst          ; UPclk       ; 0.000        ; 2.002      ; 4.110      ;
+--------+--------------------------+--------------------------+--------------+-------------+--------------+------------+------------+


+------------------------------------------------------------------------------------------------------------------------------------+
; Fast 1200mV -40C Model Hold: 'rst'                                                                                                 ;
+--------+--------------------------+--------------------------+--------------+-------------+--------------+------------+------------+
; Slack  ; From Node                ; To Node                  ; Launch Clock ; Latch Clock ; Relationship ; Clock Skew ; Data Delay ;
+--------+--------------------------+--------------------------+--------------+-------------+--------------+------------+------------+
; -1.828 ; 7474:inst|9              ; 7474:inst|9              ; UPclk        ; rst         ; 0.000        ; 2.006      ; 0.300      ;
; -1.406 ; 74193:inst4|25~1         ; 74193:inst4|25~_emulated ; rst          ; rst         ; -0.500       ; 2.205      ; 0.401      ;
; -1.291 ; 74193:inst4|23~1         ; 74193:inst4|23~_emulated ; rst          ; rst         ; -0.500       ; 2.881      ; 1.192      ;
; -1.168 ; 74193:inst4|24~1         ; 74193:inst4|24~_emulated ; rst          ; rst         ; -0.500       ; 2.008      ; 0.442      ;
; -1.007 ; 74193:inst4|26~1         ; 74193:inst4|26~_emulated ; rst          ; rst         ; -0.500       ; 1.754      ; 0.349      ;
; -0.745 ; 74193:inst1|23~1         ; 74193:inst1|23~_emulated ; rst          ; rst         ; 0.000        ; 1.420      ; 0.757      ;
; -0.610 ; 74193:inst1|23~1         ; 74193:inst1|23~_emulated ; rst          ; rst         ; -0.500       ; 1.765      ; 0.757      ;
; -0.571 ; 74193:inst1|24~1         ; 74193:inst1|24~_emulated ; rst          ; rst         ; 0.000        ; 0.921      ; 0.432      ;
; -0.476 ; 74193:inst4|23~1         ; 74193:inst4|23~_emulated ; rst          ; rst         ; 0.000        ; 1.586      ; 1.192      ;
; -0.404 ; 74193:inst1|25~1         ; 74193:inst1|25~_emulated ; rst          ; rst         ; -0.500       ; 1.152      ; 0.350      ;
; -0.328 ; 74193:inst4|24~1         ; 74193:inst4|24~_emulated ; rst          ; rst         ; 0.000        ; 0.688      ; 0.442      ;
; -0.046 ; rst                      ; 74193:inst4|23~_emulated ; rst          ; rst         ; 0.000        ; 4.951      ; 4.987      ;
; -0.021 ; rst                      ; 74193:inst4|23~_emulated ; rst          ; rst         ; -0.500       ; 4.951      ; 4.532      ;
; 0.014  ; 74193:inst4|25~1         ; 74193:inst4|25~_emulated ; UPclk        ; rst         ; -0.500       ; 0.765      ; 0.401      ;
; 0.129  ; 74193:inst4|23~1         ; 74193:inst4|23~_emulated ; UPclk        ; rst         ; -0.500       ; 1.441      ; 1.192      ;
; 0.142  ; rst                      ; 74193:inst4|25~_emulated ; rst          ; rst         ; 0.000        ; 4.271      ; 4.495      ;
; 0.197  ; 7474:inst|9              ; 7474:inst|9              ; rst          ; rst         ; 0.000        ; 0.021      ; 0.300      ;
; 0.225  ; rst                      ; 74193:inst4|24~_emulated ; rst          ; rst         ; 0.000        ; 4.147      ; 4.454      ;
; 0.237  ; rst                      ; 74193:inst4|25~_emulated ; rst          ; rst         ; -0.500       ; 4.271      ; 4.110      ;
; 0.252  ; 74193:inst4|24~1         ; 74193:inst4|24~_emulated ; UPclk        ; rst         ; -0.500       ; 0.568      ; 0.442      ;
; 0.319  ; 74193:inst4|24~_emulated ; 74193:inst4|24~_emulated ; UPclk        ; rst         ; -0.500       ; 2.345      ; 2.286      ;
; 0.342  ; rst                      ; 74193:inst4|24~_emulated ; rst          ; rst         ; -0.500       ; 4.147      ; 4.091      ;
; 0.413  ; 74193:inst4|26~1         ; 74193:inst4|26~_emulated ; UPclk        ; rst         ; -0.500       ; 0.314      ; 0.349      ;
; 0.416  ; 74193:inst4|25~_emulated ; 74193:inst4|25~_emulated ; UPclk        ; rst         ; -0.500       ; 2.349      ; 2.387      ;
; 0.471  ; 74193:inst4|26~_emulated ; 74193:inst4|26~_emulated ; UPclk        ; rst         ; -0.500       ; 2.334      ; 2.427      ;
; 0.581  ; 74193:inst1|25~_emulated ; 74193:inst1|25~_emulated ; UPclk        ; rst         ; -0.500       ; 2.122      ; 2.325      ;
; 0.611  ; 74193:inst1|23~_emulated ; 74193:inst1|23~_emulated ; UPclk        ; rst         ; 0.000        ; 1.987      ; 2.720      ;
; 0.620  ; 74193:inst1|24~_emulated ; 74193:inst1|24~_emulated ; UPclk        ; rst         ; 0.000        ; 1.686      ; 2.428      ;
; 0.620  ; rst                      ; 74193:inst4|26~_emulated ; rst          ; rst         ; 0.000        ; 3.892      ; 4.594      ;
; 0.655  ; 74193:inst1|23~1         ; 74193:inst1|23~_emulated ; UPclk        ; rst         ; 0.000        ; -0.020     ; 0.757      ;
; 0.737  ; rst                      ; 74193:inst4|26~_emulated ; rst          ; rst         ; -0.500       ; 3.892      ; 4.231      ;
; 0.766  ; 74193:inst1|23~_emulated ; 74193:inst1|23~_emulated ; UPclk        ; rst         ; -0.500       ; 2.332      ; 2.720      ;
; 0.794  ; rst                      ; 74193:inst4|23~_emulated ; rst          ; rst         ; 0.000        ; 3.656      ; 4.532      ;
; 0.810  ; 74193:inst1|23~1         ; 74193:inst1|23~_emulated ; UPclk        ; rst         ; -0.500       ; 0.325      ; 0.757      ;
; 0.829  ; 74193:inst1|24~1         ; 74193:inst1|24~_emulated ; UPclk        ; rst         ; 0.000        ; -0.519     ; 0.432      ;
; 0.924  ; 74193:inst4|23~1         ; 74193:inst4|23~_emulated ; UPclk        ; rst         ; 0.000        ; 0.146      ; 1.192      ;
; 0.948  ; rst                      ; 74193:inst1|23~_emulated ; rst          ; rst         ; 0.000        ; 3.485      ; 4.515      ;
; 0.952  ; rst                      ; 74193:inst1|23~_emulated ; rst          ; rst         ; 0.000        ; 3.830      ; 4.864      ;
; 1.016  ; 74193:inst1|25~1         ; 74193:inst1|25~_emulated ; UPclk        ; rst         ; -0.500       ; -0.288     ; 0.350      ;
; 1.072  ; 74193:inst4|24~1         ; 74193:inst4|24~_emulated ; UPclk        ; rst         ; 0.000        ; -0.752     ; 0.442      ;
; 1.083  ; rst                      ; 74193:inst1|23~_emulated ; rst          ; rst         ; -0.500       ; 3.830      ; 4.515      ;
; 1.139  ; 74193:inst4|24~_emulated ; 74193:inst4|24~_emulated ; UPclk        ; rst         ; 0.000        ; 1.025      ; 2.286      ;
; 1.156  ; 74193:inst4|25~_emulated ; 74193:inst4|25~_emulated ; rst          ; rst         ; 0.000        ; 1.149      ; 2.387      ;
; 1.169  ; rst                      ; 74193:inst1|25~_emulated ; rst          ; rst         ; 0.000        ; 3.305      ; 4.556      ;
; 1.174  ; 74193:inst4|24~_emulated ; 74193:inst4|24~_emulated ; rst          ; rst         ; -0.500       ; 1.510      ; 2.286      ;
; 1.180  ; UPclk                    ; 74193:inst4|23~_emulated ; UPclk        ; rst         ; 0.000        ; 4.951      ; 6.253      ;
; 1.182  ; rst                      ; 74193:inst4|24~_emulated ; rst          ; rst         ; 0.000        ; 2.827      ; 4.091      ;
; 1.268  ; rst                      ; 74193:inst1|24~_emulated ; rst          ; rst         ; 0.000        ; 2.980      ; 4.330      ;
; 1.321  ; rst                      ; 74193:inst1|25~_emulated ; rst          ; rst         ; -0.500       ; 3.305      ; 4.228      ;
; 1.368  ; UPclk                    ; 74193:inst4|25~_emulated ; UPclk        ; rst         ; 0.000        ; 4.271      ; 5.761      ;
; 1.430  ; UPclk                    ; 74193:inst4|23~_emulated ; UPclk        ; rst         ; -0.500       ; 4.951      ; 6.003      ;
; 1.441  ; 74193:inst4|23~_emulated ; 74193:inst4|23~_emulated ; UPclk        ; rst         ; -0.500       ; 2.376      ; 3.439      ;
; 1.451  ; UPclk                    ; 74193:inst4|24~_emulated ; UPclk        ; rst         ; 0.000        ; 4.147      ; 5.720      ;
; 1.532  ; 74193:inst4|26~_emulated ; 74193:inst4|26~_emulated ; rst          ; rst         ; 0.000        ; 0.813      ; 2.427      ;
; 1.688  ; UPclk                    ; 74193:inst4|25~_emulated ; UPclk        ; rst         ; -0.500       ; 4.271      ; 5.581      ;
; 1.729  ; rst                      ; 74193:inst4|23~_emulated ; rst          ; rst         ; -0.500       ; 3.656      ; 4.987      ;
; 1.777  ; rst                      ; 74193:inst1|23~_emulated ; rst          ; rst         ; -0.500       ; 3.485      ; 4.864      ;
; 1.793  ; UPclk                    ; 74193:inst4|24~_emulated ; UPclk        ; rst         ; -0.500       ; 4.147      ; 5.562      ;
; 1.846  ; UPclk                    ; 74193:inst4|26~_emulated ; UPclk        ; rst         ; 0.000        ; 3.892      ; 5.860      ;
; 1.883  ; 74193:inst4|26~_emulated ; 74193:inst4|23~_emulated ; UPclk        ; rst         ; -0.500       ; 3.393      ; 4.898      ;
; 2.014  ; 74193:inst4|24~_emulated ; 74193:inst4|24~_emulated ; rst          ; rst         ; 0.000        ; 0.190      ; 2.286      ;
; 2.025  ; rst                      ; 74193:inst4|24~_emulated ; rst          ; rst         ; -0.500       ; 2.827      ; 4.454      ;
; 2.071  ; 74193:inst4|26~_emulated ; 74193:inst4|25~_emulated ; UPclk        ; rst         ; -0.500       ; 2.713      ; 4.406      ;
; 2.085  ; rst                      ; 74193:inst1|24~_emulated ; rst          ; rst         ; -0.500       ; 2.980      ; 4.667      ;
; 2.098  ; 74193:inst1|23~_emulated ; 74193:inst4|23~_emulated ; UPclk        ; rst         ; -0.500       ; 3.453      ; 5.173      ;
; 2.154  ; 74193:inst4|26~_emulated ; 74193:inst4|24~_emulated ; UPclk        ; rst         ; -0.500       ; 2.589      ; 4.365      ;
; 2.169  ; 74193:inst4|24~_emulated ; 74193:inst4|24~_emulated ; rst          ; rst         ; 0.000        ; 0.035      ; 2.286      ;
; 2.178  ; UPclk                    ; 74193:inst1|23~_emulated ; UPclk        ; rst         ; 0.000        ; 3.830      ; 6.130      ;
; 2.181  ; 74193:inst4|23~_emulated ; 74193:inst4|23~_emulated ; rst          ; rst         ; 0.000        ; 1.176      ; 3.439      ;
; 2.188  ; UPclk                    ; 74193:inst4|26~_emulated ; UPclk        ; rst         ; -0.500       ; 3.892      ; 5.702      ;
; 2.206  ; 74193:inst1|25~_emulated ; 74193:inst1|25~_emulated ; rst          ; rst         ; 0.000        ; 0.037      ; 2.325      ;
; 2.210  ; 74193:inst1|25~_emulated ; 74193:inst4|23~_emulated ; UPclk        ; rst         ; -0.500       ; 3.768      ; 5.600      ;
; 2.214  ; 74193:inst4|24~_emulated ; 74193:inst4|23~_emulated ; UPclk        ; rst         ; -0.500       ; 3.149      ; 4.985      ;
; 2.225  ; UPclk                    ; 74193:inst4|23~_emulated ; UPclk        ; rst         ; 0.000        ; 3.656      ; 6.003      ;
; 2.228  ; 74193:inst1|24~_emulated ; 74193:inst1|24~_emulated ; rst          ; rst         ; 0.000        ; 0.118      ; 2.428      ;
; 2.233  ; 74193:inst1|26~_emulated ; 74193:inst4|23~_emulated ; UPclk        ; rst         ; -0.500       ; 3.814      ; 5.669      ;
; 2.236  ; 74193:inst4|23~_emulated ; 74193:inst4|23~_emulated ; UPclk        ; rst         ; 0.000        ; 1.081      ; 3.439      ;
; 2.279  ; 74193:inst4|23~1         ; 74193:inst4|25~_emulated ; rst          ; rst         ; -0.500       ; 2.201      ; 4.082      ;
; 2.280  ; 74193:inst4|23~_emulated ; 74193:inst4|25~_emulated ; UPclk        ; rst         ; -0.500       ; 1.696      ; 3.598      ;
; 2.286  ; 74193:inst1|23~_emulated ; 74193:inst4|25~_emulated ; UPclk        ; rst         ; -0.500       ; 2.773      ; 4.681      ;
; 2.313  ; 74193:inst4|23~_emulated ; 74193:inst4|23~_emulated ; rst          ; rst         ; -0.500       ; 1.524      ; 3.439      ;
; 2.343  ; 74193:inst4|25~_emulated ; 74193:inst4|25~_emulated ; UPclk        ; rst         ; 0.000        ; -0.078     ; 2.387      ;
; 2.346  ; 74193:inst1|23~_emulated ; 74193:inst1|23~_emulated ; rst          ; rst         ; 0.000        ; 0.292      ; 2.720      ;
; 2.362  ; 74193:inst4|23~1         ; 74193:inst4|24~_emulated ; rst          ; rst         ; -0.500       ; 2.077      ; 4.041      ;
; 2.363  ; 74193:inst4|23~_emulated ; 74193:inst4|24~_emulated ; UPclk        ; rst         ; -0.500       ; 1.572      ; 3.557      ;
; 2.369  ; 74193:inst1|23~_emulated ; 74193:inst4|24~_emulated ; UPclk        ; rst         ; -0.500       ; 2.649      ; 4.640      ;
; 2.379  ; UPclk                    ; 74193:inst1|23~_emulated ; UPclk        ; rst         ; 0.000        ; 3.485      ; 5.986      ;
; 2.395  ; UPclk                    ; 74193:inst1|25~_emulated ; UPclk        ; rst         ; 0.000        ; 3.305      ; 5.822      ;
; 2.398  ; 74193:inst1|25~_emulated ; 74193:inst4|25~_emulated ; UPclk        ; rst         ; -0.500       ; 3.088      ; 5.108      ;
; 2.402  ; 74193:inst4|24~_emulated ; 74193:inst4|25~_emulated ; UPclk        ; rst         ; -0.500       ; 2.469      ; 4.493      ;
; 2.407  ; 74193:inst4|25~_emulated ; 74193:inst4|23~_emulated ; UPclk        ; rst         ; -0.500       ; 3.029      ; 5.058      ;
; 2.421  ; 74193:inst1|26~_emulated ; 74193:inst4|25~_emulated ; UPclk        ; rst         ; -0.500       ; 3.134      ; 5.177      ;
; 2.431  ; 74193:inst1|24~_emulated ; 74193:inst4|23~_emulated ; UPclk        ; rst         ; -0.500       ; 3.657      ; 5.710      ;
; 2.481  ; 74193:inst1|25~_emulated ; 74193:inst4|24~_emulated ; UPclk        ; rst         ; -0.500       ; 2.964      ; 5.067      ;
; 2.481  ; 74193:inst1|23~_emulated ; 74193:inst1|23~_emulated ; rst          ; rst         ; -0.500       ; 0.637      ; 2.720      ;
; 2.504  ; 74193:inst1|26~_emulated ; 74193:inst4|24~_emulated ; UPclk        ; rst         ; -0.500       ; 3.010      ; 5.136      ;
; 2.534  ; UPclk                    ; 74193:inst1|23~_emulated ; UPclk        ; rst         ; -0.500       ; 3.830      ; 5.986      ;
; 2.598  ; 74193:inst1|23~_emulated ; 74193:inst1|23~_emulated ; rst          ; rst         ; 0.000        ; 0.040      ; 2.720      ;
; 2.613  ; UPclk                    ; 74193:inst4|24~_emulated ; UPclk        ; rst         ; 0.000        ; 2.827      ; 5.562      ;
; 2.619  ; 74193:inst1|24~_emulated ; 74193:inst4|25~_emulated ; UPclk        ; rst         ; -0.500       ; 2.977      ; 5.218      ;
+--------+--------------------------+--------------------------+--------------+-------------+--------------+------------+------------+


+------------------------------------------------------------------------------------------------------------------------------------+
; Fast 1200mV -40C Model Recovery: 'UPclk'                                                                                           ;
+--------+--------------------------+--------------------------+--------------+-------------+--------------+------------+------------+
; Slack  ; From Node                ; To Node                  ; Launch Clock ; Latch Clock ; Relationship ; Clock Skew ; Data Delay ;
+--------+--------------------------+--------------------------+--------------+-------------+--------------+------------+------------+
; -6.597 ; 74193:inst1|25~_emulated ; 74193:inst1|26~_emulated ; UPclk        ; UPclk       ; 0.500        ; -3.487     ; 3.598      ;
; -6.551 ; 74193:inst1|25~_emulated ; 74193:inst1|25~_emulated ; UPclk        ; UPclk       ; 0.500        ; -3.441     ; 3.598      ;
; -6.438 ; 74193:inst1|25~_emulated ; 74193:inst1|24~_emulated ; UPclk        ; UPclk       ; 0.500        ; -3.330     ; 3.596      ;
; -6.220 ; 74193:inst1|25~_emulated ; 74193:inst1|23~_emulated ; UPclk        ; UPclk       ; 0.500        ; -3.105     ; 3.603      ;
; -6.161 ; 74193:inst1|25~_emulated ; 74193:inst4|26~_emulated ; UPclk        ; UPclk       ; 0.500        ; -3.045     ; 3.604      ;
; -6.094 ; 74193:inst1|24~_emulated ; 74193:inst1|26~_emulated ; UPclk        ; UPclk       ; 1.000        ; -3.378     ; 3.704      ;
; -6.048 ; 74193:inst1|24~_emulated ; 74193:inst1|25~_emulated ; UPclk        ; UPclk       ; 1.000        ; -3.332     ; 3.704      ;
; -5.981 ; 74193:inst1|23~_emulated ; 74193:inst1|26~_emulated ; UPclk        ; UPclk       ; 1.000        ; -3.883     ; 3.086      ;
; -5.935 ; 74193:inst1|23~_emulated ; 74193:inst1|25~_emulated ; UPclk        ; UPclk       ; 1.000        ; -3.837     ; 3.086      ;
; -5.935 ; 74193:inst1|24~_emulated ; 74193:inst1|24~_emulated ; UPclk        ; UPclk       ; 1.000        ; -3.221     ; 3.702      ;
; -5.917 ; 74193:inst1|25~_emulated ; 74193:inst4|24~_emulated ; UPclk        ; UPclk       ; 0.500        ; -2.801     ; 3.604      ;
; -5.859 ; 74193:inst4|25~_emulated ; 74193:inst1|26~_emulated ; UPclk        ; UPclk       ; 0.500        ; -3.383     ; 2.964      ;
; -5.822 ; 74193:inst1|23~_emulated ; 74193:inst1|24~_emulated ; UPclk        ; UPclk       ; 1.000        ; -3.726     ; 3.084      ;
; -5.813 ; 74193:inst4|25~_emulated ; 74193:inst1|25~_emulated ; UPclk        ; UPclk       ; 0.500        ; -3.337     ; 2.964      ;
; -5.798 ; 74193:inst1|25~_emulated ; 74193:inst4|25~_emulated ; UPclk        ; UPclk       ; 0.500        ; -2.681     ; 3.605      ;
; -5.738 ; 74193:inst1|24~_emulated ; 74193:inst1|23~_emulated ; UPclk        ; UPclk       ; 1.000        ; -3.017     ; 3.709      ;
; -5.700 ; 74193:inst4|25~_emulated ; 74193:inst1|24~_emulated ; UPclk        ; UPclk       ; 0.500        ; -3.226     ; 2.962      ;
; -5.679 ; 74193:inst1|24~_emulated ; 74193:inst4|26~_emulated ; UPclk        ; UPclk       ; 1.000        ; -2.957     ; 3.710      ;
; -5.630 ; 74193:inst4|26~_emulated ; 74193:inst1|26~_emulated ; UPclk        ; UPclk       ; 0.500        ; -3.357     ; 2.761      ;
; -5.630 ; 74193:inst4|25~_emulated ; 74193:inst1|26~_emulated ; rst          ; UPclk       ; 0.500        ; -3.134     ; 2.964      ;
; -5.604 ; 74193:inst1|23~_emulated ; 74193:inst1|23~_emulated ; UPclk        ; UPclk       ; 1.000        ; -3.501     ; 3.091      ;
; -5.584 ; 74193:inst4|26~_emulated ; 74193:inst1|25~_emulated ; UPclk        ; UPclk       ; 0.500        ; -3.311     ; 2.761      ;
; -5.584 ; 74193:inst4|25~_emulated ; 74193:inst1|25~_emulated ; rst          ; UPclk       ; 0.500        ; -3.088     ; 2.964      ;
; -5.545 ; 74193:inst1|23~_emulated ; 74193:inst4|26~_emulated ; UPclk        ; UPclk       ; 1.000        ; -3.441     ; 3.092      ;
; -5.482 ; 74193:inst4|25~_emulated ; 74193:inst1|23~_emulated ; UPclk        ; UPclk       ; 0.500        ; -3.001     ; 2.969      ;
; -5.471 ; 74193:inst4|26~_emulated ; 74193:inst1|24~_emulated ; UPclk        ; UPclk       ; 0.500        ; -3.200     ; 2.759      ;
; -5.471 ; 74193:inst4|25~_emulated ; 74193:inst1|24~_emulated ; rst          ; UPclk       ; 0.500        ; -2.977     ; 2.962      ;
; -5.435 ; 74193:inst1|24~_emulated ; 74193:inst4|24~_emulated ; UPclk        ; UPclk       ; 1.000        ; -2.713     ; 3.710      ;
; -5.424 ; 74193:inst4|24~_emulated ; 74193:inst1|26~_emulated ; rst          ; UPclk       ; 0.500        ; -3.010     ; 2.882      ;
; -5.423 ; 74193:inst4|25~_emulated ; 74193:inst4|26~_emulated ; UPclk        ; UPclk       ; 0.500        ; -2.941     ; 2.970      ;
; -5.378 ; 74193:inst4|24~_emulated ; 74193:inst1|25~_emulated ; rst          ; UPclk       ; 0.500        ; -2.964     ; 2.882      ;
; -5.377 ; 74193:inst1|24~1         ; 74193:inst1|26~_emulated ; UPclk        ; UPclk       ; 1.000        ; -2.498     ; 3.867      ;
; -5.331 ; 74193:inst1|24~1         ; 74193:inst1|25~_emulated ; UPclk        ; UPclk       ; 1.000        ; -2.452     ; 3.867      ;
; -5.316 ; 74193:inst1|24~_emulated ; 74193:inst4|25~_emulated ; UPclk        ; UPclk       ; 1.000        ; -2.593     ; 3.711      ;
; -5.311 ; 74193:inst1|23~_emulated ; 74193:inst1|26~_emulated ; rst          ; UPclk       ; 0.500        ; -2.693     ; 3.086      ;
; -5.301 ; 74193:inst1|23~_emulated ; 74193:inst4|24~_emulated ; UPclk        ; UPclk       ; 1.000        ; -3.197     ; 3.092      ;
; -5.298 ; 74193:inst1|25~_emulated ; 74193:inst1|26~_emulated ; rst          ; UPclk       ; 0.500        ; -2.168     ; 3.598      ;
; -5.274 ; 74193:inst4|25~_emulated ; 74193:inst1|23~_emulated ; rst          ; UPclk       ; 0.500        ; -2.773     ; 2.969      ;
; -5.265 ; 74193:inst1|23~_emulated ; 74193:inst1|25~_emulated ; rst          ; UPclk       ; 0.500        ; -2.647     ; 3.086      ;
; -5.265 ; 74193:inst4|24~_emulated ; 74193:inst1|24~_emulated ; rst          ; UPclk       ; 0.500        ; -2.853     ; 2.880      ;
; -5.253 ; 74193:inst4|26~_emulated ; 74193:inst1|23~_emulated ; UPclk        ; UPclk       ; 0.500        ; -2.975     ; 2.766      ;
; -5.252 ; 74193:inst1|25~_emulated ; 74193:inst1|25~_emulated ; rst          ; UPclk       ; 0.500        ; -2.122     ; 3.598      ;
; -5.218 ; 74193:inst1|24~1         ; 74193:inst1|24~_emulated ; UPclk        ; UPclk       ; 1.000        ; -2.341     ; 3.865      ;
; -5.215 ; 74193:inst4|25~_emulated ; 74193:inst4|26~_emulated ; rst          ; UPclk       ; 0.500        ; -2.713     ; 2.970      ;
; -5.194 ; 74193:inst4|26~_emulated ; 74193:inst4|26~_emulated ; UPclk        ; UPclk       ; 0.500        ; -2.915     ; 2.767      ;
; -5.182 ; 74193:inst1|23~_emulated ; 74193:inst4|25~_emulated ; UPclk        ; UPclk       ; 1.000        ; -3.077     ; 3.093      ;
; -5.180 ; 74193:inst4|23~_emulated ; 74193:inst1|26~_emulated ; rst          ; UPclk       ; 0.500        ; -3.814     ; 1.834      ;
; -5.179 ; 74193:inst4|25~_emulated ; 74193:inst4|24~_emulated ; UPclk        ; UPclk       ; 0.500        ; -2.697     ; 2.970      ;
; -5.152 ; 74193:inst1|23~_emulated ; 74193:inst1|24~_emulated ; rst          ; UPclk       ; 0.500        ; -2.536     ; 3.084      ;
; -5.148 ; 74193:inst1|25~1         ; 74193:inst1|26~_emulated ; UPclk        ; UPclk       ; 1.000        ; -2.597     ; 3.539      ;
; -5.148 ; 74193:inst1|25~_emulated ; 74193:inst4|23~_emulated ; UPclk        ; UPclk       ; 0.500        ; -2.028     ; 3.608      ;
; -5.139 ; 74193:inst1|25~_emulated ; 74193:inst1|24~_emulated ; rst          ; UPclk       ; 0.500        ; -2.011     ; 3.596      ;
; -5.134 ; 74193:inst4|23~_emulated ; 74193:inst1|25~_emulated ; rst          ; UPclk       ; 0.500        ; -3.768     ; 1.834      ;
; -5.119 ; 74193:inst4|24~_emulated ; 74193:inst1|26~_emulated ; UPclk        ; UPclk       ; 1.000        ; -3.225     ; 2.882      ;
; -5.102 ; 74193:inst1|25~1         ; 74193:inst1|25~_emulated ; UPclk        ; UPclk       ; 1.000        ; -2.551     ; 3.539      ;
; -5.091 ; 74193:inst1|26~1         ; 74193:inst1|26~_emulated ; UPclk        ; UPclk       ; 1.000        ; -2.600     ; 3.479      ;
; -5.073 ; 74193:inst4|24~_emulated ; 74193:inst1|25~_emulated ; UPclk        ; UPclk       ; 1.000        ; -3.179     ; 2.882      ;
; -5.068 ; 74193:inst4|24~_emulated ; 74193:inst1|23~_emulated ; rst          ; UPclk       ; 0.500        ; -2.649     ; 2.887      ;
; -5.060 ; 74193:inst4|25~_emulated ; 74193:inst4|25~_emulated ; UPclk        ; UPclk       ; 0.500        ; -2.577     ; 2.971      ;
; -5.048 ; 74193:inst4|26~_emulated ; 74193:inst1|26~_emulated ; rst          ; UPclk       ; 0.500        ; -2.755     ; 2.761      ;
; -5.045 ; 74193:inst1|26~1         ; 74193:inst1|25~_emulated ; UPclk        ; UPclk       ; 1.000        ; -2.554     ; 3.479      ;
; -5.021 ; 74193:inst4|23~_emulated ; 74193:inst1|24~_emulated ; rst          ; UPclk       ; 0.500        ; -3.657     ; 1.832      ;
; -5.009 ; 74193:inst4|24~_emulated ; 74193:inst4|26~_emulated ; rst          ; UPclk       ; 0.500        ; -2.589     ; 2.888      ;
; -5.002 ; 74193:inst4|26~_emulated ; 74193:inst1|25~_emulated ; rst          ; UPclk       ; 0.500        ; -2.709     ; 2.761      ;
; -5.000 ; 74193:inst1|24~1         ; 74193:inst1|23~_emulated ; UPclk        ; UPclk       ; 1.000        ; -2.116     ; 3.872      ;
; -4.989 ; 74193:inst1|25~1         ; 74193:inst1|24~_emulated ; UPclk        ; UPclk       ; 1.000        ; -2.440     ; 3.537      ;
; -4.971 ; 74193:inst4|25~_emulated ; 74193:inst4|24~_emulated ; rst          ; UPclk       ; 0.500        ; -2.469     ; 2.970      ;
; -4.960 ; 74193:inst4|24~_emulated ; 74193:inst1|24~_emulated ; UPclk        ; UPclk       ; 1.000        ; -3.068     ; 2.880      ;
; -4.955 ; 74193:inst1|23~_emulated ; 74193:inst1|23~_emulated ; rst          ; UPclk       ; 0.500        ; -2.332     ; 3.091      ;
; -4.950 ; 74193:inst4|26~_emulated ; 74193:inst4|24~_emulated ; UPclk        ; UPclk       ; 0.500        ; -2.671     ; 2.767      ;
; -4.942 ; 74193:inst1|25~_emulated ; 74193:inst1|23~_emulated ; rst          ; UPclk       ; 0.500        ; -1.807     ; 3.603      ;
; -4.941 ; 74193:inst1|24~1         ; 74193:inst4|26~_emulated ; UPclk        ; UPclk       ; 1.000        ; -2.056     ; 3.873      ;
; -4.932 ; 74193:inst1|26~1         ; 74193:inst1|24~_emulated ; UPclk        ; UPclk       ; 1.000        ; -2.443     ; 3.477      ;
; -4.900 ; 74193:inst4|23~_emulated ; 74193:inst1|26~_emulated ; UPclk        ; UPclk       ; 1.000        ; -4.054     ; 1.834      ;
; -4.896 ; 74193:inst1|23~_emulated ; 74193:inst4|26~_emulated ; rst          ; UPclk       ; 0.500        ; -2.272     ; 3.092      ;
; -4.889 ; 74193:inst4|26~_emulated ; 74193:inst1|24~_emulated ; rst          ; UPclk       ; 0.500        ; -2.598     ; 2.759      ;
; -4.883 ; 74193:inst1|25~_emulated ; 74193:inst4|26~_emulated ; rst          ; UPclk       ; 0.500        ; -1.747     ; 3.604      ;
; -4.864 ; 74193:inst4|24~1         ; 74193:inst1|26~_emulated ; UPclk        ; UPclk       ; 1.000        ; -2.582     ; 3.270      ;
; -4.857 ; 74193:inst1|23~1         ; 74193:inst1|26~_emulated ; UPclk        ; UPclk       ; 1.000        ; -2.504     ; 3.341      ;
; -4.854 ; 74193:inst4|23~_emulated ; 74193:inst1|25~_emulated ; UPclk        ; UPclk       ; 1.000        ; -4.008     ; 1.834      ;
; -4.853 ; 74193:inst4|25~1         ; 74193:inst1|26~_emulated ; UPclk        ; UPclk       ; 1.000        ; -2.505     ; 3.336      ;
; -4.852 ; 74193:inst4|25~_emulated ; 74193:inst4|25~_emulated ; rst          ; UPclk       ; 0.500        ; -2.349     ; 2.971      ;
; -4.831 ; 74193:inst4|26~_emulated ; 74193:inst4|25~_emulated ; UPclk        ; UPclk       ; 0.500        ; -2.551     ; 2.768      ;
; -4.824 ; 74193:inst4|23~_emulated ; 74193:inst1|23~_emulated ; rst          ; UPclk       ; 0.500        ; -3.453     ; 1.839      ;
; -4.818 ; 74193:inst4|24~1         ; 74193:inst1|25~_emulated ; UPclk        ; UPclk       ; 1.000        ; -2.536     ; 3.270      ;
; -4.811 ; 74193:inst1|23~1         ; 74193:inst1|25~_emulated ; UPclk        ; UPclk       ; 1.000        ; -2.458     ; 3.341      ;
; -4.807 ; 74193:inst4|25~1         ; 74193:inst1|25~_emulated ; UPclk        ; UPclk       ; 1.000        ; -2.459     ; 3.336      ;
; -4.771 ; 74193:inst1|25~1         ; 74193:inst1|23~_emulated ; UPclk        ; UPclk       ; 1.000        ; -2.215     ; 3.544      ;
; -4.765 ; 74193:inst4|23~_emulated ; 74193:inst4|26~_emulated ; rst          ; UPclk       ; 0.500        ; -3.393     ; 1.840      ;
; -4.765 ; 74193:inst4|24~_emulated ; 74193:inst4|24~_emulated ; rst          ; UPclk       ; 0.500        ; -2.345     ; 2.888      ;
; -4.742 ; 74193:inst4|24~_emulated ; 74193:inst1|23~_emulated ; UPclk        ; UPclk       ; 1.000        ; -2.843     ; 2.887      ;
; -4.741 ; 74193:inst4|23~_emulated ; 74193:inst1|24~_emulated ; UPclk        ; UPclk       ; 1.000        ; -3.897     ; 1.832      ;
; -4.714 ; 74193:inst1|26~1         ; 74193:inst1|23~_emulated ; UPclk        ; UPclk       ; 1.000        ; -2.218     ; 3.484      ;
; -4.712 ; 74193:inst1|25~1         ; 74193:inst4|26~_emulated ; UPclk        ; UPclk       ; 1.000        ; -2.155     ; 3.545      ;
; -4.705 ; 74193:inst4|24~1         ; 74193:inst1|24~_emulated ; UPclk        ; UPclk       ; 1.000        ; -2.425     ; 3.268      ;
; -4.703 ; 74193:inst4|26~1         ; 74193:inst1|26~_emulated ; UPclk        ; UPclk       ; 1.000        ; -2.581     ; 3.110      ;
; -4.698 ; 74193:inst1|23~1         ; 74193:inst1|24~_emulated ; UPclk        ; UPclk       ; 1.000        ; -2.347     ; 3.339      ;
; -4.697 ; 74193:inst1|24~1         ; 74193:inst4|24~_emulated ; UPclk        ; UPclk       ; 1.000        ; -1.812     ; 3.873      ;
; -4.694 ; 74193:inst4|25~1         ; 74193:inst1|24~_emulated ; UPclk        ; UPclk       ; 1.000        ; -2.348     ; 3.334      ;
; -4.692 ; 74193:inst4|26~_emulated ; 74193:inst1|23~_emulated ; rst          ; UPclk       ; 0.500        ; -2.394     ; 2.766      ;
+--------+--------------------------+--------------------------+--------------+-------------+--------------+------------+------------+


+------------------------------------------------------------------------------------------------------------------------------------+
; Fast 1200mV -40C Model Recovery: 'rst'                                                                                             ;
+--------+--------------------------+--------------------------+--------------+-------------+--------------+------------+------------+
; Slack  ; From Node                ; To Node                  ; Launch Clock ; Latch Clock ; Relationship ; Clock Skew ; Data Delay ;
+--------+--------------------------+--------------------------+--------------+-------------+--------------+------------+------------+
; -5.154 ; 74193:inst1|25~_emulated ; 74193:inst4|24~_emulated ; UPclk        ; rst         ; 0.500        ; -2.018     ; 3.604      ;
; -4.921 ; 74193:inst1|25~_emulated ; 74193:inst1|24~_emulated ; UPclk        ; rst         ; 0.500        ; -1.793     ; 3.596      ;
; -4.717 ; 74193:inst1|24~_emulated ; 74193:inst4|26~_emulated ; UPclk        ; rst         ; 0.500        ; -1.475     ; 3.710      ;
; -4.675 ; 74193:inst1|24~_emulated ; 74193:inst4|25~_emulated ; UPclk        ; rst         ; 0.500        ; -1.432     ; 3.711      ;
; -4.651 ; 74193:inst1|24~_emulated ; 74193:inst4|24~_emulated ; UPclk        ; rst         ; 1.000        ; -1.909     ; 3.710      ;
; -4.604 ; 74193:inst1|23~_emulated ; 74193:inst4|26~_emulated ; UPclk        ; rst         ; 0.500        ; -1.980     ; 3.092      ;
; -4.597 ; 74193:inst1|25~_emulated ; 74193:inst1|23~_emulated ; UPclk        ; rst         ; 0.500        ; -1.462     ; 3.603      ;
; -4.583 ; 74193:inst1|24~_emulated ; 74193:inst1|25~_emulated ; UPclk        ; rst         ; 0.500        ; -1.347     ; 3.704      ;
; -4.562 ; 74193:inst1|23~_emulated ; 74193:inst4|25~_emulated ; UPclk        ; rst         ; 0.500        ; -1.937     ; 3.093      ;
; -4.538 ; 74193:inst1|23~_emulated ; 74193:inst4|24~_emulated ; UPclk        ; rst         ; 1.000        ; -2.414     ; 3.092      ;
; -4.494 ; 74193:inst1|24~_emulated ; 74193:inst4|24~_emulated ; UPclk        ; rst         ; 0.500        ; -1.252     ; 3.710      ;
; -4.470 ; 74193:inst1|23~_emulated ; 74193:inst1|25~_emulated ; UPclk        ; rst         ; 0.500        ; -1.852     ; 3.086      ;
; -4.418 ; 74193:inst1|24~_emulated ; 74193:inst1|24~_emulated ; UPclk        ; rst         ; 1.000        ; -1.684     ; 3.702      ;
; -4.416 ; 74193:inst4|25~_emulated ; 74193:inst4|24~_emulated ; UPclk        ; rst         ; 0.500        ; -1.914     ; 2.970      ;
; -4.381 ; 74193:inst1|23~_emulated ; 74193:inst4|24~_emulated ; UPclk        ; rst         ; 0.500        ; -1.757     ; 3.092      ;
; -4.368 ; 74193:inst1|25~_emulated ; 74193:inst4|23~_emulated ; UPclk        ; rst         ; 0.500        ; -1.228     ; 3.608      ;
; -4.305 ; 74193:inst1|23~_emulated ; 74193:inst1|24~_emulated ; UPclk        ; rst         ; 1.000        ; -2.189     ; 3.084      ;
; -4.220 ; 74193:inst1|24~_emulated ; 74193:inst1|23~_emulated ; UPclk        ; rst         ; 0.500        ; -0.979     ; 3.709      ;
; -4.220 ; 74193:inst1|25~_emulated ; 74193:inst4|26~_emulated ; UPclk        ; rst         ; 1.000        ; -1.584     ; 3.604      ;
; -4.187 ; 74193:inst4|26~_emulated ; 74193:inst4|24~_emulated ; UPclk        ; rst         ; 0.500        ; -1.888     ; 2.767      ;
; -4.183 ; 74193:inst4|25~_emulated ; 74193:inst1|24~_emulated ; UPclk        ; rst         ; 0.500        ; -1.689     ; 2.962      ;
; -4.178 ; 74193:inst1|25~_emulated ; 74193:inst4|25~_emulated ; UPclk        ; rst         ; 1.000        ; -1.541     ; 3.605      ;
; -4.116 ; 74193:inst4|25~_emulated ; 74193:inst4|24~_emulated ; rst          ; rst         ; 0.500        ; -1.634     ; 2.970      ;
; -4.107 ; 74193:inst1|23~_emulated ; 74193:inst1|23~_emulated ; UPclk        ; rst         ; 0.500        ; -1.484     ; 3.091      ;
; -4.094 ; 74193:inst1|24~_emulated ; 74193:inst1|23~_emulated ; UPclk        ; rst         ; 1.000        ; -1.353     ; 3.709      ;
; -4.086 ; 74193:inst1|25~_emulated ; 74193:inst1|25~_emulated ; UPclk        ; rst         ; 1.000        ; -1.456     ; 3.598      ;
; -4.025 ; 74193:inst1|24~_emulated ; 74193:inst4|23~_emulated ; UPclk        ; rst         ; 0.500        ; -0.779     ; 3.714      ;
; -4.000 ; 74193:inst1|24~1         ; 74193:inst4|26~_emulated ; UPclk        ; rst         ; 0.500        ; -0.595     ; 3.873      ;
; -3.997 ; 74193:inst1|25~_emulated ; 74193:inst4|24~_emulated ; UPclk        ; rst         ; 1.000        ; -1.361     ; 3.604      ;
; -3.981 ; 74193:inst1|23~_emulated ; 74193:inst1|23~_emulated ; UPclk        ; rst         ; 1.000        ; -1.858     ; 3.091      ;
; -3.958 ; 74193:inst1|24~1         ; 74193:inst4|25~_emulated ; UPclk        ; rst         ; 0.500        ; -0.552     ; 3.874      ;
; -3.954 ; 74193:inst4|26~_emulated ; 74193:inst1|24~_emulated ; UPclk        ; rst         ; 0.500        ; -1.663     ; 2.759      ;
; -3.934 ; 74193:inst1|24~1         ; 74193:inst4|24~_emulated ; UPclk        ; rst         ; 1.000        ; -1.029     ; 3.873      ;
; -3.912 ; 74193:inst1|23~_emulated ; 74193:inst4|23~_emulated ; UPclk        ; rst         ; 0.500        ; -1.284     ; 3.096      ;
; -3.910 ; 74193:inst4|24~_emulated ; 74193:inst4|24~_emulated ; rst          ; rst         ; 0.500        ; -1.510     ; 2.888      ;
; -3.883 ; 74193:inst4|25~_emulated ; 74193:inst1|24~_emulated ; rst          ; rst         ; 0.500        ; -1.409     ; 2.962      ;
; -3.866 ; 74193:inst1|24~1         ; 74193:inst1|25~_emulated ; UPclk        ; rst         ; 0.500        ; -0.467     ; 3.867      ;
; -3.865 ; 74193:inst1|24~_emulated ; 74193:inst4|23~_emulated ; UPclk        ; rst         ; 1.000        ; -1.119     ; 3.714      ;
; -3.859 ; 74193:inst4|25~_emulated ; 74193:inst1|23~_emulated ; UPclk        ; rst         ; 0.500        ; -1.358     ; 2.969      ;
; -3.797 ; 74193:inst1|23~_emulated ; 74193:inst4|24~_emulated ; rst          ; rst         ; 0.500        ; -1.193     ; 3.092      ;
; -3.784 ; 74193:inst1|25~_emulated ; 74193:inst4|24~_emulated ; rst          ; rst         ; 0.500        ; -0.668     ; 3.604      ;
; -3.777 ; 74193:inst1|24~1         ; 74193:inst4|24~_emulated ; UPclk        ; rst         ; 0.500        ; -0.372     ; 3.873      ;
; -3.771 ; 74193:inst1|25~1         ; 74193:inst4|26~_emulated ; UPclk        ; rst         ; 0.500        ; -0.694     ; 3.545      ;
; -3.752 ; 74193:inst1|23~_emulated ; 74193:inst4|23~_emulated ; UPclk        ; rst         ; 1.000        ; -1.624     ; 3.096      ;
; -3.742 ; 74193:inst4|24~_emulated ; 74193:inst4|26~_emulated ; UPclk        ; rst         ; 0.500        ; -1.322     ; 2.888      ;
; -3.729 ; 74193:inst1|25~1         ; 74193:inst4|25~_emulated ; UPclk        ; rst         ; 0.500        ; -0.651     ; 3.546      ;
; -3.723 ; 74193:inst1|25~_emulated ; 74193:inst1|23~_emulated ; UPclk        ; rst         ; 1.000        ; -1.088     ; 3.603      ;
; -3.714 ; 74193:inst1|26~1         ; 74193:inst4|26~_emulated ; UPclk        ; rst         ; 0.500        ; -0.697     ; 3.485      ;
; -3.705 ; 74193:inst1|25~1         ; 74193:inst4|24~_emulated ; UPclk        ; rst         ; 1.000        ; -1.128     ; 3.545      ;
; -3.701 ; 74193:inst1|24~1         ; 74193:inst1|24~_emulated ; UPclk        ; rst         ; 1.000        ; -0.804     ; 3.865      ;
; -3.700 ; 74193:inst4|24~_emulated ; 74193:inst4|25~_emulated ; UPclk        ; rst         ; 0.500        ; -1.279     ; 2.889      ;
; -3.677 ; 74193:inst4|24~_emulated ; 74193:inst1|24~_emulated ; rst          ; rst         ; 0.500        ; -1.285     ; 2.880      ;
; -3.676 ; 74193:inst4|24~_emulated ; 74193:inst4|24~_emulated ; UPclk        ; rst         ; 1.000        ; -1.756     ; 2.888      ;
; -3.672 ; 74193:inst1|26~1         ; 74193:inst4|25~_emulated ; UPclk        ; rst         ; 0.500        ; -0.654     ; 3.486      ;
; -3.666 ; 74193:inst4|23~_emulated ; 74193:inst4|24~_emulated ; rst          ; rst         ; 0.500        ; -2.314     ; 1.840      ;
; -3.648 ; 74193:inst1|26~1         ; 74193:inst4|24~_emulated ; UPclk        ; rst         ; 1.000        ; -1.131     ; 3.485      ;
; -3.637 ; 74193:inst1|25~1         ; 74193:inst1|25~_emulated ; UPclk        ; rst         ; 0.500        ; -0.566     ; 3.539      ;
; -3.630 ; 74193:inst4|26~_emulated ; 74193:inst1|23~_emulated ; UPclk        ; rst         ; 0.500        ; -1.332     ; 2.766      ;
; -3.630 ; 74193:inst4|25~_emulated ; 74193:inst4|23~_emulated ; UPclk        ; rst         ; 0.500        ; -1.124     ; 2.974      ;
; -3.608 ; 74193:inst4|24~_emulated ; 74193:inst1|25~_emulated ; UPclk        ; rst         ; 0.500        ; -1.194     ; 2.882      ;
; -3.580 ; 74193:inst1|26~1         ; 74193:inst1|25~_emulated ; UPclk        ; rst         ; 0.500        ; -0.569     ; 3.479      ;
; -3.564 ; 74193:inst1|23~_emulated ; 74193:inst1|24~_emulated ; rst          ; rst         ; 0.500        ; -0.968     ; 3.084      ;
; -3.559 ; 74193:inst4|25~_emulated ; 74193:inst1|23~_emulated ; rst          ; rst         ; 0.500        ; -1.078     ; 2.969      ;
; -3.551 ; 74193:inst1|25~_emulated ; 74193:inst1|24~_emulated ; rst          ; rst         ; 0.500        ; -0.443     ; 3.596      ;
; -3.548 ; 74193:inst1|25~1         ; 74193:inst4|24~_emulated ; UPclk        ; rst         ; 0.500        ; -0.471     ; 3.545      ;
; -3.534 ; 74193:inst4|26~_emulated ; 74193:inst4|24~_emulated ; rst          ; rst         ; 0.500        ; -1.255     ; 2.767      ;
; -3.528 ; 74193:inst1|25~_emulated ; 74193:inst4|23~_emulated ; UPclk        ; rst         ; 1.000        ; -0.888     ; 3.608      ;
; -3.523 ; 74193:inst4|23~_emulated ; 74193:inst4|26~_emulated ; UPclk        ; rst         ; 0.500        ; -2.151     ; 1.840      ;
; -3.519 ; 74193:inst4|24~_emulated ; 74193:inst4|24~_emulated ; UPclk        ; rst         ; 0.500        ; -1.099     ; 2.888      ;
; -3.503 ; 74193:inst1|24~1         ; 74193:inst1|23~_emulated ; UPclk        ; rst         ; 0.500        ; -0.099     ; 3.872      ;
; -3.491 ; 74193:inst1|26~1         ; 74193:inst4|24~_emulated ; UPclk        ; rst         ; 0.500        ; -0.474     ; 3.485      ;
; -3.487 ; 74193:inst4|24~1         ; 74193:inst4|26~_emulated ; UPclk        ; rst         ; 0.500        ; -0.679     ; 3.276      ;
; -3.482 ; 74193:inst4|25~_emulated ; 74193:inst4|26~_emulated ; UPclk        ; rst         ; 1.000        ; -1.480     ; 2.970      ;
; -3.481 ; 74193:inst4|23~_emulated ; 74193:inst4|25~_emulated ; UPclk        ; rst         ; 0.500        ; -2.108     ; 1.841      ;
; -3.480 ; 74193:inst1|23~1         ; 74193:inst4|26~_emulated ; UPclk        ; rst         ; 0.500        ; -0.601     ; 3.347      ;
; -3.476 ; 74193:inst4|25~1         ; 74193:inst4|26~_emulated ; UPclk        ; rst         ; 0.500        ; -0.602     ; 3.342      ;
; -3.472 ; 74193:inst1|25~1         ; 74193:inst1|24~_emulated ; UPclk        ; rst         ; 1.000        ; -0.903     ; 3.537      ;
; -3.457 ; 74193:inst4|23~_emulated ; 74193:inst4|24~_emulated ; UPclk        ; rst         ; 1.000        ; -2.585     ; 1.840      ;
; -3.445 ; 74193:inst4|24~1         ; 74193:inst4|25~_emulated ; UPclk        ; rst         ; 0.500        ; -0.636     ; 3.277      ;
; -3.443 ; 74193:inst4|24~_emulated ; 74193:inst1|24~_emulated ; UPclk        ; rst         ; 1.000        ; -1.531     ; 2.880      ;
; -3.440 ; 74193:inst4|25~_emulated ; 74193:inst4|25~_emulated ; UPclk        ; rst         ; 1.000        ; -1.437     ; 2.971      ;
; -3.438 ; 74193:inst1|23~1         ; 74193:inst4|25~_emulated ; UPclk        ; rst         ; 0.500        ; -0.558     ; 3.348      ;
; -3.434 ; 74193:inst4|25~1         ; 74193:inst4|25~_emulated ; UPclk        ; rst         ; 0.500        ; -0.559     ; 3.343      ;
; -3.433 ; 74193:inst4|23~_emulated ; 74193:inst1|24~_emulated ; rst          ; rst         ; 0.500        ; -2.089     ; 1.832      ;
; -3.421 ; 74193:inst4|24~1         ; 74193:inst4|24~_emulated ; UPclk        ; rst         ; 1.000        ; -1.113     ; 3.276      ;
; -3.415 ; 74193:inst1|26~1         ; 74193:inst1|24~_emulated ; UPclk        ; rst         ; 1.000        ; -0.906     ; 3.477      ;
; -3.414 ; 74193:inst1|23~1         ; 74193:inst4|24~_emulated ; UPclk        ; rst         ; 1.000        ; -1.035     ; 3.347      ;
; -3.410 ; 74193:inst4|25~1         ; 74193:inst4|24~_emulated ; UPclk        ; rst         ; 1.000        ; -1.036     ; 3.342      ;
; -3.401 ; 74193:inst4|26~_emulated ; 74193:inst4|23~_emulated ; UPclk        ; rst         ; 0.500        ; -1.098     ; 2.771      ;
; -3.389 ; 74193:inst4|23~_emulated ; 74193:inst1|25~_emulated ; UPclk        ; rst         ; 0.500        ; -2.023     ; 1.834      ;
; -3.377 ; 74193:inst1|24~1         ; 74193:inst1|23~_emulated ; UPclk        ; rst         ; 1.000        ; -0.473     ; 3.872      ;
; -3.353 ; 74193:inst4|24~_emulated ; 74193:inst1|23~_emulated ; rst          ; rst         ; 0.500        ; -0.954     ; 2.887      ;
; -3.353 ; 74193:inst4|24~1         ; 74193:inst1|25~_emulated ; UPclk        ; rst         ; 0.500        ; -0.551     ; 3.270      ;
; -3.348 ; 74193:inst4|25~_emulated ; 74193:inst1|25~_emulated ; UPclk        ; rst         ; 1.000        ; -1.352     ; 2.964      ;
; -3.346 ; 74193:inst1|23~1         ; 74193:inst1|25~_emulated ; UPclk        ; rst         ; 0.500        ; -0.473     ; 3.341      ;
; -3.342 ; 74193:inst4|25~1         ; 74193:inst1|25~_emulated ; UPclk        ; rst         ; 0.500        ; -0.474     ; 3.336      ;
; -3.330 ; 74193:inst4|25~_emulated ; 74193:inst4|23~_emulated ; rst          ; rst         ; 0.500        ; -0.844     ; 2.974      ;
; -3.326 ; 74193:inst4|26~1         ; 74193:inst4|26~_emulated ; UPclk        ; rst         ; 0.500        ; -0.678     ; 3.116      ;
; -3.308 ; 74193:inst1|24~1         ; 74193:inst4|23~_emulated ; UPclk        ; rst         ; 0.500        ; 0.101      ; 3.877      ;
; -3.301 ; 74193:inst4|26~_emulated ; 74193:inst1|24~_emulated ; rst          ; rst         ; 0.500        ; -1.030     ; 2.759      ;
+--------+--------------------------+--------------------------+--------------+-------------+--------------+------------+------------+


+------------------------------------------------------------------------------------------------------------------------------------+
; Fast 1200mV -40C Model Removal: 'UPclk'                                                                                            ;
+--------+--------------------------+--------------------------+--------------+-------------+--------------+------------+------------+
; Slack  ; From Node                ; To Node                  ; Launch Clock ; Latch Clock ; Relationship ; Clock Skew ; Data Delay ;
+--------+--------------------------+--------------------------+--------------+-------------+--------------+------------+------------+
; -3.160 ; rst                      ; 74193:inst4|23~_emulated ; rst          ; UPclk       ; 0.000        ; 5.191      ; 2.153      ;
; -2.994 ; rst                      ; 74193:inst1|23~_emulated ; rst          ; UPclk       ; 0.000        ; 5.020      ; 2.148      ;
; -2.495 ; rst                      ; 74193:inst1|24~_emulated ; rst          ; UPclk       ; 0.000        ; 4.515      ; 2.142      ;
; -2.335 ; rst                      ; 74193:inst4|24~_emulated ; rst          ; UPclk       ; 0.000        ; 4.362      ; 2.149      ;
; -2.219 ; rst                      ; 74193:inst4|23~_emulated ; rst          ; UPclk       ; -0.500       ; 5.191      ; 2.594      ;
; -2.161 ; rst                      ; 74193:inst1|25~_emulated ; rst          ; UPclk       ; 0.000        ; 4.624      ; 2.585      ;
; -2.103 ; rst                      ; 74193:inst1|25~_emulated ; rst          ; UPclk       ; -0.500       ; 4.624      ; 2.143      ;
; -2.051 ; rst                      ; 74193:inst1|23~_emulated ; rst          ; UPclk       ; -0.500       ; 5.020      ; 2.591      ;
; -2.050 ; rst                      ; 74193:inst4|25~_emulated ; rst          ; UPclk       ; 0.000        ; 4.520      ; 2.592      ;
; -2.025 ; rst                      ; 74193:inst4|26~_emulated ; rst          ; UPclk       ; 0.000        ; 4.494      ; 2.591      ;
; -1.992 ; rst                      ; 74193:inst4|25~_emulated ; rst          ; UPclk       ; -0.500       ; 4.520      ; 2.150      ;
; -1.967 ; rst                      ; 74193:inst4|26~_emulated ; rst          ; UPclk       ; -0.500       ; 4.494      ; 2.149      ;
; -1.649 ; UPclk                    ; 74193:inst4|23~_emulated ; UPclk        ; UPclk       ; 0.000        ; 5.191      ; 3.624      ;
; -1.553 ; rst                      ; 74193:inst1|24~_emulated ; rst          ; UPclk       ; -0.500       ; 4.515      ; 2.584      ;
; -1.483 ; UPclk                    ; 74193:inst1|23~_emulated ; UPclk        ; UPclk       ; 0.000        ; 5.020      ; 3.619      ;
; -1.393 ; rst                      ; 74193:inst4|24~_emulated ; rst          ; UPclk       ; -0.500       ; 4.362      ; 2.591      ;
; -1.189 ; 74193:inst4|26~_emulated ; 74193:inst4|23~_emulated ; UPclk        ; UPclk       ; 0.000        ; 3.612      ; 2.505      ;
; -1.093 ; 74193:inst4|23~1         ; 74193:inst4|23~_emulated ; rst          ; UPclk       ; 0.000        ; 3.152      ; 2.181      ;
; -1.021 ; 74193:inst4|26~_emulated ; 74193:inst1|23~_emulated ; UPclk        ; UPclk       ; 0.000        ; 3.441      ; 2.502      ;
; -0.984 ; UPclk                    ; 74193:inst1|24~_emulated ; UPclk        ; UPclk       ; 0.000        ; 4.515      ; 3.613      ;
; -0.980 ; 74193:inst4|23~_emulated ; 74193:inst4|23~_emulated ; UPclk        ; UPclk       ; 0.000        ; 2.595      ; 1.697      ;
; -0.974 ; 74193:inst1|23~_emulated ; 74193:inst4|23~_emulated ; UPclk        ; UPclk       ; 0.000        ; 3.672      ; 2.780      ;
; -0.933 ; UPclk                    ; 74193:inst4|23~_emulated ; UPclk        ; UPclk       ; -0.500       ; 5.191      ; 3.860      ;
; -0.925 ; 74193:inst4|23~1         ; 74193:inst1|23~_emulated ; rst          ; UPclk       ; 0.000        ; 2.981      ; 2.178      ;
; -0.883 ; 74193:inst1|25~_emulated ; 74193:inst4|23~_emulated ; UPclk        ; UPclk       ; 0.000        ; 4.008      ; 3.207      ;
; -0.860 ; 74193:inst1|26~_emulated ; 74193:inst4|23~_emulated ; UPclk        ; UPclk       ; 0.000        ; 4.054      ; 3.276      ;
; -0.858 ; 74193:inst4|24~_emulated ; 74193:inst4|23~_emulated ; UPclk        ; UPclk       ; 0.000        ; 3.368      ; 2.592      ;
; -0.855 ; UPclk                    ; 74193:inst1|25~_emulated ; UPclk        ; UPclk       ; 0.000        ; 4.624      ; 3.851      ;
; -0.824 ; UPclk                    ; 74193:inst4|24~_emulated ; UPclk        ; UPclk       ; 0.000        ; 4.362      ; 3.620      ;
; -0.812 ; 74193:inst4|23~_emulated ; 74193:inst1|23~_emulated ; UPclk        ; UPclk       ; 0.000        ; 2.424      ; 1.694      ;
; -0.806 ; 74193:inst1|23~_emulated ; 74193:inst1|23~_emulated ; UPclk        ; UPclk       ; 0.000        ; 3.501      ; 2.777      ;
; -0.765 ; UPclk                    ; 74193:inst1|23~_emulated ; UPclk        ; UPclk       ; -0.500       ; 5.020      ; 3.857      ;
; -0.744 ; UPclk                    ; 74193:inst4|25~_emulated ; UPclk        ; UPclk       ; 0.000        ; 4.520      ; 3.858      ;
; -0.719 ; UPclk                    ; 74193:inst4|26~_emulated ; UPclk        ; UPclk       ; 0.000        ; 4.494      ; 3.857      ;
; -0.715 ; 74193:inst1|25~_emulated ; 74193:inst1|23~_emulated ; UPclk        ; UPclk       ; 0.000        ; 3.837      ; 3.204      ;
; -0.692 ; 74193:inst1|26~_emulated ; 74193:inst1|23~_emulated ; UPclk        ; UPclk       ; 0.000        ; 3.883      ; 3.273      ;
; -0.690 ; 74193:inst4|24~_emulated ; 74193:inst1|23~_emulated ; UPclk        ; UPclk       ; 0.000        ; 3.197      ; 2.589      ;
; -0.665 ; 74193:inst4|25~_emulated ; 74193:inst4|23~_emulated ; UPclk        ; UPclk       ; 0.000        ; 3.248      ; 2.665      ;
; -0.662 ; 74193:inst1|24~_emulated ; 74193:inst4|23~_emulated ; UPclk        ; UPclk       ; 0.000        ; 3.897      ; 3.317      ;
; -0.612 ; UPclk                    ; 74193:inst1|25~_emulated ; UPclk        ; UPclk       ; -0.500       ; 4.624      ; 3.614      ;
; -0.544 ; 74193:inst4|26~_emulated ; 74193:inst1|24~_emulated ; UPclk        ; UPclk       ; 0.000        ; 2.957      ; 2.495      ;
; -0.501 ; UPclk                    ; 74193:inst4|25~_emulated ; UPclk        ; UPclk       ; -0.500       ; 4.520      ; 3.621      ;
; -0.497 ; 74193:inst4|25~_emulated ; 74193:inst1|23~_emulated ; UPclk        ; UPclk       ; 0.000        ; 3.077      ; 2.662      ;
; -0.494 ; 74193:inst1|24~_emulated ; 74193:inst1|23~_emulated ; UPclk        ; UPclk       ; 0.000        ; 3.726      ; 3.314      ;
; -0.476 ; UPclk                    ; 74193:inst4|26~_emulated ; UPclk        ; UPclk       ; -0.500       ; 4.494      ; 3.620      ;
; -0.427 ; 74193:inst4|23~1         ; 74193:inst1|24~_emulated ; rst          ; UPclk       ; 0.000        ; 2.476      ; 2.171      ;
; -0.410 ; 74193:inst4|26~1         ; 74193:inst4|23~_emulated ; rst          ; UPclk       ; 0.000        ; 3.084      ; 2.796      ;
; -0.363 ; 74193:inst4|26~_emulated ; 74193:inst4|24~_emulated ; UPclk        ; UPclk       ; 0.000        ; 2.783      ; 2.502      ;
; -0.335 ; 74193:inst4|23~_emulated ; 74193:inst1|24~_emulated ; UPclk        ; UPclk       ; 0.000        ; 1.940      ; 1.687      ;
; -0.329 ; 74193:inst1|23~_emulated ; 74193:inst1|24~_emulated ; UPclk        ; UPclk       ; 0.000        ; 3.017      ; 2.770      ;
; -0.304 ; 74193:inst4|25~1         ; 74193:inst4|23~_emulated ; rst          ; UPclk       ; 0.000        ; 3.156      ; 2.974      ;
; -0.287 ; 74193:inst4|24~1         ; 74193:inst4|23~_emulated ; rst          ; UPclk       ; 0.000        ; 3.083      ; 2.918      ;
; -0.277 ; 74193:inst1|23~1         ; 74193:inst4|23~_emulated ; rst          ; UPclk       ; 0.000        ; 3.157      ; 3.002      ;
; -0.267 ; UPclk                    ; 74193:inst1|24~_emulated ; UPclk        ; UPclk       ; -0.500       ; 4.515      ; 3.850      ;
; -0.267 ; 74193:inst4|23~1         ; 74193:inst4|24~_emulated ; rst          ; UPclk       ; 0.000        ; 2.323      ; 2.178      ;
; -0.242 ; 74193:inst4|26~1         ; 74193:inst1|23~_emulated ; rst          ; UPclk       ; 0.000        ; 2.913      ; 2.793      ;
; -0.220 ; 74193:inst4|23~_emulated ; 74193:inst4|23~_emulated ; rst          ; UPclk       ; 0.000        ; 1.795      ; 1.697      ;
; -0.217 ; 74193:inst1|25~_emulated ; 74193:inst1|24~_emulated ; UPclk        ; UPclk       ; 0.000        ; 3.332      ; 3.197      ;
; -0.213 ; 74193:inst4|24~_emulated ; 74193:inst1|24~_emulated ; UPclk        ; UPclk       ; 0.000        ; 2.713      ; 2.582      ;
; -0.194 ; 74193:inst1|26~_emulated ; 74193:inst1|24~_emulated ; UPclk        ; UPclk       ; 0.000        ; 3.378      ; 3.266      ;
; -0.154 ; 74193:inst4|23~_emulated ; 74193:inst4|24~_emulated ; UPclk        ; UPclk       ; 0.000        ; 1.766      ; 1.694      ;
; -0.151 ; 74193:inst4|26~_emulated ; 74193:inst1|25~_emulated ; UPclk        ; UPclk       ; -0.500       ; 3.045      ; 2.496      ;
; -0.148 ; 74193:inst1|23~_emulated ; 74193:inst4|24~_emulated ; UPclk        ; UPclk       ; 0.000        ; 2.843      ; 2.777      ;
; -0.136 ; 74193:inst4|25~1         ; 74193:inst1|23~_emulated ; rst          ; UPclk       ; 0.000        ; 2.985      ; 2.971      ;
; -0.119 ; 74193:inst4|24~1         ; 74193:inst1|23~_emulated ; rst          ; UPclk       ; 0.000        ; 2.912      ; 2.915      ;
; -0.115 ; 74193:inst4|24~_emulated ; 74193:inst4|23~_emulated ; rst          ; UPclk       ; 0.000        ; 2.585      ; 2.592      ;
; -0.109 ; 74193:inst1|23~1         ; 74193:inst1|23~_emulated ; rst          ; UPclk       ; 0.000        ; 2.986      ; 2.999      ;
; -0.107 ; UPclk                    ; 74193:inst4|24~_emulated ; UPclk        ; UPclk       ; -0.500       ; 4.362      ; 3.857      ;
; -0.085 ; 74193:inst1|26~1         ; 74193:inst4|23~_emulated ; rst          ; UPclk       ; 0.000        ; 3.066      ; 3.103      ;
; -0.057 ; 74193:inst1|25~_emulated ; 74193:inst4|24~_emulated ; UPclk        ; UPclk       ; 0.000        ; 3.179      ; 3.204      ;
; -0.052 ; 74193:inst4|23~_emulated ; 74193:inst1|23~_emulated ; rst          ; UPclk       ; 0.000        ; 1.624      ; 1.694      ;
; -0.042 ; 74193:inst1|25~1         ; 74193:inst4|23~_emulated ; rst          ; UPclk       ; 0.000        ; 3.069      ; 3.149      ;
; -0.040 ; 74193:inst4|26~_emulated ; 74193:inst4|25~_emulated ; UPclk        ; UPclk       ; -0.500       ; 2.941      ; 2.503      ;
; -0.035 ; 74193:inst4|23~1         ; 74193:inst1|25~_emulated ; rst          ; UPclk       ; -0.500       ; 2.585      ; 2.172      ;
; -0.034 ; 74193:inst1|26~_emulated ; 74193:inst4|24~_emulated ; UPclk        ; UPclk       ; 0.000        ; 3.225      ; 3.273      ;
; -0.032 ; 74193:inst4|24~_emulated ; 74193:inst4|24~_emulated ; UPclk        ; UPclk       ; 0.000        ; 2.539      ; 2.589      ;
; -0.020 ; 74193:inst4|25~_emulated ; 74193:inst1|24~_emulated ; UPclk        ; UPclk       ; 0.000        ; 2.593      ; 2.655      ;
; -0.015 ; 74193:inst4|26~_emulated ; 74193:inst4|26~_emulated ; UPclk        ; UPclk       ; -0.500       ; 2.915      ; 2.502      ;
; 0.004  ; 74193:inst1|24~_emulated ; 74193:inst1|24~_emulated ; UPclk        ; UPclk       ; 0.000        ; 3.221      ; 3.307      ;
; 0.026  ; rst                      ; 74193:inst4|25~_emulated ; rst          ; UPclk       ; 0.000        ; 2.002      ; 2.150      ;
; 0.053  ; 74193:inst4|24~_emulated ; 74193:inst1|23~_emulated ; rst          ; UPclk       ; 0.000        ; 2.414      ; 2.589      ;
; 0.058  ; 74193:inst4|23~_emulated ; 74193:inst1|25~_emulated ; UPclk        ; UPclk       ; -0.500       ; 2.028      ; 1.688      ;
; 0.064  ; 74193:inst1|23~_emulated ; 74193:inst1|25~_emulated ; UPclk        ; UPclk       ; -0.500       ; 3.105      ; 2.771      ;
; 0.076  ; 74193:inst4|23~1         ; 74193:inst4|25~_emulated ; rst          ; UPclk       ; -0.500       ; 2.481      ; 2.179      ;
; 0.083  ; 74193:inst1|26~1         ; 74193:inst1|23~_emulated ; rst          ; UPclk       ; 0.000        ; 2.895      ; 3.100      ;
; 0.101  ; 74193:inst4|23~1         ; 74193:inst4|26~_emulated ; rst          ; UPclk       ; -0.500       ; 2.455      ; 2.178      ;
; 0.126  ; 74193:inst1|25~1         ; 74193:inst1|23~_emulated ; rst          ; UPclk       ; 0.000        ; 2.898      ; 3.146      ;
; 0.155  ; 74193:inst1|25~_emulated ; 74193:inst1|25~_emulated ; UPclk        ; UPclk       ; -0.500       ; 3.441      ; 3.198      ;
; 0.160  ; 74193:inst1|24~1         ; 74193:inst4|23~_emulated ; rst          ; UPclk       ; 0.000        ; 3.163      ; 3.445      ;
; 0.161  ; 74193:inst4|25~_emulated ; 74193:inst4|24~_emulated ; UPclk        ; UPclk       ; 0.000        ; 2.419      ; 2.662      ;
; 0.164  ; 74193:inst1|24~_emulated ; 74193:inst4|24~_emulated ; UPclk        ; UPclk       ; 0.000        ; 3.068      ; 3.314      ;
; 0.169  ; 74193:inst4|23~_emulated ; 74193:inst4|25~_emulated ; UPclk        ; UPclk       ; -0.500       ; 1.924      ; 1.695      ;
; 0.175  ; 74193:inst1|23~_emulated ; 74193:inst4|25~_emulated ; UPclk        ; UPclk       ; -0.500       ; 3.001      ; 2.778      ;
; 0.178  ; 74193:inst1|26~_emulated ; 74193:inst1|25~_emulated ; UPclk        ; UPclk       ; -0.500       ; 3.487      ; 3.267      ;
; 0.180  ; 74193:inst4|24~_emulated ; 74193:inst1|25~_emulated ; UPclk        ; UPclk       ; -0.500       ; 2.801      ; 2.583      ;
; 0.194  ; 74193:inst4|23~_emulated ; 74193:inst4|26~_emulated ; UPclk        ; UPclk       ; -0.500       ; 1.898      ; 1.694      ;
; 0.200  ; 74193:inst1|23~_emulated ; 74193:inst4|26~_emulated ; UPclk        ; UPclk       ; -0.500       ; 2.975      ; 2.777      ;
; 0.256  ; 74193:inst4|26~1         ; 74193:inst1|24~_emulated ; rst          ; UPclk       ; 0.000        ; 2.408      ; 2.786      ;
; 0.266  ; 74193:inst1|25~_emulated ; 74193:inst4|25~_emulated ; UPclk        ; UPclk       ; -0.500       ; 3.337      ; 3.205      ;
; 0.289  ; 74193:inst1|26~_emulated ; 74193:inst4|25~_emulated ; UPclk        ; UPclk       ; -0.500       ; 3.383      ; 3.274      ;
+--------+--------------------------+--------------------------+--------------+-------------+--------------+------------+------------+


+------------------------------------------------------------------------------------------------------------------------------------+
; Fast 1200mV -40C Model Removal: 'rst'                                                                                              ;
+--------+--------------------------+--------------------------+--------------+-------------+--------------+------------+------------+
; Slack  ; From Node                ; To Node                  ; Launch Clock ; Latch Clock ; Relationship ; Clock Skew ; Data Delay ;
+--------+--------------------------+--------------------------+--------------+-------------+--------------+------------+------------+
; -2.439 ; rst                      ; 74193:inst4|23~_emulated ; rst          ; rst         ; 0.000        ; 4.951      ; 2.594      ;
; -2.400 ; rst                      ; 74193:inst4|23~_emulated ; rst          ; rst         ; -0.500       ; 4.951      ; 2.153      ;
; -1.761 ; rst                      ; 74193:inst4|25~_emulated ; rst          ; rst         ; 0.000        ; 4.271      ; 2.592      ;
; -1.723 ; rst                      ; 74193:inst4|25~_emulated ; rst          ; rst         ; -0.500       ; 4.271      ; 2.150      ;
; -1.638 ; rst                      ; 74193:inst4|24~_emulated ; rst          ; rst         ; 0.000        ; 4.147      ; 2.591      ;
; -1.600 ; rst                      ; 74193:inst4|24~_emulated ; rst          ; rst         ; -0.500       ; 4.147      ; 2.149      ;
; -1.585 ; rst                      ; 74193:inst4|23~_emulated ; rst          ; rst         ; 0.000        ; 3.656      ; 2.153      ;
; -1.419 ; rst                      ; 74193:inst1|23~_emulated ; rst          ; rst         ; 0.000        ; 3.485      ; 2.148      ;
; -1.383 ; rst                      ; 74193:inst4|26~_emulated ; rst          ; rst         ; 0.000        ; 3.892      ; 2.591      ;
; -1.345 ; rst                      ; 74193:inst4|26~_emulated ; rst          ; rst         ; -0.500       ; 3.892      ; 2.149      ;
; -1.321 ; rst                      ; 74193:inst1|23~_emulated ; rst          ; rst         ; 0.000        ; 3.830      ; 2.591      ;
; -1.284 ; rst                      ; 74193:inst1|23~_emulated ; rst          ; rst         ; -0.500       ; 3.830      ; 2.148      ;
; -1.213 ; UPclk                    ; 74193:inst4|23~_emulated ; UPclk        ; rst         ; 0.000        ; 4.951      ; 3.860      ;
; -0.949 ; UPclk                    ; 74193:inst4|23~_emulated ; UPclk        ; rst         ; -0.500       ; 4.951      ; 3.624      ;
; -0.920 ; rst                      ; 74193:inst1|24~_emulated ; rst          ; rst         ; 0.000        ; 2.980      ; 2.142      ;
; -0.802 ; rst                      ; 74193:inst1|25~_emulated ; rst          ; rst         ; 0.000        ; 3.305      ; 2.585      ;
; -0.764 ; rst                      ; 74193:inst1|25~_emulated ; rst          ; rst         ; -0.500       ; 3.305      ; 2.143      ;
; -0.760 ; rst                      ; 74193:inst4|24~_emulated ; rst          ; rst         ; 0.000        ; 2.827      ; 2.149      ;
; -0.664 ; rst                      ; 74193:inst4|23~_emulated ; rst          ; rst         ; -0.500       ; 3.656      ; 2.594      ;
; -0.535 ; UPclk                    ; 74193:inst4|25~_emulated ; UPclk        ; rst         ; 0.000        ; 4.271      ; 3.858      ;
; -0.510 ; 74193:inst4|26~_emulated ; 74193:inst4|23~_emulated ; UPclk        ; rst         ; -0.500       ; 3.393      ; 2.505      ;
; -0.496 ; rst                      ; 74193:inst1|23~_emulated ; rst          ; rst         ; -0.500       ; 3.485      ; 2.591      ;
; -0.412 ; UPclk                    ; 74193:inst4|24~_emulated ; UPclk        ; rst         ; 0.000        ; 4.147      ; 3.857      ;
; -0.302 ; 74193:inst4|23~1         ; 74193:inst4|23~_emulated ; rst          ; rst         ; -0.500       ; 2.881      ; 2.181      ;
; -0.301 ; 74193:inst4|23~_emulated ; 74193:inst4|23~_emulated ; UPclk        ; rst         ; -0.500       ; 2.376      ; 1.697      ;
; -0.295 ; 74193:inst1|23~_emulated ; 74193:inst4|23~_emulated ; UPclk        ; rst         ; -0.500       ; 3.453      ; 2.780      ;
; -0.272 ; UPclk                    ; 74193:inst4|25~_emulated ; UPclk        ; rst         ; -0.500       ; 4.271      ; 3.621      ;
; -0.183 ; 74193:inst1|25~_emulated ; 74193:inst4|23~_emulated ; UPclk        ; rst         ; -0.500       ; 3.768      ; 3.207      ;
; -0.179 ; 74193:inst4|24~_emulated ; 74193:inst4|23~_emulated ; UPclk        ; rst         ; -0.500       ; 3.149      ; 2.592      ;
; -0.160 ; 74193:inst1|26~_emulated ; 74193:inst4|23~_emulated ; UPclk        ; rst         ; -0.500       ; 3.814      ; 3.276      ;
; -0.157 ; UPclk                    ; 74193:inst4|26~_emulated ; UPclk        ; rst         ; 0.000        ; 3.892      ; 3.857      ;
; -0.154 ; UPclk                    ; 74193:inst4|23~_emulated ; UPclk        ; rst         ; 0.000        ; 3.656      ; 3.624      ;
; -0.149 ; UPclk                    ; 74193:inst4|24~_emulated ; UPclk        ; rst         ; -0.500       ; 4.147      ; 3.620      ;
; -0.095 ; UPclk                    ; 74193:inst1|23~_emulated ; UPclk        ; rst         ; 0.000        ; 3.830      ; 3.857      ;
; 0.002  ; rst                      ; 74193:inst1|24~_emulated ; rst          ; rst         ; -0.500       ; 2.980      ; 2.584      ;
; 0.012  ; UPclk                    ; 74193:inst1|23~_emulated ; UPclk        ; rst         ; 0.000        ; 3.485      ; 3.619      ;
; 0.014  ; 74193:inst4|25~_emulated ; 74193:inst4|23~_emulated ; UPclk        ; rst         ; -0.500       ; 3.029      ; 2.665      ;
; 0.038  ; 74193:inst1|24~_emulated ; 74193:inst4|23~_emulated ; UPclk        ; rst         ; -0.500       ; 3.657      ; 3.317      ;
; 0.106  ; UPclk                    ; 74193:inst4|26~_emulated ; UPclk        ; rst         ; -0.500       ; 3.892      ; 3.620      ;
; 0.162  ; rst                      ; 74193:inst4|24~_emulated ; rst          ; rst         ; -0.500       ; 2.827      ; 2.591      ;
; 0.167  ; UPclk                    ; 74193:inst1|23~_emulated ; UPclk        ; rst         ; -0.500       ; 3.830      ; 3.619      ;
; 0.168  ; 74193:inst4|26~_emulated ; 74193:inst4|25~_emulated ; UPclk        ; rst         ; -0.500       ; 2.713      ; 2.503      ;
; 0.285  ; 74193:inst4|26~_emulated ; 74193:inst4|23~_emulated ; UPclk        ; rst         ; 0.000        ; 2.098      ; 2.505      ;
; 0.291  ; 74193:inst4|26~_emulated ; 74193:inst4|24~_emulated ; UPclk        ; rst         ; -0.500       ; 2.589      ; 2.502      ;
; 0.376  ; 74193:inst4|23~1         ; 74193:inst4|25~_emulated ; rst          ; rst         ; -0.500       ; 2.201      ; 2.179      ;
; 0.377  ; 74193:inst4|23~_emulated ; 74193:inst4|25~_emulated ; UPclk        ; rst         ; -0.500       ; 1.696      ; 1.695      ;
; 0.381  ; 74193:inst4|26~1         ; 74193:inst4|23~_emulated ; rst          ; rst         ; -0.500       ; 2.813      ; 2.796      ;
; 0.383  ; 74193:inst1|23~_emulated ; 74193:inst4|25~_emulated ; UPclk        ; rst         ; -0.500       ; 2.773      ; 2.778      ;
; 0.424  ; UPclk                    ; 74193:inst1|25~_emulated ; UPclk        ; rst         ; 0.000        ; 3.305      ; 3.851      ;
; 0.439  ; 74193:inst4|23~_emulated ; 74193:inst4|23~_emulated ; rst          ; rst         ; 0.000        ; 1.176      ; 1.697      ;
; 0.453  ; 74193:inst4|26~_emulated ; 74193:inst1|23~_emulated ; UPclk        ; rst         ; 0.000        ; 1.927      ; 2.502      ;
; 0.487  ; 74193:inst4|25~1         ; 74193:inst4|23~_emulated ; rst          ; rst         ; -0.500       ; 2.885      ; 2.974      ;
; 0.494  ; 74193:inst4|23~_emulated ; 74193:inst4|23~_emulated ; UPclk        ; rst         ; 0.000        ; 1.081      ; 1.697      ;
; 0.495  ; 74193:inst1|25~_emulated ; 74193:inst4|25~_emulated ; UPclk        ; rst         ; -0.500       ; 3.088      ; 3.205      ;
; 0.499  ; 74193:inst4|24~_emulated ; 74193:inst4|25~_emulated ; UPclk        ; rst         ; -0.500       ; 2.469      ; 2.590      ;
; 0.499  ; 74193:inst4|23~1         ; 74193:inst4|24~_emulated ; rst          ; rst         ; -0.500       ; 2.077      ; 2.178      ;
; 0.500  ; 74193:inst1|23~_emulated ; 74193:inst4|23~_emulated ; UPclk        ; rst         ; 0.000        ; 2.158      ; 2.780      ;
; 0.500  ; 74193:inst4|23~_emulated ; 74193:inst4|24~_emulated ; UPclk        ; rst         ; -0.500       ; 1.572      ; 1.694      ;
; 0.504  ; 74193:inst4|24~1         ; 74193:inst4|23~_emulated ; rst          ; rst         ; -0.500       ; 2.812      ; 2.918      ;
; 0.506  ; 74193:inst1|23~_emulated ; 74193:inst4|24~_emulated ; UPclk        ; rst         ; -0.500       ; 2.649      ; 2.777      ;
; 0.511  ; UPclk                    ; 74193:inst1|24~_emulated ; UPclk        ; rst         ; 0.000        ; 2.980      ; 3.613      ;
; 0.513  ; 74193:inst4|23~1         ; 74193:inst4|23~_emulated ; rst          ; rst         ; 0.000        ; 1.586      ; 2.181      ;
; 0.514  ; 74193:inst1|23~1         ; 74193:inst4|23~_emulated ; rst          ; rst         ; -0.500       ; 2.886      ; 3.002      ;
; 0.518  ; 74193:inst1|26~_emulated ; 74193:inst4|25~_emulated ; UPclk        ; rst         ; -0.500       ; 3.134      ; 3.274      ;
; 0.546  ; 74193:inst4|26~_emulated ; 74193:inst4|26~_emulated ; UPclk        ; rst         ; -0.500       ; 2.334      ; 2.502      ;
; 0.551  ; 74193:inst4|26~_emulated ; 74193:inst4|23~_emulated ; rst          ; rst         ; 0.000        ; 1.872      ; 2.505      ;
; 0.571  ; 74193:inst4|23~_emulated ; 74193:inst4|23~_emulated ; rst          ; rst         ; -0.500       ; 1.524      ; 1.697      ;
; 0.582  ; UPclk                    ; 74193:inst4|23~_emulated ; UPclk        ; rst         ; -0.500       ; 3.656      ; 3.860      ;
; 0.608  ; 74193:inst4|26~_emulated ; 74193:inst1|23~_emulated ; UPclk        ; rst         ; -0.500       ; 2.272      ; 2.502      ;
; 0.612  ; 74193:inst1|25~_emulated ; 74193:inst4|23~_emulated ; UPclk        ; rst         ; 0.000        ; 2.473      ; 3.207      ;
; 0.616  ; 74193:inst4|24~_emulated ; 74193:inst4|23~_emulated ; UPclk        ; rst         ; 0.000        ; 1.854      ; 2.592      ;
; 0.618  ; 74193:inst1|25~_emulated ; 74193:inst4|24~_emulated ; UPclk        ; rst         ; -0.500       ; 2.964      ; 3.204      ;
; 0.622  ; 74193:inst4|24~_emulated ; 74193:inst4|24~_emulated ; UPclk        ; rst         ; -0.500       ; 2.345      ; 2.589      ;
; 0.635  ; 74193:inst1|26~_emulated ; 74193:inst4|23~_emulated ; UPclk        ; rst         ; 0.000        ; 2.519      ; 3.276      ;
; 0.641  ; 74193:inst1|26~_emulated ; 74193:inst4|24~_emulated ; UPclk        ; rst         ; -0.500       ; 3.010      ; 3.273      ;
; 0.662  ; 74193:inst4|23~_emulated ; 74193:inst1|23~_emulated ; UPclk        ; rst         ; 0.000        ; 0.910      ; 1.694      ;
; 0.668  ; 74193:inst1|23~_emulated ; 74193:inst1|23~_emulated ; UPclk        ; rst         ; 0.000        ; 1.987      ; 2.777      ;
; 0.671  ; UPclk                    ; 74193:inst4|24~_emulated ; UPclk        ; rst         ; 0.000        ; 2.827      ; 3.620      ;
; 0.676  ; 74193:inst4|24~_emulated ; 74193:inst4|23~_emulated ; rst          ; rst         ; -0.500       ; 2.314      ; 2.592      ;
; 0.681  ; 74193:inst4|23~1         ; 74193:inst1|23~_emulated ; rst          ; rst         ; 0.000        ; 1.415      ; 2.178      ;
; 0.687  ; UPclk                    ; 74193:inst1|25~_emulated ; UPclk        ; rst         ; -0.500       ; 3.305      ; 3.614      ;
; 0.692  ; 74193:inst4|25~_emulated ; 74193:inst4|25~_emulated ; UPclk        ; rst         ; -0.500       ; 2.349      ; 2.663      ;
; 0.706  ; 74193:inst1|26~1         ; 74193:inst4|23~_emulated ; rst          ; rst         ; -0.500       ; 2.795      ; 3.103      ;
; 0.716  ; 74193:inst1|24~_emulated ; 74193:inst4|25~_emulated ; UPclk        ; rst         ; -0.500       ; 2.977      ; 3.315      ;
; 0.749  ; 74193:inst1|25~1         ; 74193:inst4|23~_emulated ; rst          ; rst         ; -0.500       ; 2.798      ; 3.149      ;
; 0.750  ; UPclk                    ; 74193:inst1|23~_emulated ; UPclk        ; rst         ; -0.500       ; 3.485      ; 3.857      ;
; 0.754  ; 74193:inst4|23~1         ; 74193:inst4|26~_emulated ; rst          ; rst         ; -0.500       ; 1.822      ; 2.178      ;
; 0.754  ; 74193:inst4|25~_emulated ; 74193:inst4|23~_emulated ; rst          ; rst         ; 0.000        ; 1.829      ; 2.665      ;
; 0.755  ; 74193:inst4|23~_emulated ; 74193:inst4|26~_emulated ; UPclk        ; rst         ; -0.500       ; 1.317      ; 1.694      ;
; 0.761  ; 74193:inst1|23~_emulated ; 74193:inst4|26~_emulated ; UPclk        ; rst         ; -0.500       ; 2.394      ; 2.777      ;
; 0.780  ; 74193:inst1|25~_emulated ; 74193:inst1|23~_emulated ; UPclk        ; rst         ; 0.000        ; 2.302      ; 3.204      ;
; 0.784  ; 74193:inst4|24~_emulated ; 74193:inst1|23~_emulated ; UPclk        ; rst         ; 0.000        ; 1.683      ; 2.589      ;
; 0.803  ; 74193:inst1|26~_emulated ; 74193:inst1|23~_emulated ; UPclk        ; rst         ; 0.000        ; 2.348      ; 3.273      ;
; 0.809  ; 74193:inst4|25~_emulated ; 74193:inst4|23~_emulated ; UPclk        ; rst         ; 0.000        ; 1.734      ; 2.665      ;
; 0.815  ; 74193:inst4|25~_emulated ; 74193:inst4|24~_emulated ; UPclk        ; rst         ; -0.500       ; 2.225      ; 2.662      ;
; 0.816  ; 74193:inst4|23~1         ; 74193:inst1|23~_emulated ; rst          ; rst         ; -0.500       ; 1.760      ; 2.178      ;
; 0.817  ; 74193:inst4|23~_emulated ; 74193:inst1|23~_emulated ; UPclk        ; rst         ; -0.500       ; 1.255      ; 1.694      ;
; 0.823  ; 74193:inst1|23~_emulated ; 74193:inst1|23~_emulated ; UPclk        ; rst         ; -0.500       ; 2.332      ; 2.777      ;
; 0.833  ; 74193:inst1|24~_emulated ; 74193:inst4|23~_emulated ; UPclk        ; rst         ; 0.000        ; 2.362      ; 3.317      ;
; 0.839  ; 74193:inst1|24~_emulated ; 74193:inst4|24~_emulated ; UPclk        ; rst         ; -0.500       ; 2.853      ; 3.314      ;
+--------+--------------------------+--------------------------+--------------+-------------+--------------+------------+------------+


------------------------------------------------
; Fast 1200mV -40C Model Metastability Summary ;
------------------------------------------------
No synchronizer chains to report.


+----------------------------------------------------------------------------------+
; Multicorner Timing Analysis Summary                                              ;
+------------------+----------+---------+----------+---------+---------------------+
; Clock            ; Setup    ; Hold    ; Recovery ; Removal ; Minimum Pulse Width ;
+------------------+----------+---------+----------+---------+---------------------+
; Worst-case Slack ; -18.847  ; -4.928  ; -14.143  ; -6.719  ; -7.017              ;
;  UPclk           ; -18.847  ; -4.928  ; -14.143  ; -6.719  ; -7.017              ;
;  rst             ; -15.770  ; -3.693  ; -11.113  ; -5.407  ; -3.000              ;
; Design-wide TNS  ; -255.717 ; -47.658 ; -178.808 ; -60.289 ; -200.793            ;
;  UPclk           ; -145.498 ; -30.368 ; -104.620 ; -37.390 ; -158.603            ;
;  rst             ; -110.219 ; -17.290 ; -74.188  ; -22.899 ; -42.190             ;
+------------------+----------+---------+----------+---------+---------------------+


+------------------------------------------------------------------------------------------------------------------------------------------------------------------------------------------------------------------------------------------------------------------------------------------------------------------------------------------------------------------------------------------------------------------+
; Board Trace Model Assignments                                                                                                                                                                                                                                                                                                                                                                                    ;
+---------------+--------------+-------------------+-------------------------+-------------------------+---------------+---------------------+----------------+------------------+--------+------------------+------------------------+------------------------+--------------+---------------+-----------------+-------+---------------------+--------------------+---------------+-----------------+-------------+
; Pin           ; I/O Standard ; Near Tline Length ; Near Tline L per Length ; Near Tline C per Length ; Near Series R ; Near Differential R ; Near Pull-up R ; Near Pull-down R ; Near C ; Far Tline Length ; Far Tline L per Length ; Far Tline C per Length ; Far Series R ; Far Pull-up R ; Far Pull-down R ; Far C ; Termination Voltage ; Far Differential R ; EBD File Name ; EBD Signal Name ; EBD Far-end ;
+---------------+--------------+-------------------+-------------------------+-------------------------+---------------+---------------------+----------------+------------------+--------+------------------+------------------------+------------------------+--------------+---------------+-----------------+-------+---------------------+--------------------+---------------+-----------------+-------------+
; div_clk       ; 2.5 V        ; 0 in              ; 0 H/in                  ; 0 F/in                  ; short         ; -                   ; open           ; open             ; open   ; 0 in             ; 0 H/in                 ; 0 F/in                 ; short        ; open          ; open            ; open  ; 0 V                 ; -                  ; n/a           ; n/a             ; n/a         ;
; out[7]        ; 2.5 V        ; 0 in              ; 0 H/in                  ; 0 F/in                  ; short         ; -                   ; open           ; open             ; open   ; 0 in             ; 0 H/in                 ; 0 F/in                 ; short        ; open          ; open            ; open  ; 0 V                 ; -                  ; n/a           ; n/a             ; n/a         ;
; out[6]        ; 2.5 V        ; 0 in              ; 0 H/in                  ; 0 F/in                  ; short         ; -                   ; open           ; open             ; open   ; 0 in             ; 0 H/in                 ; 0 F/in                 ; short        ; open          ; open            ; open  ; 0 V                 ; -                  ; n/a           ; n/a             ; n/a         ;
; out[5]        ; 2.5 V        ; 0 in              ; 0 H/in                  ; 0 F/in                  ; short         ; -                   ; open           ; open             ; open   ; 0 in             ; 0 H/in                 ; 0 F/in                 ; short        ; open          ; open            ; open  ; 0 V                 ; -                  ; n/a           ; n/a             ; n/a         ;
; out[4]        ; 2.5 V        ; 0 in              ; 0 H/in                  ; 0 F/in                  ; short         ; -                   ; open           ; open             ; open   ; 0 in             ; 0 H/in                 ; 0 F/in                 ; short        ; open          ; open            ; open  ; 0 V                 ; -                  ; n/a           ; n/a             ; n/a         ;
; out[3]        ; 2.5 V        ; 0 in              ; 0 H/in                  ; 0 F/in                  ; short         ; -                   ; open           ; open             ; open   ; 0 in             ; 0 H/in                 ; 0 F/in                 ; short        ; open          ; open            ; open  ; 0 V                 ; -                  ; n/a           ; n/a             ; n/a         ;
; out[2]        ; 2.5 V        ; 0 in              ; 0 H/in                  ; 0 F/in                  ; short         ; -                   ; open           ; open             ; open   ; 0 in             ; 0 H/in                 ; 0 F/in                 ; short        ; open          ; open            ; open  ; 0 V                 ; -                  ; n/a           ; n/a             ; n/a         ;
; out[1]        ; 2.5 V        ; 0 in              ; 0 H/in                  ; 0 F/in                  ; short         ; -                   ; open           ; open             ; open   ; 0 in             ; 0 H/in                 ; 0 F/in                 ; short        ; open          ; open            ; open  ; 0 V                 ; -                  ; n/a           ; n/a             ; n/a         ;
; out[0]        ; 2.5 V        ; 0 in              ; 0 H/in                  ; 0 F/in                  ; short         ; -                   ; open           ; open             ; open   ; 0 in             ; 0 H/in                 ; 0 F/in                 ; short        ; open          ; open            ; open  ; 0 V                 ; -                  ; n/a           ; n/a             ; n/a         ;
; ~ALTERA_DCLK~ ; 2.5 V        ; 0 in              ; 0 H/in                  ; 0 F/in                  ; short         ; -                   ; open           ; open             ; open   ; 0 in             ; 0 H/in                 ; 0 F/in                 ; short        ; open          ; open            ; open  ; 0 V                 ; -                  ; n/a           ; n/a             ; n/a         ;
; ~ALTERA_nCEO~ ; 2.5 V        ; 0 in              ; 0 H/in                  ; 0 F/in                  ; short         ; -                   ; open           ; open             ; open   ; 0 in             ; 0 H/in                 ; 0 F/in                 ; short        ; open          ; open            ; open  ; 0 V                 ; -                  ; n/a           ; n/a             ; n/a         ;
+---------------+--------------+-------------------+-------------------------+-------------------------+---------------+---------------------+----------------+------------------+--------+------------------+------------------------+------------------------+--------------+---------------+-----------------+-------+---------------------+--------------------+---------------+-----------------+-------------+


+----------------------------------------------------------------------------+
; Input Transition Times                                                     ;
+-------------------------+--------------+-----------------+-----------------+
; Pin                     ; I/O Standard ; 10-90 Rise Time ; 90-10 Fall Time ;
+-------------------------+--------------+-----------------+-----------------+
; in[7]                   ; 2.5 V        ; 2000 ps         ; 2000 ps         ;
; in[6]                   ; 2.5 V        ; 2000 ps         ; 2000 ps         ;
; in[5]                   ; 2.5 V        ; 2000 ps         ; 2000 ps         ;
; in[4]                   ; 2.5 V        ; 2000 ps         ; 2000 ps         ;
; in[3]                   ; 2.5 V        ; 2000 ps         ; 2000 ps         ;
; in[2]                   ; 2.5 V        ; 2000 ps         ; 2000 ps         ;
; in[1]                   ; 2.5 V        ; 2000 ps         ; 2000 ps         ;
; in[0]                   ; 2.5 V        ; 2000 ps         ; 2000 ps         ;
; UPclk                   ; 2.5 V        ; 2000 ps         ; 2000 ps         ;
; rst                     ; 2.5 V        ; 2000 ps         ; 2000 ps         ;
; DNclk                   ; 2.5 V        ; 2000 ps         ; 2000 ps         ;
; ~ALTERA_ASDO_DATA1~     ; 2.5 V        ; 2000 ps         ; 2000 ps         ;
; ~ALTERA_FLASH_nCE_nCSO~ ; 2.5 V        ; 2000 ps         ; 2000 ps         ;
; ~ALTERA_DATA0~          ; 2.5 V        ; 2000 ps         ; 2000 ps         ;
+-------------------------+--------------+-----------------+-----------------+


+--------------------------------------------------------------------------------------------------------------------------------------------------------------------------------------------------------------------------------------------------------------------------------------------------------------------------------------------------------------------------------------------------------------------------------------------------------------------------------------------------------------------------------------------------------------------------------------------------------------------------------------------------------------------------------------------+
; Signal Integrity Metrics (Slow 1200mv n40c Model)                                                                                                                                                                                                                                                                                                                                                                                                                                                                                                                                                                                                                                          ;
+---------------+--------------+---------------------+---------------------+------------------------------+------------------------------+---------------------+---------------------+--------------------------------------+--------------------------------------+-----------------------------+-----------------------------+----------------------------+----------------------------+-----------------------------+-----------------------------+--------------------+--------------------+-------------------------------------+-------------------------------------+----------------------------+----------------------------+---------------------------+---------------------------+
; Pin           ; I/O Standard ; Board Delay on Rise ; Board Delay on Fall ; Steady State Voh at FPGA Pin ; Steady State Vol at FPGA Pin ; Voh Max at FPGA Pin ; Vol Min at FPGA Pin ; Ringback Voltage on Rise at FPGA Pin ; Ringback Voltage on Fall at FPGA Pin ; 10-90 Rise Time at FPGA Pin ; 90-10 Fall Time at FPGA Pin ; Monotonic Rise at FPGA Pin ; Monotonic Fall at FPGA Pin ; Steady State Voh at Far-end ; Steady State Vol at Far-end ; Voh Max at Far-end ; Vol Min at Far-end ; Ringback Voltage on Rise at Far-end ; Ringback Voltage on Fall at Far-end ; 10-90 Rise Time at Far-end ; 90-10 Fall Time at Far-end ; Monotonic Rise at Far-end ; Monotonic Fall at Far-end ;
+---------------+--------------+---------------------+---------------------+------------------------------+------------------------------+---------------------+---------------------+--------------------------------------+--------------------------------------+-----------------------------+-----------------------------+----------------------------+----------------------------+-----------------------------+-----------------------------+--------------------+--------------------+-------------------------------------+-------------------------------------+----------------------------+----------------------------+---------------------------+---------------------------+
; div_clk       ; 2.5 V        ; 0 s                 ; 0 s                 ; 2.32 V                       ; 1.4e-09 V                    ; 2.39 V              ; -0.0122 V           ; 0.154 V                              ; 0.017 V                              ; 4.74e-10 s                  ; 4.5e-10 s                   ; No                         ; Yes                        ; 2.32 V                      ; 1.4e-09 V                   ; 2.39 V             ; -0.0122 V          ; 0.154 V                             ; 0.017 V                             ; 4.74e-10 s                 ; 4.5e-10 s                  ; No                        ; Yes                       ;
; out[7]        ; 2.5 V        ; 0 s                 ; 0 s                 ; 2.32 V                       ; 1.4e-09 V                    ; 2.4 V               ; -0.0306 V           ; 0.178 V                              ; 0.087 V                              ; 2.81e-10 s                  ; 2.95e-10 s                  ; Yes                        ; Yes                        ; 2.32 V                      ; 1.4e-09 V                   ; 2.4 V              ; -0.0306 V          ; 0.178 V                             ; 0.087 V                             ; 2.81e-10 s                 ; 2.95e-10 s                 ; Yes                       ; Yes                       ;
; out[6]        ; 2.5 V        ; 0 s                 ; 0 s                 ; 2.32 V                       ; 1.74e-09 V                   ; 2.4 V               ; -0.0195 V           ; 0.196 V                              ; 0.023 V                              ; 2.87e-10 s                  ; 3.09e-10 s                  ; Yes                        ; Yes                        ; 2.32 V                      ; 1.74e-09 V                  ; 2.4 V              ; -0.0195 V          ; 0.196 V                             ; 0.023 V                             ; 2.87e-10 s                 ; 3.09e-10 s                 ; Yes                       ; Yes                       ;
; out[5]        ; 2.5 V        ; 0 s                 ; 0 s                 ; 2.32 V                       ; 1.4e-09 V                    ; 2.39 V              ; -0.0122 V           ; 0.154 V                              ; 0.017 V                              ; 4.74e-10 s                  ; 4.5e-10 s                   ; No                         ; Yes                        ; 2.32 V                      ; 1.4e-09 V                   ; 2.39 V             ; -0.0122 V          ; 0.154 V                             ; 0.017 V                             ; 4.74e-10 s                 ; 4.5e-10 s                  ; No                        ; Yes                       ;
; out[4]        ; 2.5 V        ; 0 s                 ; 0 s                 ; 2.32 V                       ; 1.74e-09 V                   ; 2.4 V               ; -0.0195 V           ; 0.196 V                              ; 0.023 V                              ; 2.87e-10 s                  ; 3.09e-10 s                  ; Yes                        ; Yes                        ; 2.32 V                      ; 1.74e-09 V                  ; 2.4 V              ; -0.0195 V          ; 0.196 V                             ; 0.023 V                             ; 2.87e-10 s                 ; 3.09e-10 s                 ; Yes                       ; Yes                       ;
; out[3]        ; 2.5 V        ; 0 s                 ; 0 s                 ; 2.32 V                       ; 1.74e-09 V                   ; 2.4 V               ; -0.0195 V           ; 0.196 V                              ; 0.023 V                              ; 2.87e-10 s                  ; 3.09e-10 s                  ; Yes                        ; Yes                        ; 2.32 V                      ; 1.74e-09 V                  ; 2.4 V              ; -0.0195 V          ; 0.196 V                             ; 0.023 V                             ; 2.87e-10 s                 ; 3.09e-10 s                 ; Yes                       ; Yes                       ;
; out[2]        ; 2.5 V        ; 0 s                 ; 0 s                 ; 2.32 V                       ; 1.74e-09 V                   ; 2.4 V               ; -0.0195 V           ; 0.196 V                              ; 0.023 V                              ; 2.87e-10 s                  ; 3.09e-10 s                  ; Yes                        ; Yes                        ; 2.32 V                      ; 1.74e-09 V                  ; 2.4 V              ; -0.0195 V          ; 0.196 V                             ; 0.023 V                             ; 2.87e-10 s                 ; 3.09e-10 s                 ; Yes                       ; Yes                       ;
; out[1]        ; 2.5 V        ; 0 s                 ; 0 s                 ; 2.32 V                       ; 1.74e-09 V                   ; 2.4 V               ; -0.0195 V           ; 0.196 V                              ; 0.023 V                              ; 2.87e-10 s                  ; 3.09e-10 s                  ; Yes                        ; Yes                        ; 2.32 V                      ; 1.74e-09 V                  ; 2.4 V              ; -0.0195 V          ; 0.196 V                             ; 0.023 V                             ; 2.87e-10 s                 ; 3.09e-10 s                 ; Yes                       ; Yes                       ;
; out[0]        ; 2.5 V        ; 0 s                 ; 0 s                 ; 2.32 V                       ; 1.74e-09 V                   ; 2.4 V               ; -0.0195 V           ; 0.196 V                              ; 0.023 V                              ; 2.87e-10 s                  ; 3.09e-10 s                  ; Yes                        ; Yes                        ; 2.32 V                      ; 1.74e-09 V                  ; 2.4 V              ; -0.0195 V          ; 0.196 V                             ; 0.023 V                             ; 2.87e-10 s                 ; 3.09e-10 s                 ; Yes                       ; Yes                       ;
; ~ALTERA_DCLK~ ; 2.5 V        ; 0 s                 ; 0 s                 ; 2.32 V                       ; 1.16e-09 V                   ; 2.39 V              ; -0.0798 V           ; 0.13 V                               ; 0.103 V                              ; 2.71e-10 s                  ; 2.5e-10 s                   ; Yes                        ; Yes                        ; 2.32 V                      ; 1.16e-09 V                  ; 2.39 V             ; -0.0798 V          ; 0.13 V                              ; 0.103 V                             ; 2.71e-10 s                 ; 2.5e-10 s                  ; Yes                       ; Yes                       ;
; ~ALTERA_nCEO~ ; 2.5 V        ; 0 s                 ; 0 s                 ; 2.32 V                       ; 1.64e-09 V                   ; 2.39 V              ; -0.00331 V          ; 0.132 V                              ; 0.006 V                              ; 4.59e-10 s                  ; 5.62e-10 s                  ; No                         ; Yes                        ; 2.32 V                      ; 1.64e-09 V                  ; 2.39 V             ; -0.00331 V         ; 0.132 V                             ; 0.006 V                             ; 4.59e-10 s                 ; 5.62e-10 s                 ; No                        ; Yes                       ;
+---------------+--------------+---------------------+---------------------+------------------------------+------------------------------+---------------------+---------------------+--------------------------------------+--------------------------------------+-----------------------------+-----------------------------+----------------------------+----------------------------+-----------------------------+-----------------------------+--------------------+--------------------+-------------------------------------+-------------------------------------+----------------------------+----------------------------+---------------------------+---------------------------+


+--------------------------------------------------------------------------------------------------------------------------------------------------------------------------------------------------------------------------------------------------------------------------------------------------------------------------------------------------------------------------------------------------------------------------------------------------------------------------------------------------------------------------------------------------------------------------------------------------------------------------------------------------------------------------------------------+
; Signal Integrity Metrics (Slow 1200mv 125c Model)                                                                                                                                                                                                                                                                                                                                                                                                                                                                                                                                                                                                                                          ;
+---------------+--------------+---------------------+---------------------+------------------------------+------------------------------+---------------------+---------------------+--------------------------------------+--------------------------------------+-----------------------------+-----------------------------+----------------------------+----------------------------+-----------------------------+-----------------------------+--------------------+--------------------+-------------------------------------+-------------------------------------+----------------------------+----------------------------+---------------------------+---------------------------+
; Pin           ; I/O Standard ; Board Delay on Rise ; Board Delay on Fall ; Steady State Voh at FPGA Pin ; Steady State Vol at FPGA Pin ; Voh Max at FPGA Pin ; Vol Min at FPGA Pin ; Ringback Voltage on Rise at FPGA Pin ; Ringback Voltage on Fall at FPGA Pin ; 10-90 Rise Time at FPGA Pin ; 90-10 Fall Time at FPGA Pin ; Monotonic Rise at FPGA Pin ; Monotonic Fall at FPGA Pin ; Steady State Voh at Far-end ; Steady State Vol at Far-end ; Voh Max at Far-end ; Vol Min at Far-end ; Ringback Voltage on Rise at Far-end ; Ringback Voltage on Fall at Far-end ; 10-90 Rise Time at Far-end ; 90-10 Fall Time at Far-end ; Monotonic Rise at Far-end ; Monotonic Fall at Far-end ;
+---------------+--------------+---------------------+---------------------+------------------------------+------------------------------+---------------------+---------------------+--------------------------------------+--------------------------------------+-----------------------------+-----------------------------+----------------------------+----------------------------+-----------------------------+-----------------------------+--------------------+--------------------+-------------------------------------+-------------------------------------+----------------------------+----------------------------+---------------------------+---------------------------+
; div_clk       ; 2.5 V        ; 0 s                 ; 0 s                 ; 2.32 V                       ; 2.91e-06 V                   ; 2.34 V              ; -0.0096 V           ; 0.063 V                              ; 0.023 V                              ; 6.92e-10 s                  ; 6.75e-10 s                  ; Yes                        ; Yes                        ; 2.32 V                      ; 2.91e-06 V                  ; 2.34 V             ; -0.0096 V          ; 0.063 V                             ; 0.023 V                             ; 6.92e-10 s                 ; 6.75e-10 s                 ; Yes                       ; Yes                       ;
; out[7]        ; 2.5 V        ; 0 s                 ; 0 s                 ; 2.32 V                       ; 2.91e-06 V                   ; 2.35 V              ; -0.00923 V          ; 0.127 V                              ; 0.041 V                              ; 4.74e-10 s                  ; 4.81e-10 s                  ; Yes                        ; Yes                        ; 2.32 V                      ; 2.91e-06 V                  ; 2.35 V             ; -0.00923 V         ; 0.127 V                             ; 0.041 V                             ; 4.74e-10 s                 ; 4.81e-10 s                 ; Yes                       ; Yes                       ;
; out[6]        ; 2.5 V        ; 0 s                 ; 0 s                 ; 2.32 V                       ; 4.32e-06 V                   ; 2.35 V              ; -0.0124 V           ; 0.057 V                              ; 0.05 V                               ; 4.87e-10 s                  ; 5.02e-10 s                  ; Yes                        ; Yes                        ; 2.32 V                      ; 4.32e-06 V                  ; 2.35 V             ; -0.0124 V          ; 0.057 V                             ; 0.05 V                              ; 4.87e-10 s                 ; 5.02e-10 s                 ; Yes                       ; Yes                       ;
; out[5]        ; 2.5 V        ; 0 s                 ; 0 s                 ; 2.32 V                       ; 2.91e-06 V                   ; 2.34 V              ; -0.0096 V           ; 0.063 V                              ; 0.023 V                              ; 6.92e-10 s                  ; 6.75e-10 s                  ; Yes                        ; Yes                        ; 2.32 V                      ; 2.91e-06 V                  ; 2.34 V             ; -0.0096 V          ; 0.063 V                             ; 0.023 V                             ; 6.92e-10 s                 ; 6.75e-10 s                 ; Yes                       ; Yes                       ;
; out[4]        ; 2.5 V        ; 0 s                 ; 0 s                 ; 2.32 V                       ; 4.32e-06 V                   ; 2.35 V              ; -0.0124 V           ; 0.057 V                              ; 0.05 V                               ; 4.87e-10 s                  ; 5.02e-10 s                  ; Yes                        ; Yes                        ; 2.32 V                      ; 4.32e-06 V                  ; 2.35 V             ; -0.0124 V          ; 0.057 V                             ; 0.05 V                              ; 4.87e-10 s                 ; 5.02e-10 s                 ; Yes                       ; Yes                       ;
; out[3]        ; 2.5 V        ; 0 s                 ; 0 s                 ; 2.32 V                       ; 4.32e-06 V                   ; 2.35 V              ; -0.0124 V           ; 0.057 V                              ; 0.05 V                               ; 4.87e-10 s                  ; 5.02e-10 s                  ; Yes                        ; Yes                        ; 2.32 V                      ; 4.32e-06 V                  ; 2.35 V             ; -0.0124 V          ; 0.057 V                             ; 0.05 V                              ; 4.87e-10 s                 ; 5.02e-10 s                 ; Yes                       ; Yes                       ;
; out[2]        ; 2.5 V        ; 0 s                 ; 0 s                 ; 2.32 V                       ; 4.32e-06 V                   ; 2.35 V              ; -0.0124 V           ; 0.057 V                              ; 0.05 V                               ; 4.87e-10 s                  ; 5.02e-10 s                  ; Yes                        ; Yes                        ; 2.32 V                      ; 4.32e-06 V                  ; 2.35 V             ; -0.0124 V          ; 0.057 V                             ; 0.05 V                              ; 4.87e-10 s                 ; 5.02e-10 s                 ; Yes                       ; Yes                       ;
; out[1]        ; 2.5 V        ; 0 s                 ; 0 s                 ; 2.32 V                       ; 4.32e-06 V                   ; 2.35 V              ; -0.0124 V           ; 0.057 V                              ; 0.05 V                               ; 4.87e-10 s                  ; 5.02e-10 s                  ; Yes                        ; Yes                        ; 2.32 V                      ; 4.32e-06 V                  ; 2.35 V             ; -0.0124 V          ; 0.057 V                             ; 0.05 V                              ; 4.87e-10 s                 ; 5.02e-10 s                 ; Yes                       ; Yes                       ;
; out[0]        ; 2.5 V        ; 0 s                 ; 0 s                 ; 2.32 V                       ; 4.32e-06 V                   ; 2.35 V              ; -0.0124 V           ; 0.057 V                              ; 0.05 V                               ; 4.87e-10 s                  ; 5.02e-10 s                  ; Yes                        ; Yes                        ; 2.32 V                      ; 4.32e-06 V                  ; 2.35 V             ; -0.0124 V          ; 0.057 V                             ; 0.05 V                              ; 4.87e-10 s                 ; 5.02e-10 s                 ; Yes                       ; Yes                       ;
; ~ALTERA_DCLK~ ; 2.5 V        ; 0 s                 ; 0 s                 ; 2.32 V                       ; 2.33e-06 V                   ; 2.35 V              ; -0.00598 V          ; 0.095 V                              ; 0.012 V                              ; 4.54e-10 s                  ; 3.98e-10 s                  ; Yes                        ; Yes                        ; 2.32 V                      ; 2.33e-06 V                  ; 2.35 V             ; -0.00598 V         ; 0.095 V                             ; 0.012 V                             ; 4.54e-10 s                 ; 3.98e-10 s                 ; Yes                       ; Yes                       ;
; ~ALTERA_nCEO~ ; 2.5 V        ; 0 s                 ; 0 s                 ; 2.32 V                       ; 3.86e-06 V                   ; 2.34 V              ; -0.00776 V          ; 0.107 V                              ; 0.033 V                              ; 6.63e-10 s                  ; 8.55e-10 s                  ; Yes                        ; Yes                        ; 2.32 V                      ; 3.86e-06 V                  ; 2.34 V             ; -0.00776 V         ; 0.107 V                             ; 0.033 V                             ; 6.63e-10 s                 ; 8.55e-10 s                 ; Yes                       ; Yes                       ;
+---------------+--------------+---------------------+---------------------+------------------------------+------------------------------+---------------------+---------------------+--------------------------------------+--------------------------------------+-----------------------------+-----------------------------+----------------------------+----------------------------+-----------------------------+-----------------------------+--------------------+--------------------+-------------------------------------+-------------------------------------+----------------------------+----------------------------+---------------------------+---------------------------+


+--------------------------------------------------------------------------------------------------------------------------------------------------------------------------------------------------------------------------------------------------------------------------------------------------------------------------------------------------------------------------------------------------------------------------------------------------------------------------------------------------------------------------------------------------------------------------------------------------------------------------------------------------------------------------------------------+
; Signal Integrity Metrics (Fast 1200mv n40c Model)                                                                                                                                                                                                                                                                                                                                                                                                                                                                                                                                                                                                                                          ;
+---------------+--------------+---------------------+---------------------+------------------------------+------------------------------+---------------------+---------------------+--------------------------------------+--------------------------------------+-----------------------------+-----------------------------+----------------------------+----------------------------+-----------------------------+-----------------------------+--------------------+--------------------+-------------------------------------+-------------------------------------+----------------------------+----------------------------+---------------------------+---------------------------+
; Pin           ; I/O Standard ; Board Delay on Rise ; Board Delay on Fall ; Steady State Voh at FPGA Pin ; Steady State Vol at FPGA Pin ; Voh Max at FPGA Pin ; Vol Min at FPGA Pin ; Ringback Voltage on Rise at FPGA Pin ; Ringback Voltage on Fall at FPGA Pin ; 10-90 Rise Time at FPGA Pin ; 90-10 Fall Time at FPGA Pin ; Monotonic Rise at FPGA Pin ; Monotonic Fall at FPGA Pin ; Steady State Voh at Far-end ; Steady State Vol at Far-end ; Voh Max at Far-end ; Vol Min at Far-end ; Ringback Voltage on Rise at Far-end ; Ringback Voltage on Fall at Far-end ; 10-90 Rise Time at Far-end ; 90-10 Fall Time at Far-end ; Monotonic Rise at Far-end ; Monotonic Fall at Far-end ;
+---------------+--------------+---------------------+---------------------+------------------------------+------------------------------+---------------------+---------------------+--------------------------------------+--------------------------------------+-----------------------------+-----------------------------+----------------------------+----------------------------+-----------------------------+-----------------------------+--------------------+--------------------+-------------------------------------+-------------------------------------+----------------------------+----------------------------+---------------------------+---------------------------+
; div_clk       ; 2.5 V        ; 0 s                 ; 0 s                 ; 2.62 V                       ; 2.24e-09 V                   ; 2.74 V              ; -0.0529 V           ; 0.285 V                              ; 0.071 V                              ; 2.99e-10 s                  ; 3.3e-10 s                   ; No                         ; Yes                        ; 2.62 V                      ; 2.24e-09 V                  ; 2.74 V             ; -0.0529 V          ; 0.285 V                             ; 0.071 V                             ; 2.99e-10 s                 ; 3.3e-10 s                  ; No                        ; Yes                       ;
; out[7]        ; 2.5 V        ; 0 s                 ; 0 s                 ; 2.62 V                       ; 2.24e-09 V                   ; 2.76 V              ; -0.0537 V           ; 0.17 V                               ; 0.079 V                              ; 2.61e-10 s                  ; 2.39e-10 s                  ; No                         ; Yes                        ; 2.62 V                      ; 2.24e-09 V                  ; 2.76 V             ; -0.0537 V          ; 0.17 V                              ; 0.079 V                             ; 2.61e-10 s                 ; 2.39e-10 s                 ; No                        ; Yes                       ;
; out[6]        ; 2.5 V        ; 0 s                 ; 0 s                 ; 2.62 V                       ; 3.18e-09 V                   ; 2.74 V              ; -0.0527 V           ; 0.162 V                              ; 0.083 V                              ; 2.61e-10 s                  ; 2.44e-10 s                  ; Yes                        ; Yes                        ; 2.62 V                      ; 3.18e-09 V                  ; 2.74 V             ; -0.0527 V          ; 0.162 V                             ; 0.083 V                             ; 2.61e-10 s                 ; 2.44e-10 s                 ; Yes                       ; Yes                       ;
; out[5]        ; 2.5 V        ; 0 s                 ; 0 s                 ; 2.62 V                       ; 2.24e-09 V                   ; 2.74 V              ; -0.0529 V           ; 0.285 V                              ; 0.071 V                              ; 2.99e-10 s                  ; 3.3e-10 s                   ; No                         ; Yes                        ; 2.62 V                      ; 2.24e-09 V                  ; 2.74 V             ; -0.0529 V          ; 0.285 V                             ; 0.071 V                             ; 2.99e-10 s                 ; 3.3e-10 s                  ; No                        ; Yes                       ;
; out[4]        ; 2.5 V        ; 0 s                 ; 0 s                 ; 2.62 V                       ; 3.18e-09 V                   ; 2.74 V              ; -0.0527 V           ; 0.162 V                              ; 0.083 V                              ; 2.61e-10 s                  ; 2.44e-10 s                  ; Yes                        ; Yes                        ; 2.62 V                      ; 3.18e-09 V                  ; 2.74 V             ; -0.0527 V          ; 0.162 V                             ; 0.083 V                             ; 2.61e-10 s                 ; 2.44e-10 s                 ; Yes                       ; Yes                       ;
; out[3]        ; 2.5 V        ; 0 s                 ; 0 s                 ; 2.62 V                       ; 3.18e-09 V                   ; 2.74 V              ; -0.0527 V           ; 0.162 V                              ; 0.083 V                              ; 2.61e-10 s                  ; 2.44e-10 s                  ; Yes                        ; Yes                        ; 2.62 V                      ; 3.18e-09 V                  ; 2.74 V             ; -0.0527 V          ; 0.162 V                             ; 0.083 V                             ; 2.61e-10 s                 ; 2.44e-10 s                 ; Yes                       ; Yes                       ;
; out[2]        ; 2.5 V        ; 0 s                 ; 0 s                 ; 2.62 V                       ; 3.18e-09 V                   ; 2.74 V              ; -0.0527 V           ; 0.162 V                              ; 0.083 V                              ; 2.61e-10 s                  ; 2.44e-10 s                  ; Yes                        ; Yes                        ; 2.62 V                      ; 3.18e-09 V                  ; 2.74 V             ; -0.0527 V          ; 0.162 V                             ; 0.083 V                             ; 2.61e-10 s                 ; 2.44e-10 s                 ; Yes                       ; Yes                       ;
; out[1]        ; 2.5 V        ; 0 s                 ; 0 s                 ; 2.62 V                       ; 3.18e-09 V                   ; 2.74 V              ; -0.0527 V           ; 0.162 V                              ; 0.083 V                              ; 2.61e-10 s                  ; 2.44e-10 s                  ; Yes                        ; Yes                        ; 2.62 V                      ; 3.18e-09 V                  ; 2.74 V             ; -0.0527 V          ; 0.162 V                             ; 0.083 V                             ; 2.61e-10 s                 ; 2.44e-10 s                 ; Yes                       ; Yes                       ;
; out[0]        ; 2.5 V        ; 0 s                 ; 0 s                 ; 2.62 V                       ; 3.18e-09 V                   ; 2.74 V              ; -0.0527 V           ; 0.162 V                              ; 0.083 V                              ; 2.61e-10 s                  ; 2.44e-10 s                  ; Yes                        ; Yes                        ; 2.62 V                      ; 3.18e-09 V                  ; 2.74 V             ; -0.0527 V          ; 0.162 V                             ; 0.083 V                             ; 2.61e-10 s                 ; 2.44e-10 s                 ; Yes                       ; Yes                       ;
; ~ALTERA_DCLK~ ; 2.5 V        ; 0 s                 ; 0 s                 ; 2.62 V                       ; 1.87e-09 V                   ; 2.79 V              ; -0.0524 V           ; 0.19 V                               ; 0.066 V                              ; 2.63e-10 s                  ; 1.96e-10 s                  ; No                         ; Yes                        ; 2.62 V                      ; 1.87e-09 V                  ; 2.79 V             ; -0.0524 V          ; 0.19 V                              ; 0.066 V                             ; 2.63e-10 s                 ; 1.96e-10 s                 ; No                        ; Yes                       ;
; ~ALTERA_nCEO~ ; 2.5 V        ; 0 s                 ; 0 s                 ; 2.62 V                       ; 2.91e-09 V                   ; 2.73 V              ; -0.0159 V           ; 0.231 V                              ; 0.026 V                              ; 2.89e-10 s                  ; 4.54e-10 s                  ; Yes                        ; Yes                        ; 2.62 V                      ; 2.91e-09 V                  ; 2.73 V             ; -0.0159 V          ; 0.231 V                             ; 0.026 V                             ; 2.89e-10 s                 ; 4.54e-10 s                 ; Yes                       ; Yes                       ;
+---------------+--------------+---------------------+---------------------+------------------------------+------------------------------+---------------------+---------------------+--------------------------------------+--------------------------------------+-----------------------------+-----------------------------+----------------------------+----------------------------+-----------------------------+-----------------------------+--------------------+--------------------+-------------------------------------+-------------------------------------+----------------------------+----------------------------+---------------------------+---------------------------+


+-------------------------------------------------------------------+
; Setup Transfers                                                   ;
+------------+----------+----------+----------+----------+----------+
; From Clock ; To Clock ; RR Paths ; FR Paths ; RF Paths ; FF Paths ;
+------------+----------+----------+----------+----------+----------+
; rst        ; rst      ; 99       ; 49       ; 126      ; 63       ;
; UPclk      ; rst      ; 127      ; 28       ; 162      ; 36       ;
; rst        ; UPclk    ; 155      ; 77       ; 84       ; 42       ;
; UPclk      ; UPclk    ; 199      ; 44       ; 108      ; 24       ;
+------------+----------+----------+----------+----------+----------+
Entries labeled "false path" only account for clock-to-clock false paths and not path-based false paths. As a result, actual path counts may be lower than reported.


+-------------------------------------------------------------------+
; Hold Transfers                                                    ;
+------------+----------+----------+----------+----------+----------+
; From Clock ; To Clock ; RR Paths ; FR Paths ; RF Paths ; FF Paths ;
+------------+----------+----------+----------+----------+----------+
; rst        ; rst      ; 99       ; 49       ; 126      ; 63       ;
; UPclk      ; rst      ; 127      ; 28       ; 162      ; 36       ;
; rst        ; UPclk    ; 155      ; 77       ; 84       ; 42       ;
; UPclk      ; UPclk    ; 199      ; 44       ; 108      ; 24       ;
+------------+----------+----------+----------+----------+----------+
Entries labeled "false path" only account for clock-to-clock false paths and not path-based false paths. As a result, actual path counts may be lower than reported.


+-------------------------------------------------------------------+
; Recovery Transfers                                                ;
+------------+----------+----------+----------+----------+----------+
; From Clock ; To Clock ; RR Paths ; FR Paths ; RF Paths ; FF Paths ;
+------------+----------+----------+----------+----------+----------+
; rst        ; rst      ; 91       ; 49       ; 117      ; 63       ;
; UPclk      ; rst      ; 119      ; 28       ; 153      ; 36       ;
; rst        ; UPclk    ; 143      ; 77       ; 78       ; 42       ;
; UPclk      ; UPclk    ; 187      ; 44       ; 102      ; 24       ;
+------------+----------+----------+----------+----------+----------+
Entries labeled "false path" only account for clock-to-clock false paths and not path-based false paths. As a result, actual path counts may be lower than reported.


+-------------------------------------------------------------------+
; Removal Transfers                                                 ;
+------------+----------+----------+----------+----------+----------+
; From Clock ; To Clock ; RR Paths ; FR Paths ; RF Paths ; FF Paths ;
+------------+----------+----------+----------+----------+----------+
; rst        ; rst      ; 91       ; 49       ; 117      ; 63       ;
; UPclk      ; rst      ; 119      ; 28       ; 153      ; 36       ;
; rst        ; UPclk    ; 143      ; 77       ; 78       ; 42       ;
; UPclk      ; UPclk    ; 187      ; 44       ; 102      ; 24       ;
+------------+----------+----------+----------+----------+----------+
Entries labeled "false path" only account for clock-to-clock false paths and not path-based false paths. As a result, actual path counts may be lower than reported.


---------------
; Report TCCS ;
---------------
No dedicated SERDES Transmitter circuitry present in device or used in design


---------------
; Report RSKM ;
---------------
No non-DPA dedicated SERDES Receiver circuitry present in device or used in design


+------------------------------------------------+
; Unconstrained Paths Summary                    ;
+---------------------------------+-------+------+
; Property                        ; Setup ; Hold ;
+---------------------------------+-------+------+
; Illegal Clocks                  ; 0     ; 0    ;
; Unconstrained Clocks            ; 0     ; 0    ;
; Unconstrained Input Ports       ; 10    ; 10   ;
; Unconstrained Input Port Paths  ; 152   ; 152  ;
; Unconstrained Output Ports      ; 9     ; 9    ;
; Unconstrained Output Port Paths ; 209   ; 209  ;
+---------------------------------+-------+------+


+-------------------------------------+
; Clock Status Summary                ;
+--------+-------+------+-------------+
; Target ; Clock ; Type ; Status      ;
+--------+-------+------+-------------+
; UPclk  ; UPclk ; Base ; Constrained ;
; rst    ; rst   ; Base ; Constrained ;
+--------+-------+------+-------------+


+---------------------------------------------------------------------------------------------------+
; Unconstrained Input Ports                                                                         ;
+------------+--------------------------------------------------------------------------------------+
; Input Port ; Comment                                                                              ;
+------------+--------------------------------------------------------------------------------------+
; UPclk      ; No input delay, min/max delays, false-path exceptions, or max skew assignments found ;
; in[0]      ; No input delay, min/max delays, false-path exceptions, or max skew assignments found ;
; in[1]      ; No input delay, min/max delays, false-path exceptions, or max skew assignments found ;
; in[2]      ; No input delay, min/max delays, false-path exceptions, or max skew assignments found ;
; in[3]      ; No input delay, min/max delays, false-path exceptions, or max skew assignments found ;
; in[4]      ; No input delay, min/max delays, false-path exceptions, or max skew assignments found ;
; in[5]      ; No input delay, min/max delays, false-path exceptions, or max skew assignments found ;
; in[6]      ; No input delay, min/max delays, false-path exceptions, or max skew assignments found ;
; in[7]      ; No input delay, min/max delays, false-path exceptions, or max skew assignments found ;
; rst        ; No input delay, min/max delays, false-path exceptions, or max skew assignments found ;
+------------+--------------------------------------------------------------------------------------+


+-----------------------------------------------------------------------------------------------------+
; Unconstrained Output Ports                                                                          ;
+-------------+---------------------------------------------------------------------------------------+
; Output Port ; Comment                                                                               ;
+-------------+---------------------------------------------------------------------------------------+
; div_clk     ; No output delay, min/max delays, false-path exceptions, or max skew assignments found ;
; out[0]      ; No output delay, min/max delays, false-path exceptions, or max skew assignments found ;
; out[1]      ; No output delay, min/max delays, false-path exceptions, or max skew assignments found ;
; out[2]      ; No output delay, min/max delays, false-path exceptions, or max skew assignments found ;
; out[3]      ; No output delay, min/max delays, false-path exceptions, or max skew assignments found ;
; out[4]      ; No output delay, min/max delays, false-path exceptions, or max skew assignments found ;
; out[5]      ; No output delay, min/max delays, false-path exceptions, or max skew assignments found ;
; out[6]      ; No output delay, min/max delays, false-path exceptions, or max skew assignments found ;
; out[7]      ; No output delay, min/max delays, false-path exceptions, or max skew assignments found ;
+-------------+---------------------------------------------------------------------------------------+


+---------------------------------------------------------------------------------------------------+
; Unconstrained Input Ports                                                                         ;
+------------+--------------------------------------------------------------------------------------+
; Input Port ; Comment                                                                              ;
+------------+--------------------------------------------------------------------------------------+
; UPclk      ; No input delay, min/max delays, false-path exceptions, or max skew assignments found ;
; in[0]      ; No input delay, min/max delays, false-path exceptions, or max skew assignments found ;
; in[1]      ; No input delay, min/max delays, false-path exceptions, or max skew assignments found ;
; in[2]      ; No input delay, min/max delays, false-path exceptions, or max skew assignments found ;
; in[3]      ; No input delay, min/max delays, false-path exceptions, or max skew assignments found ;
; in[4]      ; No input delay, min/max delays, false-path exceptions, or max skew assignments found ;
; in[5]      ; No input delay, min/max delays, false-path exceptions, or max skew assignments found ;
; in[6]      ; No input delay, min/max delays, false-path exceptions, or max skew assignments found ;
; in[7]      ; No input delay, min/max delays, false-path exceptions, or max skew assignments found ;
; rst        ; No input delay, min/max delays, false-path exceptions, or max skew assignments found ;
+------------+--------------------------------------------------------------------------------------+


+-----------------------------------------------------------------------------------------------------+
; Unconstrained Output Ports                                                                          ;
+-------------+---------------------------------------------------------------------------------------+
; Output Port ; Comment                                                                               ;
+-------------+---------------------------------------------------------------------------------------+
; div_clk     ; No output delay, min/max delays, false-path exceptions, or max skew assignments found ;
; out[0]      ; No output delay, min/max delays, false-path exceptions, or max skew assignments found ;
; out[1]      ; No output delay, min/max delays, false-path exceptions, or max skew assignments found ;
; out[2]      ; No output delay, min/max delays, false-path exceptions, or max skew assignments found ;
; out[3]      ; No output delay, min/max delays, false-path exceptions, or max skew assignments found ;
; out[4]      ; No output delay, min/max delays, false-path exceptions, or max skew assignments found ;
; out[5]      ; No output delay, min/max delays, false-path exceptions, or max skew assignments found ;
; out[6]      ; No output delay, min/max delays, false-path exceptions, or max skew assignments found ;
; out[7]      ; No output delay, min/max delays, false-path exceptions, or max skew assignments found ;
+-------------+---------------------------------------------------------------------------------------+


+--------------------------+
; Timing Analyzer Messages ;
+--------------------------+
Info: *******************************************************************
Info: Running Quartus Prime Timing Analyzer
    Info: Version 20.1.0 Build 711 06/05/2020 SJ Lite Edition
    Info: Processing started: Mon May 25 22:35:09 2026
Info: Command: quartus_sta 3-B -c 3-B
Info: qsta_default_script.tcl version: #1
Warning (18236): Number of processors has not been specified which may cause overloading on shared machines.  Set the global assignment NUM_PARALLEL_PROCESSORS in your QSF to an appropriate value for best performance.
Info (20030): Parallel compilation is enabled and will use 12 of the 12 processors detected
Info (21077): Low junction temperature is -40 degrees C
Info (21077): High junction temperature is 125 degrees C
Warning (335093): The Timing Analyzer is analyzing 8 combinational loops as latches. For more details, run the Check Timing command in the Timing Analyzer or view the "User-Specified and Inferred Latches" table in the Analysis & Synthesis report.
Critical Warning (332012): Synopsys Design Constraints File file not found: '3-B.sdc'. A Synopsys Design Constraints File is required by the Timing Analyzer to get proper timing constraints. Without it, the Compiler will not properly optimize the design.
Info (332142): No user constrained base clocks found in the design. Calling "derive_clocks -period 1.0"
Info (332105): Deriving Clocks
    Info (332105): create_clock -period 1.000 -name UPclk UPclk
    Info (332105): create_clock -period 1.000 -name rst rst
Warning (332125): Found combinational loop of 33 nodes
    Warning (332126): Node "inst4|27|combout"
    Warning (332126): Node "inst3|4|datac"
    Warning (332126): Node "inst3|4|combout"
    Warning (332126): Node "inst4|23~2|datac"
    Warning (332126): Node "inst4|23~2|combout"
    Warning (332126): Node "inst4|27|datad"
    Warning (332126): Node "inst4|24~2|datac"
    Warning (332126): Node "inst4|24~2|combout"
    Warning (332126): Node "inst4|21~0|dataa"
    Warning (332126): Node "inst4|21~0|combout"
    Warning (332126): Node "inst4|27|datac"
    Warning (332126): Node "inst4|25~2|datac"
    Warning (332126): Node "inst4|25~2|combout"
    Warning (332126): Node "inst4|21~0|datab"
    Warning (332126): Node "inst4|26~2|datac"
    Warning (332126): Node "inst4|26~2|combout"
    Warning (332126): Node "inst4|21~0|datad"
    Warning (332126): Node "inst1|23~2|datab"
    Warning (332126): Node "inst1|23~2|combout"
    Warning (332126): Node "inst1|27|datad"
    Warning (332126): Node "inst1|27|combout"
    Warning (332126): Node "inst4|21~0|datac"
    Warning (332126): Node "inst1|24~2|datab"
    Warning (332126): Node "inst1|24~2|combout"
    Warning (332126): Node "inst1|21~0|datac"
    Warning (332126): Node "inst1|21~0|combout"
    Warning (332126): Node "inst1|27|datac"
    Warning (332126): Node "inst1|25~2|dataa"
    Warning (332126): Node "inst1|25~2|combout"
    Warning (332126): Node "inst1|21~0|dataa"
    Warning (332126): Node "inst1|26~2|dataa"
    Warning (332126): Node "inst1|26~2|combout"
    Warning (332126): Node "inst1|21~0|datab"
Info (332097): The following timing edges are non-unate.  The Timing Analyzer will assume pos-unate behavior for these edges in the clock network.
    Info (332098): From: inst1|21~0|datad  to: inst1|26~2|combout
    Info (332098): Cell: inst1|92  from: datac  to: combout
    Info (332098): Cell: inst1|92  from: datad  to: combout
    Info (332098): Cell: inst1|93  from: datac  to: combout
    Info (332098): From: inst3|4|datad  to: inst1|26~2|combout
    Info (332098): Cell: inst4|92  from: datab  to: combout
    Info (332098): Cell: inst4|92  from: datad  to: combout
    Info (332098): Cell: inst4|93  from: datad  to: combout
Info (332143): No user constrained clock uncertainty found in the design. Calling "derive_clock_uncertainty"
Info (332123): Deriving Clock Uncertainty. Please refer to report_sdc in the Timing Analyzer to see clock uncertainties.
Info: Found TIMING_ANALYZER_REPORT_SCRIPT_INCLUDE_DEFAULT_ANALYSIS = ON
Info: Analyzing Slow 1200mV 125C Model
Critical Warning (332148): Timing requirements not met
    Info (11105): For recommendations on closing timing, run Report Timing Closure Recommendations in the Timing Analyzer.
Info (332146): Worst-case setup slack is -18.847
    Info (332119):     Slack       End Point TNS Clock 
    Info (332119): ========= =================== =====================
    Info (332119):   -18.847            -145.498 UPclk 
    Info (332119):   -15.770            -110.219 rst 
Info (332146): Worst-case hold slack is -4.928
    Info (332119):     Slack       End Point TNS Clock 
    Info (332119): ========= =================== =====================
    Info (332119):    -4.928             -30.368 UPclk 
    Info (332119):    -3.693             -17.290 rst 
Info (332146): Worst-case recovery slack is -14.143
    Info (332119):     Slack       End Point TNS Clock 
    Info (332119): ========= =================== =====================
    Info (332119):   -14.143            -104.620 UPclk 
    Info (332119):   -11.113             -74.188 rst 
Info (332146): Worst-case removal slack is -6.719
    Info (332119):     Slack       End Point TNS Clock 
    Info (332119): ========= =================== =====================
    Info (332119):    -6.719             -37.390 UPclk 
    Info (332119):    -5.407             -22.899 rst 
Info (332146): Worst-case minimum pulse width slack is -7.017
    Info (332119):     Slack       End Point TNS Clock 
    Info (332119): ========= =================== =====================
    Info (332119):    -7.017            -158.603 UPclk 
    Info (332119):    -3.000             -42.190 rst 
Info: Analyzing Slow 1200mV -40C Model
Info (334003): Started post-fitting delay annotation
Info (334004): Delay annotation completed successfully
Info (332097): The following timing edges are non-unate.  The Timing Analyzer will assume pos-unate behavior for these edges in the clock network.
    Info (332098): From: inst1|21~0|datad  to: inst1|26~2|combout
    Info (332098): Cell: inst1|92  from: datac  to: combout
    Info (332098): Cell: inst1|92  from: datad  to: combout
    Info (332098): Cell: inst1|93  from: datac  to: combout
    Info (332098): From: inst3|4|datad  to: inst1|26~2|combout
    Info (332098): Cell: inst4|92  from: datab  to: combout
    Info (332098): Cell: inst4|92  from: datad  to: combout
    Info (332098): Cell: inst4|93  from: datad  to: combout
Info (332123): Deriving Clock Uncertainty. Please refer to report_sdc in the Timing Analyzer to see clock uncertainties.
Critical Warning (332148): Timing requirements not met
    Info (11105): For recommendations on closing timing, run Report Timing Closure Recommendations in the Timing Analyzer.
Info (332146): Worst-case setup slack is -16.716
    Info (332119):     Slack       End Point TNS Clock 
    Info (332119): ========= =================== =====================
    Info (332119):   -16.716            -128.824 UPclk 
    Info (332119):   -14.062             -98.294 rst 
Info (332146): Worst-case hold slack is -4.325
    Info (332119):     Slack       End Point TNS Clock 
    Info (332119): ========= =================== =====================
    Info (332119):    -4.325             -27.186 UPclk 
    Info (332119):    -3.054             -14.873 rst 
Info (332146): Worst-case recovery slack is -12.262
    Info (332119):     Slack       End Point TNS Clock 
    Info (332119): ========= =================== =====================
    Info (332119):   -12.262             -90.854 UPclk 
    Info (332119):    -9.724             -64.356 rst 
Info (332146): Worst-case removal slack is -5.907
    Info (332119):     Slack       End Point TNS Clock 
    Info (332119): ========= =================== =====================
    Info (332119):    -5.907             -33.489 UPclk 
    Info (332119):    -4.829             -20.408 rst 
Info (332146): Worst-case minimum pulse width slack is -6.058
    Info (332119):     Slack       End Point TNS Clock 
    Info (332119): ========= =================== =====================
    Info (332119):    -6.058            -137.694 UPclk 
    Info (332119):    -3.000             -35.521 rst 
Info: Analyzing Fast 1200mV -40C Model
Info (332097): The following timing edges are non-unate.  The Timing Analyzer will assume pos-unate behavior for these edges in the clock network.
    Info (332098): From: inst1|21~0|datad  to: inst1|26~2|combout
    Info (332098): Cell: inst1|92  from: datac  to: combout
    Info (332098): Cell: inst1|92  from: datad  to: combout
    Info (332098): Cell: inst1|93  from: datac  to: combout
    Info (332098): From: inst3|4|datad  to: inst1|26~2|combout
    Info (332098): Cell: inst4|92  from: datab  to: combout
    Info (332098): Cell: inst4|92  from: datad  to: combout
    Info (332098): Cell: inst4|93  from: datad  to: combout
Info (332123): Deriving Clock Uncertainty. Please refer to report_sdc in the Timing Analyzer to see clock uncertainties.
Critical Warning (332148): Timing requirements not met
    Info (11105): For recommendations on closing timing, run Report Timing Closure Recommendations in the Timing Analyzer.
Info (332146): Worst-case setup slack is -9.055
    Info (332119):     Slack       End Point TNS Clock 
    Info (332119): ========= =================== =====================
    Info (332119):    -9.055             -69.057 UPclk 
    Info (332119):    -7.483             -51.210 rst 
Info (332146): Worst-case hold slack is -2.351
    Info (332119):     Slack       End Point TNS Clock 
    Info (332119): ========= =================== =====================
    Info (332119):    -2.351             -14.405 UPclk 
    Info (332119):    -1.828              -8.420 rst 
Info (332146): Worst-case recovery slack is -6.597
    Info (332119):     Slack       End Point TNS Clock 
    Info (332119): ========= =================== =====================
    Info (332119):    -6.597             -48.830 UPclk 
    Info (332119):    -5.154             -33.015 rst 
Info (332146): Worst-case removal slack is -3.160
    Info (332119):     Slack       End Point TNS Clock 
    Info (332119): ========= =================== =====================
    Info (332119):    -3.160             -17.220 UPclk 
    Info (332119):    -2.439             -10.362 rst 
Info (332146): Worst-case minimum pulse width slack is -3.321
    Info (332119):     Slack       End Point TNS Clock 
    Info (332119): ========= =================== =====================
    Info (332119):    -3.321             -72.858 UPclk 
    Info (332119):    -3.000             -22.980 rst 
Info (332102): Design is not fully constrained for setup requirements
Info (332102): Design is not fully constrained for hold requirements
Info: Quartus Prime Timing Analyzer was successful. 0 errors, 40 warnings
    Info: Peak virtual memory: 4866 megabytes
    Info: Processing ended: Mon May 25 22:35:12 2026
    Info: Elapsed time: 00:00:03
    Info: Total CPU time (on all processors): 00:00:02


