Timing Analyzer report for 3-A
Mon May 25 02:02:21 2026
Quartus Prime Version 20.1.0 Build 711 06/05/2020 SJ Lite Edition


---------------------
; Table of Contents ;
---------------------
  1. Legal Notice
  2. Timing Analyzer Summary
  3. Parallel Compilation
  4. Clocks
  5. Slow 1000mV 100C Model Fmax Summary
  6. Timing Closure Recommendations
  7. Slow 1000mV 100C Model Setup Summary
  8. Slow 1000mV 100C Model Hold Summary
  9. Slow 1000mV 100C Model Recovery Summary
 10. Slow 1000mV 100C Model Removal Summary
 11. Slow 1000mV 100C Model Minimum Pulse Width Summary
 12. Slow 1000mV 100C Model Setup: 'clk'
 13. Slow 1000mV 100C Model Setup: 'in[0]'
 14. Slow 1000mV 100C Model Hold: 'in[0]'
 15. Slow 1000mV 100C Model Hold: 'clk'
 16. Slow 1000mV 100C Model Recovery: 'clk'
 17. Slow 1000mV 100C Model Removal: 'clk'
 18. Slow 1000mV 100C Model Metastability Summary
 19. Slow 1000mV -40C Model Fmax Summary
 20. Slow 1000mV -40C Model Setup Summary
 21. Slow 1000mV -40C Model Hold Summary
 22. Slow 1000mV -40C Model Recovery Summary
 23. Slow 1000mV -40C Model Removal Summary
 24. Slow 1000mV -40C Model Minimum Pulse Width Summary
 25. Slow 1000mV -40C Model Setup: 'clk'
 26. Slow 1000mV -40C Model Setup: 'in[0]'
 27. Slow 1000mV -40C Model Hold: 'in[0]'
 28. Slow 1000mV -40C Model Hold: 'clk'
 29. Slow 1000mV -40C Model Recovery: 'clk'
 30. Slow 1000mV -40C Model Removal: 'clk'
 31. Slow 1000mV -40C Model Metastability Summary
 32. Fast 1000mV -40C Model Setup Summary
 33. Fast 1000mV -40C Model Hold Summary
 34. Fast 1000mV -40C Model Recovery Summary
 35. Fast 1000mV -40C Model Removal Summary
 36. Fast 1000mV -40C Model Minimum Pulse Width Summary
 37. Fast 1000mV -40C Model Setup: 'clk'
 38. Fast 1000mV -40C Model Setup: 'in[0]'
 39. Fast 1000mV -40C Model Hold: 'in[0]'
 40. Fast 1000mV -40C Model Hold: 'clk'
 41. Fast 1000mV -40C Model Recovery: 'clk'
 42. Fast 1000mV -40C Model Removal: 'clk'
 43. Fast 1000mV -40C Model Metastability Summary
 44. Multicorner Timing Analysis Summary
 45. Board Trace Model Assignments
 46. Input Transition Times
 47. Signal Integrity Metrics (Slow 1000mv n40c Model)
 48. Signal Integrity Metrics (Slow 1000mv 100c Model)
 49. Signal Integrity Metrics (Fast 1000mv n40c Model)
 50. Setup Transfers
 51. Hold Transfers
 52. Recovery Transfers
 53. Removal Transfers
 54. Report TCCS
 55. Report RSKM
 56. Unconstrained Paths Summary
 57. Clock Status Summary
 58. Unconstrained Input Ports
 59. Unconstrained Output Ports
 60. Unconstrained Input Ports
 61. Unconstrained Output Ports
 62. Timing Analyzer Messages



----------------
; Legal Notice ;
----------------
Copyright (C) 2020  Intel Corporation. All rights reserved.
Your use of Intel Corporation's design tools, logic functions 
and other software and tools, and any partner logic 
functions, and any output files from any of the foregoing 
(including device programming or simulation files), and any 
associated documentation or information are expressly subject 
to the terms and conditions of the Intel Program License 
Subscription Agreement, the Intel Quartus Prime License Agreement,
the Intel FPGA IP License Agreement, or other applicable license
agreement, including, without limitation, that your use is for
the sole purpose of programming logic devices manufactured by
Intel and sold by Intel or its authorized distributors.  Please
refer to the applicable agreement for further details, at
https://fpgasoftware.intel.com/eula.



+-----------------------------------------------------------------------------+
; Timing Analyzer Summary                                                     ;
+-----------------------+-----------------------------------------------------+
; Quartus Prime Version ; Version 20.1.0 Build 711 06/05/2020 SJ Lite Edition ;
; Timing Analyzer       ; Legacy Timing Analyzer                              ;
; Revision Name         ; 3-A                                                 ;
; Device Family         ; Cyclone IV E                                        ;
; Device Name           ; EP4CE115F29I8L                                      ;
; Timing Models         ; Final                                               ;
; Delay Model           ; Combined                                            ;
; Rise/Fall Delays      ; Enabled                                             ;
+-----------------------+-----------------------------------------------------+


+------------------------------------------+
; Parallel Compilation                     ;
+----------------------------+-------------+
; Processors                 ; Number      ;
+----------------------------+-------------+
; Number detected on machine ; 12          ;
; Maximum allowed            ; 12          ;
;                            ;             ;
; Average used               ; 1.19        ;
; Maximum used               ; 12          ;
;                            ;             ;
; Usage by Processor         ; % Time Used ;
;     Processor 1            ; 100.0%      ;
;     Processor 2            ;   2.5%      ;
;     Processors 3-12        ;   1.6%      ;
+----------------------------+-------------+


+-----------------------------------------------------------------------------------------------------------------------------------------------------------------------------------+
; Clocks                                                                                                                                                                            ;
+------------+------+--------+------------+-------+-------+------------+-----------+-------------+-------+--------+-----------+------------+----------+--------+--------+-----------+
; Clock Name ; Type ; Period ; Frequency  ; Rise  ; Fall  ; Duty Cycle ; Divide by ; Multiply by ; Phase ; Offset ; Edge List ; Edge Shift ; Inverted ; Master ; Source ; Targets   ;
+------------+------+--------+------------+-------+-------+------------+-----------+-------------+-------+--------+-----------+------------+----------+--------+--------+-----------+
; clk        ; Base ; 1.000  ; 1000.0 MHz ; 0.000 ; 0.500 ;            ;           ;             ;       ;        ;           ;            ;          ;        ;        ; { clk }   ;
; in[0]      ; Base ; 1.000  ; 1000.0 MHz ; 0.000 ; 0.500 ;            ;           ;             ;       ;        ;           ;            ;          ;        ;        ; { in[0] } ;
+------------+------+--------+------------+-------+-------+------------+-----------+-------------+-------+--------+-----------+------------+----------+--------+--------+-----------+


+------------------------------------------------------------------------------------------------------------+
; Slow 1000mV 100C Model Fmax Summary                                                                        ;
+-------------+-----------------+------------+---------------------------------------------------------------+
; Fmax        ; Restricted Fmax ; Clock Name ; Note                                                          ;
+-------------+-----------------+------------+---------------------------------------------------------------+
; 119.09 MHz  ; 119.09 MHz      ; clk        ;                                                               ;
; 4291.85 MHz ; 250.0 MHz       ; in[0]      ; limit due to minimum period restriction (max I/O toggle rate) ;
+-------------+-----------------+------------+---------------------------------------------------------------+
This panel reports FMAX for every clock in the design, regardless of the user-specified clock periods.  FMAX is only computed for paths where the source and destination registers or ports are driven by the same clock.  Paths of different clocks, including generated clocks, are ignored.  For paths between a clock and its inversion, FMAX is computed as if the rising and falling edges are scaled along with FMAX, such that the duty cycle (in terms of a percentage) is maintained. Altera recommends that you always use clock constraints and other slack reports for sign-off analysis.


----------------------------------
; Timing Closure Recommendations ;
----------------------------------
HTML report is unavailable in plain text report export.


+--------------------------------------+
; Slow 1000mV 100C Model Setup Summary ;
+-------+---------+--------------------+
; Clock ; Slack   ; End Point TNS      ;
+-------+---------+--------------------+
; clk   ; -13.122 ; -103.940           ;
; in[0] ; 0.767   ; 0.000              ;
+-------+---------+--------------------+


+-------------------------------------+
; Slow 1000mV 100C Model Hold Summary ;
+-------+--------+--------------------+
; Clock ; Slack  ; End Point TNS      ;
+-------+--------+--------------------+
; in[0] ; -1.501 ; -1.501             ;
; clk   ; 1.309  ; 0.000              ;
+-------+--------+--------------------+


+-----------------------------------------+
; Slow 1000mV 100C Model Recovery Summary ;
+-------+---------+-----------------------+
; Clock ; Slack   ; End Point TNS         ;
+-------+---------+-----------------------+
; clk   ; -12.782 ; -102.231              ;
+-------+---------+-----------------------+


+----------------------------------------+
; Slow 1000mV 100C Model Removal Summary ;
+-------+-------+------------------------+
; Clock ; Slack ; End Point TNS          ;
+-------+-------+------------------------+
; clk   ; 4.764 ; 0.000                  ;
+-------+-------+------------------------+


+----------------------------------------------------+
; Slow 1000mV 100C Model Minimum Pulse Width Summary ;
+-------+--------+-----------------------------------+
; Clock ; Slack  ; End Point TNS                     ;
+-------+--------+-----------------------------------+
; clk   ; -3.000 ; -17.104                           ;
; in[0] ; -3.000 ; -3.000                            ;
+-------+--------+-----------------------------------+


+-----------------------------------------------------------------------------------------------------------------------------------------------------------+
; Slow 1000mV 100C Model Setup: 'clk'                                                                                                                       ;
+---------+-------------------------------------+-------------------------------------+--------------+-------------+--------------+------------+------------+
; Slack   ; From Node                           ; To Node                             ; Launch Clock ; Latch Clock ; Relationship ; Clock Skew ; Data Delay ;
+---------+-------------------------------------+-------------------------------------+--------------+-------------+--------------+------------+------------+
; -13.122 ; 74191:inst|f74191:sub|16~1          ; 74191:inst|f74191:sub|17~_emulated  ; in[0]        ; clk         ; 0.500        ; -5.751     ; 7.865      ;
; -13.121 ; 74191:inst|f74191:sub|16~1          ; 74191:inst|f74191:sub|18~_emulated  ; in[0]        ; clk         ; 0.500        ; -5.751     ; 7.864      ;
; -13.107 ; 74191:inst1|f74191:sub|16~1         ; 74191:inst|f74191:sub|16~_emulated  ; in[0]        ; clk         ; 0.500        ; -5.745     ; 7.856      ;
; -13.022 ; 74191:inst1|f74191:sub|19~1         ; 74191:inst1|f74191:sub|19~_emulated ; in[0]        ; clk         ; 0.500        ; -5.744     ; 7.772      ;
; -13.022 ; 74191:inst1|f74191:sub|16~1         ; 74191:inst|f74191:sub|18~_emulated  ; in[0]        ; clk         ; 0.500        ; -5.751     ; 7.765      ;
; -13.022 ; 74191:inst1|f74191:sub|19~1         ; 74191:inst|f74191:sub|16~_emulated  ; in[0]        ; clk         ; 0.500        ; -5.744     ; 7.772      ;
; -12.999 ; 74191:inst1|f74191:sub|16~1         ; 74191:inst1|f74191:sub|19~_emulated ; in[0]        ; clk         ; 0.500        ; -5.745     ; 7.748      ;
; -12.983 ; 74191:inst|f74191:sub|17~1          ; 74191:inst|f74191:sub|17~_emulated  ; in[0]        ; clk         ; 0.500        ; -5.749     ; 7.728      ;
; -12.982 ; 74191:inst|f74191:sub|17~1          ; 74191:inst|f74191:sub|18~_emulated  ; in[0]        ; clk         ; 0.500        ; -5.749     ; 7.727      ;
; -12.960 ; 74191:inst1|f74191:sub|16~1         ; 74191:inst1|f74191:sub|18~_emulated ; in[0]        ; clk         ; 0.500        ; -5.745     ; 7.709      ;
; -12.950 ; 74191:inst1|f74191:sub|16~1         ; 74191:inst|f74191:sub|17~_emulated  ; in[0]        ; clk         ; 0.500        ; -5.751     ; 7.693      ;
; -12.934 ; 74191:inst1|f74191:sub|16~1         ; 74191:inst1|f74191:sub|17~_emulated ; in[0]        ; clk         ; 0.500        ; -5.745     ; 7.683      ;
; -12.922 ; 74191:inst1|f74191:sub|17~1         ; 74191:inst1|f74191:sub|19~_emulated ; in[0]        ; clk         ; 0.500        ; -5.742     ; 7.674      ;
; -12.922 ; 74191:inst1|f74191:sub|17~1         ; 74191:inst|f74191:sub|16~_emulated  ; in[0]        ; clk         ; 0.500        ; -5.742     ; 7.674      ;
; -12.921 ; 74191:inst1|f74191:sub|16~1         ; 74191:inst|f74191:sub|19~_emulated  ; in[0]        ; clk         ; 0.500        ; -5.751     ; 7.664      ;
; -12.854 ; 74191:inst|f74191:sub|18~1          ; 74191:inst|f74191:sub|19~_emulated  ; in[0]        ; clk         ; 0.500        ; -5.749     ; 7.599      ;
; -12.817 ; 74191:inst1|f74191:sub|19~1         ; 74191:inst1|f74191:sub|18~_emulated ; in[0]        ; clk         ; 0.500        ; -5.744     ; 7.567      ;
; -12.758 ; 74191:inst1|f74191:sub|19~1         ; 74191:inst|f74191:sub|18~_emulated  ; in[0]        ; clk         ; 0.500        ; -5.750     ; 7.502      ;
; -12.757 ; 74191:inst1|f74191:sub|19~1         ; 74191:inst1|f74191:sub|17~_emulated ; in[0]        ; clk         ; 0.500        ; -5.744     ; 7.507      ;
; -12.753 ; 74191:inst1|f74191:sub|19~1         ; 74191:inst1|f74191:sub|16~_emulated ; in[0]        ; clk         ; 0.500        ; -5.744     ; 7.503      ;
; -12.734 ; 74191:inst1|f74191:sub|18~1         ; 74191:inst1|f74191:sub|19~_emulated ; in[0]        ; clk         ; 0.500        ; -5.746     ; 7.482      ;
; -12.734 ; 74191:inst1|f74191:sub|18~1         ; 74191:inst|f74191:sub|16~_emulated  ; in[0]        ; clk         ; 0.500        ; -5.746     ; 7.482      ;
; -12.717 ; 74191:inst1|f74191:sub|17~1         ; 74191:inst1|f74191:sub|18~_emulated ; in[0]        ; clk         ; 0.500        ; -5.742     ; 7.469      ;
; -12.686 ; 74191:inst1|f74191:sub|19~1         ; 74191:inst|f74191:sub|17~_emulated  ; in[0]        ; clk         ; 0.500        ; -5.750     ; 7.430      ;
; -12.676 ; 74191:inst|f74191:sub|19~1          ; 74191:inst|f74191:sub|19~_emulated  ; in[0]        ; clk         ; 0.500        ; -5.751     ; 7.419      ;
; -12.658 ; 74191:inst1|f74191:sub|17~1         ; 74191:inst|f74191:sub|18~_emulated  ; in[0]        ; clk         ; 0.500        ; -5.748     ; 7.404      ;
; -12.657 ; 74191:inst1|f74191:sub|19~1         ; 74191:inst|f74191:sub|19~_emulated  ; in[0]        ; clk         ; 0.500        ; -5.750     ; 7.401      ;
; -12.657 ; 74191:inst1|f74191:sub|17~1         ; 74191:inst1|f74191:sub|17~_emulated ; in[0]        ; clk         ; 0.500        ; -5.742     ; 7.409      ;
; -12.653 ; 74191:inst1|f74191:sub|17~1         ; 74191:inst1|f74191:sub|16~_emulated ; in[0]        ; clk         ; 0.500        ; -5.742     ; 7.405      ;
; -12.586 ; 74191:inst1|f74191:sub|17~1         ; 74191:inst|f74191:sub|17~_emulated  ; in[0]        ; clk         ; 0.500        ; -5.748     ; 7.332      ;
; -12.557 ; 74191:inst1|f74191:sub|17~1         ; 74191:inst|f74191:sub|19~_emulated  ; in[0]        ; clk         ; 0.500        ; -5.748     ; 7.303      ;
; -12.529 ; 74191:inst1|f74191:sub|18~1         ; 74191:inst1|f74191:sub|18~_emulated ; in[0]        ; clk         ; 0.500        ; -5.746     ; 7.277      ;
; -12.470 ; 74191:inst1|f74191:sub|18~1         ; 74191:inst|f74191:sub|18~_emulated  ; in[0]        ; clk         ; 0.500        ; -5.752     ; 7.212      ;
; -12.469 ; 74191:inst1|f74191:sub|18~1         ; 74191:inst1|f74191:sub|17~_emulated ; in[0]        ; clk         ; 0.500        ; -5.746     ; 7.217      ;
; -12.465 ; 74191:inst1|f74191:sub|18~1         ; 74191:inst1|f74191:sub|16~_emulated ; in[0]        ; clk         ; 0.500        ; -5.746     ; 7.213      ;
; -12.398 ; 74191:inst1|f74191:sub|18~1         ; 74191:inst|f74191:sub|17~_emulated  ; in[0]        ; clk         ; 0.500        ; -5.752     ; 7.140      ;
; -12.369 ; 74191:inst1|f74191:sub|18~1         ; 74191:inst|f74191:sub|19~_emulated  ; in[0]        ; clk         ; 0.500        ; -5.752     ; 7.111      ;
; -12.180 ; 74191:inst|f74191:sub|16~1          ; 74191:inst1|f74191:sub|19~_emulated ; in[0]        ; clk         ; 0.500        ; -5.745     ; 6.929      ;
; -12.180 ; 74191:inst|f74191:sub|16~1          ; 74191:inst|f74191:sub|16~_emulated  ; in[0]        ; clk         ; 0.500        ; -5.745     ; 6.929      ;
; -12.075 ; 74191:inst|f74191:sub|18~1          ; 74191:inst|f74191:sub|17~_emulated  ; in[0]        ; clk         ; 0.500        ; -5.749     ; 6.820      ;
; -12.074 ; 74191:inst|f74191:sub|18~1          ; 74191:inst|f74191:sub|18~_emulated  ; in[0]        ; clk         ; 0.500        ; -5.749     ; 6.819      ;
; -12.064 ; 74191:inst|f74191:sub|17~1          ; 74191:inst|f74191:sub|16~_emulated  ; in[0]        ; clk         ; 0.500        ; -5.743     ; 6.815      ;
; -12.041 ; 74191:inst|f74191:sub|17~1          ; 74191:inst1|f74191:sub|19~_emulated ; in[0]        ; clk         ; 0.500        ; -5.743     ; 6.792      ;
; -11.975 ; 74191:inst|f74191:sub|16~1          ; 74191:inst1|f74191:sub|18~_emulated ; in[0]        ; clk         ; 0.500        ; -5.745     ; 6.724      ;
; -11.915 ; 74191:inst|f74191:sub|16~1          ; 74191:inst1|f74191:sub|17~_emulated ; in[0]        ; clk         ; 0.500        ; -5.745     ; 6.664      ;
; -11.911 ; 74191:inst|f74191:sub|16~1          ; 74191:inst1|f74191:sub|16~_emulated ; in[0]        ; clk         ; 0.500        ; -5.745     ; 6.660      ;
; -11.897 ; 74191:inst|f74191:sub|19~1          ; 74191:inst|f74191:sub|17~_emulated  ; in[0]        ; clk         ; 0.500        ; -5.751     ; 6.640      ;
; -11.896 ; 74191:inst|f74191:sub|19~1          ; 74191:inst|f74191:sub|18~_emulated  ; in[0]        ; clk         ; 0.500        ; -5.751     ; 6.639      ;
; -11.836 ; 74191:inst|f74191:sub|17~1          ; 74191:inst1|f74191:sub|18~_emulated ; in[0]        ; clk         ; 0.500        ; -5.743     ; 6.587      ;
; -11.815 ; 74191:inst|f74191:sub|16~1          ; 74191:inst|f74191:sub|19~_emulated  ; in[0]        ; clk         ; 0.500        ; -5.751     ; 6.558      ;
; -11.776 ; 74191:inst|f74191:sub|17~1          ; 74191:inst1|f74191:sub|17~_emulated ; in[0]        ; clk         ; 0.500        ; -5.743     ; 6.527      ;
; -11.772 ; 74191:inst|f74191:sub|17~1          ; 74191:inst1|f74191:sub|16~_emulated ; in[0]        ; clk         ; 0.500        ; -5.743     ; 6.523      ;
; -11.676 ; 74191:inst|f74191:sub|17~1          ; 74191:inst|f74191:sub|19~_emulated  ; in[0]        ; clk         ; 0.500        ; -5.749     ; 6.421      ;
; -11.133 ; 74191:inst|f74191:sub|18~1          ; 74191:inst1|f74191:sub|19~_emulated ; in[0]        ; clk         ; 0.500        ; -5.743     ; 5.884      ;
; -11.133 ; 74191:inst|f74191:sub|18~1          ; 74191:inst|f74191:sub|16~_emulated  ; in[0]        ; clk         ; 0.500        ; -5.743     ; 5.884      ;
; -10.990 ; 74191:inst|f74191:sub|19~1          ; 74191:inst|f74191:sub|16~_emulated  ; in[0]        ; clk         ; 0.500        ; -5.745     ; 5.739      ;
; -10.955 ; 74191:inst|f74191:sub|19~1          ; 74191:inst1|f74191:sub|19~_emulated ; in[0]        ; clk         ; 0.500        ; -5.745     ; 5.704      ;
; -10.928 ; 74191:inst|f74191:sub|18~1          ; 74191:inst1|f74191:sub|18~_emulated ; in[0]        ; clk         ; 0.500        ; -5.743     ; 5.679      ;
; -10.868 ; 74191:inst|f74191:sub|18~1          ; 74191:inst1|f74191:sub|17~_emulated ; in[0]        ; clk         ; 0.500        ; -5.743     ; 5.619      ;
; -10.864 ; 74191:inst|f74191:sub|18~1          ; 74191:inst1|f74191:sub|16~_emulated ; in[0]        ; clk         ; 0.500        ; -5.743     ; 5.615      ;
; -10.750 ; 74191:inst|f74191:sub|19~1          ; 74191:inst1|f74191:sub|18~_emulated ; in[0]        ; clk         ; 0.500        ; -5.745     ; 5.499      ;
; -10.690 ; 74191:inst|f74191:sub|19~1          ; 74191:inst1|f74191:sub|17~_emulated ; in[0]        ; clk         ; 0.500        ; -5.745     ; 5.439      ;
; -10.686 ; 74191:inst|f74191:sub|19~1          ; 74191:inst1|f74191:sub|16~_emulated ; in[0]        ; clk         ; 0.500        ; -5.745     ; 5.435      ;
; -8.533  ; 74191:inst1|f74191:sub|16~1         ; 74191:inst1|f74191:sub|16~_emulated ; in[0]        ; clk         ; 0.500        ; -5.745     ; 3.282      ;
; -7.397  ; 74191:inst1|f74191:sub|19~_emulated ; 74191:inst1|f74191:sub|19~_emulated ; clk          ; clk         ; 1.000        ; -0.059     ; 8.362      ;
; -7.397  ; 74191:inst1|f74191:sub|19~_emulated ; 74191:inst|f74191:sub|16~_emulated  ; clk          ; clk         ; 1.000        ; -0.059     ; 8.362      ;
; -7.352  ; 74191:inst|f74191:sub|17~_emulated  ; 74191:inst|f74191:sub|17~_emulated  ; clk          ; clk         ; 1.000        ; -0.057     ; 8.319      ;
; -7.351  ; 74191:inst|f74191:sub|17~_emulated  ; 74191:inst|f74191:sub|18~_emulated  ; clk          ; clk         ; 1.000        ; -0.057     ; 8.318      ;
; -7.288  ; 74191:inst1|f74191:sub|17~_emulated ; 74191:inst1|f74191:sub|19~_emulated ; clk          ; clk         ; 1.000        ; -0.059     ; 8.253      ;
; -7.288  ; 74191:inst1|f74191:sub|17~_emulated ; 74191:inst|f74191:sub|16~_emulated  ; clk          ; clk         ; 1.000        ; -0.059     ; 8.253      ;
; -7.281  ; 74191:inst|f74191:sub|16~_emulated  ; 74191:inst|f74191:sub|17~_emulated  ; clk          ; clk         ; 1.000        ; -0.089     ; 8.216      ;
; -7.280  ; 74191:inst|f74191:sub|16~_emulated  ; 74191:inst|f74191:sub|18~_emulated  ; clk          ; clk         ; 1.000        ; -0.089     ; 8.215      ;
; -7.192  ; 74191:inst1|f74191:sub|19~_emulated ; 74191:inst1|f74191:sub|18~_emulated ; clk          ; clk         ; 1.000        ; -0.059     ; 8.157      ;
; -7.157  ; 74191:inst1|f74191:sub|19~_emulated ; 74191:inst|f74191:sub|18~_emulated  ; clk          ; clk         ; 1.000        ; -0.089     ; 8.092      ;
; -7.132  ; 74191:inst1|f74191:sub|19~_emulated ; 74191:inst1|f74191:sub|17~_emulated ; clk          ; clk         ; 1.000        ; -0.059     ; 8.097      ;
; -7.128  ; 74191:inst1|f74191:sub|19~_emulated ; 74191:inst1|f74191:sub|16~_emulated ; clk          ; clk         ; 1.000        ; -0.059     ; 8.093      ;
; -7.085  ; 74191:inst1|f74191:sub|19~_emulated ; 74191:inst|f74191:sub|17~_emulated  ; clk          ; clk         ; 1.000        ; -0.089     ; 8.020      ;
; -7.083  ; 74191:inst1|f74191:sub|17~_emulated ; 74191:inst1|f74191:sub|18~_emulated ; clk          ; clk         ; 1.000        ; -0.059     ; 8.048      ;
; -7.073  ; 74191:inst1|f74191:sub|16~_emulated ; 74191:inst|f74191:sub|16~_emulated  ; clk          ; clk         ; 1.000        ; -0.059     ; 8.038      ;
; -7.056  ; 74191:inst1|f74191:sub|19~_emulated ; 74191:inst|f74191:sub|19~_emulated  ; clk          ; clk         ; 1.000        ; -0.089     ; 7.991      ;
; -7.048  ; 74191:inst1|f74191:sub|17~_emulated ; 74191:inst|f74191:sub|18~_emulated  ; clk          ; clk         ; 1.000        ; -0.089     ; 7.983      ;
; -7.023  ; 74191:inst1|f74191:sub|17~_emulated ; 74191:inst1|f74191:sub|17~_emulated ; clk          ; clk         ; 1.000        ; -0.059     ; 7.988      ;
; -7.019  ; 74191:inst1|f74191:sub|17~_emulated ; 74191:inst1|f74191:sub|16~_emulated ; clk          ; clk         ; 1.000        ; -0.059     ; 7.984      ;
; -7.012  ; 74191:inst1|f74191:sub|16~_emulated ; 74191:inst|f74191:sub|18~_emulated  ; clk          ; clk         ; 1.000        ; -0.089     ; 7.947      ;
; -6.976  ; 74191:inst1|f74191:sub|17~_emulated ; 74191:inst|f74191:sub|17~_emulated  ; clk          ; clk         ; 1.000        ; -0.089     ; 7.911      ;
; -6.965  ; 74191:inst1|f74191:sub|16~_emulated ; 74191:inst1|f74191:sub|19~_emulated ; clk          ; clk         ; 1.000        ; -0.059     ; 7.930      ;
; -6.947  ; 74191:inst1|f74191:sub|17~_emulated ; 74191:inst|f74191:sub|19~_emulated  ; clk          ; clk         ; 1.000        ; -0.089     ; 7.882      ;
; -6.940  ; 74191:inst1|f74191:sub|16~_emulated ; 74191:inst|f74191:sub|17~_emulated  ; clk          ; clk         ; 1.000        ; -0.089     ; 7.875      ;
; -6.926  ; 74191:inst1|f74191:sub|16~_emulated ; 74191:inst1|f74191:sub|18~_emulated ; clk          ; clk         ; 1.000        ; -0.059     ; 7.891      ;
; -6.911  ; 74191:inst1|f74191:sub|16~_emulated ; 74191:inst|f74191:sub|19~_emulated  ; clk          ; clk         ; 1.000        ; -0.089     ; 7.846      ;
; -6.900  ; 74191:inst1|f74191:sub|16~_emulated ; 74191:inst1|f74191:sub|17~_emulated ; clk          ; clk         ; 1.000        ; -0.059     ; 7.865      ;
; -6.829  ; 74191:inst|f74191:sub|18~_emulated  ; 74191:inst|f74191:sub|19~_emulated  ; clk          ; clk         ; 1.000        ; -0.057     ; 7.796      ;
; -6.701  ; 74191:inst1|f74191:sub|18~_emulated ; 74191:inst1|f74191:sub|19~_emulated ; clk          ; clk         ; 1.000        ; -0.059     ; 7.666      ;
; -6.701  ; 74191:inst1|f74191:sub|18~_emulated ; 74191:inst|f74191:sub|16~_emulated  ; clk          ; clk         ; 1.000        ; -0.059     ; 7.666      ;
; -6.650  ; 74191:inst|f74191:sub|19~_emulated  ; 74191:inst|f74191:sub|19~_emulated  ; clk          ; clk         ; 1.000        ; -0.057     ; 7.617      ;
; -6.496  ; 74191:inst1|f74191:sub|18~_emulated ; 74191:inst1|f74191:sub|18~_emulated ; clk          ; clk         ; 1.000        ; -0.059     ; 7.461      ;
; -6.461  ; 74191:inst1|f74191:sub|18~_emulated ; 74191:inst|f74191:sub|18~_emulated  ; clk          ; clk         ; 1.000        ; -0.089     ; 7.396      ;
; -6.436  ; 74191:inst1|f74191:sub|18~_emulated ; 74191:inst1|f74191:sub|17~_emulated ; clk          ; clk         ; 1.000        ; -0.059     ; 7.401      ;
; -6.435  ; 74191:inst|f74191:sub|17~_emulated  ; 74191:inst1|f74191:sub|19~_emulated ; clk          ; clk         ; 1.000        ; -0.076     ; 7.383      ;
; -6.435  ; 74191:inst|f74191:sub|17~_emulated  ; 74191:inst|f74191:sub|16~_emulated  ; clk          ; clk         ; 1.000        ; -0.076     ; 7.383      ;
+---------+-------------------------------------+-------------------------------------+--------------+-------------+--------------+------------+------------+


+-----------------------------------------------------------------------------------------------------------------------+
; Slow 1000mV 100C Model Setup: 'in[0]'                                                                                 ;
+-------+-----------+-----------------------------+--------------+-------------+--------------+------------+------------+
; Slack ; From Node ; To Node                     ; Launch Clock ; Latch Clock ; Relationship ; Clock Skew ; Data Delay ;
+-------+-----------+-----------------------------+--------------+-------------+--------------+------------+------------+
; 0.767 ; in[0]     ; 74191:inst1|f74191:sub|16~1 ; in[0]        ; in[0]       ; 1.000        ; 7.912      ; 7.046      ;
; 0.778 ; in[0]     ; 74191:inst1|f74191:sub|16~1 ; in[0]        ; in[0]       ; 0.500        ; 7.912      ; 6.535      ;
+-------+-----------+-----------------------------+--------------+-------------+--------------+------------+------------+


+------------------------------------------------------------------------------------------------------------------------+
; Slow 1000mV 100C Model Hold: 'in[0]'                                                                                   ;
+--------+-----------+-----------------------------+--------------+-------------+--------------+------------+------------+
; Slack  ; From Node ; To Node                     ; Launch Clock ; Latch Clock ; Relationship ; Clock Skew ; Data Delay ;
+--------+-----------+-----------------------------+--------------+-------------+--------------+------------+------------+
; -1.501 ; in[0]     ; 74191:inst1|f74191:sub|16~1 ; in[0]        ; in[0]       ; 0.000        ; 8.249      ; 6.748      ;
; -1.489 ; in[0]     ; 74191:inst1|f74191:sub|16~1 ; in[0]        ; in[0]       ; -0.500       ; 8.249      ; 6.280      ;
+--------+-----------+-----------------------------+--------------+-------------+--------------+------------+------------+


+---------------------------------------------------------------------------------------------------------------------------------------------------------+
; Slow 1000mV 100C Model Hold: 'clk'                                                                                                                      ;
+-------+-------------------------------------+-------------------------------------+--------------+-------------+--------------+------------+------------+
; Slack ; From Node                           ; To Node                             ; Launch Clock ; Latch Clock ; Relationship ; Clock Skew ; Data Delay ;
+-------+-------------------------------------+-------------------------------------+--------------+-------------+--------------+------------+------------+
; 1.309 ; in[0]                               ; 74191:inst1|f74191:sub|18~_emulated ; in[0]        ; clk         ; 0.000        ; 2.611      ; 4.191      ;
; 1.378 ; in[0]                               ; 74191:inst1|f74191:sub|17~_emulated ; in[0]        ; clk         ; 0.000        ; 2.611      ; 4.260      ;
; 1.378 ; in[0]                               ; 74191:inst1|f74191:sub|16~_emulated ; in[0]        ; clk         ; 0.000        ; 2.611      ; 4.260      ;
; 1.582 ; in[0]                               ; 74191:inst1|f74191:sub|19~_emulated ; in[0]        ; clk         ; 0.000        ; 2.611      ; 4.464      ;
; 1.623 ; in[0]                               ; 74191:inst|f74191:sub|16~_emulated  ; in[0]        ; clk         ; 0.000        ; 2.611      ; 4.505      ;
; 1.768 ; in[0]                               ; 74191:inst1|f74191:sub|17~_emulated ; in[0]        ; clk         ; -0.500       ; 2.611      ; 4.150      ;
; 1.771 ; in[0]                               ; 74191:inst1|f74191:sub|16~_emulated ; in[0]        ; clk         ; -0.500       ; 2.611      ; 4.153      ;
; 1.774 ; in[0]                               ; 74191:inst1|f74191:sub|18~_emulated ; in[0]        ; clk         ; -0.500       ; 2.611      ; 4.156      ;
; 2.030 ; in[0]                               ; 74191:inst1|f74191:sub|19~_emulated ; in[0]        ; clk         ; -0.500       ; 2.611      ; 4.412      ;
; 2.094 ; in[0]                               ; 74191:inst|f74191:sub|16~_emulated  ; in[0]        ; clk         ; -0.500       ; 2.611      ; 4.476      ;
; 2.369 ; in[0]                               ; 74191:inst|f74191:sub|18~_emulated  ; in[0]        ; clk         ; 0.000        ; 2.604      ; 5.244      ;
; 2.372 ; in[0]                               ; 74191:inst|f74191:sub|17~_emulated  ; in[0]        ; clk         ; 0.000        ; 2.604      ; 5.247      ;
; 2.445 ; 74191:inst1|f74191:sub|18~_emulated ; 74191:inst1|f74191:sub|18~_emulated ; clk          ; clk         ; 0.000        ; 0.059      ; 2.745      ;
; 2.482 ; 74191:inst|f74191:sub|19~_emulated  ; 74191:inst|f74191:sub|19~_emulated  ; clk          ; clk         ; 0.000        ; 0.057      ; 2.780      ;
; 2.560 ; 74191:inst1|f74191:sub|18~_emulated ; 74191:inst1|f74191:sub|19~_emulated ; clk          ; clk         ; 0.000        ; 0.059      ; 2.860      ;
; 2.562 ; 74191:inst|f74191:sub|18~_emulated  ; 74191:inst|f74191:sub|18~_emulated  ; clk          ; clk         ; 0.000        ; 0.057      ; 2.860      ;
; 2.577 ; 74191:inst1|f74191:sub|19~_emulated ; 74191:inst1|f74191:sub|19~_emulated ; clk          ; clk         ; 0.000        ; 0.059      ; 2.877      ;
; 2.582 ; 74191:inst|f74191:sub|17~_emulated  ; 74191:inst|f74191:sub|17~_emulated  ; clk          ; clk         ; 0.000        ; 0.057      ; 2.880      ;
; 2.653 ; 74191:inst|f74191:sub|16~_emulated  ; 74191:inst|f74191:sub|16~_emulated  ; clk          ; clk         ; 0.000        ; 0.059      ; 2.953      ;
; 2.658 ; 74191:inst|f74191:sub|18~_emulated  ; 74191:inst|f74191:sub|19~_emulated  ; clk          ; clk         ; 0.000        ; 0.057      ; 2.956      ;
; 2.714 ; 74191:inst1|f74191:sub|18~_emulated ; 74191:inst|f74191:sub|16~_emulated  ; clk          ; clk         ; 0.000        ; 0.059      ; 3.014      ;
; 2.735 ; 74191:inst1|f74191:sub|17~_emulated ; 74191:inst1|f74191:sub|17~_emulated ; clk          ; clk         ; 0.000        ; 0.059      ; 3.035      ;
; 2.736 ; 74191:inst1|f74191:sub|19~_emulated ; 74191:inst|f74191:sub|16~_emulated  ; clk          ; clk         ; 0.000        ; 0.059      ; 3.036      ;
; 2.756 ; 74191:inst1|f74191:sub|17~_emulated ; 74191:inst1|f74191:sub|18~_emulated ; clk          ; clk         ; 0.000        ; 0.059      ; 3.056      ;
; 2.772 ; 74191:inst|f74191:sub|17~_emulated  ; 74191:inst|f74191:sub|18~_emulated  ; clk          ; clk         ; 0.000        ; 0.057      ; 3.070      ;
; 2.828 ; 74191:inst|f74191:sub|16~_emulated  ; 74191:inst|f74191:sub|17~_emulated  ; clk          ; clk         ; 0.000        ; 0.076      ; 3.145      ;
; 2.838 ; 74191:inst1|f74191:sub|16~_emulated ; 74191:inst1|f74191:sub|17~_emulated ; clk          ; clk         ; 0.000        ; 0.059      ; 3.138      ;
; 2.841 ; 74191:inst1|f74191:sub|16~_emulated ; 74191:inst1|f74191:sub|16~_emulated ; clk          ; clk         ; 0.000        ; 0.059      ; 3.141      ;
; 2.844 ; 74191:inst1|f74191:sub|16~_emulated ; 74191:inst1|f74191:sub|18~_emulated ; clk          ; clk         ; 0.000        ; 0.059      ; 3.144      ;
; 2.844 ; in[0]                               ; 74191:inst|f74191:sub|17~_emulated  ; in[0]        ; clk         ; -0.500       ; 2.604      ; 5.219      ;
; 2.844 ; in[0]                               ; 74191:inst|f74191:sub|18~_emulated  ; in[0]        ; clk         ; -0.500       ; 2.604      ; 5.219      ;
; 2.877 ; 74191:inst1|f74191:sub|17~_emulated ; 74191:inst1|f74191:sub|19~_emulated ; clk          ; clk         ; 0.000        ; 0.059      ; 3.177      ;
; 2.889 ; 74191:inst|f74191:sub|16~_emulated  ; 74191:inst|f74191:sub|18~_emulated  ; clk          ; clk         ; 0.000        ; 0.076      ; 3.206      ;
; 2.942 ; 74191:inst1|f74191:sub|17~_emulated ; 74191:inst|f74191:sub|16~_emulated  ; clk          ; clk         ; 0.000        ; 0.059      ; 3.242      ;
; 3.038 ; in[0]                               ; 74191:inst|f74191:sub|19~_emulated  ; in[0]        ; clk         ; 0.000        ; 2.604      ; 5.913      ;
; 3.100 ; 74191:inst1|f74191:sub|16~_emulated ; 74191:inst1|f74191:sub|19~_emulated ; clk          ; clk         ; 0.000        ; 0.059      ; 3.400      ;
; 3.164 ; 74191:inst1|f74191:sub|16~_emulated ; 74191:inst|f74191:sub|16~_emulated  ; clk          ; clk         ; 0.000        ; 0.059      ; 3.464      ;
; 3.411 ; 74191:inst1|f74191:sub|18~_emulated ; 74191:inst|f74191:sub|17~_emulated  ; clk          ; clk         ; 0.000        ; 0.076      ; 3.728      ;
; 3.411 ; 74191:inst1|f74191:sub|18~_emulated ; 74191:inst|f74191:sub|18~_emulated  ; clk          ; clk         ; 0.000        ; 0.076      ; 3.728      ;
; 3.562 ; in[0]                               ; 74191:inst|f74191:sub|19~_emulated  ; in[0]        ; clk         ; -0.500       ; 2.604      ; 5.937      ;
; 3.788 ; 74191:inst|f74191:sub|16~_emulated  ; 74191:inst|f74191:sub|19~_emulated  ; clk          ; clk         ; 0.000        ; 0.076      ; 4.105      ;
; 3.864 ; 74191:inst|f74191:sub|17~_emulated  ; 74191:inst|f74191:sub|19~_emulated  ; clk          ; clk         ; 0.000        ; 0.057      ; 4.162      ;
; 3.887 ; 74191:inst1|f74191:sub|16~_emulated ; 74191:inst|f74191:sub|18~_emulated  ; clk          ; clk         ; 0.000        ; 0.076      ; 4.204      ;
; 3.890 ; 74191:inst1|f74191:sub|16~_emulated ; 74191:inst|f74191:sub|17~_emulated  ; clk          ; clk         ; 0.000        ; 0.076      ; 4.207      ;
; 3.916 ; 74191:inst1|f74191:sub|17~_emulated ; 74191:inst|f74191:sub|18~_emulated  ; clk          ; clk         ; 0.000        ; 0.076      ; 4.233      ;
; 3.919 ; 74191:inst1|f74191:sub|17~_emulated ; 74191:inst|f74191:sub|17~_emulated  ; clk          ; clk         ; 0.000        ; 0.076      ; 4.236      ;
; 4.036 ; 74191:inst1|f74191:sub|19~_emulated ; 74191:inst|f74191:sub|17~_emulated  ; clk          ; clk         ; 0.000        ; 0.076      ; 4.353      ;
; 4.036 ; 74191:inst1|f74191:sub|19~_emulated ; 74191:inst|f74191:sub|18~_emulated  ; clk          ; clk         ; 0.000        ; 0.076      ; 4.353      ;
; 4.129 ; 74191:inst1|f74191:sub|18~_emulated ; 74191:inst|f74191:sub|19~_emulated  ; clk          ; clk         ; 0.000        ; 0.076      ; 4.446      ;
; 4.510 ; 74191:inst|f74191:sub|19~_emulated  ; 74191:inst|f74191:sub|17~_emulated  ; clk          ; clk         ; 0.000        ; 0.057      ; 4.808      ;
; 4.520 ; 74191:inst|f74191:sub|19~_emulated  ; 74191:inst1|f74191:sub|19~_emulated ; clk          ; clk         ; 0.000        ; 0.089      ; 4.850      ;
; 4.533 ; 74191:inst|f74191:sub|19~_emulated  ; 74191:inst|f74191:sub|16~_emulated  ; clk          ; clk         ; 0.000        ; 0.089      ; 4.863      ;
; 4.556 ; 74191:inst1|f74191:sub|16~_emulated ; 74191:inst|f74191:sub|19~_emulated  ; clk          ; clk         ; 0.000        ; 0.076      ; 4.873      ;
; 4.565 ; 74191:inst|f74191:sub|19~_emulated  ; 74191:inst1|f74191:sub|18~_emulated ; clk          ; clk         ; 0.000        ; 0.089      ; 4.895      ;
; 4.585 ; 74191:inst1|f74191:sub|17~_emulated ; 74191:inst|f74191:sub|19~_emulated  ; clk          ; clk         ; 0.000        ; 0.076      ; 4.902      ;
; 4.627 ; 74191:inst|f74191:sub|19~_emulated  ; 74191:inst|f74191:sub|18~_emulated  ; clk          ; clk         ; 0.000        ; 0.057      ; 4.925      ;
; 4.646 ; 74191:inst|f74191:sub|18~_emulated  ; 74191:inst|f74191:sub|17~_emulated  ; clk          ; clk         ; 0.000        ; 0.057      ; 4.944      ;
; 4.656 ; 74191:inst|f74191:sub|18~_emulated  ; 74191:inst1|f74191:sub|19~_emulated ; clk          ; clk         ; 0.000        ; 0.089      ; 4.986      ;
; 4.669 ; 74191:inst|f74191:sub|18~_emulated  ; 74191:inst|f74191:sub|16~_emulated  ; clk          ; clk         ; 0.000        ; 0.089      ; 4.999      ;
; 4.687 ; 74191:inst|f74191:sub|19~_emulated  ; 74191:inst1|f74191:sub|17~_emulated ; clk          ; clk         ; 0.000        ; 0.089      ; 5.017      ;
; 4.701 ; 74191:inst|f74191:sub|18~_emulated  ; 74191:inst1|f74191:sub|18~_emulated ; clk          ; clk         ; 0.000        ; 0.089      ; 5.031      ;
; 4.747 ; 74191:inst1|f74191:sub|19~_emulated ; 74191:inst|f74191:sub|19~_emulated  ; clk          ; clk         ; 0.000        ; 0.076      ; 5.064      ;
; 4.807 ; 74191:inst|f74191:sub|19~_emulated  ; 74191:inst1|f74191:sub|16~_emulated ; clk          ; clk         ; 0.000        ; 0.089      ; 5.137      ;
; 4.823 ; 74191:inst|f74191:sub|18~_emulated  ; 74191:inst1|f74191:sub|17~_emulated ; clk          ; clk         ; 0.000        ; 0.089      ; 5.153      ;
; 4.980 ; 74191:inst|f74191:sub|18~_emulated  ; 74191:inst1|f74191:sub|16~_emulated ; clk          ; clk         ; 0.000        ; 0.089      ; 5.310      ;
; 5.742 ; 74191:inst|f74191:sub|16~_emulated  ; 74191:inst1|f74191:sub|19~_emulated ; clk          ; clk         ; 0.000        ; 0.059      ; 6.042      ;
; 5.787 ; 74191:inst|f74191:sub|16~_emulated  ; 74191:inst1|f74191:sub|18~_emulated ; clk          ; clk         ; 0.000        ; 0.059      ; 6.087      ;
; 5.839 ; 74191:inst|f74191:sub|17~_emulated  ; 74191:inst1|f74191:sub|19~_emulated ; clk          ; clk         ; 0.000        ; 0.089      ; 6.169      ;
; 5.852 ; 74191:inst|f74191:sub|17~_emulated  ; 74191:inst|f74191:sub|16~_emulated  ; clk          ; clk         ; 0.000        ; 0.089      ; 6.182      ;
; 5.884 ; 74191:inst|f74191:sub|17~_emulated  ; 74191:inst1|f74191:sub|18~_emulated ; clk          ; clk         ; 0.000        ; 0.089      ; 6.214      ;
; 5.909 ; 74191:inst|f74191:sub|16~_emulated  ; 74191:inst1|f74191:sub|17~_emulated ; clk          ; clk         ; 0.000        ; 0.059      ; 6.209      ;
; 6.006 ; 74191:inst|f74191:sub|17~_emulated  ; 74191:inst1|f74191:sub|17~_emulated ; clk          ; clk         ; 0.000        ; 0.089      ; 6.336      ;
; 6.070 ; 74191:inst|f74191:sub|16~_emulated  ; 74191:inst1|f74191:sub|16~_emulated ; clk          ; clk         ; 0.000        ; 0.059      ; 6.370      ;
; 6.167 ; 74191:inst|f74191:sub|17~_emulated  ; 74191:inst1|f74191:sub|16~_emulated ; clk          ; clk         ; 0.000        ; 0.089      ; 6.497      ;
; 6.183 ; 74191:inst|f74191:sub|18~1          ; 74191:inst|f74191:sub|18~_emulated  ; in[0]        ; clk         ; -0.500       ; -5.305     ; 0.649      ;
; 6.187 ; 74191:inst1|f74191:sub|18~1         ; 74191:inst1|f74191:sub|18~_emulated ; in[0]        ; clk         ; -0.500       ; -5.301     ; 0.657      ;
; 6.248 ; 74191:inst1|f74191:sub|18~_emulated ; 74191:inst1|f74191:sub|17~_emulated ; clk          ; clk         ; 0.000        ; 0.059      ; 6.548      ;
; 6.283 ; 74191:inst|f74191:sub|19~1          ; 74191:inst|f74191:sub|19~_emulated  ; in[0]        ; clk         ; -0.500       ; -5.307     ; 0.747      ;
; 6.336 ; 74191:inst1|f74191:sub|19~1         ; 74191:inst1|f74191:sub|19~_emulated ; in[0]        ; clk         ; -0.500       ; -5.300     ; 0.807      ;
; 6.409 ; 74191:inst1|f74191:sub|18~_emulated ; 74191:inst1|f74191:sub|16~_emulated ; clk          ; clk         ; 0.000        ; 0.059      ; 6.709      ;
; 6.421 ; 74191:inst1|f74191:sub|16~1         ; 74191:inst1|f74191:sub|16~_emulated ; in[0]        ; clk         ; -0.500       ; -5.301     ; 0.891      ;
; 6.445 ; 74191:inst|f74191:sub|17~1          ; 74191:inst|f74191:sub|17~_emulated  ; in[0]        ; clk         ; -0.500       ; -5.306     ; 0.910      ;
; 6.719 ; 74191:inst1|f74191:sub|19~_emulated ; 74191:inst1|f74191:sub|18~_emulated ; clk          ; clk         ; 0.000        ; 0.059      ; 7.019      ;
; 6.840 ; 74191:inst1|f74191:sub|17~_emulated ; 74191:inst1|f74191:sub|16~_emulated ; clk          ; clk         ; 0.000        ; 0.059      ; 7.140      ;
; 6.841 ; 74191:inst1|f74191:sub|19~_emulated ; 74191:inst1|f74191:sub|17~_emulated ; clk          ; clk         ; 0.000        ; 0.059      ; 7.141      ;
; 6.979 ; 74191:inst1|f74191:sub|17~1         ; 74191:inst1|f74191:sub|17~_emulated ; in[0]        ; clk         ; -0.500       ; -5.298     ; 1.452      ;
; 7.002 ; 74191:inst1|f74191:sub|19~_emulated ; 74191:inst1|f74191:sub|16~_emulated ; clk          ; clk         ; 0.000        ; 0.059      ; 7.302      ;
; 7.135 ; 74191:inst|f74191:sub|16~1          ; 74191:inst|f74191:sub|16~_emulated  ; in[0]        ; clk         ; -0.500       ; -5.301     ; 1.605      ;
; 8.092 ; 74191:inst1|f74191:sub|19~1         ; 74191:inst|f74191:sub|16~_emulated  ; in[0]        ; clk         ; -0.500       ; -5.300     ; 2.563      ;
; 8.122 ; 74191:inst1|f74191:sub|17~1         ; 74191:inst1|f74191:sub|18~_emulated ; in[0]        ; clk         ; -0.500       ; -5.298     ; 2.595      ;
; 8.129 ; 74191:inst|f74191:sub|17~1          ; 74191:inst|f74191:sub|18~_emulated  ; in[0]        ; clk         ; -0.500       ; -5.306     ; 2.594      ;
; 8.220 ; 74191:inst1|f74191:sub|18~1         ; 74191:inst1|f74191:sub|19~_emulated ; in[0]        ; clk         ; -0.500       ; -5.301     ; 2.690      ;
; 8.243 ; 74191:inst1|f74191:sub|17~1         ; 74191:inst1|f74191:sub|19~_emulated ; in[0]        ; clk         ; -0.500       ; -5.298     ; 2.716      ;
; 8.302 ; 74191:inst|f74191:sub|18~1          ; 74191:inst|f74191:sub|19~_emulated  ; in[0]        ; clk         ; -0.500       ; -5.305     ; 2.768      ;
; 8.305 ; 74191:inst1|f74191:sub|17~1         ; 74191:inst|f74191:sub|16~_emulated  ; in[0]        ; clk         ; -0.500       ; -5.298     ; 2.778      ;
; 8.351 ; 74191:inst|f74191:sub|16~1          ; 74191:inst|f74191:sub|17~_emulated  ; in[0]        ; clk         ; -0.500       ; -5.308     ; 2.814      ;
; 8.374 ; 74191:inst1|f74191:sub|18~1         ; 74191:inst|f74191:sub|16~_emulated  ; in[0]        ; clk         ; -0.500       ; -5.301     ; 2.844      ;
; 8.412 ; 74191:inst|f74191:sub|16~1          ; 74191:inst|f74191:sub|18~_emulated  ; in[0]        ; clk         ; -0.500       ; -5.308     ; 2.875      ;
; 8.468 ; 74191:inst1|f74191:sub|16~1         ; 74191:inst1|f74191:sub|18~_emulated ; in[0]        ; clk         ; -0.500       ; -5.301     ; 2.938      ;
; 8.477 ; 74191:inst1|f74191:sub|16~1         ; 74191:inst1|f74191:sub|17~_emulated ; in[0]        ; clk         ; -0.500       ; -5.301     ; 2.947      ;
+-------+-------------------------------------+-------------------------------------+--------------+-------------+--------------+------------+------------+


+-----------------------------------------------------------------------------------------------------------------------------------------------------------+
; Slow 1000mV 100C Model Recovery: 'clk'                                                                                                                    ;
+---------+-------------------------------------+-------------------------------------+--------------+-------------+--------------+------------+------------+
; Slack   ; From Node                           ; To Node                             ; Launch Clock ; Latch Clock ; Relationship ; Clock Skew ; Data Delay ;
+---------+-------------------------------------+-------------------------------------+--------------+-------------+--------------+------------+------------+
; -12.782 ; 74191:inst1|f74191:sub|16~1         ; 74191:inst|f74191:sub|17~_emulated  ; in[0]        ; clk         ; 0.500        ; -5.751     ; 7.525      ;
; -12.782 ; 74191:inst1|f74191:sub|16~1         ; 74191:inst|f74191:sub|18~_emulated  ; in[0]        ; clk         ; 0.500        ; -5.751     ; 7.525      ;
; -12.782 ; 74191:inst1|f74191:sub|16~1         ; 74191:inst|f74191:sub|19~_emulated  ; in[0]        ; clk         ; 0.500        ; -5.751     ; 7.525      ;
; -12.777 ; 74191:inst1|f74191:sub|16~1         ; 74191:inst1|f74191:sub|17~_emulated ; in[0]        ; clk         ; 0.500        ; -5.745     ; 7.526      ;
; -12.777 ; 74191:inst1|f74191:sub|16~1         ; 74191:inst1|f74191:sub|16~_emulated ; in[0]        ; clk         ; 0.500        ; -5.745     ; 7.526      ;
; -12.777 ; 74191:inst1|f74191:sub|16~1         ; 74191:inst1|f74191:sub|19~_emulated ; in[0]        ; clk         ; 0.500        ; -5.745     ; 7.526      ;
; -12.777 ; 74191:inst1|f74191:sub|16~1         ; 74191:inst|f74191:sub|16~_emulated  ; in[0]        ; clk         ; 0.500        ; -5.745     ; 7.526      ;
; -12.777 ; 74191:inst1|f74191:sub|16~1         ; 74191:inst1|f74191:sub|18~_emulated ; in[0]        ; clk         ; 0.500        ; -5.745     ; 7.526      ;
; -12.518 ; 74191:inst1|f74191:sub|19~1         ; 74191:inst|f74191:sub|17~_emulated  ; in[0]        ; clk         ; 0.500        ; -5.750     ; 7.262      ;
; -12.518 ; 74191:inst1|f74191:sub|19~1         ; 74191:inst|f74191:sub|18~_emulated  ; in[0]        ; clk         ; 0.500        ; -5.750     ; 7.262      ;
; -12.518 ; 74191:inst1|f74191:sub|19~1         ; 74191:inst|f74191:sub|19~_emulated  ; in[0]        ; clk         ; 0.500        ; -5.750     ; 7.262      ;
; -12.513 ; 74191:inst1|f74191:sub|19~1         ; 74191:inst1|f74191:sub|17~_emulated ; in[0]        ; clk         ; 0.500        ; -5.744     ; 7.263      ;
; -12.513 ; 74191:inst1|f74191:sub|19~1         ; 74191:inst1|f74191:sub|16~_emulated ; in[0]        ; clk         ; 0.500        ; -5.744     ; 7.263      ;
; -12.513 ; 74191:inst1|f74191:sub|19~1         ; 74191:inst1|f74191:sub|19~_emulated ; in[0]        ; clk         ; 0.500        ; -5.744     ; 7.263      ;
; -12.513 ; 74191:inst1|f74191:sub|19~1         ; 74191:inst|f74191:sub|16~_emulated  ; in[0]        ; clk         ; 0.500        ; -5.744     ; 7.263      ;
; -12.513 ; 74191:inst1|f74191:sub|19~1         ; 74191:inst1|f74191:sub|18~_emulated ; in[0]        ; clk         ; 0.500        ; -5.744     ; 7.263      ;
; -12.418 ; 74191:inst1|f74191:sub|17~1         ; 74191:inst|f74191:sub|17~_emulated  ; in[0]        ; clk         ; 0.500        ; -5.748     ; 7.164      ;
; -12.418 ; 74191:inst1|f74191:sub|17~1         ; 74191:inst|f74191:sub|18~_emulated  ; in[0]        ; clk         ; 0.500        ; -5.748     ; 7.164      ;
; -12.418 ; 74191:inst1|f74191:sub|17~1         ; 74191:inst|f74191:sub|19~_emulated  ; in[0]        ; clk         ; 0.500        ; -5.748     ; 7.164      ;
; -12.413 ; 74191:inst1|f74191:sub|17~1         ; 74191:inst1|f74191:sub|17~_emulated ; in[0]        ; clk         ; 0.500        ; -5.742     ; 7.165      ;
; -12.413 ; 74191:inst1|f74191:sub|17~1         ; 74191:inst1|f74191:sub|16~_emulated ; in[0]        ; clk         ; 0.500        ; -5.742     ; 7.165      ;
; -12.413 ; 74191:inst1|f74191:sub|17~1         ; 74191:inst1|f74191:sub|19~_emulated ; in[0]        ; clk         ; 0.500        ; -5.742     ; 7.165      ;
; -12.413 ; 74191:inst1|f74191:sub|17~1         ; 74191:inst|f74191:sub|16~_emulated  ; in[0]        ; clk         ; 0.500        ; -5.742     ; 7.165      ;
; -12.413 ; 74191:inst1|f74191:sub|17~1         ; 74191:inst1|f74191:sub|18~_emulated ; in[0]        ; clk         ; 0.500        ; -5.742     ; 7.165      ;
; -12.230 ; 74191:inst1|f74191:sub|18~1         ; 74191:inst|f74191:sub|17~_emulated  ; in[0]        ; clk         ; 0.500        ; -5.752     ; 6.972      ;
; -12.230 ; 74191:inst1|f74191:sub|18~1         ; 74191:inst|f74191:sub|18~_emulated  ; in[0]        ; clk         ; 0.500        ; -5.752     ; 6.972      ;
; -12.230 ; 74191:inst1|f74191:sub|18~1         ; 74191:inst|f74191:sub|19~_emulated  ; in[0]        ; clk         ; 0.500        ; -5.752     ; 6.972      ;
; -12.225 ; 74191:inst1|f74191:sub|18~1         ; 74191:inst1|f74191:sub|17~_emulated ; in[0]        ; clk         ; 0.500        ; -5.746     ; 6.973      ;
; -12.225 ; 74191:inst1|f74191:sub|18~1         ; 74191:inst1|f74191:sub|16~_emulated ; in[0]        ; clk         ; 0.500        ; -5.746     ; 6.973      ;
; -12.225 ; 74191:inst1|f74191:sub|18~1         ; 74191:inst1|f74191:sub|19~_emulated ; in[0]        ; clk         ; 0.500        ; -5.746     ; 6.973      ;
; -12.225 ; 74191:inst1|f74191:sub|18~1         ; 74191:inst|f74191:sub|16~_emulated  ; in[0]        ; clk         ; 0.500        ; -5.746     ; 6.973      ;
; -12.225 ; 74191:inst1|f74191:sub|18~1         ; 74191:inst1|f74191:sub|18~_emulated ; in[0]        ; clk         ; 0.500        ; -5.746     ; 6.973      ;
; -11.676 ; 74191:inst|f74191:sub|16~1          ; 74191:inst|f74191:sub|17~_emulated  ; in[0]        ; clk         ; 0.500        ; -5.751     ; 6.419      ;
; -11.676 ; 74191:inst|f74191:sub|16~1          ; 74191:inst|f74191:sub|18~_emulated  ; in[0]        ; clk         ; 0.500        ; -5.751     ; 6.419      ;
; -11.676 ; 74191:inst|f74191:sub|16~1          ; 74191:inst|f74191:sub|19~_emulated  ; in[0]        ; clk         ; 0.500        ; -5.751     ; 6.419      ;
; -11.671 ; 74191:inst|f74191:sub|16~1          ; 74191:inst1|f74191:sub|17~_emulated ; in[0]        ; clk         ; 0.500        ; -5.745     ; 6.420      ;
; -11.671 ; 74191:inst|f74191:sub|16~1          ; 74191:inst1|f74191:sub|16~_emulated ; in[0]        ; clk         ; 0.500        ; -5.745     ; 6.420      ;
; -11.671 ; 74191:inst|f74191:sub|16~1          ; 74191:inst1|f74191:sub|19~_emulated ; in[0]        ; clk         ; 0.500        ; -5.745     ; 6.420      ;
; -11.671 ; 74191:inst|f74191:sub|16~1          ; 74191:inst|f74191:sub|16~_emulated  ; in[0]        ; clk         ; 0.500        ; -5.745     ; 6.420      ;
; -11.671 ; 74191:inst|f74191:sub|16~1          ; 74191:inst1|f74191:sub|18~_emulated ; in[0]        ; clk         ; 0.500        ; -5.745     ; 6.420      ;
; -11.537 ; 74191:inst|f74191:sub|17~1          ; 74191:inst|f74191:sub|17~_emulated  ; in[0]        ; clk         ; 0.500        ; -5.749     ; 6.282      ;
; -11.537 ; 74191:inst|f74191:sub|17~1          ; 74191:inst|f74191:sub|18~_emulated  ; in[0]        ; clk         ; 0.500        ; -5.749     ; 6.282      ;
; -11.537 ; 74191:inst|f74191:sub|17~1          ; 74191:inst|f74191:sub|19~_emulated  ; in[0]        ; clk         ; 0.500        ; -5.749     ; 6.282      ;
; -11.532 ; 74191:inst|f74191:sub|17~1          ; 74191:inst1|f74191:sub|17~_emulated ; in[0]        ; clk         ; 0.500        ; -5.743     ; 6.283      ;
; -11.532 ; 74191:inst|f74191:sub|17~1          ; 74191:inst1|f74191:sub|16~_emulated ; in[0]        ; clk         ; 0.500        ; -5.743     ; 6.283      ;
; -11.532 ; 74191:inst|f74191:sub|17~1          ; 74191:inst1|f74191:sub|19~_emulated ; in[0]        ; clk         ; 0.500        ; -5.743     ; 6.283      ;
; -11.532 ; 74191:inst|f74191:sub|17~1          ; 74191:inst|f74191:sub|16~_emulated  ; in[0]        ; clk         ; 0.500        ; -5.743     ; 6.283      ;
; -11.532 ; 74191:inst|f74191:sub|17~1          ; 74191:inst1|f74191:sub|18~_emulated ; in[0]        ; clk         ; 0.500        ; -5.743     ; 6.283      ;
; -10.629 ; 74191:inst|f74191:sub|18~1          ; 74191:inst|f74191:sub|17~_emulated  ; in[0]        ; clk         ; 0.500        ; -5.749     ; 5.374      ;
; -10.629 ; 74191:inst|f74191:sub|18~1          ; 74191:inst|f74191:sub|18~_emulated  ; in[0]        ; clk         ; 0.500        ; -5.749     ; 5.374      ;
; -10.629 ; 74191:inst|f74191:sub|18~1          ; 74191:inst|f74191:sub|19~_emulated  ; in[0]        ; clk         ; 0.500        ; -5.749     ; 5.374      ;
; -10.624 ; 74191:inst|f74191:sub|18~1          ; 74191:inst1|f74191:sub|17~_emulated ; in[0]        ; clk         ; 0.500        ; -5.743     ; 5.375      ;
; -10.624 ; 74191:inst|f74191:sub|18~1          ; 74191:inst1|f74191:sub|16~_emulated ; in[0]        ; clk         ; 0.500        ; -5.743     ; 5.375      ;
; -10.624 ; 74191:inst|f74191:sub|18~1          ; 74191:inst1|f74191:sub|19~_emulated ; in[0]        ; clk         ; 0.500        ; -5.743     ; 5.375      ;
; -10.624 ; 74191:inst|f74191:sub|18~1          ; 74191:inst|f74191:sub|16~_emulated  ; in[0]        ; clk         ; 0.500        ; -5.743     ; 5.375      ;
; -10.624 ; 74191:inst|f74191:sub|18~1          ; 74191:inst1|f74191:sub|18~_emulated ; in[0]        ; clk         ; 0.500        ; -5.743     ; 5.375      ;
; -10.451 ; 74191:inst|f74191:sub|19~1          ; 74191:inst|f74191:sub|17~_emulated  ; in[0]        ; clk         ; 0.500        ; -5.751     ; 5.194      ;
; -10.451 ; 74191:inst|f74191:sub|19~1          ; 74191:inst|f74191:sub|18~_emulated  ; in[0]        ; clk         ; 0.500        ; -5.751     ; 5.194      ;
; -10.451 ; 74191:inst|f74191:sub|19~1          ; 74191:inst|f74191:sub|19~_emulated  ; in[0]        ; clk         ; 0.500        ; -5.751     ; 5.194      ;
; -10.446 ; 74191:inst|f74191:sub|19~1          ; 74191:inst1|f74191:sub|17~_emulated ; in[0]        ; clk         ; 0.500        ; -5.745     ; 5.195      ;
; -10.446 ; 74191:inst|f74191:sub|19~1          ; 74191:inst1|f74191:sub|16~_emulated ; in[0]        ; clk         ; 0.500        ; -5.745     ; 5.195      ;
; -10.446 ; 74191:inst|f74191:sub|19~1          ; 74191:inst1|f74191:sub|19~_emulated ; in[0]        ; clk         ; 0.500        ; -5.745     ; 5.195      ;
; -10.446 ; 74191:inst|f74191:sub|19~1          ; 74191:inst|f74191:sub|16~_emulated  ; in[0]        ; clk         ; 0.500        ; -5.745     ; 5.195      ;
; -10.446 ; 74191:inst|f74191:sub|19~1          ; 74191:inst1|f74191:sub|18~_emulated ; in[0]        ; clk         ; 0.500        ; -5.745     ; 5.195      ;
; -6.917  ; 74191:inst1|f74191:sub|19~_emulated ; 74191:inst|f74191:sub|17~_emulated  ; clk          ; clk         ; 1.000        ; -0.089     ; 7.852      ;
; -6.917  ; 74191:inst1|f74191:sub|19~_emulated ; 74191:inst|f74191:sub|18~_emulated  ; clk          ; clk         ; 1.000        ; -0.089     ; 7.852      ;
; -6.917  ; 74191:inst1|f74191:sub|19~_emulated ; 74191:inst|f74191:sub|19~_emulated  ; clk          ; clk         ; 1.000        ; -0.089     ; 7.852      ;
; -6.888  ; 74191:inst1|f74191:sub|19~_emulated ; 74191:inst1|f74191:sub|19~_emulated ; clk          ; clk         ; 1.000        ; -0.059     ; 7.853      ;
; -6.888  ; 74191:inst1|f74191:sub|19~_emulated ; 74191:inst|f74191:sub|16~_emulated  ; clk          ; clk         ; 1.000        ; -0.059     ; 7.853      ;
; -6.888  ; 74191:inst1|f74191:sub|19~_emulated ; 74191:inst1|f74191:sub|18~_emulated ; clk          ; clk         ; 1.000        ; -0.059     ; 7.853      ;
; -6.888  ; 74191:inst1|f74191:sub|19~_emulated ; 74191:inst1|f74191:sub|16~_emulated ; clk          ; clk         ; 1.000        ; -0.059     ; 7.853      ;
; -6.888  ; 74191:inst1|f74191:sub|19~_emulated ; 74191:inst1|f74191:sub|17~_emulated ; clk          ; clk         ; 1.000        ; -0.059     ; 7.853      ;
; -6.808  ; 74191:inst1|f74191:sub|17~_emulated ; 74191:inst|f74191:sub|17~_emulated  ; clk          ; clk         ; 1.000        ; -0.089     ; 7.743      ;
; -6.808  ; 74191:inst1|f74191:sub|17~_emulated ; 74191:inst|f74191:sub|18~_emulated  ; clk          ; clk         ; 1.000        ; -0.089     ; 7.743      ;
; -6.808  ; 74191:inst1|f74191:sub|17~_emulated ; 74191:inst|f74191:sub|19~_emulated  ; clk          ; clk         ; 1.000        ; -0.089     ; 7.743      ;
; -6.779  ; 74191:inst1|f74191:sub|17~_emulated ; 74191:inst1|f74191:sub|19~_emulated ; clk          ; clk         ; 1.000        ; -0.059     ; 7.744      ;
; -6.779  ; 74191:inst1|f74191:sub|17~_emulated ; 74191:inst|f74191:sub|16~_emulated  ; clk          ; clk         ; 1.000        ; -0.059     ; 7.744      ;
; -6.779  ; 74191:inst1|f74191:sub|17~_emulated ; 74191:inst1|f74191:sub|18~_emulated ; clk          ; clk         ; 1.000        ; -0.059     ; 7.744      ;
; -6.779  ; 74191:inst1|f74191:sub|17~_emulated ; 74191:inst1|f74191:sub|16~_emulated ; clk          ; clk         ; 1.000        ; -0.059     ; 7.744      ;
; -6.779  ; 74191:inst1|f74191:sub|17~_emulated ; 74191:inst1|f74191:sub|17~_emulated ; clk          ; clk         ; 1.000        ; -0.059     ; 7.744      ;
; -6.772  ; 74191:inst1|f74191:sub|16~_emulated ; 74191:inst|f74191:sub|17~_emulated  ; clk          ; clk         ; 1.000        ; -0.089     ; 7.707      ;
; -6.772  ; 74191:inst1|f74191:sub|16~_emulated ; 74191:inst|f74191:sub|18~_emulated  ; clk          ; clk         ; 1.000        ; -0.089     ; 7.707      ;
; -6.772  ; 74191:inst1|f74191:sub|16~_emulated ; 74191:inst|f74191:sub|19~_emulated  ; clk          ; clk         ; 1.000        ; -0.089     ; 7.707      ;
; -6.743  ; 74191:inst1|f74191:sub|16~_emulated ; 74191:inst1|f74191:sub|19~_emulated ; clk          ; clk         ; 1.000        ; -0.059     ; 7.708      ;
; -6.743  ; 74191:inst1|f74191:sub|16~_emulated ; 74191:inst|f74191:sub|16~_emulated  ; clk          ; clk         ; 1.000        ; -0.059     ; 7.708      ;
; -6.743  ; 74191:inst1|f74191:sub|16~_emulated ; 74191:inst1|f74191:sub|18~_emulated ; clk          ; clk         ; 1.000        ; -0.059     ; 7.708      ;
; -6.743  ; 74191:inst1|f74191:sub|16~_emulated ; 74191:inst1|f74191:sub|16~_emulated ; clk          ; clk         ; 1.000        ; -0.059     ; 7.708      ;
; -6.743  ; 74191:inst1|f74191:sub|16~_emulated ; 74191:inst1|f74191:sub|17~_emulated ; clk          ; clk         ; 1.000        ; -0.059     ; 7.708      ;
; -6.221  ; 74191:inst1|f74191:sub|18~_emulated ; 74191:inst|f74191:sub|17~_emulated  ; clk          ; clk         ; 1.000        ; -0.089     ; 7.156      ;
; -6.221  ; 74191:inst1|f74191:sub|18~_emulated ; 74191:inst|f74191:sub|18~_emulated  ; clk          ; clk         ; 1.000        ; -0.089     ; 7.156      ;
; -6.221  ; 74191:inst1|f74191:sub|18~_emulated ; 74191:inst|f74191:sub|19~_emulated  ; clk          ; clk         ; 1.000        ; -0.089     ; 7.156      ;
; -6.192  ; 74191:inst1|f74191:sub|18~_emulated ; 74191:inst1|f74191:sub|19~_emulated ; clk          ; clk         ; 1.000        ; -0.059     ; 7.157      ;
; -6.192  ; 74191:inst1|f74191:sub|18~_emulated ; 74191:inst|f74191:sub|16~_emulated  ; clk          ; clk         ; 1.000        ; -0.059     ; 7.157      ;
; -6.192  ; 74191:inst1|f74191:sub|18~_emulated ; 74191:inst1|f74191:sub|18~_emulated ; clk          ; clk         ; 1.000        ; -0.059     ; 7.157      ;
; -6.192  ; 74191:inst1|f74191:sub|18~_emulated ; 74191:inst1|f74191:sub|16~_emulated ; clk          ; clk         ; 1.000        ; -0.059     ; 7.157      ;
; -6.192  ; 74191:inst1|f74191:sub|18~_emulated ; 74191:inst1|f74191:sub|17~_emulated ; clk          ; clk         ; 1.000        ; -0.059     ; 7.157      ;
; -5.926  ; 74191:inst|f74191:sub|17~_emulated  ; 74191:inst1|f74191:sub|16~_emulated ; clk          ; clk         ; 1.000        ; -0.076     ; 6.874      ;
; -5.926  ; 74191:inst|f74191:sub|17~_emulated  ; 74191:inst1|f74191:sub|17~_emulated ; clk          ; clk         ; 1.000        ; -0.076     ; 6.874      ;
; -5.926  ; 74191:inst|f74191:sub|17~_emulated  ; 74191:inst1|f74191:sub|19~_emulated ; clk          ; clk         ; 1.000        ; -0.076     ; 6.874      ;
; -5.926  ; 74191:inst|f74191:sub|17~_emulated  ; 74191:inst|f74191:sub|16~_emulated  ; clk          ; clk         ; 1.000        ; -0.076     ; 6.874      ;
+---------+-------------------------------------+-------------------------------------+--------------+-------------+--------------+------------+------------+


+----------------------------------------------------------------------------------------------------------------------------------------------------------+
; Slow 1000mV 100C Model Removal: 'clk'                                                                                                                    ;
+--------+-------------------------------------+-------------------------------------+--------------+-------------+--------------+------------+------------+
; Slack  ; From Node                           ; To Node                             ; Launch Clock ; Latch Clock ; Relationship ; Clock Skew ; Data Delay ;
+--------+-------------------------------------+-------------------------------------+--------------+-------------+--------------+------------+------------+
; 4.764  ; 74191:inst|f74191:sub|19~_emulated  ; 74191:inst1|f74191:sub|16~_emulated ; clk          ; clk         ; 0.000        ; 0.089      ; 5.094      ;
; 4.764  ; 74191:inst|f74191:sub|19~_emulated  ; 74191:inst1|f74191:sub|17~_emulated ; clk          ; clk         ; 0.000        ; 0.089      ; 5.094      ;
; 4.764  ; 74191:inst|f74191:sub|19~_emulated  ; 74191:inst1|f74191:sub|19~_emulated ; clk          ; clk         ; 0.000        ; 0.089      ; 5.094      ;
; 4.764  ; 74191:inst|f74191:sub|19~_emulated  ; 74191:inst|f74191:sub|16~_emulated  ; clk          ; clk         ; 0.000        ; 0.089      ; 5.094      ;
; 4.764  ; 74191:inst|f74191:sub|19~_emulated  ; 74191:inst1|f74191:sub|18~_emulated ; clk          ; clk         ; 0.000        ; 0.089      ; 5.094      ;
; 4.796  ; 74191:inst|f74191:sub|19~_emulated  ; 74191:inst|f74191:sub|19~_emulated  ; clk          ; clk         ; 0.000        ; 0.057      ; 5.094      ;
; 4.796  ; 74191:inst|f74191:sub|19~_emulated  ; 74191:inst|f74191:sub|17~_emulated  ; clk          ; clk         ; 0.000        ; 0.057      ; 5.094      ;
; 4.796  ; 74191:inst|f74191:sub|19~_emulated  ; 74191:inst|f74191:sub|18~_emulated  ; clk          ; clk         ; 0.000        ; 0.057      ; 5.094      ;
; 4.937  ; 74191:inst|f74191:sub|18~_emulated  ; 74191:inst1|f74191:sub|16~_emulated ; clk          ; clk         ; 0.000        ; 0.089      ; 5.267      ;
; 4.937  ; 74191:inst|f74191:sub|18~_emulated  ; 74191:inst1|f74191:sub|17~_emulated ; clk          ; clk         ; 0.000        ; 0.089      ; 5.267      ;
; 4.937  ; 74191:inst|f74191:sub|18~_emulated  ; 74191:inst1|f74191:sub|19~_emulated ; clk          ; clk         ; 0.000        ; 0.089      ; 5.267      ;
; 4.937  ; 74191:inst|f74191:sub|18~_emulated  ; 74191:inst|f74191:sub|16~_emulated  ; clk          ; clk         ; 0.000        ; 0.089      ; 5.267      ;
; 4.937  ; 74191:inst|f74191:sub|18~_emulated  ; 74191:inst1|f74191:sub|18~_emulated ; clk          ; clk         ; 0.000        ; 0.089      ; 5.267      ;
; 4.969  ; 74191:inst|f74191:sub|18~_emulated  ; 74191:inst|f74191:sub|19~_emulated  ; clk          ; clk         ; 0.000        ; 0.057      ; 5.267      ;
; 4.969  ; 74191:inst|f74191:sub|18~_emulated  ; 74191:inst|f74191:sub|17~_emulated  ; clk          ; clk         ; 0.000        ; 0.057      ; 5.267      ;
; 4.969  ; 74191:inst|f74191:sub|18~_emulated  ; 74191:inst|f74191:sub|18~_emulated  ; clk          ; clk         ; 0.000        ; 0.057      ; 5.267      ;
; 5.230  ; in[0]                               ; 74191:inst1|f74191:sub|17~_emulated ; in[0]        ; clk         ; 0.000        ; 2.611      ; 8.112      ;
; 5.230  ; in[0]                               ; 74191:inst1|f74191:sub|16~_emulated ; in[0]        ; clk         ; 0.000        ; 2.611      ; 8.112      ;
; 5.230  ; in[0]                               ; 74191:inst1|f74191:sub|19~_emulated ; in[0]        ; clk         ; 0.000        ; 2.611      ; 8.112      ;
; 5.230  ; in[0]                               ; 74191:inst|f74191:sub|16~_emulated  ; in[0]        ; clk         ; 0.000        ; 2.611      ; 8.112      ;
; 5.230  ; in[0]                               ; 74191:inst1|f74191:sub|18~_emulated ; in[0]        ; clk         ; 0.000        ; 2.611      ; 8.112      ;
; 5.236  ; in[0]                               ; 74191:inst|f74191:sub|17~_emulated  ; in[0]        ; clk         ; 0.000        ; 2.604      ; 8.111      ;
; 5.236  ; in[0]                               ; 74191:inst|f74191:sub|18~_emulated  ; in[0]        ; clk         ; 0.000        ; 2.604      ; 8.111      ;
; 5.236  ; in[0]                               ; 74191:inst|f74191:sub|19~_emulated  ; in[0]        ; clk         ; 0.000        ; 2.604      ; 8.111      ;
; 5.866  ; in[0]                               ; 74191:inst1|f74191:sub|17~_emulated ; in[0]        ; clk         ; -0.500       ; 2.611      ; 8.248      ;
; 5.866  ; in[0]                               ; 74191:inst1|f74191:sub|16~_emulated ; in[0]        ; clk         ; -0.500       ; 2.611      ; 8.248      ;
; 5.866  ; in[0]                               ; 74191:inst1|f74191:sub|19~_emulated ; in[0]        ; clk         ; -0.500       ; 2.611      ; 8.248      ;
; 5.866  ; in[0]                               ; 74191:inst|f74191:sub|16~_emulated  ; in[0]        ; clk         ; -0.500       ; 2.611      ; 8.248      ;
; 5.866  ; in[0]                               ; 74191:inst1|f74191:sub|18~_emulated ; in[0]        ; clk         ; -0.500       ; 2.611      ; 8.248      ;
; 5.873  ; in[0]                               ; 74191:inst|f74191:sub|17~_emulated  ; in[0]        ; clk         ; -0.500       ; 2.604      ; 8.248      ;
; 5.873  ; in[0]                               ; 74191:inst|f74191:sub|18~_emulated  ; in[0]        ; clk         ; -0.500       ; 2.604      ; 8.248      ;
; 5.873  ; in[0]                               ; 74191:inst|f74191:sub|19~_emulated  ; in[0]        ; clk         ; -0.500       ; 2.604      ; 8.248      ;
; 6.013  ; 74191:inst|f74191:sub|16~_emulated  ; 74191:inst|f74191:sub|17~_emulated  ; clk          ; clk         ; 0.000        ; 0.076      ; 6.330      ;
; 6.013  ; 74191:inst|f74191:sub|16~_emulated  ; 74191:inst|f74191:sub|18~_emulated  ; clk          ; clk         ; 0.000        ; 0.076      ; 6.330      ;
; 6.013  ; 74191:inst|f74191:sub|16~_emulated  ; 74191:inst|f74191:sub|19~_emulated  ; clk          ; clk         ; 0.000        ; 0.076      ; 6.330      ;
; 6.031  ; 74191:inst|f74191:sub|16~_emulated  ; 74191:inst1|f74191:sub|19~_emulated ; clk          ; clk         ; 0.000        ; 0.059      ; 6.331      ;
; 6.031  ; 74191:inst|f74191:sub|16~_emulated  ; 74191:inst|f74191:sub|16~_emulated  ; clk          ; clk         ; 0.000        ; 0.059      ; 6.331      ;
; 6.031  ; 74191:inst|f74191:sub|16~_emulated  ; 74191:inst1|f74191:sub|18~_emulated ; clk          ; clk         ; 0.000        ; 0.059      ; 6.331      ;
; 6.031  ; 74191:inst|f74191:sub|16~_emulated  ; 74191:inst1|f74191:sub|16~_emulated ; clk          ; clk         ; 0.000        ; 0.059      ; 6.331      ;
; 6.031  ; 74191:inst|f74191:sub|16~_emulated  ; 74191:inst1|f74191:sub|17~_emulated ; clk          ; clk         ; 0.000        ; 0.059      ; 6.331      ;
; 6.128  ; 74191:inst|f74191:sub|17~_emulated  ; 74191:inst1|f74191:sub|16~_emulated ; clk          ; clk         ; 0.000        ; 0.089      ; 6.458      ;
; 6.128  ; 74191:inst|f74191:sub|17~_emulated  ; 74191:inst1|f74191:sub|17~_emulated ; clk          ; clk         ; 0.000        ; 0.089      ; 6.458      ;
; 6.128  ; 74191:inst|f74191:sub|17~_emulated  ; 74191:inst1|f74191:sub|19~_emulated ; clk          ; clk         ; 0.000        ; 0.089      ; 6.458      ;
; 6.128  ; 74191:inst|f74191:sub|17~_emulated  ; 74191:inst|f74191:sub|16~_emulated  ; clk          ; clk         ; 0.000        ; 0.089      ; 6.458      ;
; 6.128  ; 74191:inst|f74191:sub|17~_emulated  ; 74191:inst1|f74191:sub|18~_emulated ; clk          ; clk         ; 0.000        ; 0.089      ; 6.458      ;
; 6.159  ; 74191:inst|f74191:sub|17~_emulated  ; 74191:inst|f74191:sub|19~_emulated  ; clk          ; clk         ; 0.000        ; 0.057      ; 6.457      ;
; 6.159  ; 74191:inst|f74191:sub|17~_emulated  ; 74191:inst|f74191:sub|17~_emulated  ; clk          ; clk         ; 0.000        ; 0.057      ; 6.457      ;
; 6.159  ; 74191:inst|f74191:sub|17~_emulated  ; 74191:inst|f74191:sub|18~_emulated  ; clk          ; clk         ; 0.000        ; 0.057      ; 6.457      ;
; 6.352  ; 74191:inst1|f74191:sub|18~_emulated ; 74191:inst|f74191:sub|17~_emulated  ; clk          ; clk         ; 0.000        ; 0.076      ; 6.669      ;
; 6.352  ; 74191:inst1|f74191:sub|18~_emulated ; 74191:inst|f74191:sub|18~_emulated  ; clk          ; clk         ; 0.000        ; 0.076      ; 6.669      ;
; 6.352  ; 74191:inst1|f74191:sub|18~_emulated ; 74191:inst|f74191:sub|19~_emulated  ; clk          ; clk         ; 0.000        ; 0.076      ; 6.669      ;
; 6.370  ; 74191:inst1|f74191:sub|18~_emulated ; 74191:inst1|f74191:sub|19~_emulated ; clk          ; clk         ; 0.000        ; 0.059      ; 6.670      ;
; 6.370  ; 74191:inst1|f74191:sub|18~_emulated ; 74191:inst|f74191:sub|16~_emulated  ; clk          ; clk         ; 0.000        ; 0.059      ; 6.670      ;
; 6.370  ; 74191:inst1|f74191:sub|18~_emulated ; 74191:inst1|f74191:sub|18~_emulated ; clk          ; clk         ; 0.000        ; 0.059      ; 6.670      ;
; 6.370  ; 74191:inst1|f74191:sub|18~_emulated ; 74191:inst1|f74191:sub|16~_emulated ; clk          ; clk         ; 0.000        ; 0.059      ; 6.670      ;
; 6.370  ; 74191:inst1|f74191:sub|18~_emulated ; 74191:inst1|f74191:sub|17~_emulated ; clk          ; clk         ; 0.000        ; 0.059      ; 6.670      ;
; 6.754  ; 74191:inst1|f74191:sub|16~_emulated ; 74191:inst|f74191:sub|17~_emulated  ; clk          ; clk         ; 0.000        ; 0.076      ; 7.071      ;
; 6.754  ; 74191:inst1|f74191:sub|16~_emulated ; 74191:inst|f74191:sub|18~_emulated  ; clk          ; clk         ; 0.000        ; 0.076      ; 7.071      ;
; 6.754  ; 74191:inst1|f74191:sub|16~_emulated ; 74191:inst|f74191:sub|19~_emulated  ; clk          ; clk         ; 0.000        ; 0.076      ; 7.071      ;
; 6.772  ; 74191:inst1|f74191:sub|16~_emulated ; 74191:inst1|f74191:sub|19~_emulated ; clk          ; clk         ; 0.000        ; 0.059      ; 7.072      ;
; 6.772  ; 74191:inst1|f74191:sub|16~_emulated ; 74191:inst|f74191:sub|16~_emulated  ; clk          ; clk         ; 0.000        ; 0.059      ; 7.072      ;
; 6.772  ; 74191:inst1|f74191:sub|16~_emulated ; 74191:inst1|f74191:sub|18~_emulated ; clk          ; clk         ; 0.000        ; 0.059      ; 7.072      ;
; 6.772  ; 74191:inst1|f74191:sub|16~_emulated ; 74191:inst1|f74191:sub|16~_emulated ; clk          ; clk         ; 0.000        ; 0.059      ; 7.072      ;
; 6.772  ; 74191:inst1|f74191:sub|16~_emulated ; 74191:inst1|f74191:sub|17~_emulated ; clk          ; clk         ; 0.000        ; 0.059      ; 7.072      ;
; 6.783  ; 74191:inst1|f74191:sub|17~_emulated ; 74191:inst|f74191:sub|17~_emulated  ; clk          ; clk         ; 0.000        ; 0.076      ; 7.100      ;
; 6.783  ; 74191:inst1|f74191:sub|17~_emulated ; 74191:inst|f74191:sub|18~_emulated  ; clk          ; clk         ; 0.000        ; 0.076      ; 7.100      ;
; 6.783  ; 74191:inst1|f74191:sub|17~_emulated ; 74191:inst|f74191:sub|19~_emulated  ; clk          ; clk         ; 0.000        ; 0.076      ; 7.100      ;
; 6.801  ; 74191:inst1|f74191:sub|17~_emulated ; 74191:inst1|f74191:sub|19~_emulated ; clk          ; clk         ; 0.000        ; 0.059      ; 7.101      ;
; 6.801  ; 74191:inst1|f74191:sub|17~_emulated ; 74191:inst|f74191:sub|16~_emulated  ; clk          ; clk         ; 0.000        ; 0.059      ; 7.101      ;
; 6.801  ; 74191:inst1|f74191:sub|17~_emulated ; 74191:inst1|f74191:sub|18~_emulated ; clk          ; clk         ; 0.000        ; 0.059      ; 7.101      ;
; 6.801  ; 74191:inst1|f74191:sub|17~_emulated ; 74191:inst1|f74191:sub|16~_emulated ; clk          ; clk         ; 0.000        ; 0.059      ; 7.101      ;
; 6.801  ; 74191:inst1|f74191:sub|17~_emulated ; 74191:inst1|f74191:sub|17~_emulated ; clk          ; clk         ; 0.000        ; 0.059      ; 7.101      ;
; 6.945  ; 74191:inst1|f74191:sub|19~_emulated ; 74191:inst|f74191:sub|17~_emulated  ; clk          ; clk         ; 0.000        ; 0.076      ; 7.262      ;
; 6.945  ; 74191:inst1|f74191:sub|19~_emulated ; 74191:inst|f74191:sub|18~_emulated  ; clk          ; clk         ; 0.000        ; 0.076      ; 7.262      ;
; 6.945  ; 74191:inst1|f74191:sub|19~_emulated ; 74191:inst|f74191:sub|19~_emulated  ; clk          ; clk         ; 0.000        ; 0.076      ; 7.262      ;
; 6.963  ; 74191:inst1|f74191:sub|19~_emulated ; 74191:inst1|f74191:sub|19~_emulated ; clk          ; clk         ; 0.000        ; 0.059      ; 7.263      ;
; 6.963  ; 74191:inst1|f74191:sub|19~_emulated ; 74191:inst|f74191:sub|16~_emulated  ; clk          ; clk         ; 0.000        ; 0.059      ; 7.263      ;
; 6.963  ; 74191:inst1|f74191:sub|19~_emulated ; 74191:inst1|f74191:sub|18~_emulated ; clk          ; clk         ; 0.000        ; 0.059      ; 7.263      ;
; 6.963  ; 74191:inst1|f74191:sub|19~_emulated ; 74191:inst1|f74191:sub|16~_emulated ; clk          ; clk         ; 0.000        ; 0.059      ; 7.263      ;
; 6.963  ; 74191:inst1|f74191:sub|19~_emulated ; 74191:inst1|f74191:sub|17~_emulated ; clk          ; clk         ; 0.000        ; 0.059      ; 7.263      ;
; 10.436 ; 74191:inst|f74191:sub|19~1          ; 74191:inst1|f74191:sub|17~_emulated ; in[0]        ; clk         ; -0.500       ; -5.300     ; 4.907      ;
; 10.436 ; 74191:inst|f74191:sub|19~1          ; 74191:inst1|f74191:sub|16~_emulated ; in[0]        ; clk         ; -0.500       ; -5.300     ; 4.907      ;
; 10.436 ; 74191:inst|f74191:sub|19~1          ; 74191:inst1|f74191:sub|19~_emulated ; in[0]        ; clk         ; -0.500       ; -5.300     ; 4.907      ;
; 10.436 ; 74191:inst|f74191:sub|19~1          ; 74191:inst|f74191:sub|16~_emulated  ; in[0]        ; clk         ; -0.500       ; -5.300     ; 4.907      ;
; 10.436 ; 74191:inst|f74191:sub|19~1          ; 74191:inst1|f74191:sub|18~_emulated ; in[0]        ; clk         ; -0.500       ; -5.300     ; 4.907      ;
; 10.443 ; 74191:inst|f74191:sub|19~1          ; 74191:inst|f74191:sub|17~_emulated  ; in[0]        ; clk         ; -0.500       ; -5.307     ; 4.907      ;
; 10.443 ; 74191:inst|f74191:sub|19~1          ; 74191:inst|f74191:sub|18~_emulated  ; in[0]        ; clk         ; -0.500       ; -5.307     ; 4.907      ;
; 10.443 ; 74191:inst|f74191:sub|19~1          ; 74191:inst|f74191:sub|19~_emulated  ; in[0]        ; clk         ; -0.500       ; -5.307     ; 4.907      ;
; 10.606 ; 74191:inst|f74191:sub|18~1          ; 74191:inst1|f74191:sub|17~_emulated ; in[0]        ; clk         ; -0.500       ; -5.298     ; 5.079      ;
; 10.606 ; 74191:inst|f74191:sub|18~1          ; 74191:inst1|f74191:sub|16~_emulated ; in[0]        ; clk         ; -0.500       ; -5.298     ; 5.079      ;
; 10.606 ; 74191:inst|f74191:sub|18~1          ; 74191:inst1|f74191:sub|19~_emulated ; in[0]        ; clk         ; -0.500       ; -5.298     ; 5.079      ;
; 10.606 ; 74191:inst|f74191:sub|18~1          ; 74191:inst|f74191:sub|16~_emulated  ; in[0]        ; clk         ; -0.500       ; -5.298     ; 5.079      ;
; 10.606 ; 74191:inst|f74191:sub|18~1          ; 74191:inst1|f74191:sub|18~_emulated ; in[0]        ; clk         ; -0.500       ; -5.298     ; 5.079      ;
; 10.613 ; 74191:inst|f74191:sub|18~1          ; 74191:inst|f74191:sub|17~_emulated  ; in[0]        ; clk         ; -0.500       ; -5.305     ; 5.079      ;
; 10.613 ; 74191:inst|f74191:sub|18~1          ; 74191:inst|f74191:sub|18~_emulated  ; in[0]        ; clk         ; -0.500       ; -5.305     ; 5.079      ;
; 10.613 ; 74191:inst|f74191:sub|18~1          ; 74191:inst|f74191:sub|19~_emulated  ; in[0]        ; clk         ; -0.500       ; -5.305     ; 5.079      ;
; 11.508 ; 74191:inst|f74191:sub|17~1          ; 74191:inst1|f74191:sub|17~_emulated ; in[0]        ; clk         ; -0.500       ; -5.299     ; 5.980      ;
; 11.508 ; 74191:inst|f74191:sub|17~1          ; 74191:inst1|f74191:sub|16~_emulated ; in[0]        ; clk         ; -0.500       ; -5.299     ; 5.980      ;
; 11.508 ; 74191:inst|f74191:sub|17~1          ; 74191:inst1|f74191:sub|19~_emulated ; in[0]        ; clk         ; -0.500       ; -5.299     ; 5.980      ;
; 11.508 ; 74191:inst|f74191:sub|17~1          ; 74191:inst|f74191:sub|16~_emulated  ; in[0]        ; clk         ; -0.500       ; -5.299     ; 5.980      ;
+--------+-------------------------------------+-------------------------------------+--------------+-------------+--------------+------------+------------+


------------------------------------------------
; Slow 1000mV 100C Model Metastability Summary ;
------------------------------------------------
No synchronizer chains to report.


+------------------------------------------------------------------------------------------------------------+
; Slow 1000mV -40C Model Fmax Summary                                                                        ;
+-------------+-----------------+------------+---------------------------------------------------------------+
; Fmax        ; Restricted Fmax ; Clock Name ; Note                                                          ;
+-------------+-----------------+------------+---------------------------------------------------------------+
; 125.49 MHz  ; 125.49 MHz      ; clk        ;                                                               ;
; 9259.26 MHz ; 250.0 MHz       ; in[0]      ; limit due to minimum period restriction (max I/O toggle rate) ;
+-------------+-----------------+------------+---------------------------------------------------------------+
This panel reports FMAX for every clock in the design, regardless of the user-specified clock periods.  FMAX is only computed for paths where the source and destination registers or ports are driven by the same clock.  Paths of different clocks, including generated clocks, are ignored.  For paths between a clock and its inversion, FMAX is computed as if the rising and falling edges are scaled along with FMAX, such that the duty cycle (in terms of a percentage) is maintained. Altera recommends that you always use clock constraints and other slack reports for sign-off analysis.


+--------------------------------------+
; Slow 1000mV -40C Model Setup Summary ;
+-------+---------+--------------------+
; Clock ; Slack   ; End Point TNS      ;
+-------+---------+--------------------+
; clk   ; -12.078 ; -95.304            ;
; in[0] ; 0.678   ; 0.000              ;
+-------+---------+--------------------+


+-------------------------------------+
; Slow 1000mV -40C Model Hold Summary ;
+-------+--------+--------------------+
; Clock ; Slack  ; End Point TNS      ;
+-------+--------+--------------------+
; in[0] ; -1.541 ; -1.541             ;
; clk   ; 1.185  ; 0.000              ;
+-------+--------+--------------------+


+-----------------------------------------+
; Slow 1000mV -40C Model Recovery Summary ;
+-------+---------+-----------------------+
; Clock ; Slack   ; End Point TNS         ;
+-------+---------+-----------------------+
; clk   ; -11.707 ; -93.631               ;
+-------+---------+-----------------------+


+----------------------------------------+
; Slow 1000mV -40C Model Removal Summary ;
+-------+-------+------------------------+
; Clock ; Slack ; End Point TNS          ;
+-------+-------+------------------------+
; clk   ; 4.442 ; 0.000                  ;
+-------+-------+------------------------+


+----------------------------------------------------+
; Slow 1000mV -40C Model Minimum Pulse Width Summary ;
+-------+--------+-----------------------------------+
; Clock ; Slack  ; End Point TNS                     ;
+-------+--------+-----------------------------------+
; clk   ; -3.000 ; -17.104                           ;
; in[0] ; -3.000 ; -3.000                            ;
+-------+--------+-----------------------------------+


+-----------------------------------------------------------------------------------------------------------------------------------------------------------+
; Slow 1000mV -40C Model Setup: 'clk'                                                                                                                       ;
+---------+-------------------------------------+-------------------------------------+--------------+-------------+--------------+------------+------------+
; Slack   ; From Node                           ; To Node                             ; Launch Clock ; Latch Clock ; Relationship ; Clock Skew ; Data Delay ;
+---------+-------------------------------------+-------------------------------------+--------------+-------------+--------------+------------+------------+
; -12.078 ; 74191:inst|f74191:sub|16~1          ; 74191:inst|f74191:sub|17~_emulated  ; in[0]        ; clk         ; 0.500        ; -5.129     ; 7.455      ;
; -12.046 ; 74191:inst|f74191:sub|16~1          ; 74191:inst|f74191:sub|18~_emulated  ; in[0]        ; clk         ; 0.500        ; -5.129     ; 7.423      ;
; -12.006 ; 74191:inst1|f74191:sub|16~1         ; 74191:inst|f74191:sub|16~_emulated  ; in[0]        ; clk         ; 0.500        ; -5.125     ; 7.387      ;
; -11.948 ; 74191:inst1|f74191:sub|19~1         ; 74191:inst|f74191:sub|16~_emulated  ; in[0]        ; clk         ; 0.500        ; -5.124     ; 7.330      ;
; -11.944 ; 74191:inst1|f74191:sub|19~1         ; 74191:inst1|f74191:sub|19~_emulated ; in[0]        ; clk         ; 0.500        ; -5.124     ; 7.326      ;
; -11.934 ; 74191:inst1|f74191:sub|16~1         ; 74191:inst|f74191:sub|18~_emulated  ; in[0]        ; clk         ; 0.500        ; -5.130     ; 7.310      ;
; -11.903 ; 74191:inst1|f74191:sub|16~1         ; 74191:inst1|f74191:sub|19~_emulated ; in[0]        ; clk         ; 0.500        ; -5.125     ; 7.284      ;
; -11.889 ; 74191:inst|f74191:sub|17~1          ; 74191:inst|f74191:sub|17~_emulated  ; in[0]        ; clk         ; 0.500        ; -5.127     ; 7.268      ;
; -11.870 ; 74191:inst1|f74191:sub|17~1         ; 74191:inst|f74191:sub|16~_emulated  ; in[0]        ; clk         ; 0.500        ; -5.121     ; 7.255      ;
; -11.866 ; 74191:inst1|f74191:sub|17~1         ; 74191:inst1|f74191:sub|19~_emulated ; in[0]        ; clk         ; 0.500        ; -5.121     ; 7.251      ;
; -11.861 ; 74191:inst1|f74191:sub|16~1         ; 74191:inst1|f74191:sub|17~_emulated ; in[0]        ; clk         ; 0.500        ; -5.125     ; 7.242      ;
; -11.857 ; 74191:inst1|f74191:sub|16~1         ; 74191:inst1|f74191:sub|18~_emulated ; in[0]        ; clk         ; 0.500        ; -5.125     ; 7.238      ;
; -11.857 ; 74191:inst|f74191:sub|17~1          ; 74191:inst|f74191:sub|18~_emulated  ; in[0]        ; clk         ; 0.500        ; -5.127     ; 7.236      ;
; -11.853 ; 74191:inst1|f74191:sub|16~1         ; 74191:inst|f74191:sub|17~_emulated  ; in[0]        ; clk         ; 0.500        ; -5.130     ; 7.229      ;
; -11.821 ; 74191:inst1|f74191:sub|16~1         ; 74191:inst|f74191:sub|19~_emulated  ; in[0]        ; clk         ; 0.500        ; -5.130     ; 7.197      ;
; -11.759 ; 74191:inst1|f74191:sub|19~1         ; 74191:inst1|f74191:sub|18~_emulated ; in[0]        ; clk         ; 0.500        ; -5.124     ; 7.141      ;
; -11.759 ; 74191:inst|f74191:sub|18~1          ; 74191:inst|f74191:sub|19~_emulated  ; in[0]        ; clk         ; 0.500        ; -5.127     ; 7.138      ;
; -11.697 ; 74191:inst1|f74191:sub|18~1         ; 74191:inst|f74191:sub|16~_emulated  ; in[0]        ; clk         ; 0.500        ; -5.125     ; 7.078      ;
; -11.696 ; 74191:inst1|f74191:sub|19~1         ; 74191:inst1|f74191:sub|17~_emulated ; in[0]        ; clk         ; 0.500        ; -5.124     ; 7.078      ;
; -11.693 ; 74191:inst1|f74191:sub|18~1         ; 74191:inst1|f74191:sub|19~_emulated ; in[0]        ; clk         ; 0.500        ; -5.125     ; 7.074      ;
; -11.691 ; 74191:inst1|f74191:sub|19~1         ; 74191:inst1|f74191:sub|16~_emulated ; in[0]        ; clk         ; 0.500        ; -5.124     ; 7.073      ;
; -11.681 ; 74191:inst1|f74191:sub|17~1         ; 74191:inst1|f74191:sub|18~_emulated ; in[0]        ; clk         ; 0.500        ; -5.121     ; 7.066      ;
; -11.678 ; 74191:inst1|f74191:sub|19~1         ; 74191:inst|f74191:sub|18~_emulated  ; in[0]        ; clk         ; 0.500        ; -5.129     ; 7.055      ;
; -11.618 ; 74191:inst1|f74191:sub|17~1         ; 74191:inst1|f74191:sub|17~_emulated ; in[0]        ; clk         ; 0.500        ; -5.121     ; 7.003      ;
; -11.613 ; 74191:inst1|f74191:sub|17~1         ; 74191:inst1|f74191:sub|16~_emulated ; in[0]        ; clk         ; 0.500        ; -5.121     ; 6.998      ;
; -11.600 ; 74191:inst1|f74191:sub|17~1         ; 74191:inst|f74191:sub|18~_emulated  ; in[0]        ; clk         ; 0.500        ; -5.126     ; 6.980      ;
; -11.597 ; 74191:inst1|f74191:sub|19~1         ; 74191:inst|f74191:sub|17~_emulated  ; in[0]        ; clk         ; 0.500        ; -5.129     ; 6.974      ;
; -11.569 ; 74191:inst|f74191:sub|19~1          ; 74191:inst|f74191:sub|19~_emulated  ; in[0]        ; clk         ; 0.500        ; -5.129     ; 6.946      ;
; -11.565 ; 74191:inst1|f74191:sub|19~1         ; 74191:inst|f74191:sub|19~_emulated  ; in[0]        ; clk         ; 0.500        ; -5.129     ; 6.942      ;
; -11.519 ; 74191:inst1|f74191:sub|17~1         ; 74191:inst|f74191:sub|17~_emulated  ; in[0]        ; clk         ; 0.500        ; -5.126     ; 6.899      ;
; -11.508 ; 74191:inst1|f74191:sub|18~1         ; 74191:inst1|f74191:sub|18~_emulated ; in[0]        ; clk         ; 0.500        ; -5.125     ; 6.889      ;
; -11.487 ; 74191:inst1|f74191:sub|17~1         ; 74191:inst|f74191:sub|19~_emulated  ; in[0]        ; clk         ; 0.500        ; -5.126     ; 6.867      ;
; -11.445 ; 74191:inst1|f74191:sub|18~1         ; 74191:inst1|f74191:sub|17~_emulated ; in[0]        ; clk         ; 0.500        ; -5.125     ; 6.826      ;
; -11.440 ; 74191:inst1|f74191:sub|18~1         ; 74191:inst1|f74191:sub|16~_emulated ; in[0]        ; clk         ; 0.500        ; -5.125     ; 6.821      ;
; -11.427 ; 74191:inst1|f74191:sub|18~1         ; 74191:inst|f74191:sub|18~_emulated  ; in[0]        ; clk         ; 0.500        ; -5.130     ; 6.803      ;
; -11.346 ; 74191:inst1|f74191:sub|18~1         ; 74191:inst|f74191:sub|17~_emulated  ; in[0]        ; clk         ; 0.500        ; -5.130     ; 6.722      ;
; -11.314 ; 74191:inst1|f74191:sub|18~1         ; 74191:inst|f74191:sub|19~_emulated  ; in[0]        ; clk         ; 0.500        ; -5.130     ; 6.690      ;
; -11.193 ; 74191:inst|f74191:sub|16~1          ; 74191:inst|f74191:sub|16~_emulated  ; in[0]        ; clk         ; 0.500        ; -5.124     ; 6.575      ;
; -11.189 ; 74191:inst|f74191:sub|16~1          ; 74191:inst1|f74191:sub|19~_emulated ; in[0]        ; clk         ; 0.500        ; -5.124     ; 6.571      ;
; -11.070 ; 74191:inst|f74191:sub|18~1          ; 74191:inst|f74191:sub|17~_emulated  ; in[0]        ; clk         ; 0.500        ; -5.127     ; 6.449      ;
; -11.038 ; 74191:inst|f74191:sub|18~1          ; 74191:inst|f74191:sub|18~_emulated  ; in[0]        ; clk         ; 0.500        ; -5.127     ; 6.417      ;
; -11.028 ; 74191:inst|f74191:sub|17~1          ; 74191:inst|f74191:sub|16~_emulated  ; in[0]        ; clk         ; 0.500        ; -5.122     ; 6.412      ;
; -11.004 ; 74191:inst|f74191:sub|16~1          ; 74191:inst1|f74191:sub|18~_emulated ; in[0]        ; clk         ; 0.500        ; -5.124     ; 6.386      ;
; -10.989 ; 74191:inst|f74191:sub|17~1          ; 74191:inst1|f74191:sub|19~_emulated ; in[0]        ; clk         ; 0.500        ; -5.122     ; 6.373      ;
; -10.941 ; 74191:inst|f74191:sub|16~1          ; 74191:inst1|f74191:sub|17~_emulated ; in[0]        ; clk         ; 0.500        ; -5.124     ; 6.323      ;
; -10.936 ; 74191:inst|f74191:sub|16~1          ; 74191:inst1|f74191:sub|16~_emulated ; in[0]        ; clk         ; 0.500        ; -5.124     ; 6.318      ;
; -10.901 ; 74191:inst|f74191:sub|19~1          ; 74191:inst|f74191:sub|17~_emulated  ; in[0]        ; clk         ; 0.500        ; -5.129     ; 6.278      ;
; -10.869 ; 74191:inst|f74191:sub|19~1          ; 74191:inst|f74191:sub|18~_emulated  ; in[0]        ; clk         ; 0.500        ; -5.129     ; 6.246      ;
; -10.810 ; 74191:inst|f74191:sub|16~1          ; 74191:inst|f74191:sub|19~_emulated  ; in[0]        ; clk         ; 0.500        ; -5.129     ; 6.187      ;
; -10.800 ; 74191:inst|f74191:sub|17~1          ; 74191:inst1|f74191:sub|18~_emulated ; in[0]        ; clk         ; 0.500        ; -5.122     ; 6.184      ;
; -10.737 ; 74191:inst|f74191:sub|17~1          ; 74191:inst1|f74191:sub|17~_emulated ; in[0]        ; clk         ; 0.500        ; -5.122     ; 6.121      ;
; -10.732 ; 74191:inst|f74191:sub|17~1          ; 74191:inst1|f74191:sub|16~_emulated ; in[0]        ; clk         ; 0.500        ; -5.122     ; 6.116      ;
; -10.606 ; 74191:inst|f74191:sub|17~1          ; 74191:inst|f74191:sub|19~_emulated  ; in[0]        ; clk         ; 0.500        ; -5.127     ; 5.985      ;
; -10.185 ; 74191:inst|f74191:sub|18~1          ; 74191:inst|f74191:sub|16~_emulated  ; in[0]        ; clk         ; 0.500        ; -5.122     ; 5.569      ;
; -10.181 ; 74191:inst|f74191:sub|18~1          ; 74191:inst1|f74191:sub|19~_emulated ; in[0]        ; clk         ; 0.500        ; -5.122     ; 5.565      ;
; -10.040 ; 74191:inst|f74191:sub|19~1          ; 74191:inst|f74191:sub|16~_emulated  ; in[0]        ; clk         ; 0.500        ; -5.124     ; 5.422      ;
; -10.001 ; 74191:inst|f74191:sub|19~1          ; 74191:inst1|f74191:sub|19~_emulated ; in[0]        ; clk         ; 0.500        ; -5.124     ; 5.383      ;
; -9.996  ; 74191:inst|f74191:sub|18~1          ; 74191:inst1|f74191:sub|18~_emulated ; in[0]        ; clk         ; 0.500        ; -5.122     ; 5.380      ;
; -9.933  ; 74191:inst|f74191:sub|18~1          ; 74191:inst1|f74191:sub|17~_emulated ; in[0]        ; clk         ; 0.500        ; -5.122     ; 5.317      ;
; -9.928  ; 74191:inst|f74191:sub|18~1          ; 74191:inst1|f74191:sub|16~_emulated ; in[0]        ; clk         ; 0.500        ; -5.122     ; 5.312      ;
; -9.804  ; 74191:inst|f74191:sub|19~1          ; 74191:inst1|f74191:sub|18~_emulated ; in[0]        ; clk         ; 0.500        ; -5.124     ; 5.186      ;
; -9.741  ; 74191:inst|f74191:sub|19~1          ; 74191:inst1|f74191:sub|17~_emulated ; in[0]        ; clk         ; 0.500        ; -5.124     ; 5.123      ;
; -9.736  ; 74191:inst|f74191:sub|19~1          ; 74191:inst1|f74191:sub|16~_emulated ; in[0]        ; clk         ; 0.500        ; -5.124     ; 5.118      ;
; -7.730  ; 74191:inst1|f74191:sub|16~1         ; 74191:inst1|f74191:sub|16~_emulated ; in[0]        ; clk         ; 0.500        ; -5.125     ; 3.111      ;
; -6.969  ; 74191:inst1|f74191:sub|19~_emulated ; 74191:inst|f74191:sub|16~_emulated  ; clk          ; clk         ; 1.000        ; -0.056     ; 7.949      ;
; -6.965  ; 74191:inst1|f74191:sub|19~_emulated ; 74191:inst1|f74191:sub|19~_emulated ; clk          ; clk         ; 1.000        ; -0.056     ; 7.945      ;
; -6.893  ; 74191:inst|f74191:sub|17~_emulated  ; 74191:inst|f74191:sub|17~_emulated  ; clk          ; clk         ; 1.000        ; -0.056     ; 7.873      ;
; -6.880  ; 74191:inst1|f74191:sub|17~_emulated ; 74191:inst|f74191:sub|16~_emulated  ; clk          ; clk         ; 1.000        ; -0.056     ; 7.860      ;
; -6.876  ; 74191:inst1|f74191:sub|17~_emulated ; 74191:inst1|f74191:sub|19~_emulated ; clk          ; clk         ; 1.000        ; -0.056     ; 7.856      ;
; -6.861  ; 74191:inst|f74191:sub|17~_emulated  ; 74191:inst|f74191:sub|18~_emulated  ; clk          ; clk         ; 1.000        ; -0.056     ; 7.841      ;
; -6.846  ; 74191:inst|f74191:sub|16~_emulated  ; 74191:inst|f74191:sub|17~_emulated  ; clk          ; clk         ; 1.000        ; -0.083     ; 7.799      ;
; -6.814  ; 74191:inst|f74191:sub|16~_emulated  ; 74191:inst|f74191:sub|18~_emulated  ; clk          ; clk         ; 1.000        ; -0.083     ; 7.767      ;
; -6.780  ; 74191:inst1|f74191:sub|19~_emulated ; 74191:inst1|f74191:sub|18~_emulated ; clk          ; clk         ; 1.000        ; -0.056     ; 7.760      ;
; -6.721  ; 74191:inst1|f74191:sub|19~_emulated ; 74191:inst|f74191:sub|18~_emulated  ; clk          ; clk         ; 1.000        ; -0.083     ; 7.674      ;
; -6.717  ; 74191:inst1|f74191:sub|19~_emulated ; 74191:inst1|f74191:sub|17~_emulated ; clk          ; clk         ; 1.000        ; -0.056     ; 7.697      ;
; -6.712  ; 74191:inst1|f74191:sub|19~_emulated ; 74191:inst1|f74191:sub|16~_emulated ; clk          ; clk         ; 1.000        ; -0.056     ; 7.692      ;
; -6.691  ; 74191:inst1|f74191:sub|17~_emulated ; 74191:inst1|f74191:sub|18~_emulated ; clk          ; clk         ; 1.000        ; -0.056     ; 7.671      ;
; -6.640  ; 74191:inst1|f74191:sub|19~_emulated ; 74191:inst|f74191:sub|17~_emulated  ; clk          ; clk         ; 1.000        ; -0.083     ; 7.593      ;
; -6.632  ; 74191:inst1|f74191:sub|17~_emulated ; 74191:inst|f74191:sub|18~_emulated  ; clk          ; clk         ; 1.000        ; -0.083     ; 7.585      ;
; -6.631  ; 74191:inst1|f74191:sub|16~_emulated ; 74191:inst|f74191:sub|16~_emulated  ; clk          ; clk         ; 1.000        ; -0.056     ; 7.611      ;
; -6.628  ; 74191:inst1|f74191:sub|17~_emulated ; 74191:inst1|f74191:sub|17~_emulated ; clk          ; clk         ; 1.000        ; -0.056     ; 7.608      ;
; -6.623  ; 74191:inst1|f74191:sub|17~_emulated ; 74191:inst1|f74191:sub|16~_emulated ; clk          ; clk         ; 1.000        ; -0.056     ; 7.603      ;
; -6.608  ; 74191:inst1|f74191:sub|19~_emulated ; 74191:inst|f74191:sub|19~_emulated  ; clk          ; clk         ; 1.000        ; -0.083     ; 7.561      ;
; -6.581  ; 74191:inst1|f74191:sub|16~_emulated ; 74191:inst|f74191:sub|18~_emulated  ; clk          ; clk         ; 1.000        ; -0.083     ; 7.534      ;
; -6.551  ; 74191:inst1|f74191:sub|17~_emulated ; 74191:inst|f74191:sub|17~_emulated  ; clk          ; clk         ; 1.000        ; -0.083     ; 7.504      ;
; -6.528  ; 74191:inst1|f74191:sub|16~_emulated ; 74191:inst1|f74191:sub|19~_emulated ; clk          ; clk         ; 1.000        ; -0.056     ; 7.508      ;
; -6.519  ; 74191:inst1|f74191:sub|17~_emulated ; 74191:inst|f74191:sub|19~_emulated  ; clk          ; clk         ; 1.000        ; -0.083     ; 7.472      ;
; -6.500  ; 74191:inst1|f74191:sub|16~_emulated ; 74191:inst|f74191:sub|17~_emulated  ; clk          ; clk         ; 1.000        ; -0.083     ; 7.453      ;
; -6.486  ; 74191:inst1|f74191:sub|16~_emulated ; 74191:inst1|f74191:sub|17~_emulated ; clk          ; clk         ; 1.000        ; -0.056     ; 7.466      ;
; -6.482  ; 74191:inst1|f74191:sub|16~_emulated ; 74191:inst1|f74191:sub|18~_emulated ; clk          ; clk         ; 1.000        ; -0.056     ; 7.462      ;
; -6.468  ; 74191:inst1|f74191:sub|16~_emulated ; 74191:inst|f74191:sub|19~_emulated  ; clk          ; clk         ; 1.000        ; -0.083     ; 7.421      ;
; -6.370  ; 74191:inst|f74191:sub|18~_emulated  ; 74191:inst|f74191:sub|19~_emulated  ; clk          ; clk         ; 1.000        ; -0.056     ; 7.350      ;
; -6.296  ; 74191:inst1|f74191:sub|18~_emulated ; 74191:inst|f74191:sub|16~_emulated  ; clk          ; clk         ; 1.000        ; -0.056     ; 7.276      ;
; -6.292  ; 74191:inst1|f74191:sub|18~_emulated ; 74191:inst1|f74191:sub|19~_emulated ; clk          ; clk         ; 1.000        ; -0.056     ; 7.272      ;
; -6.232  ; 74191:inst|f74191:sub|19~_emulated  ; 74191:inst|f74191:sub|19~_emulated  ; clk          ; clk         ; 1.000        ; -0.056     ; 7.212      ;
; -6.107  ; 74191:inst1|f74191:sub|18~_emulated ; 74191:inst1|f74191:sub|18~_emulated ; clk          ; clk         ; 1.000        ; -0.056     ; 7.087      ;
; -6.048  ; 74191:inst1|f74191:sub|18~_emulated ; 74191:inst|f74191:sub|18~_emulated  ; clk          ; clk         ; 1.000        ; -0.083     ; 7.001      ;
; -6.044  ; 74191:inst1|f74191:sub|18~_emulated ; 74191:inst1|f74191:sub|17~_emulated ; clk          ; clk         ; 1.000        ; -0.056     ; 7.024      ;
; -6.039  ; 74191:inst1|f74191:sub|18~_emulated ; 74191:inst1|f74191:sub|16~_emulated ; clk          ; clk         ; 1.000        ; -0.056     ; 7.019      ;
; -6.030  ; 74191:inst|f74191:sub|17~_emulated  ; 74191:inst|f74191:sub|16~_emulated  ; clk          ; clk         ; 1.000        ; -0.073     ; 6.993      ;
+---------+-------------------------------------+-------------------------------------+--------------+-------------+--------------+------------+------------+


+-----------------------------------------------------------------------------------------------------------------------+
; Slow 1000mV -40C Model Setup: 'in[0]'                                                                                 ;
+-------+-----------+-----------------------------+--------------+-------------+--------------+------------+------------+
; Slack ; From Node ; To Node                     ; Launch Clock ; Latch Clock ; Relationship ; Clock Skew ; Data Delay ;
+-------+-----------+-----------------------------+--------------+-------------+--------------+------------+------------+
; 0.678 ; in[0]     ; 74191:inst1|f74191:sub|16~1 ; in[0]        ; in[0]       ; 0.500        ; 7.316      ; 6.078      ;
; 0.892 ; in[0]     ; 74191:inst1|f74191:sub|16~1 ; in[0]        ; in[0]       ; 1.000        ; 7.316      ; 6.364      ;
+-------+-----------+-----------------------------+--------------+-------------+--------------+------------+------------+


+------------------------------------------------------------------------------------------------------------------------+
; Slow 1000mV -40C Model Hold: 'in[0]'                                                                                   ;
+--------+-----------+-----------------------------+--------------+-------------+--------------+------------+------------+
; Slack  ; From Node ; To Node                     ; Launch Clock ; Latch Clock ; Relationship ; Clock Skew ; Data Delay ;
+--------+-----------+-----------------------------+--------------+-------------+--------------+------------+------------+
; -1.541 ; in[0]     ; 74191:inst1|f74191:sub|16~1 ; in[0]        ; in[0]       ; 0.000        ; 7.629      ; 6.088      ;
; -1.313 ; in[0]     ; 74191:inst1|f74191:sub|16~1 ; in[0]        ; in[0]       ; -0.500       ; 7.629      ; 5.836      ;
+--------+-----------+-----------------------------+--------------+-------------+--------------+------------+------------+


+---------------------------------------------------------------------------------------------------------------------------------------------------------+
; Slow 1000mV -40C Model Hold: 'clk'                                                                                                                      ;
+-------+-------------------------------------+-------------------------------------+--------------+-------------+--------------+------------+------------+
; Slack ; From Node                           ; To Node                             ; Launch Clock ; Latch Clock ; Relationship ; Clock Skew ; Data Delay ;
+-------+-------------------------------------+-------------------------------------+--------------+-------------+--------------+------------+------------+
; 1.185 ; in[0]                               ; 74191:inst1|f74191:sub|18~_emulated ; in[0]        ; clk         ; 0.000        ; 2.607      ; 4.083      ;
; 1.237 ; in[0]                               ; 74191:inst1|f74191:sub|17~_emulated ; in[0]        ; clk         ; 0.000        ; 2.607      ; 4.135      ;
; 1.237 ; in[0]                               ; 74191:inst1|f74191:sub|16~_emulated ; in[0]        ; clk         ; 0.000        ; 2.607      ; 4.135      ;
; 1.421 ; in[0]                               ; 74191:inst1|f74191:sub|19~_emulated ; in[0]        ; clk         ; 0.000        ; 2.607      ; 4.319      ;
; 1.441 ; in[0]                               ; 74191:inst1|f74191:sub|17~_emulated ; in[0]        ; clk         ; -0.500       ; 2.607      ; 3.839      ;
; 1.445 ; in[0]                               ; 74191:inst1|f74191:sub|16~_emulated ; in[0]        ; clk         ; -0.500       ; 2.607      ; 3.843      ;
; 1.451 ; in[0]                               ; 74191:inst1|f74191:sub|18~_emulated ; in[0]        ; clk         ; -0.500       ; 2.607      ; 3.849      ;
; 1.469 ; in[0]                               ; 74191:inst|f74191:sub|16~_emulated  ; in[0]        ; clk         ; 0.000        ; 2.607      ; 4.367      ;
; 1.686 ; in[0]                               ; 74191:inst1|f74191:sub|19~_emulated ; in[0]        ; clk         ; -0.500       ; 2.607      ; 4.084      ;
; 1.780 ; in[0]                               ; 74191:inst|f74191:sub|16~_emulated  ; in[0]        ; clk         ; -0.500       ; 2.607      ; 4.178      ;
; 2.175 ; in[0]                               ; 74191:inst|f74191:sub|18~_emulated  ; in[0]        ; clk         ; 0.000        ; 2.602      ; 5.068      ;
; 2.205 ; in[0]                               ; 74191:inst|f74191:sub|17~_emulated  ; in[0]        ; clk         ; 0.000        ; 2.602      ; 5.098      ;
; 2.273 ; 74191:inst1|f74191:sub|18~_emulated ; 74191:inst1|f74191:sub|18~_emulated ; clk          ; clk         ; 0.000        ; 0.056      ; 2.590      ;
; 2.303 ; 74191:inst|f74191:sub|19~_emulated  ; 74191:inst|f74191:sub|19~_emulated  ; clk          ; clk         ; 0.000        ; 0.056      ; 2.620      ;
; 2.354 ; 74191:inst1|f74191:sub|18~_emulated ; 74191:inst1|f74191:sub|19~_emulated ; clk          ; clk         ; 0.000        ; 0.056      ; 2.671      ;
; 2.368 ; 74191:inst1|f74191:sub|19~_emulated ; 74191:inst1|f74191:sub|19~_emulated ; clk          ; clk         ; 0.000        ; 0.056      ; 2.685      ;
; 2.378 ; 74191:inst|f74191:sub|17~_emulated  ; 74191:inst|f74191:sub|17~_emulated  ; clk          ; clk         ; 0.000        ; 0.056      ; 2.695      ;
; 2.379 ; 74191:inst|f74191:sub|18~_emulated  ; 74191:inst|f74191:sub|18~_emulated  ; clk          ; clk         ; 0.000        ; 0.056      ; 2.696      ;
; 2.439 ; in[0]                               ; 74191:inst|f74191:sub|18~_emulated  ; in[0]        ; clk         ; -0.500       ; 2.602      ; 4.832      ;
; 2.458 ; 74191:inst|f74191:sub|16~_emulated  ; 74191:inst|f74191:sub|16~_emulated  ; clk          ; clk         ; 0.000        ; 0.056      ; 2.775      ;
; 2.460 ; in[0]                               ; 74191:inst|f74191:sub|17~_emulated  ; in[0]        ; clk         ; -0.500       ; 2.602      ; 4.853      ;
; 2.478 ; 74191:inst|f74191:sub|18~_emulated  ; 74191:inst|f74191:sub|19~_emulated  ; clk          ; clk         ; 0.000        ; 0.056      ; 2.795      ;
; 2.506 ; 74191:inst1|f74191:sub|19~_emulated ; 74191:inst|f74191:sub|16~_emulated  ; clk          ; clk         ; 0.000        ; 0.056      ; 2.823      ;
; 2.533 ; 74191:inst1|f74191:sub|17~_emulated ; 74191:inst1|f74191:sub|17~_emulated ; clk          ; clk         ; 0.000        ; 0.056      ; 2.850      ;
; 2.535 ; 74191:inst1|f74191:sub|18~_emulated ; 74191:inst|f74191:sub|16~_emulated  ; clk          ; clk         ; 0.000        ; 0.056      ; 2.852      ;
; 2.550 ; 74191:inst1|f74191:sub|17~_emulated ; 74191:inst1|f74191:sub|18~_emulated ; clk          ; clk         ; 0.000        ; 0.056      ; 2.867      ;
; 2.580 ; 74191:inst|f74191:sub|17~_emulated  ; 74191:inst|f74191:sub|18~_emulated  ; clk          ; clk         ; 0.000        ; 0.056      ; 2.897      ;
; 2.629 ; 74191:inst1|f74191:sub|16~_emulated ; 74191:inst1|f74191:sub|17~_emulated ; clk          ; clk         ; 0.000        ; 0.056      ; 2.946      ;
; 2.633 ; 74191:inst1|f74191:sub|16~_emulated ; 74191:inst1|f74191:sub|16~_emulated ; clk          ; clk         ; 0.000        ; 0.056      ; 2.950      ;
; 2.639 ; 74191:inst1|f74191:sub|16~_emulated ; 74191:inst1|f74191:sub|18~_emulated ; clk          ; clk         ; 0.000        ; 0.056      ; 2.956      ;
; 2.645 ; 74191:inst|f74191:sub|16~_emulated  ; 74191:inst|f74191:sub|17~_emulated  ; clk          ; clk         ; 0.000        ; 0.073      ; 2.979      ;
; 2.683 ; 74191:inst|f74191:sub|16~_emulated  ; 74191:inst|f74191:sub|18~_emulated  ; clk          ; clk         ; 0.000        ; 0.073      ; 3.017      ;
; 2.692 ; 74191:inst1|f74191:sub|17~_emulated ; 74191:inst1|f74191:sub|19~_emulated ; clk          ; clk         ; 0.000        ; 0.056      ; 3.009      ;
; 2.794 ; 74191:inst1|f74191:sub|17~_emulated ; 74191:inst|f74191:sub|16~_emulated  ; clk          ; clk         ; 0.000        ; 0.056      ; 3.111      ;
; 2.830 ; in[0]                               ; 74191:inst|f74191:sub|19~_emulated  ; in[0]        ; clk         ; 0.000        ; 2.602      ; 5.723      ;
; 2.874 ; 74191:inst1|f74191:sub|16~_emulated ; 74191:inst1|f74191:sub|19~_emulated ; clk          ; clk         ; 0.000        ; 0.056      ; 3.191      ;
; 2.968 ; 74191:inst1|f74191:sub|16~_emulated ; 74191:inst|f74191:sub|16~_emulated  ; clk          ; clk         ; 0.000        ; 0.056      ; 3.285      ;
; 3.137 ; in[0]                               ; 74191:inst|f74191:sub|19~_emulated  ; in[0]        ; clk         ; -0.500       ; 2.602      ; 5.530      ;
; 3.151 ; 74191:inst1|f74191:sub|18~_emulated ; 74191:inst|f74191:sub|18~_emulated  ; clk          ; clk         ; 0.000        ; 0.073      ; 3.485      ;
; 3.172 ; 74191:inst1|f74191:sub|18~_emulated ; 74191:inst|f74191:sub|17~_emulated  ; clk          ; clk         ; 0.000        ; 0.073      ; 3.506      ;
; 3.543 ; 74191:inst|f74191:sub|16~_emulated  ; 74191:inst|f74191:sub|19~_emulated  ; clk          ; clk         ; 0.000        ; 0.073      ; 3.877      ;
; 3.569 ; 74191:inst|f74191:sub|17~_emulated  ; 74191:inst|f74191:sub|19~_emulated  ; clk          ; clk         ; 0.000        ; 0.056      ; 3.886      ;
; 3.605 ; 74191:inst1|f74191:sub|16~_emulated ; 74191:inst|f74191:sub|18~_emulated  ; clk          ; clk         ; 0.000        ; 0.073      ; 3.939      ;
; 3.626 ; 74191:inst1|f74191:sub|16~_emulated ; 74191:inst|f74191:sub|17~_emulated  ; clk          ; clk         ; 0.000        ; 0.073      ; 3.960      ;
; 3.658 ; 74191:inst1|f74191:sub|17~_emulated ; 74191:inst|f74191:sub|18~_emulated  ; clk          ; clk         ; 0.000        ; 0.073      ; 3.992      ;
; 3.679 ; 74191:inst1|f74191:sub|17~_emulated ; 74191:inst|f74191:sub|17~_emulated  ; clk          ; clk         ; 0.000        ; 0.073      ; 4.013      ;
; 3.744 ; 74191:inst1|f74191:sub|19~_emulated ; 74191:inst|f74191:sub|18~_emulated  ; clk          ; clk         ; 0.000        ; 0.073      ; 4.078      ;
; 3.765 ; 74191:inst1|f74191:sub|19~_emulated ; 74191:inst|f74191:sub|17~_emulated  ; clk          ; clk         ; 0.000        ; 0.073      ; 4.099      ;
; 3.849 ; 74191:inst1|f74191:sub|18~_emulated ; 74191:inst|f74191:sub|19~_emulated  ; clk          ; clk         ; 0.000        ; 0.073      ; 4.183      ;
; 4.175 ; 74191:inst|f74191:sub|19~_emulated  ; 74191:inst1|f74191:sub|19~_emulated ; clk          ; clk         ; 0.000        ; 0.083      ; 4.519      ;
; 4.201 ; 74191:inst|f74191:sub|19~_emulated  ; 74191:inst|f74191:sub|17~_emulated  ; clk          ; clk         ; 0.000        ; 0.056      ; 4.518      ;
; 4.231 ; 74191:inst|f74191:sub|19~_emulated  ; 74191:inst1|f74191:sub|18~_emulated ; clk          ; clk         ; 0.000        ; 0.083      ; 4.575      ;
; 4.253 ; 74191:inst|f74191:sub|19~_emulated  ; 74191:inst|f74191:sub|16~_emulated  ; clk          ; clk         ; 0.000        ; 0.083      ; 4.597      ;
; 4.303 ; 74191:inst1|f74191:sub|16~_emulated ; 74191:inst|f74191:sub|19~_emulated  ; clk          ; clk         ; 0.000        ; 0.073      ; 4.637      ;
; 4.339 ; 74191:inst|f74191:sub|19~_emulated  ; 74191:inst1|f74191:sub|17~_emulated ; clk          ; clk         ; 0.000        ; 0.083      ; 4.683      ;
; 4.355 ; 74191:inst|f74191:sub|19~_emulated  ; 74191:inst|f74191:sub|18~_emulated  ; clk          ; clk         ; 0.000        ; 0.056      ; 4.672      ;
; 4.356 ; 74191:inst1|f74191:sub|17~_emulated ; 74191:inst|f74191:sub|19~_emulated  ; clk          ; clk         ; 0.000        ; 0.073      ; 4.690      ;
; 4.358 ; 74191:inst|f74191:sub|18~_emulated  ; 74191:inst1|f74191:sub|19~_emulated ; clk          ; clk         ; 0.000        ; 0.083      ; 4.702      ;
; 4.360 ; 74191:inst|f74191:sub|18~_emulated  ; 74191:inst|f74191:sub|17~_emulated  ; clk          ; clk         ; 0.000        ; 0.056      ; 4.677      ;
; 4.413 ; 74191:inst|f74191:sub|18~_emulated  ; 74191:inst|f74191:sub|16~_emulated  ; clk          ; clk         ; 0.000        ; 0.083      ; 4.757      ;
; 4.416 ; 74191:inst|f74191:sub|18~_emulated  ; 74191:inst1|f74191:sub|18~_emulated ; clk          ; clk         ; 0.000        ; 0.083      ; 4.760      ;
; 4.426 ; 74191:inst|f74191:sub|19~_emulated  ; 74191:inst1|f74191:sub|16~_emulated ; clk          ; clk         ; 0.000        ; 0.083      ; 4.770      ;
; 4.442 ; 74191:inst1|f74191:sub|19~_emulated ; 74191:inst|f74191:sub|19~_emulated  ; clk          ; clk         ; 0.000        ; 0.073      ; 4.776      ;
; 4.524 ; 74191:inst|f74191:sub|18~_emulated  ; 74191:inst1|f74191:sub|17~_emulated ; clk          ; clk         ; 0.000        ; 0.083      ; 4.868      ;
; 4.614 ; 74191:inst|f74191:sub|18~_emulated  ; 74191:inst1|f74191:sub|16~_emulated ; clk          ; clk         ; 0.000        ; 0.083      ; 4.958      ;
; 5.380 ; 74191:inst|f74191:sub|16~_emulated  ; 74191:inst1|f74191:sub|19~_emulated ; clk          ; clk         ; 0.000        ; 0.056      ; 5.697      ;
; 5.438 ; 74191:inst|f74191:sub|16~_emulated  ; 74191:inst1|f74191:sub|18~_emulated ; clk          ; clk         ; 0.000        ; 0.056      ; 5.755      ;
; 5.473 ; 74191:inst|f74191:sub|17~_emulated  ; 74191:inst1|f74191:sub|19~_emulated ; clk          ; clk         ; 0.000        ; 0.083      ; 5.817      ;
; 5.529 ; 74191:inst|f74191:sub|17~_emulated  ; 74191:inst1|f74191:sub|18~_emulated ; clk          ; clk         ; 0.000        ; 0.083      ; 5.873      ;
; 5.529 ; 74191:inst|f74191:sub|17~_emulated  ; 74191:inst|f74191:sub|16~_emulated  ; clk          ; clk         ; 0.000        ; 0.083      ; 5.873      ;
; 5.534 ; 74191:inst1|f74191:sub|18~1         ; 74191:inst1|f74191:sub|18~_emulated ; in[0]        ; clk         ; -0.500       ; -4.709     ; 0.616      ;
; 5.536 ; 74191:inst|f74191:sub|18~1          ; 74191:inst|f74191:sub|18~_emulated  ; in[0]        ; clk         ; -0.500       ; -4.711     ; 0.616      ;
; 5.546 ; 74191:inst|f74191:sub|16~_emulated  ; 74191:inst1|f74191:sub|17~_emulated ; clk          ; clk         ; 0.000        ; 0.056      ; 5.863      ;
; 5.631 ; 74191:inst|f74191:sub|19~1          ; 74191:inst|f74191:sub|19~_emulated  ; in[0]        ; clk         ; -0.500       ; -4.713     ; 0.709      ;
; 5.637 ; 74191:inst|f74191:sub|17~_emulated  ; 74191:inst1|f74191:sub|17~_emulated ; clk          ; clk         ; 0.000        ; 0.083      ; 5.981      ;
; 5.682 ; 74191:inst1|f74191:sub|19~1         ; 74191:inst1|f74191:sub|19~_emulated ; in[0]        ; clk         ; -0.500       ; -4.708     ; 0.765      ;
; 5.710 ; 74191:inst|f74191:sub|16~_emulated  ; 74191:inst1|f74191:sub|16~_emulated ; clk          ; clk         ; 0.000        ; 0.056      ; 6.027      ;
; 5.724 ; 74191:inst|f74191:sub|17~_emulated  ; 74191:inst1|f74191:sub|16~_emulated ; clk          ; clk         ; 0.000        ; 0.083      ; 6.068      ;
; 5.744 ; 74191:inst1|f74191:sub|16~1         ; 74191:inst1|f74191:sub|16~_emulated ; in[0]        ; clk         ; -0.500       ; -4.709     ; 0.826      ;
; 5.787 ; 74191:inst|f74191:sub|17~1          ; 74191:inst|f74191:sub|17~_emulated  ; in[0]        ; clk         ; -0.500       ; -4.712     ; 0.866      ;
; 5.861 ; 74191:inst1|f74191:sub|18~_emulated ; 74191:inst1|f74191:sub|17~_emulated ; clk          ; clk         ; 0.000        ; 0.056      ; 6.178      ;
; 6.025 ; 74191:inst1|f74191:sub|18~_emulated ; 74191:inst1|f74191:sub|16~_emulated ; clk          ; clk         ; 0.000        ; 0.056      ; 6.342      ;
; 6.284 ; 74191:inst1|f74191:sub|17~1         ; 74191:inst1|f74191:sub|17~_emulated ; in[0]        ; clk         ; -0.500       ; -4.706     ; 1.369      ;
; 6.319 ; 74191:inst1|f74191:sub|19~_emulated ; 74191:inst1|f74191:sub|18~_emulated ; clk          ; clk         ; 0.000        ; 0.056      ; 6.636      ;
; 6.426 ; 74191:inst1|f74191:sub|17~_emulated ; 74191:inst1|f74191:sub|16~_emulated ; clk          ; clk         ; 0.000        ; 0.056      ; 6.743      ;
; 6.427 ; 74191:inst1|f74191:sub|19~_emulated ; 74191:inst1|f74191:sub|17~_emulated ; clk          ; clk         ; 0.000        ; 0.056      ; 6.744      ;
; 6.428 ; 74191:inst|f74191:sub|16~1          ; 74191:inst|f74191:sub|16~_emulated  ; in[0]        ; clk         ; -0.500       ; -4.709     ; 1.510      ;
; 6.591 ; 74191:inst1|f74191:sub|19~_emulated ; 74191:inst1|f74191:sub|16~_emulated ; clk          ; clk         ; 0.000        ; 0.056      ; 6.908      ;
; 7.250 ; 74191:inst1|f74191:sub|19~1         ; 74191:inst|f74191:sub|16~_emulated  ; in[0]        ; clk         ; -0.500       ; -4.708     ; 2.333      ;
; 7.304 ; 74191:inst1|f74191:sub|17~1         ; 74191:inst1|f74191:sub|18~_emulated ; in[0]        ; clk         ; -0.500       ; -4.706     ; 2.389      ;
; 7.328 ; 74191:inst|f74191:sub|17~1          ; 74191:inst|f74191:sub|18~_emulated  ; in[0]        ; clk         ; -0.500       ; -4.712     ; 2.407      ;
; 7.396 ; 74191:inst1|f74191:sub|18~1         ; 74191:inst1|f74191:sub|19~_emulated ; in[0]        ; clk         ; -0.500       ; -4.709     ; 2.478      ;
; 7.446 ; 74191:inst1|f74191:sub|17~1         ; 74191:inst1|f74191:sub|19~_emulated ; in[0]        ; clk         ; -0.500       ; -4.706     ; 2.531      ;
; 7.506 ; 74191:inst|f74191:sub|18~1          ; 74191:inst|f74191:sub|19~_emulated  ; in[0]        ; clk         ; -0.500       ; -4.711     ; 2.586      ;
; 7.548 ; 74191:inst1|f74191:sub|17~1         ; 74191:inst|f74191:sub|16~_emulated  ; in[0]        ; clk         ; -0.500       ; -4.706     ; 2.633      ;
; 7.554 ; 74191:inst|f74191:sub|16~1          ; 74191:inst|f74191:sub|17~_emulated  ; in[0]        ; clk         ; -0.500       ; -4.714     ; 2.631      ;
; 7.577 ; 74191:inst1|f74191:sub|18~1         ; 74191:inst|f74191:sub|16~_emulated  ; in[0]        ; clk         ; -0.500       ; -4.709     ; 2.659      ;
; 7.592 ; 74191:inst|f74191:sub|16~1          ; 74191:inst|f74191:sub|18~_emulated  ; in[0]        ; clk         ; -0.500       ; -4.714     ; 2.669      ;
; 7.639 ; 74191:inst1|f74191:sub|16~1         ; 74191:inst1|f74191:sub|17~_emulated ; in[0]        ; clk         ; -0.500       ; -4.709     ; 2.721      ;
; 7.649 ; 74191:inst1|f74191:sub|16~1         ; 74191:inst1|f74191:sub|18~_emulated ; in[0]        ; clk         ; -0.500       ; -4.709     ; 2.731      ;
+-------+-------------------------------------+-------------------------------------+--------------+-------------+--------------+------------+------------+


+-----------------------------------------------------------------------------------------------------------------------------------------------------------+
; Slow 1000mV -40C Model Recovery: 'clk'                                                                                                                    ;
+---------+-------------------------------------+-------------------------------------+--------------+-------------+--------------+------------+------------+
; Slack   ; From Node                           ; To Node                             ; Launch Clock ; Latch Clock ; Relationship ; Clock Skew ; Data Delay ;
+---------+-------------------------------------+-------------------------------------+--------------+-------------+--------------+------------+------------+
; -11.707 ; 74191:inst1|f74191:sub|16~1         ; 74191:inst|f74191:sub|17~_emulated  ; in[0]        ; clk         ; 0.500        ; -5.130     ; 7.083      ;
; -11.707 ; 74191:inst1|f74191:sub|16~1         ; 74191:inst|f74191:sub|18~_emulated  ; in[0]        ; clk         ; 0.500        ; -5.130     ; 7.083      ;
; -11.707 ; 74191:inst1|f74191:sub|16~1         ; 74191:inst|f74191:sub|19~_emulated  ; in[0]        ; clk         ; 0.500        ; -5.130     ; 7.083      ;
; -11.702 ; 74191:inst1|f74191:sub|16~1         ; 74191:inst1|f74191:sub|17~_emulated ; in[0]        ; clk         ; 0.500        ; -5.125     ; 7.083      ;
; -11.702 ; 74191:inst1|f74191:sub|16~1         ; 74191:inst1|f74191:sub|16~_emulated ; in[0]        ; clk         ; 0.500        ; -5.125     ; 7.083      ;
; -11.702 ; 74191:inst1|f74191:sub|16~1         ; 74191:inst1|f74191:sub|19~_emulated ; in[0]        ; clk         ; 0.500        ; -5.125     ; 7.083      ;
; -11.702 ; 74191:inst1|f74191:sub|16~1         ; 74191:inst|f74191:sub|16~_emulated  ; in[0]        ; clk         ; 0.500        ; -5.125     ; 7.083      ;
; -11.702 ; 74191:inst1|f74191:sub|16~1         ; 74191:inst1|f74191:sub|18~_emulated ; in[0]        ; clk         ; 0.500        ; -5.125     ; 7.083      ;
; -11.451 ; 74191:inst1|f74191:sub|19~1         ; 74191:inst|f74191:sub|17~_emulated  ; in[0]        ; clk         ; 0.500        ; -5.129     ; 6.828      ;
; -11.451 ; 74191:inst1|f74191:sub|19~1         ; 74191:inst|f74191:sub|18~_emulated  ; in[0]        ; clk         ; 0.500        ; -5.129     ; 6.828      ;
; -11.451 ; 74191:inst1|f74191:sub|19~1         ; 74191:inst|f74191:sub|19~_emulated  ; in[0]        ; clk         ; 0.500        ; -5.129     ; 6.828      ;
; -11.446 ; 74191:inst1|f74191:sub|19~1         ; 74191:inst1|f74191:sub|17~_emulated ; in[0]        ; clk         ; 0.500        ; -5.124     ; 6.828      ;
; -11.446 ; 74191:inst1|f74191:sub|19~1         ; 74191:inst1|f74191:sub|16~_emulated ; in[0]        ; clk         ; 0.500        ; -5.124     ; 6.828      ;
; -11.446 ; 74191:inst1|f74191:sub|19~1         ; 74191:inst1|f74191:sub|19~_emulated ; in[0]        ; clk         ; 0.500        ; -5.124     ; 6.828      ;
; -11.446 ; 74191:inst1|f74191:sub|19~1         ; 74191:inst|f74191:sub|16~_emulated  ; in[0]        ; clk         ; 0.500        ; -5.124     ; 6.828      ;
; -11.446 ; 74191:inst1|f74191:sub|19~1         ; 74191:inst1|f74191:sub|18~_emulated ; in[0]        ; clk         ; 0.500        ; -5.124     ; 6.828      ;
; -11.373 ; 74191:inst1|f74191:sub|17~1         ; 74191:inst|f74191:sub|17~_emulated  ; in[0]        ; clk         ; 0.500        ; -5.126     ; 6.753      ;
; -11.373 ; 74191:inst1|f74191:sub|17~1         ; 74191:inst|f74191:sub|18~_emulated  ; in[0]        ; clk         ; 0.500        ; -5.126     ; 6.753      ;
; -11.373 ; 74191:inst1|f74191:sub|17~1         ; 74191:inst|f74191:sub|19~_emulated  ; in[0]        ; clk         ; 0.500        ; -5.126     ; 6.753      ;
; -11.368 ; 74191:inst1|f74191:sub|17~1         ; 74191:inst1|f74191:sub|17~_emulated ; in[0]        ; clk         ; 0.500        ; -5.121     ; 6.753      ;
; -11.368 ; 74191:inst1|f74191:sub|17~1         ; 74191:inst1|f74191:sub|16~_emulated ; in[0]        ; clk         ; 0.500        ; -5.121     ; 6.753      ;
; -11.368 ; 74191:inst1|f74191:sub|17~1         ; 74191:inst1|f74191:sub|19~_emulated ; in[0]        ; clk         ; 0.500        ; -5.121     ; 6.753      ;
; -11.368 ; 74191:inst1|f74191:sub|17~1         ; 74191:inst|f74191:sub|16~_emulated  ; in[0]        ; clk         ; 0.500        ; -5.121     ; 6.753      ;
; -11.368 ; 74191:inst1|f74191:sub|17~1         ; 74191:inst1|f74191:sub|18~_emulated ; in[0]        ; clk         ; 0.500        ; -5.121     ; 6.753      ;
; -11.200 ; 74191:inst1|f74191:sub|18~1         ; 74191:inst|f74191:sub|17~_emulated  ; in[0]        ; clk         ; 0.500        ; -5.130     ; 6.576      ;
; -11.200 ; 74191:inst1|f74191:sub|18~1         ; 74191:inst|f74191:sub|18~_emulated  ; in[0]        ; clk         ; 0.500        ; -5.130     ; 6.576      ;
; -11.200 ; 74191:inst1|f74191:sub|18~1         ; 74191:inst|f74191:sub|19~_emulated  ; in[0]        ; clk         ; 0.500        ; -5.130     ; 6.576      ;
; -11.195 ; 74191:inst1|f74191:sub|18~1         ; 74191:inst1|f74191:sub|17~_emulated ; in[0]        ; clk         ; 0.500        ; -5.125     ; 6.576      ;
; -11.195 ; 74191:inst1|f74191:sub|18~1         ; 74191:inst1|f74191:sub|16~_emulated ; in[0]        ; clk         ; 0.500        ; -5.125     ; 6.576      ;
; -11.195 ; 74191:inst1|f74191:sub|18~1         ; 74191:inst1|f74191:sub|19~_emulated ; in[0]        ; clk         ; 0.500        ; -5.125     ; 6.576      ;
; -11.195 ; 74191:inst1|f74191:sub|18~1         ; 74191:inst|f74191:sub|16~_emulated  ; in[0]        ; clk         ; 0.500        ; -5.125     ; 6.576      ;
; -11.195 ; 74191:inst1|f74191:sub|18~1         ; 74191:inst1|f74191:sub|18~_emulated ; in[0]        ; clk         ; 0.500        ; -5.125     ; 6.576      ;
; -10.696 ; 74191:inst|f74191:sub|16~1          ; 74191:inst|f74191:sub|17~_emulated  ; in[0]        ; clk         ; 0.500        ; -5.129     ; 6.073      ;
; -10.696 ; 74191:inst|f74191:sub|16~1          ; 74191:inst|f74191:sub|18~_emulated  ; in[0]        ; clk         ; 0.500        ; -5.129     ; 6.073      ;
; -10.696 ; 74191:inst|f74191:sub|16~1          ; 74191:inst|f74191:sub|19~_emulated  ; in[0]        ; clk         ; 0.500        ; -5.129     ; 6.073      ;
; -10.691 ; 74191:inst|f74191:sub|16~1          ; 74191:inst1|f74191:sub|17~_emulated ; in[0]        ; clk         ; 0.500        ; -5.124     ; 6.073      ;
; -10.691 ; 74191:inst|f74191:sub|16~1          ; 74191:inst1|f74191:sub|16~_emulated ; in[0]        ; clk         ; 0.500        ; -5.124     ; 6.073      ;
; -10.691 ; 74191:inst|f74191:sub|16~1          ; 74191:inst1|f74191:sub|19~_emulated ; in[0]        ; clk         ; 0.500        ; -5.124     ; 6.073      ;
; -10.691 ; 74191:inst|f74191:sub|16~1          ; 74191:inst|f74191:sub|16~_emulated  ; in[0]        ; clk         ; 0.500        ; -5.124     ; 6.073      ;
; -10.691 ; 74191:inst|f74191:sub|16~1          ; 74191:inst1|f74191:sub|18~_emulated ; in[0]        ; clk         ; 0.500        ; -5.124     ; 6.073      ;
; -10.507 ; 74191:inst|f74191:sub|17~1          ; 74191:inst|f74191:sub|17~_emulated  ; in[0]        ; clk         ; 0.500        ; -5.127     ; 5.886      ;
; -10.507 ; 74191:inst|f74191:sub|17~1          ; 74191:inst|f74191:sub|18~_emulated  ; in[0]        ; clk         ; 0.500        ; -5.127     ; 5.886      ;
; -10.507 ; 74191:inst|f74191:sub|17~1          ; 74191:inst|f74191:sub|19~_emulated  ; in[0]        ; clk         ; 0.500        ; -5.127     ; 5.886      ;
; -10.502 ; 74191:inst|f74191:sub|17~1          ; 74191:inst1|f74191:sub|17~_emulated ; in[0]        ; clk         ; 0.500        ; -5.122     ; 5.886      ;
; -10.502 ; 74191:inst|f74191:sub|17~1          ; 74191:inst1|f74191:sub|16~_emulated ; in[0]        ; clk         ; 0.500        ; -5.122     ; 5.886      ;
; -10.502 ; 74191:inst|f74191:sub|17~1          ; 74191:inst1|f74191:sub|19~_emulated ; in[0]        ; clk         ; 0.500        ; -5.122     ; 5.886      ;
; -10.502 ; 74191:inst|f74191:sub|17~1          ; 74191:inst|f74191:sub|16~_emulated  ; in[0]        ; clk         ; 0.500        ; -5.122     ; 5.886      ;
; -10.502 ; 74191:inst|f74191:sub|17~1          ; 74191:inst1|f74191:sub|18~_emulated ; in[0]        ; clk         ; 0.500        ; -5.122     ; 5.886      ;
; -9.688  ; 74191:inst|f74191:sub|18~1          ; 74191:inst|f74191:sub|17~_emulated  ; in[0]        ; clk         ; 0.500        ; -5.127     ; 5.067      ;
; -9.688  ; 74191:inst|f74191:sub|18~1          ; 74191:inst|f74191:sub|18~_emulated  ; in[0]        ; clk         ; 0.500        ; -5.127     ; 5.067      ;
; -9.688  ; 74191:inst|f74191:sub|18~1          ; 74191:inst|f74191:sub|19~_emulated  ; in[0]        ; clk         ; 0.500        ; -5.127     ; 5.067      ;
; -9.683  ; 74191:inst|f74191:sub|18~1          ; 74191:inst1|f74191:sub|17~_emulated ; in[0]        ; clk         ; 0.500        ; -5.122     ; 5.067      ;
; -9.683  ; 74191:inst|f74191:sub|18~1          ; 74191:inst1|f74191:sub|16~_emulated ; in[0]        ; clk         ; 0.500        ; -5.122     ; 5.067      ;
; -9.683  ; 74191:inst|f74191:sub|18~1          ; 74191:inst1|f74191:sub|19~_emulated ; in[0]        ; clk         ; 0.500        ; -5.122     ; 5.067      ;
; -9.683  ; 74191:inst|f74191:sub|18~1          ; 74191:inst|f74191:sub|16~_emulated  ; in[0]        ; clk         ; 0.500        ; -5.122     ; 5.067      ;
; -9.683  ; 74191:inst|f74191:sub|18~1          ; 74191:inst1|f74191:sub|18~_emulated ; in[0]        ; clk         ; 0.500        ; -5.122     ; 5.067      ;
; -9.519  ; 74191:inst|f74191:sub|19~1          ; 74191:inst|f74191:sub|17~_emulated  ; in[0]        ; clk         ; 0.500        ; -5.129     ; 4.896      ;
; -9.519  ; 74191:inst|f74191:sub|19~1          ; 74191:inst|f74191:sub|18~_emulated  ; in[0]        ; clk         ; 0.500        ; -5.129     ; 4.896      ;
; -9.519  ; 74191:inst|f74191:sub|19~1          ; 74191:inst|f74191:sub|19~_emulated  ; in[0]        ; clk         ; 0.500        ; -5.129     ; 4.896      ;
; -9.514  ; 74191:inst|f74191:sub|19~1          ; 74191:inst1|f74191:sub|17~_emulated ; in[0]        ; clk         ; 0.500        ; -5.124     ; 4.896      ;
; -9.514  ; 74191:inst|f74191:sub|19~1          ; 74191:inst1|f74191:sub|16~_emulated ; in[0]        ; clk         ; 0.500        ; -5.124     ; 4.896      ;
; -9.514  ; 74191:inst|f74191:sub|19~1          ; 74191:inst1|f74191:sub|19~_emulated ; in[0]        ; clk         ; 0.500        ; -5.124     ; 4.896      ;
; -9.514  ; 74191:inst|f74191:sub|19~1          ; 74191:inst|f74191:sub|16~_emulated  ; in[0]        ; clk         ; 0.500        ; -5.124     ; 4.896      ;
; -9.514  ; 74191:inst|f74191:sub|19~1          ; 74191:inst1|f74191:sub|18~_emulated ; in[0]        ; clk         ; 0.500        ; -5.124     ; 4.896      ;
; -6.494  ; 74191:inst1|f74191:sub|19~_emulated ; 74191:inst|f74191:sub|17~_emulated  ; clk          ; clk         ; 1.000        ; -0.083     ; 7.447      ;
; -6.494  ; 74191:inst1|f74191:sub|19~_emulated ; 74191:inst|f74191:sub|18~_emulated  ; clk          ; clk         ; 1.000        ; -0.083     ; 7.447      ;
; -6.494  ; 74191:inst1|f74191:sub|19~_emulated ; 74191:inst|f74191:sub|19~_emulated  ; clk          ; clk         ; 1.000        ; -0.083     ; 7.447      ;
; -6.467  ; 74191:inst1|f74191:sub|19~_emulated ; 74191:inst1|f74191:sub|19~_emulated ; clk          ; clk         ; 1.000        ; -0.056     ; 7.447      ;
; -6.467  ; 74191:inst1|f74191:sub|19~_emulated ; 74191:inst|f74191:sub|16~_emulated  ; clk          ; clk         ; 1.000        ; -0.056     ; 7.447      ;
; -6.467  ; 74191:inst1|f74191:sub|19~_emulated ; 74191:inst1|f74191:sub|18~_emulated ; clk          ; clk         ; 1.000        ; -0.056     ; 7.447      ;
; -6.467  ; 74191:inst1|f74191:sub|19~_emulated ; 74191:inst1|f74191:sub|16~_emulated ; clk          ; clk         ; 1.000        ; -0.056     ; 7.447      ;
; -6.467  ; 74191:inst1|f74191:sub|19~_emulated ; 74191:inst1|f74191:sub|17~_emulated ; clk          ; clk         ; 1.000        ; -0.056     ; 7.447      ;
; -6.405  ; 74191:inst1|f74191:sub|17~_emulated ; 74191:inst|f74191:sub|17~_emulated  ; clk          ; clk         ; 1.000        ; -0.083     ; 7.358      ;
; -6.405  ; 74191:inst1|f74191:sub|17~_emulated ; 74191:inst|f74191:sub|18~_emulated  ; clk          ; clk         ; 1.000        ; -0.083     ; 7.358      ;
; -6.405  ; 74191:inst1|f74191:sub|17~_emulated ; 74191:inst|f74191:sub|19~_emulated  ; clk          ; clk         ; 1.000        ; -0.083     ; 7.358      ;
; -6.378  ; 74191:inst1|f74191:sub|17~_emulated ; 74191:inst1|f74191:sub|19~_emulated ; clk          ; clk         ; 1.000        ; -0.056     ; 7.358      ;
; -6.378  ; 74191:inst1|f74191:sub|17~_emulated ; 74191:inst|f74191:sub|16~_emulated  ; clk          ; clk         ; 1.000        ; -0.056     ; 7.358      ;
; -6.378  ; 74191:inst1|f74191:sub|17~_emulated ; 74191:inst1|f74191:sub|18~_emulated ; clk          ; clk         ; 1.000        ; -0.056     ; 7.358      ;
; -6.378  ; 74191:inst1|f74191:sub|17~_emulated ; 74191:inst1|f74191:sub|16~_emulated ; clk          ; clk         ; 1.000        ; -0.056     ; 7.358      ;
; -6.378  ; 74191:inst1|f74191:sub|17~_emulated ; 74191:inst1|f74191:sub|17~_emulated ; clk          ; clk         ; 1.000        ; -0.056     ; 7.358      ;
; -6.354  ; 74191:inst1|f74191:sub|16~_emulated ; 74191:inst|f74191:sub|17~_emulated  ; clk          ; clk         ; 1.000        ; -0.083     ; 7.307      ;
; -6.354  ; 74191:inst1|f74191:sub|16~_emulated ; 74191:inst|f74191:sub|18~_emulated  ; clk          ; clk         ; 1.000        ; -0.083     ; 7.307      ;
; -6.354  ; 74191:inst1|f74191:sub|16~_emulated ; 74191:inst|f74191:sub|19~_emulated  ; clk          ; clk         ; 1.000        ; -0.083     ; 7.307      ;
; -6.327  ; 74191:inst1|f74191:sub|16~_emulated ; 74191:inst1|f74191:sub|19~_emulated ; clk          ; clk         ; 1.000        ; -0.056     ; 7.307      ;
; -6.327  ; 74191:inst1|f74191:sub|16~_emulated ; 74191:inst|f74191:sub|16~_emulated  ; clk          ; clk         ; 1.000        ; -0.056     ; 7.307      ;
; -6.327  ; 74191:inst1|f74191:sub|16~_emulated ; 74191:inst1|f74191:sub|18~_emulated ; clk          ; clk         ; 1.000        ; -0.056     ; 7.307      ;
; -6.327  ; 74191:inst1|f74191:sub|16~_emulated ; 74191:inst1|f74191:sub|16~_emulated ; clk          ; clk         ; 1.000        ; -0.056     ; 7.307      ;
; -6.327  ; 74191:inst1|f74191:sub|16~_emulated ; 74191:inst1|f74191:sub|17~_emulated ; clk          ; clk         ; 1.000        ; -0.056     ; 7.307      ;
; -5.821  ; 74191:inst1|f74191:sub|18~_emulated ; 74191:inst|f74191:sub|17~_emulated  ; clk          ; clk         ; 1.000        ; -0.083     ; 6.774      ;
; -5.821  ; 74191:inst1|f74191:sub|18~_emulated ; 74191:inst|f74191:sub|18~_emulated  ; clk          ; clk         ; 1.000        ; -0.083     ; 6.774      ;
; -5.821  ; 74191:inst1|f74191:sub|18~_emulated ; 74191:inst|f74191:sub|19~_emulated  ; clk          ; clk         ; 1.000        ; -0.083     ; 6.774      ;
; -5.794  ; 74191:inst1|f74191:sub|18~_emulated ; 74191:inst1|f74191:sub|19~_emulated ; clk          ; clk         ; 1.000        ; -0.056     ; 6.774      ;
; -5.794  ; 74191:inst1|f74191:sub|18~_emulated ; 74191:inst|f74191:sub|16~_emulated  ; clk          ; clk         ; 1.000        ; -0.056     ; 6.774      ;
; -5.794  ; 74191:inst1|f74191:sub|18~_emulated ; 74191:inst1|f74191:sub|18~_emulated ; clk          ; clk         ; 1.000        ; -0.056     ; 6.774      ;
; -5.794  ; 74191:inst1|f74191:sub|18~_emulated ; 74191:inst1|f74191:sub|16~_emulated ; clk          ; clk         ; 1.000        ; -0.056     ; 6.774      ;
; -5.794  ; 74191:inst1|f74191:sub|18~_emulated ; 74191:inst1|f74191:sub|17~_emulated ; clk          ; clk         ; 1.000        ; -0.056     ; 6.774      ;
; -5.528  ; 74191:inst|f74191:sub|17~_emulated  ; 74191:inst1|f74191:sub|16~_emulated ; clk          ; clk         ; 1.000        ; -0.073     ; 6.491      ;
; -5.528  ; 74191:inst|f74191:sub|17~_emulated  ; 74191:inst1|f74191:sub|17~_emulated ; clk          ; clk         ; 1.000        ; -0.073     ; 6.491      ;
; -5.528  ; 74191:inst|f74191:sub|17~_emulated  ; 74191:inst1|f74191:sub|19~_emulated ; clk          ; clk         ; 1.000        ; -0.073     ; 6.491      ;
; -5.528  ; 74191:inst|f74191:sub|17~_emulated  ; 74191:inst|f74191:sub|16~_emulated  ; clk          ; clk         ; 1.000        ; -0.073     ; 6.491      ;
+---------+-------------------------------------+-------------------------------------+--------------+-------------+--------------+------------+------------+


+----------------------------------------------------------------------------------------------------------------------------------------------------------+
; Slow 1000mV -40C Model Removal: 'clk'                                                                                                                    ;
+--------+-------------------------------------+-------------------------------------+--------------+-------------+--------------+------------+------------+
; Slack  ; From Node                           ; To Node                             ; Launch Clock ; Latch Clock ; Relationship ; Clock Skew ; Data Delay ;
+--------+-------------------------------------+-------------------------------------+--------------+-------------+--------------+------------+------------+
; 4.442  ; 74191:inst|f74191:sub|19~_emulated  ; 74191:inst1|f74191:sub|16~_emulated ; clk          ; clk         ; 0.000        ; 0.083      ; 4.786      ;
; 4.442  ; 74191:inst|f74191:sub|19~_emulated  ; 74191:inst1|f74191:sub|17~_emulated ; clk          ; clk         ; 0.000        ; 0.083      ; 4.786      ;
; 4.442  ; 74191:inst|f74191:sub|19~_emulated  ; 74191:inst1|f74191:sub|19~_emulated ; clk          ; clk         ; 0.000        ; 0.083      ; 4.786      ;
; 4.442  ; 74191:inst|f74191:sub|19~_emulated  ; 74191:inst|f74191:sub|16~_emulated  ; clk          ; clk         ; 0.000        ; 0.083      ; 4.786      ;
; 4.442  ; 74191:inst|f74191:sub|19~_emulated  ; 74191:inst1|f74191:sub|18~_emulated ; clk          ; clk         ; 0.000        ; 0.083      ; 4.786      ;
; 4.469  ; 74191:inst|f74191:sub|19~_emulated  ; 74191:inst|f74191:sub|19~_emulated  ; clk          ; clk         ; 0.000        ; 0.056      ; 4.786      ;
; 4.469  ; 74191:inst|f74191:sub|19~_emulated  ; 74191:inst|f74191:sub|17~_emulated  ; clk          ; clk         ; 0.000        ; 0.056      ; 4.786      ;
; 4.469  ; 74191:inst|f74191:sub|19~_emulated  ; 74191:inst|f74191:sub|18~_emulated  ; clk          ; clk         ; 0.000        ; 0.056      ; 4.786      ;
; 4.630  ; 74191:inst|f74191:sub|18~_emulated  ; 74191:inst1|f74191:sub|16~_emulated ; clk          ; clk         ; 0.000        ; 0.083      ; 4.974      ;
; 4.630  ; 74191:inst|f74191:sub|18~_emulated  ; 74191:inst1|f74191:sub|17~_emulated ; clk          ; clk         ; 0.000        ; 0.083      ; 4.974      ;
; 4.630  ; 74191:inst|f74191:sub|18~_emulated  ; 74191:inst1|f74191:sub|19~_emulated ; clk          ; clk         ; 0.000        ; 0.083      ; 4.974      ;
; 4.630  ; 74191:inst|f74191:sub|18~_emulated  ; 74191:inst|f74191:sub|16~_emulated  ; clk          ; clk         ; 0.000        ; 0.083      ; 4.974      ;
; 4.630  ; 74191:inst|f74191:sub|18~_emulated  ; 74191:inst1|f74191:sub|18~_emulated ; clk          ; clk         ; 0.000        ; 0.083      ; 4.974      ;
; 4.657  ; 74191:inst|f74191:sub|18~_emulated  ; 74191:inst|f74191:sub|19~_emulated  ; clk          ; clk         ; 0.000        ; 0.056      ; 4.974      ;
; 4.657  ; 74191:inst|f74191:sub|18~_emulated  ; 74191:inst|f74191:sub|17~_emulated  ; clk          ; clk         ; 0.000        ; 0.056      ; 4.974      ;
; 4.657  ; 74191:inst|f74191:sub|18~_emulated  ; 74191:inst|f74191:sub|18~_emulated  ; clk          ; clk         ; 0.000        ; 0.056      ; 4.974      ;
; 4.817  ; in[0]                               ; 74191:inst1|f74191:sub|17~_emulated ; in[0]        ; clk         ; 0.000        ; 2.607      ; 7.715      ;
; 4.817  ; in[0]                               ; 74191:inst1|f74191:sub|16~_emulated ; in[0]        ; clk         ; 0.000        ; 2.607      ; 7.715      ;
; 4.817  ; in[0]                               ; 74191:inst1|f74191:sub|19~_emulated ; in[0]        ; clk         ; 0.000        ; 2.607      ; 7.715      ;
; 4.817  ; in[0]                               ; 74191:inst|f74191:sub|16~_emulated  ; in[0]        ; clk         ; 0.000        ; 2.607      ; 7.715      ;
; 4.817  ; in[0]                               ; 74191:inst1|f74191:sub|18~_emulated ; in[0]        ; clk         ; 0.000        ; 2.607      ; 7.715      ;
; 4.822  ; in[0]                               ; 74191:inst|f74191:sub|17~_emulated  ; in[0]        ; clk         ; 0.000        ; 2.602      ; 7.715      ;
; 4.822  ; in[0]                               ; 74191:inst|f74191:sub|18~_emulated  ; in[0]        ; clk         ; 0.000        ; 2.602      ; 7.715      ;
; 4.822  ; in[0]                               ; 74191:inst|f74191:sub|19~_emulated  ; in[0]        ; clk         ; 0.000        ; 2.602      ; 7.715      ;
; 5.330  ; in[0]                               ; 74191:inst1|f74191:sub|17~_emulated ; in[0]        ; clk         ; -0.500       ; 2.607      ; 7.728      ;
; 5.330  ; in[0]                               ; 74191:inst1|f74191:sub|16~_emulated ; in[0]        ; clk         ; -0.500       ; 2.607      ; 7.728      ;
; 5.330  ; in[0]                               ; 74191:inst1|f74191:sub|19~_emulated ; in[0]        ; clk         ; -0.500       ; 2.607      ; 7.728      ;
; 5.330  ; in[0]                               ; 74191:inst|f74191:sub|16~_emulated  ; in[0]        ; clk         ; -0.500       ; 2.607      ; 7.728      ;
; 5.330  ; in[0]                               ; 74191:inst1|f74191:sub|18~_emulated ; in[0]        ; clk         ; -0.500       ; 2.607      ; 7.728      ;
; 5.335  ; in[0]                               ; 74191:inst|f74191:sub|17~_emulated  ; in[0]        ; clk         ; -0.500       ; 2.602      ; 7.728      ;
; 5.335  ; in[0]                               ; 74191:inst|f74191:sub|18~_emulated  ; in[0]        ; clk         ; -0.500       ; 2.602      ; 7.728      ;
; 5.335  ; in[0]                               ; 74191:inst|f74191:sub|19~_emulated  ; in[0]        ; clk         ; -0.500       ; 2.602      ; 7.728      ;
; 5.648  ; 74191:inst|f74191:sub|16~_emulated  ; 74191:inst|f74191:sub|17~_emulated  ; clk          ; clk         ; 0.000        ; 0.073      ; 5.982      ;
; 5.648  ; 74191:inst|f74191:sub|16~_emulated  ; 74191:inst|f74191:sub|18~_emulated  ; clk          ; clk         ; 0.000        ; 0.073      ; 5.982      ;
; 5.648  ; 74191:inst|f74191:sub|16~_emulated  ; 74191:inst|f74191:sub|19~_emulated  ; clk          ; clk         ; 0.000        ; 0.073      ; 5.982      ;
; 5.665  ; 74191:inst|f74191:sub|16~_emulated  ; 74191:inst1|f74191:sub|19~_emulated ; clk          ; clk         ; 0.000        ; 0.056      ; 5.982      ;
; 5.665  ; 74191:inst|f74191:sub|16~_emulated  ; 74191:inst|f74191:sub|16~_emulated  ; clk          ; clk         ; 0.000        ; 0.056      ; 5.982      ;
; 5.665  ; 74191:inst|f74191:sub|16~_emulated  ; 74191:inst1|f74191:sub|18~_emulated ; clk          ; clk         ; 0.000        ; 0.056      ; 5.982      ;
; 5.665  ; 74191:inst|f74191:sub|16~_emulated  ; 74191:inst1|f74191:sub|16~_emulated ; clk          ; clk         ; 0.000        ; 0.056      ; 5.982      ;
; 5.665  ; 74191:inst|f74191:sub|16~_emulated  ; 74191:inst1|f74191:sub|17~_emulated ; clk          ; clk         ; 0.000        ; 0.056      ; 5.982      ;
; 5.740  ; 74191:inst|f74191:sub|17~_emulated  ; 74191:inst1|f74191:sub|16~_emulated ; clk          ; clk         ; 0.000        ; 0.083      ; 6.084      ;
; 5.740  ; 74191:inst|f74191:sub|17~_emulated  ; 74191:inst1|f74191:sub|17~_emulated ; clk          ; clk         ; 0.000        ; 0.083      ; 6.084      ;
; 5.740  ; 74191:inst|f74191:sub|17~_emulated  ; 74191:inst1|f74191:sub|19~_emulated ; clk          ; clk         ; 0.000        ; 0.083      ; 6.084      ;
; 5.740  ; 74191:inst|f74191:sub|17~_emulated  ; 74191:inst|f74191:sub|16~_emulated  ; clk          ; clk         ; 0.000        ; 0.083      ; 6.084      ;
; 5.740  ; 74191:inst|f74191:sub|17~_emulated  ; 74191:inst1|f74191:sub|18~_emulated ; clk          ; clk         ; 0.000        ; 0.083      ; 6.084      ;
; 5.767  ; 74191:inst|f74191:sub|17~_emulated  ; 74191:inst|f74191:sub|19~_emulated  ; clk          ; clk         ; 0.000        ; 0.056      ; 6.084      ;
; 5.767  ; 74191:inst|f74191:sub|17~_emulated  ; 74191:inst|f74191:sub|17~_emulated  ; clk          ; clk         ; 0.000        ; 0.056      ; 6.084      ;
; 5.767  ; 74191:inst|f74191:sub|17~_emulated  ; 74191:inst|f74191:sub|18~_emulated  ; clk          ; clk         ; 0.000        ; 0.056      ; 6.084      ;
; 5.963  ; 74191:inst1|f74191:sub|18~_emulated ; 74191:inst|f74191:sub|17~_emulated  ; clk          ; clk         ; 0.000        ; 0.073      ; 6.297      ;
; 5.963  ; 74191:inst1|f74191:sub|18~_emulated ; 74191:inst|f74191:sub|18~_emulated  ; clk          ; clk         ; 0.000        ; 0.073      ; 6.297      ;
; 5.963  ; 74191:inst1|f74191:sub|18~_emulated ; 74191:inst|f74191:sub|19~_emulated  ; clk          ; clk         ; 0.000        ; 0.073      ; 6.297      ;
; 5.980  ; 74191:inst1|f74191:sub|18~_emulated ; 74191:inst1|f74191:sub|19~_emulated ; clk          ; clk         ; 0.000        ; 0.056      ; 6.297      ;
; 5.980  ; 74191:inst1|f74191:sub|18~_emulated ; 74191:inst|f74191:sub|16~_emulated  ; clk          ; clk         ; 0.000        ; 0.056      ; 6.297      ;
; 5.980  ; 74191:inst1|f74191:sub|18~_emulated ; 74191:inst1|f74191:sub|18~_emulated ; clk          ; clk         ; 0.000        ; 0.056      ; 6.297      ;
; 5.980  ; 74191:inst1|f74191:sub|18~_emulated ; 74191:inst1|f74191:sub|16~_emulated ; clk          ; clk         ; 0.000        ; 0.056      ; 6.297      ;
; 5.980  ; 74191:inst1|f74191:sub|18~_emulated ; 74191:inst1|f74191:sub|17~_emulated ; clk          ; clk         ; 0.000        ; 0.056      ; 6.297      ;
; 6.338  ; 74191:inst1|f74191:sub|16~_emulated ; 74191:inst|f74191:sub|17~_emulated  ; clk          ; clk         ; 0.000        ; 0.073      ; 6.672      ;
; 6.338  ; 74191:inst1|f74191:sub|16~_emulated ; 74191:inst|f74191:sub|18~_emulated  ; clk          ; clk         ; 0.000        ; 0.073      ; 6.672      ;
; 6.338  ; 74191:inst1|f74191:sub|16~_emulated ; 74191:inst|f74191:sub|19~_emulated  ; clk          ; clk         ; 0.000        ; 0.073      ; 6.672      ;
; 6.355  ; 74191:inst1|f74191:sub|16~_emulated ; 74191:inst1|f74191:sub|19~_emulated ; clk          ; clk         ; 0.000        ; 0.056      ; 6.672      ;
; 6.355  ; 74191:inst1|f74191:sub|16~_emulated ; 74191:inst|f74191:sub|16~_emulated  ; clk          ; clk         ; 0.000        ; 0.056      ; 6.672      ;
; 6.355  ; 74191:inst1|f74191:sub|16~_emulated ; 74191:inst1|f74191:sub|18~_emulated ; clk          ; clk         ; 0.000        ; 0.056      ; 6.672      ;
; 6.355  ; 74191:inst1|f74191:sub|16~_emulated ; 74191:inst1|f74191:sub|16~_emulated ; clk          ; clk         ; 0.000        ; 0.056      ; 6.672      ;
; 6.355  ; 74191:inst1|f74191:sub|16~_emulated ; 74191:inst1|f74191:sub|17~_emulated ; clk          ; clk         ; 0.000        ; 0.056      ; 6.672      ;
; 6.364  ; 74191:inst1|f74191:sub|17~_emulated ; 74191:inst|f74191:sub|17~_emulated  ; clk          ; clk         ; 0.000        ; 0.073      ; 6.698      ;
; 6.364  ; 74191:inst1|f74191:sub|17~_emulated ; 74191:inst|f74191:sub|18~_emulated  ; clk          ; clk         ; 0.000        ; 0.073      ; 6.698      ;
; 6.364  ; 74191:inst1|f74191:sub|17~_emulated ; 74191:inst|f74191:sub|19~_emulated  ; clk          ; clk         ; 0.000        ; 0.073      ; 6.698      ;
; 6.381  ; 74191:inst1|f74191:sub|17~_emulated ; 74191:inst1|f74191:sub|19~_emulated ; clk          ; clk         ; 0.000        ; 0.056      ; 6.698      ;
; 6.381  ; 74191:inst1|f74191:sub|17~_emulated ; 74191:inst|f74191:sub|16~_emulated  ; clk          ; clk         ; 0.000        ; 0.056      ; 6.698      ;
; 6.381  ; 74191:inst1|f74191:sub|17~_emulated ; 74191:inst1|f74191:sub|18~_emulated ; clk          ; clk         ; 0.000        ; 0.056      ; 6.698      ;
; 6.381  ; 74191:inst1|f74191:sub|17~_emulated ; 74191:inst1|f74191:sub|16~_emulated ; clk          ; clk         ; 0.000        ; 0.056      ; 6.698      ;
; 6.381  ; 74191:inst1|f74191:sub|17~_emulated ; 74191:inst1|f74191:sub|17~_emulated ; clk          ; clk         ; 0.000        ; 0.056      ; 6.698      ;
; 6.529  ; 74191:inst1|f74191:sub|19~_emulated ; 74191:inst|f74191:sub|17~_emulated  ; clk          ; clk         ; 0.000        ; 0.073      ; 6.863      ;
; 6.529  ; 74191:inst1|f74191:sub|19~_emulated ; 74191:inst|f74191:sub|18~_emulated  ; clk          ; clk         ; 0.000        ; 0.073      ; 6.863      ;
; 6.529  ; 74191:inst1|f74191:sub|19~_emulated ; 74191:inst|f74191:sub|19~_emulated  ; clk          ; clk         ; 0.000        ; 0.073      ; 6.863      ;
; 6.546  ; 74191:inst1|f74191:sub|19~_emulated ; 74191:inst1|f74191:sub|19~_emulated ; clk          ; clk         ; 0.000        ; 0.056      ; 6.863      ;
; 6.546  ; 74191:inst1|f74191:sub|19~_emulated ; 74191:inst|f74191:sub|16~_emulated  ; clk          ; clk         ; 0.000        ; 0.056      ; 6.863      ;
; 6.546  ; 74191:inst1|f74191:sub|19~_emulated ; 74191:inst1|f74191:sub|18~_emulated ; clk          ; clk         ; 0.000        ; 0.056      ; 6.863      ;
; 6.546  ; 74191:inst1|f74191:sub|19~_emulated ; 74191:inst1|f74191:sub|16~_emulated ; clk          ; clk         ; 0.000        ; 0.056      ; 6.863      ;
; 6.546  ; 74191:inst1|f74191:sub|19~_emulated ; 74191:inst1|f74191:sub|17~_emulated ; clk          ; clk         ; 0.000        ; 0.056      ; 6.863      ;
; 9.496  ; 74191:inst|f74191:sub|19~1          ; 74191:inst1|f74191:sub|17~_emulated ; in[0]        ; clk         ; -0.500       ; -4.708     ; 4.579      ;
; 9.496  ; 74191:inst|f74191:sub|19~1          ; 74191:inst1|f74191:sub|16~_emulated ; in[0]        ; clk         ; -0.500       ; -4.708     ; 4.579      ;
; 9.496  ; 74191:inst|f74191:sub|19~1          ; 74191:inst1|f74191:sub|19~_emulated ; in[0]        ; clk         ; -0.500       ; -4.708     ; 4.579      ;
; 9.496  ; 74191:inst|f74191:sub|19~1          ; 74191:inst|f74191:sub|16~_emulated  ; in[0]        ; clk         ; -0.500       ; -4.708     ; 4.579      ;
; 9.496  ; 74191:inst|f74191:sub|19~1          ; 74191:inst1|f74191:sub|18~_emulated ; in[0]        ; clk         ; -0.500       ; -4.708     ; 4.579      ;
; 9.501  ; 74191:inst|f74191:sub|19~1          ; 74191:inst|f74191:sub|17~_emulated  ; in[0]        ; clk         ; -0.500       ; -4.713     ; 4.579      ;
; 9.501  ; 74191:inst|f74191:sub|19~1          ; 74191:inst|f74191:sub|18~_emulated  ; in[0]        ; clk         ; -0.500       ; -4.713     ; 4.579      ;
; 9.501  ; 74191:inst|f74191:sub|19~1          ; 74191:inst|f74191:sub|19~_emulated  ; in[0]        ; clk         ; -0.500       ; -4.713     ; 4.579      ;
; 9.680  ; 74191:inst|f74191:sub|18~1          ; 74191:inst1|f74191:sub|17~_emulated ; in[0]        ; clk         ; -0.500       ; -4.706     ; 4.765      ;
; 9.680  ; 74191:inst|f74191:sub|18~1          ; 74191:inst1|f74191:sub|16~_emulated ; in[0]        ; clk         ; -0.500       ; -4.706     ; 4.765      ;
; 9.680  ; 74191:inst|f74191:sub|18~1          ; 74191:inst1|f74191:sub|19~_emulated ; in[0]        ; clk         ; -0.500       ; -4.706     ; 4.765      ;
; 9.680  ; 74191:inst|f74191:sub|18~1          ; 74191:inst|f74191:sub|16~_emulated  ; in[0]        ; clk         ; -0.500       ; -4.706     ; 4.765      ;
; 9.680  ; 74191:inst|f74191:sub|18~1          ; 74191:inst1|f74191:sub|18~_emulated ; in[0]        ; clk         ; -0.500       ; -4.706     ; 4.765      ;
; 9.685  ; 74191:inst|f74191:sub|18~1          ; 74191:inst|f74191:sub|17~_emulated  ; in[0]        ; clk         ; -0.500       ; -4.711     ; 4.765      ;
; 9.685  ; 74191:inst|f74191:sub|18~1          ; 74191:inst|f74191:sub|18~_emulated  ; in[0]        ; clk         ; -0.500       ; -4.711     ; 4.765      ;
; 9.685  ; 74191:inst|f74191:sub|18~1          ; 74191:inst|f74191:sub|19~_emulated  ; in[0]        ; clk         ; -0.500       ; -4.711     ; 4.765      ;
; 10.510 ; 74191:inst|f74191:sub|17~1          ; 74191:inst1|f74191:sub|17~_emulated ; in[0]        ; clk         ; -0.500       ; -4.707     ; 5.594      ;
; 10.510 ; 74191:inst|f74191:sub|17~1          ; 74191:inst1|f74191:sub|16~_emulated ; in[0]        ; clk         ; -0.500       ; -4.707     ; 5.594      ;
; 10.510 ; 74191:inst|f74191:sub|17~1          ; 74191:inst1|f74191:sub|19~_emulated ; in[0]        ; clk         ; -0.500       ; -4.707     ; 5.594      ;
; 10.510 ; 74191:inst|f74191:sub|17~1          ; 74191:inst|f74191:sub|16~_emulated  ; in[0]        ; clk         ; -0.500       ; -4.707     ; 5.594      ;
+--------+-------------------------------------+-------------------------------------+--------------+-------------+--------------+------------+------------+


------------------------------------------------
; Slow 1000mV -40C Model Metastability Summary ;
------------------------------------------------
No synchronizer chains to report.


+--------------------------------------+
; Fast 1000mV -40C Model Setup Summary ;
+-------+--------+---------------------+
; Clock ; Slack  ; End Point TNS       ;
+-------+--------+---------------------+
; clk   ; -7.537 ; -59.050             ;
; in[0] ; 0.886  ; 0.000               ;
+-------+--------+---------------------+


+-------------------------------------+
; Fast 1000mV -40C Model Hold Summary ;
+-------+--------+--------------------+
; Clock ; Slack  ; End Point TNS      ;
+-------+--------+--------------------+
; in[0] ; -0.961 ; -0.961             ;
; clk   ; 0.660  ; 0.000              ;
+-------+--------+--------------------+


+-----------------------------------------+
; Fast 1000mV -40C Model Recovery Summary ;
+-------+--------+------------------------+
; Clock ; Slack  ; End Point TNS          ;
+-------+--------+------------------------+
; clk   ; -7.323 ; -58.569                ;
+-------+--------+------------------------+


+----------------------------------------+
; Fast 1000mV -40C Model Removal Summary ;
+-------+-------+------------------------+
; Clock ; Slack ; End Point TNS          ;
+-------+-------+------------------------+
; clk   ; 2.702 ; 0.000                  ;
+-------+-------+------------------------+


+----------------------------------------------------+
; Fast 1000mV -40C Model Minimum Pulse Width Summary ;
+-------+--------+-----------------------------------+
; Clock ; Slack  ; End Point TNS                     ;
+-------+--------+-----------------------------------+
; clk   ; -3.000 ; -17.104                           ;
; in[0] ; -3.000 ; -3.000                            ;
+-------+--------+-----------------------------------+


+----------------------------------------------------------------------------------------------------------------------------------------------------------+
; Fast 1000mV -40C Model Setup: 'clk'                                                                                                                      ;
+--------+-------------------------------------+-------------------------------------+--------------+-------------+--------------+------------+------------+
; Slack  ; From Node                           ; To Node                             ; Launch Clock ; Latch Clock ; Relationship ; Clock Skew ; Data Delay ;
+--------+-------------------------------------+-------------------------------------+--------------+-------------+--------------+------------+------------+
; -7.537 ; 74191:inst|f74191:sub|16~1          ; 74191:inst|f74191:sub|17~_emulated  ; in[0]        ; clk         ; 0.500        ; -3.549     ; 4.473      ;
; -7.470 ; 74191:inst|f74191:sub|17~1          ; 74191:inst|f74191:sub|17~_emulated  ; in[0]        ; clk         ; 0.500        ; -3.546     ; 4.409      ;
; -7.458 ; 74191:inst|f74191:sub|16~1          ; 74191:inst|f74191:sub|18~_emulated  ; in[0]        ; clk         ; 0.500        ; -3.549     ; 4.394      ;
; -7.413 ; 74191:inst1|f74191:sub|16~1         ; 74191:inst|f74191:sub|16~_emulated  ; in[0]        ; clk         ; 0.500        ; -3.545     ; 4.353      ;
; -7.391 ; 74191:inst|f74191:sub|17~1          ; 74191:inst|f74191:sub|18~_emulated  ; in[0]        ; clk         ; 0.500        ; -3.546     ; 4.330      ;
; -7.387 ; 74191:inst1|f74191:sub|19~1         ; 74191:inst|f74191:sub|16~_emulated  ; in[0]        ; clk         ; 0.500        ; -3.544     ; 4.328      ;
; -7.379 ; 74191:inst1|f74191:sub|16~1         ; 74191:inst|f74191:sub|17~_emulated  ; in[0]        ; clk         ; 0.500        ; -3.549     ; 4.315      ;
; -7.378 ; 74191:inst|f74191:sub|18~1          ; 74191:inst|f74191:sub|19~_emulated  ; in[0]        ; clk         ; 0.500        ; -3.546     ; 4.317      ;
; -7.377 ; 74191:inst1|f74191:sub|16~1         ; 74191:inst|f74191:sub|18~_emulated  ; in[0]        ; clk         ; 0.500        ; -3.549     ; 4.313      ;
; -7.359 ; 74191:inst1|f74191:sub|19~1         ; 74191:inst1|f74191:sub|19~_emulated ; in[0]        ; clk         ; 0.500        ; -3.544     ; 4.300      ;
; -7.359 ; 74191:inst1|f74191:sub|16~1         ; 74191:inst|f74191:sub|19~_emulated  ; in[0]        ; clk         ; 0.500        ; -3.549     ; 4.295      ;
; -7.355 ; 74191:inst1|f74191:sub|16~1         ; 74191:inst1|f74191:sub|18~_emulated ; in[0]        ; clk         ; 0.500        ; -3.545     ; 4.295      ;
; -7.353 ; 74191:inst1|f74191:sub|16~1         ; 74191:inst1|f74191:sub|19~_emulated ; in[0]        ; clk         ; 0.500        ; -3.545     ; 4.293      ;
; -7.348 ; 74191:inst1|f74191:sub|16~1         ; 74191:inst1|f74191:sub|17~_emulated ; in[0]        ; clk         ; 0.500        ; -3.545     ; 4.288      ;
; -7.327 ; 74191:inst1|f74191:sub|17~1         ; 74191:inst|f74191:sub|16~_emulated  ; in[0]        ; clk         ; 0.500        ; -3.541     ; 4.271      ;
; -7.299 ; 74191:inst1|f74191:sub|17~1         ; 74191:inst1|f74191:sub|19~_emulated ; in[0]        ; clk         ; 0.500        ; -3.541     ; 4.243      ;
; -7.288 ; 74191:inst|f74191:sub|19~1          ; 74191:inst|f74191:sub|19~_emulated  ; in[0]        ; clk         ; 0.500        ; -3.549     ; 4.224      ;
; -7.248 ; 74191:inst1|f74191:sub|19~1         ; 74191:inst|f74191:sub|17~_emulated  ; in[0]        ; clk         ; 0.500        ; -3.548     ; 4.185      ;
; -7.246 ; 74191:inst1|f74191:sub|19~1         ; 74191:inst|f74191:sub|18~_emulated  ; in[0]        ; clk         ; 0.500        ; -3.548     ; 4.183      ;
; -7.232 ; 74191:inst1|f74191:sub|19~1         ; 74191:inst1|f74191:sub|18~_emulated ; in[0]        ; clk         ; 0.500        ; -3.544     ; 4.173      ;
; -7.228 ; 74191:inst1|f74191:sub|19~1         ; 74191:inst|f74191:sub|19~_emulated  ; in[0]        ; clk         ; 0.500        ; -3.548     ; 4.165      ;
; -7.226 ; 74191:inst1|f74191:sub|18~1         ; 74191:inst|f74191:sub|16~_emulated  ; in[0]        ; clk         ; 0.500        ; -3.546     ; 4.165      ;
; -7.217 ; 74191:inst1|f74191:sub|19~1         ; 74191:inst1|f74191:sub|17~_emulated ; in[0]        ; clk         ; 0.500        ; -3.544     ; 4.158      ;
; -7.202 ; 74191:inst1|f74191:sub|19~1         ; 74191:inst1|f74191:sub|16~_emulated ; in[0]        ; clk         ; 0.500        ; -3.544     ; 4.143      ;
; -7.198 ; 74191:inst1|f74191:sub|18~1         ; 74191:inst1|f74191:sub|19~_emulated ; in[0]        ; clk         ; 0.500        ; -3.546     ; 4.137      ;
; -7.188 ; 74191:inst1|f74191:sub|17~1         ; 74191:inst|f74191:sub|17~_emulated  ; in[0]        ; clk         ; 0.500        ; -3.545     ; 4.128      ;
; -7.186 ; 74191:inst1|f74191:sub|17~1         ; 74191:inst|f74191:sub|18~_emulated  ; in[0]        ; clk         ; 0.500        ; -3.545     ; 4.126      ;
; -7.172 ; 74191:inst1|f74191:sub|17~1         ; 74191:inst1|f74191:sub|18~_emulated ; in[0]        ; clk         ; 0.500        ; -3.541     ; 4.116      ;
; -7.168 ; 74191:inst1|f74191:sub|17~1         ; 74191:inst|f74191:sub|19~_emulated  ; in[0]        ; clk         ; 0.500        ; -3.545     ; 4.108      ;
; -7.142 ; 74191:inst1|f74191:sub|17~1         ; 74191:inst1|f74191:sub|16~_emulated ; in[0]        ; clk         ; 0.500        ; -3.541     ; 4.086      ;
; -7.142 ; 74191:inst1|f74191:sub|17~1         ; 74191:inst1|f74191:sub|17~_emulated ; in[0]        ; clk         ; 0.500        ; -3.541     ; 4.086      ;
; -7.087 ; 74191:inst1|f74191:sub|18~1         ; 74191:inst|f74191:sub|17~_emulated  ; in[0]        ; clk         ; 0.500        ; -3.550     ; 4.022      ;
; -7.085 ; 74191:inst1|f74191:sub|18~1         ; 74191:inst|f74191:sub|18~_emulated  ; in[0]        ; clk         ; 0.500        ; -3.550     ; 4.020      ;
; -7.071 ; 74191:inst1|f74191:sub|18~1         ; 74191:inst1|f74191:sub|18~_emulated ; in[0]        ; clk         ; 0.500        ; -3.546     ; 4.010      ;
; -7.067 ; 74191:inst1|f74191:sub|18~1         ; 74191:inst|f74191:sub|19~_emulated  ; in[0]        ; clk         ; 0.500        ; -3.550     ; 4.002      ;
; -7.056 ; 74191:inst1|f74191:sub|18~1         ; 74191:inst1|f74191:sub|17~_emulated ; in[0]        ; clk         ; 0.500        ; -3.546     ; 3.995      ;
; -7.041 ; 74191:inst1|f74191:sub|18~1         ; 74191:inst1|f74191:sub|16~_emulated ; in[0]        ; clk         ; 0.500        ; -3.546     ; 3.980      ;
; -6.955 ; 74191:inst|f74191:sub|18~1          ; 74191:inst|f74191:sub|17~_emulated  ; in[0]        ; clk         ; 0.500        ; -3.546     ; 3.894      ;
; -6.925 ; 74191:inst|f74191:sub|16~1          ; 74191:inst|f74191:sub|16~_emulated  ; in[0]        ; clk         ; 0.500        ; -3.545     ; 3.865      ;
; -6.897 ; 74191:inst|f74191:sub|16~1          ; 74191:inst1|f74191:sub|19~_emulated ; in[0]        ; clk         ; 0.500        ; -3.545     ; 3.837      ;
; -6.876 ; 74191:inst|f74191:sub|18~1          ; 74191:inst|f74191:sub|18~_emulated  ; in[0]        ; clk         ; 0.500        ; -3.546     ; 3.815      ;
; -6.865 ; 74191:inst|f74191:sub|19~1          ; 74191:inst|f74191:sub|17~_emulated  ; in[0]        ; clk         ; 0.500        ; -3.549     ; 3.801      ;
; -6.858 ; 74191:inst|f74191:sub|17~1          ; 74191:inst|f74191:sub|16~_emulated  ; in[0]        ; clk         ; 0.500        ; -3.542     ; 3.801      ;
; -6.830 ; 74191:inst|f74191:sub|17~1          ; 74191:inst1|f74191:sub|19~_emulated ; in[0]        ; clk         ; 0.500        ; -3.542     ; 3.773      ;
; -6.786 ; 74191:inst|f74191:sub|19~1          ; 74191:inst|f74191:sub|18~_emulated  ; in[0]        ; clk         ; 0.500        ; -3.549     ; 3.722      ;
; -6.770 ; 74191:inst|f74191:sub|16~1          ; 74191:inst1|f74191:sub|18~_emulated ; in[0]        ; clk         ; 0.500        ; -3.545     ; 3.710      ;
; -6.766 ; 74191:inst|f74191:sub|16~1          ; 74191:inst|f74191:sub|19~_emulated  ; in[0]        ; clk         ; 0.500        ; -3.549     ; 3.702      ;
; -6.755 ; 74191:inst|f74191:sub|16~1          ; 74191:inst1|f74191:sub|17~_emulated ; in[0]        ; clk         ; 0.500        ; -3.545     ; 3.695      ;
; -6.740 ; 74191:inst|f74191:sub|16~1          ; 74191:inst1|f74191:sub|16~_emulated ; in[0]        ; clk         ; 0.500        ; -3.545     ; 3.680      ;
; -6.703 ; 74191:inst|f74191:sub|17~1          ; 74191:inst1|f74191:sub|18~_emulated ; in[0]        ; clk         ; 0.500        ; -3.542     ; 3.646      ;
; -6.699 ; 74191:inst|f74191:sub|17~1          ; 74191:inst|f74191:sub|19~_emulated  ; in[0]        ; clk         ; 0.500        ; -3.546     ; 3.638      ;
; -6.688 ; 74191:inst|f74191:sub|17~1          ; 74191:inst1|f74191:sub|17~_emulated ; in[0]        ; clk         ; 0.500        ; -3.542     ; 3.631      ;
; -6.673 ; 74191:inst|f74191:sub|17~1          ; 74191:inst1|f74191:sub|16~_emulated ; in[0]        ; clk         ; 0.500        ; -3.542     ; 3.616      ;
; -6.343 ; 74191:inst|f74191:sub|18~1          ; 74191:inst|f74191:sub|16~_emulated  ; in[0]        ; clk         ; 0.500        ; -3.542     ; 3.286      ;
; -6.315 ; 74191:inst|f74191:sub|18~1          ; 74191:inst1|f74191:sub|19~_emulated ; in[0]        ; clk         ; 0.500        ; -3.542     ; 3.258      ;
; -6.253 ; 74191:inst|f74191:sub|19~1          ; 74191:inst|f74191:sub|16~_emulated  ; in[0]        ; clk         ; 0.500        ; -3.545     ; 3.193      ;
; -6.225 ; 74191:inst|f74191:sub|19~1          ; 74191:inst1|f74191:sub|19~_emulated ; in[0]        ; clk         ; 0.500        ; -3.545     ; 3.165      ;
; -6.188 ; 74191:inst|f74191:sub|18~1          ; 74191:inst1|f74191:sub|18~_emulated ; in[0]        ; clk         ; 0.500        ; -3.542     ; 3.131      ;
; -6.173 ; 74191:inst|f74191:sub|18~1          ; 74191:inst1|f74191:sub|17~_emulated ; in[0]        ; clk         ; 0.500        ; -3.542     ; 3.116      ;
; -6.158 ; 74191:inst|f74191:sub|18~1          ; 74191:inst1|f74191:sub|16~_emulated ; in[0]        ; clk         ; 0.500        ; -3.542     ; 3.101      ;
; -6.098 ; 74191:inst|f74191:sub|19~1          ; 74191:inst1|f74191:sub|18~_emulated ; in[0]        ; clk         ; 0.500        ; -3.545     ; 3.038      ;
; -6.083 ; 74191:inst|f74191:sub|19~1          ; 74191:inst1|f74191:sub|17~_emulated ; in[0]        ; clk         ; 0.500        ; -3.545     ; 3.023      ;
; -6.068 ; 74191:inst|f74191:sub|19~1          ; 74191:inst1|f74191:sub|16~_emulated ; in[0]        ; clk         ; 0.500        ; -3.545     ; 3.008      ;
; -4.915 ; 74191:inst1|f74191:sub|16~1         ; 74191:inst1|f74191:sub|16~_emulated ; in[0]        ; clk         ; 0.500        ; -3.545     ; 1.855      ;
; -3.738 ; 74191:inst|f74191:sub|17~_emulated  ; 74191:inst|f74191:sub|17~_emulated  ; clk          ; clk         ; 1.000        ; -0.031     ; 4.722      ;
; -3.698 ; 74191:inst|f74191:sub|16~_emulated  ; 74191:inst|f74191:sub|17~_emulated  ; clk          ; clk         ; 1.000        ; -0.049     ; 4.664      ;
; -3.659 ; 74191:inst|f74191:sub|17~_emulated  ; 74191:inst|f74191:sub|18~_emulated  ; clk          ; clk         ; 1.000        ; -0.031     ; 4.643      ;
; -3.657 ; 74191:inst1|f74191:sub|19~_emulated ; 74191:inst|f74191:sub|16~_emulated  ; clk          ; clk         ; 1.000        ; -0.033     ; 4.639      ;
; -3.629 ; 74191:inst1|f74191:sub|19~_emulated ; 74191:inst1|f74191:sub|19~_emulated ; clk          ; clk         ; 1.000        ; -0.033     ; 4.611      ;
; -3.619 ; 74191:inst|f74191:sub|16~_emulated  ; 74191:inst|f74191:sub|18~_emulated  ; clk          ; clk         ; 1.000        ; -0.049     ; 4.585      ;
; -3.597 ; 74191:inst1|f74191:sub|17~_emulated ; 74191:inst|f74191:sub|16~_emulated  ; clk          ; clk         ; 1.000        ; -0.033     ; 4.579      ;
; -3.569 ; 74191:inst1|f74191:sub|17~_emulated ; 74191:inst1|f74191:sub|19~_emulated ; clk          ; clk         ; 1.000        ; -0.033     ; 4.551      ;
; -3.530 ; 74191:inst1|f74191:sub|19~_emulated ; 74191:inst|f74191:sub|17~_emulated  ; clk          ; clk         ; 1.000        ; -0.049     ; 4.496      ;
; -3.528 ; 74191:inst1|f74191:sub|19~_emulated ; 74191:inst|f74191:sub|18~_emulated  ; clk          ; clk         ; 1.000        ; -0.049     ; 4.494      ;
; -3.510 ; 74191:inst1|f74191:sub|19~_emulated ; 74191:inst|f74191:sub|19~_emulated  ; clk          ; clk         ; 1.000        ; -0.049     ; 4.476      ;
; -3.502 ; 74191:inst1|f74191:sub|19~_emulated ; 74191:inst1|f74191:sub|18~_emulated ; clk          ; clk         ; 1.000        ; -0.033     ; 4.484      ;
; -3.487 ; 74191:inst1|f74191:sub|19~_emulated ; 74191:inst1|f74191:sub|17~_emulated ; clk          ; clk         ; 1.000        ; -0.033     ; 4.469      ;
; -3.472 ; 74191:inst1|f74191:sub|19~_emulated ; 74191:inst1|f74191:sub|16~_emulated ; clk          ; clk         ; 1.000        ; -0.033     ; 4.454      ;
; -3.470 ; 74191:inst1|f74191:sub|17~_emulated ; 74191:inst|f74191:sub|17~_emulated  ; clk          ; clk         ; 1.000        ; -0.049     ; 4.436      ;
; -3.468 ; 74191:inst1|f74191:sub|17~_emulated ; 74191:inst|f74191:sub|18~_emulated  ; clk          ; clk         ; 1.000        ; -0.049     ; 4.434      ;
; -3.464 ; 74191:inst1|f74191:sub|16~_emulated ; 74191:inst|f74191:sub|16~_emulated  ; clk          ; clk         ; 1.000        ; -0.033     ; 4.446      ;
; -3.450 ; 74191:inst1|f74191:sub|17~_emulated ; 74191:inst|f74191:sub|19~_emulated  ; clk          ; clk         ; 1.000        ; -0.049     ; 4.416      ;
; -3.442 ; 74191:inst1|f74191:sub|16~_emulated ; 74191:inst|f74191:sub|17~_emulated  ; clk          ; clk         ; 1.000        ; -0.049     ; 4.408      ;
; -3.442 ; 74191:inst1|f74191:sub|17~_emulated ; 74191:inst1|f74191:sub|18~_emulated ; clk          ; clk         ; 1.000        ; -0.033     ; 4.424      ;
; -3.440 ; 74191:inst1|f74191:sub|16~_emulated ; 74191:inst|f74191:sub|18~_emulated  ; clk          ; clk         ; 1.000        ; -0.049     ; 4.406      ;
; -3.439 ; 74191:inst|f74191:sub|18~_emulated  ; 74191:inst|f74191:sub|19~_emulated  ; clk          ; clk         ; 1.000        ; -0.031     ; 4.423      ;
; -3.422 ; 74191:inst1|f74191:sub|16~_emulated ; 74191:inst|f74191:sub|19~_emulated  ; clk          ; clk         ; 1.000        ; -0.049     ; 4.388      ;
; -3.412 ; 74191:inst1|f74191:sub|17~_emulated ; 74191:inst1|f74191:sub|16~_emulated ; clk          ; clk         ; 1.000        ; -0.033     ; 4.394      ;
; -3.412 ; 74191:inst1|f74191:sub|17~_emulated ; 74191:inst1|f74191:sub|17~_emulated ; clk          ; clk         ; 1.000        ; -0.033     ; 4.394      ;
; -3.406 ; 74191:inst1|f74191:sub|16~_emulated ; 74191:inst1|f74191:sub|18~_emulated ; clk          ; clk         ; 1.000        ; -0.033     ; 4.388      ;
; -3.404 ; 74191:inst1|f74191:sub|16~_emulated ; 74191:inst1|f74191:sub|19~_emulated ; clk          ; clk         ; 1.000        ; -0.033     ; 4.386      ;
; -3.399 ; 74191:inst1|f74191:sub|16~_emulated ; 74191:inst1|f74191:sub|17~_emulated ; clk          ; clk         ; 1.000        ; -0.033     ; 4.381      ;
; -3.363 ; in[0]                               ; 74191:inst|f74191:sub|16~_emulated  ; in[0]        ; clk         ; 0.500        ; 1.380      ; 5.228      ;
; -3.346 ; 74191:inst|f74191:sub|19~_emulated  ; 74191:inst|f74191:sub|19~_emulated  ; clk          ; clk         ; 1.000        ; -0.031     ; 4.330      ;
; -3.329 ; in[0]                               ; 74191:inst|f74191:sub|17~_emulated  ; in[0]        ; clk         ; 0.500        ; 1.376      ; 5.190      ;
; -3.327 ; in[0]                               ; 74191:inst|f74191:sub|18~_emulated  ; in[0]        ; clk         ; 0.500        ; 1.376      ; 5.188      ;
; -3.309 ; in[0]                               ; 74191:inst|f74191:sub|19~_emulated  ; in[0]        ; clk         ; 0.500        ; 1.376      ; 5.170      ;
; -3.305 ; in[0]                               ; 74191:inst1|f74191:sub|18~_emulated ; in[0]        ; clk         ; 0.500        ; 1.380      ; 5.170      ;
; -3.303 ; in[0]                               ; 74191:inst1|f74191:sub|19~_emulated ; in[0]        ; clk         ; 0.500        ; 1.380      ; 5.168      ;
; -3.298 ; in[0]                               ; 74191:inst1|f74191:sub|17~_emulated ; in[0]        ; clk         ; 0.500        ; 1.380      ; 5.163      ;
+--------+-------------------------------------+-------------------------------------+--------------+-------------+--------------+------------+------------+


+-----------------------------------------------------------------------------------------------------------------------+
; Fast 1000mV -40C Model Setup: 'in[0]'                                                                                 ;
+-------+-----------+-----------------------------+--------------+-------------+--------------+------------+------------+
; Slack ; From Node ; To Node                     ; Launch Clock ; Latch Clock ; Relationship ; Clock Skew ; Data Delay ;
+-------+-----------+-----------------------------+--------------+-------------+--------------+------------+------------+
; 0.886 ; in[0]     ; 74191:inst1|f74191:sub|16~1 ; in[0]        ; in[0]       ; 1.000        ; 4.734      ; 4.248      ;
; 1.002 ; in[0]     ; 74191:inst1|f74191:sub|16~1 ; in[0]        ; in[0]       ; 0.500        ; 4.734      ; 3.632      ;
+-------+-----------+-----------------------------+--------------+-------------+--------------+------------+------------+


+------------------------------------------------------------------------------------------------------------------------+
; Fast 1000mV -40C Model Hold: 'in[0]'                                                                                   ;
+--------+-----------+-----------------------------+--------------+-------------+--------------+------------+------------+
; Slack  ; From Node ; To Node                     ; Launch Clock ; Latch Clock ; Relationship ; Clock Skew ; Data Delay ;
+--------+-----------+-----------------------------+--------------+-------------+--------------+------------+------------+
; -0.961 ; in[0]     ; 74191:inst1|f74191:sub|16~1 ; in[0]        ; in[0]       ; -0.500       ; 4.925      ; 3.484      ;
; -0.849 ; in[0]     ; 74191:inst1|f74191:sub|16~1 ; in[0]        ; in[0]       ; 0.000        ; 4.925      ; 4.076      ;
+--------+-----------+-----------------------------+--------------+-------------+--------------+------------+------------+


+---------------------------------------------------------------------------------------------------------------------------------------------------------+
; Fast 1000mV -40C Model Hold: 'clk'                                                                                                                      ;
+-------+-------------------------------------+-------------------------------------+--------------+-------------+--------------+------------+------------+
; Slack ; From Node                           ; To Node                             ; Launch Clock ; Latch Clock ; Relationship ; Clock Skew ; Data Delay ;
+-------+-------------------------------------+-------------------------------------+--------------+-------------+--------------+------------+------------+
; 0.660 ; in[0]                               ; 74191:inst1|f74191:sub|18~_emulated ; in[0]        ; clk         ; 0.000        ; 1.440      ; 2.258      ;
; 0.690 ; in[0]                               ; 74191:inst1|f74191:sub|17~_emulated ; in[0]        ; clk         ; 0.000        ; 1.440      ; 2.288      ;
; 0.690 ; in[0]                               ; 74191:inst1|f74191:sub|16~_emulated ; in[0]        ; clk         ; 0.000        ; 1.440      ; 2.288      ;
; 0.789 ; in[0]                               ; 74191:inst1|f74191:sub|19~_emulated ; in[0]        ; clk         ; 0.000        ; 1.440      ; 2.387      ;
; 0.811 ; in[0]                               ; 74191:inst|f74191:sub|16~_emulated  ; in[0]        ; clk         ; 0.000        ; 1.440      ; 2.409      ;
; 1.202 ; in[0]                               ; 74191:inst|f74191:sub|18~_emulated  ; in[0]        ; clk         ; 0.000        ; 1.435      ; 2.795      ;
; 1.275 ; in[0]                               ; 74191:inst|f74191:sub|17~_emulated  ; in[0]        ; clk         ; 0.000        ; 1.435      ; 2.868      ;
; 1.335 ; 74191:inst1|f74191:sub|18~_emulated ; 74191:inst1|f74191:sub|18~_emulated ; clk          ; clk         ; 0.000        ; 0.033      ; 1.496      ;
; 1.337 ; 74191:inst|f74191:sub|19~_emulated  ; 74191:inst|f74191:sub|19~_emulated  ; clk          ; clk         ; 0.000        ; 0.031      ; 1.496      ;
; 1.361 ; 74191:inst1|f74191:sub|19~_emulated ; 74191:inst1|f74191:sub|19~_emulated ; clk          ; clk         ; 0.000        ; 0.033      ; 1.522      ;
; 1.377 ; 74191:inst1|f74191:sub|18~_emulated ; 74191:inst1|f74191:sub|19~_emulated ; clk          ; clk         ; 0.000        ; 0.033      ; 1.538      ;
; 1.377 ; 74191:inst|f74191:sub|17~_emulated  ; 74191:inst|f74191:sub|17~_emulated  ; clk          ; clk         ; 0.000        ; 0.031      ; 1.536      ;
; 1.387 ; 74191:inst|f74191:sub|18~_emulated  ; 74191:inst|f74191:sub|18~_emulated  ; clk          ; clk         ; 0.000        ; 0.031      ; 1.546      ;
; 1.409 ; 74191:inst|f74191:sub|16~_emulated  ; 74191:inst|f74191:sub|16~_emulated  ; clk          ; clk         ; 0.000        ; 0.033      ; 1.570      ;
; 1.453 ; 74191:inst1|f74191:sub|18~_emulated ; 74191:inst|f74191:sub|16~_emulated  ; clk          ; clk         ; 0.000        ; 0.033      ; 1.614      ;
; 1.457 ; 74191:inst|f74191:sub|18~_emulated  ; 74191:inst|f74191:sub|19~_emulated  ; clk          ; clk         ; 0.000        ; 0.031      ; 1.616      ;
; 1.476 ; 74191:inst1|f74191:sub|17~_emulated ; 74191:inst1|f74191:sub|18~_emulated ; clk          ; clk         ; 0.000        ; 0.033      ; 1.637      ;
; 1.477 ; 74191:inst1|f74191:sub|17~_emulated ; 74191:inst1|f74191:sub|17~_emulated ; clk          ; clk         ; 0.000        ; 0.033      ; 1.638      ;
; 1.504 ; 74191:inst|f74191:sub|17~_emulated  ; 74191:inst|f74191:sub|18~_emulated  ; clk          ; clk         ; 0.000        ; 0.031      ; 1.663      ;
; 1.506 ; 74191:inst1|f74191:sub|19~_emulated ; 74191:inst|f74191:sub|16~_emulated  ; clk          ; clk         ; 0.000        ; 0.033      ; 1.667      ;
; 1.506 ; in[0]                               ; 74191:inst1|f74191:sub|17~_emulated ; in[0]        ; clk         ; -0.500       ; 1.440      ; 2.604      ;
; 1.507 ; in[0]                               ; 74191:inst1|f74191:sub|16~_emulated ; in[0]        ; clk         ; -0.500       ; 1.440      ; 2.605      ;
; 1.516 ; 74191:inst1|f74191:sub|16~_emulated ; 74191:inst1|f74191:sub|18~_emulated ; clk          ; clk         ; 0.000        ; 0.033      ; 1.677      ;
; 1.516 ; in[0]                               ; 74191:inst1|f74191:sub|18~_emulated ; in[0]        ; clk         ; -0.500       ; 1.440      ; 2.614      ;
; 1.526 ; 74191:inst1|f74191:sub|17~_emulated ; 74191:inst1|f74191:sub|19~_emulated ; clk          ; clk         ; 0.000        ; 0.033      ; 1.687      ;
; 1.528 ; 74191:inst|f74191:sub|16~_emulated  ; 74191:inst|f74191:sub|18~_emulated  ; clk          ; clk         ; 0.000        ; 0.040      ; 1.696      ;
; 1.546 ; 74191:inst1|f74191:sub|16~_emulated ; 74191:inst1|f74191:sub|16~_emulated ; clk          ; clk         ; 0.000        ; 0.033      ; 1.707      ;
; 1.546 ; 74191:inst1|f74191:sub|16~_emulated ; 74191:inst1|f74191:sub|17~_emulated ; clk          ; clk         ; 0.000        ; 0.033      ; 1.707      ;
; 1.549 ; 74191:inst|f74191:sub|16~_emulated  ; 74191:inst|f74191:sub|17~_emulated  ; clk          ; clk         ; 0.000        ; 0.040      ; 1.717      ;
; 1.554 ; 74191:inst1|f74191:sub|17~_emulated ; 74191:inst|f74191:sub|16~_emulated  ; clk          ; clk         ; 0.000        ; 0.033      ; 1.715      ;
; 1.620 ; in[0]                               ; 74191:inst|f74191:sub|19~_emulated  ; in[0]        ; clk         ; 0.000        ; 1.435      ; 3.213      ;
; 1.635 ; in[0]                               ; 74191:inst1|f74191:sub|19~_emulated ; in[0]        ; clk         ; -0.500       ; 1.440      ; 2.733      ;
; 1.645 ; 74191:inst1|f74191:sub|16~_emulated ; 74191:inst1|f74191:sub|19~_emulated ; clk          ; clk         ; 0.000        ; 0.033      ; 1.806      ;
; 1.663 ; in[0]                               ; 74191:inst|f74191:sub|16~_emulated  ; in[0]        ; clk         ; -0.500       ; 1.440      ; 2.761      ;
; 1.667 ; 74191:inst1|f74191:sub|16~_emulated ; 74191:inst|f74191:sub|16~_emulated  ; clk          ; clk         ; 0.000        ; 0.033      ; 1.828      ;
; 1.842 ; 74191:inst1|f74191:sub|18~_emulated ; 74191:inst|f74191:sub|18~_emulated  ; clk          ; clk         ; 0.000        ; 0.040      ; 2.010      ;
; 1.915 ; 74191:inst1|f74191:sub|18~_emulated ; 74191:inst|f74191:sub|17~_emulated  ; clk          ; clk         ; 0.000        ; 0.040      ; 2.083      ;
; 2.046 ; 74191:inst1|f74191:sub|16~_emulated ; 74191:inst|f74191:sub|18~_emulated  ; clk          ; clk         ; 0.000        ; 0.040      ; 2.214      ;
; 2.069 ; 74191:inst1|f74191:sub|17~_emulated ; 74191:inst|f74191:sub|18~_emulated  ; clk          ; clk         ; 0.000        ; 0.040      ; 2.237      ;
; 2.080 ; 74191:inst|f74191:sub|16~_emulated  ; 74191:inst|f74191:sub|19~_emulated  ; clk          ; clk         ; 0.000        ; 0.040      ; 2.248      ;
; 2.094 ; in[0]                               ; 74191:inst|f74191:sub|18~_emulated  ; in[0]        ; clk         ; -0.500       ; 1.435      ; 3.187      ;
; 2.119 ; 74191:inst1|f74191:sub|16~_emulated ; 74191:inst|f74191:sub|17~_emulated  ; clk          ; clk         ; 0.000        ; 0.040      ; 2.287      ;
; 2.142 ; 74191:inst1|f74191:sub|17~_emulated ; 74191:inst|f74191:sub|17~_emulated  ; clk          ; clk         ; 0.000        ; 0.040      ; 2.310      ;
; 2.147 ; 74191:inst1|f74191:sub|19~_emulated ; 74191:inst|f74191:sub|18~_emulated  ; clk          ; clk         ; 0.000        ; 0.040      ; 2.315      ;
; 2.151 ; 74191:inst|f74191:sub|17~_emulated  ; 74191:inst|f74191:sub|19~_emulated  ; clk          ; clk         ; 0.000        ; 0.031      ; 2.310      ;
; 2.168 ; in[0]                               ; 74191:inst|f74191:sub|17~_emulated  ; in[0]        ; clk         ; -0.500       ; 1.435      ; 3.261      ;
; 2.220 ; 74191:inst1|f74191:sub|19~_emulated ; 74191:inst|f74191:sub|17~_emulated  ; clk          ; clk         ; 0.000        ; 0.040      ; 2.388      ;
; 2.260 ; 74191:inst1|f74191:sub|18~_emulated ; 74191:inst|f74191:sub|19~_emulated  ; clk          ; clk         ; 0.000        ; 0.040      ; 2.428      ;
; 2.378 ; 74191:inst|f74191:sub|19~_emulated  ; 74191:inst1|f74191:sub|19~_emulated ; clk          ; clk         ; 0.000        ; 0.049      ; 2.555      ;
; 2.392 ; 74191:inst|f74191:sub|19~_emulated  ; 74191:inst|f74191:sub|17~_emulated  ; clk          ; clk         ; 0.000        ; 0.031      ; 2.551      ;
; 2.414 ; 74191:inst|f74191:sub|19~_emulated  ; 74191:inst|f74191:sub|16~_emulated  ; clk          ; clk         ; 0.000        ; 0.049      ; 2.591      ;
; 2.434 ; 74191:inst|f74191:sub|19~_emulated  ; 74191:inst1|f74191:sub|18~_emulated ; clk          ; clk         ; 0.000        ; 0.049      ; 2.611      ;
; 2.444 ; 74191:inst|f74191:sub|18~_emulated  ; 74191:inst1|f74191:sub|19~_emulated ; clk          ; clk         ; 0.000        ; 0.049      ; 2.621      ;
; 2.458 ; 74191:inst|f74191:sub|18~_emulated  ; 74191:inst|f74191:sub|17~_emulated  ; clk          ; clk         ; 0.000        ; 0.031      ; 2.617      ;
; 2.464 ; 74191:inst1|f74191:sub|16~_emulated ; 74191:inst|f74191:sub|19~_emulated  ; clk          ; clk         ; 0.000        ; 0.040      ; 2.632      ;
; 2.480 ; 74191:inst|f74191:sub|18~_emulated  ; 74191:inst|f74191:sub|16~_emulated  ; clk          ; clk         ; 0.000        ; 0.049      ; 2.657      ;
; 2.487 ; 74191:inst1|f74191:sub|17~_emulated ; 74191:inst|f74191:sub|19~_emulated  ; clk          ; clk         ; 0.000        ; 0.040      ; 2.655      ;
; 2.487 ; 74191:inst|f74191:sub|19~_emulated  ; 74191:inst|f74191:sub|18~_emulated  ; clk          ; clk         ; 0.000        ; 0.031      ; 2.646      ;
; 2.493 ; 74191:inst|f74191:sub|19~_emulated  ; 74191:inst1|f74191:sub|17~_emulated ; clk          ; clk         ; 0.000        ; 0.049      ; 2.670      ;
; 2.500 ; 74191:inst|f74191:sub|18~_emulated  ; 74191:inst1|f74191:sub|18~_emulated ; clk          ; clk         ; 0.000        ; 0.049      ; 2.677      ;
; 2.555 ; in[0]                               ; 74191:inst|f74191:sub|19~_emulated  ; in[0]        ; clk         ; -0.500       ; 1.435      ; 3.648      ;
; 2.559 ; 74191:inst|f74191:sub|18~_emulated  ; 74191:inst1|f74191:sub|17~_emulated ; clk          ; clk         ; 0.000        ; 0.049      ; 2.736      ;
; 2.565 ; 74191:inst1|f74191:sub|19~_emulated ; 74191:inst|f74191:sub|19~_emulated  ; clk          ; clk         ; 0.000        ; 0.040      ; 2.733      ;
; 2.566 ; 74191:inst|f74191:sub|19~_emulated  ; 74191:inst1|f74191:sub|16~_emulated ; clk          ; clk         ; 0.000        ; 0.049      ; 2.743      ;
; 2.632 ; 74191:inst|f74191:sub|18~_emulated  ; 74191:inst1|f74191:sub|16~_emulated ; clk          ; clk         ; 0.000        ; 0.049      ; 2.809      ;
; 3.020 ; 74191:inst|f74191:sub|16~_emulated  ; 74191:inst1|f74191:sub|19~_emulated ; clk          ; clk         ; 0.000        ; 0.033      ; 3.181      ;
; 3.066 ; 74191:inst|f74191:sub|17~_emulated  ; 74191:inst1|f74191:sub|19~_emulated ; clk          ; clk         ; 0.000        ; 0.049      ; 3.243      ;
; 3.076 ; 74191:inst|f74191:sub|16~_emulated  ; 74191:inst1|f74191:sub|18~_emulated ; clk          ; clk         ; 0.000        ; 0.033      ; 3.237      ;
; 3.102 ; 74191:inst|f74191:sub|17~_emulated  ; 74191:inst|f74191:sub|16~_emulated  ; clk          ; clk         ; 0.000        ; 0.049      ; 3.279      ;
; 3.122 ; 74191:inst|f74191:sub|17~_emulated  ; 74191:inst1|f74191:sub|18~_emulated ; clk          ; clk         ; 0.000        ; 0.049      ; 3.299      ;
; 3.135 ; 74191:inst|f74191:sub|16~_emulated  ; 74191:inst1|f74191:sub|17~_emulated ; clk          ; clk         ; 0.000        ; 0.033      ; 3.296      ;
; 3.181 ; 74191:inst|f74191:sub|17~_emulated  ; 74191:inst1|f74191:sub|17~_emulated ; clk          ; clk         ; 0.000        ; 0.049      ; 3.358      ;
; 3.208 ; 74191:inst|f74191:sub|16~_emulated  ; 74191:inst1|f74191:sub|16~_emulated ; clk          ; clk         ; 0.000        ; 0.033      ; 3.369      ;
; 3.254 ; 74191:inst|f74191:sub|17~_emulated  ; 74191:inst1|f74191:sub|16~_emulated ; clk          ; clk         ; 0.000        ; 0.049      ; 3.431      ;
; 3.315 ; 74191:inst1|f74191:sub|18~_emulated ; 74191:inst1|f74191:sub|17~_emulated ; clk          ; clk         ; 0.000        ; 0.033      ; 3.476      ;
; 3.388 ; 74191:inst1|f74191:sub|18~_emulated ; 74191:inst1|f74191:sub|16~_emulated ; clk          ; clk         ; 0.000        ; 0.033      ; 3.549      ;
; 3.561 ; 74191:inst1|f74191:sub|19~_emulated ; 74191:inst1|f74191:sub|18~_emulated ; clk          ; clk         ; 0.000        ; 0.033      ; 3.722      ;
; 3.615 ; 74191:inst1|f74191:sub|17~_emulated ; 74191:inst1|f74191:sub|16~_emulated ; clk          ; clk         ; 0.000        ; 0.033      ; 3.776      ;
; 3.620 ; 74191:inst1|f74191:sub|19~_emulated ; 74191:inst1|f74191:sub|17~_emulated ; clk          ; clk         ; 0.000        ; 0.033      ; 3.781      ;
; 3.693 ; 74191:inst1|f74191:sub|19~_emulated ; 74191:inst1|f74191:sub|16~_emulated ; clk          ; clk         ; 0.000        ; 0.033      ; 3.854      ;
; 3.981 ; 74191:inst|f74191:sub|18~1          ; 74191:inst|f74191:sub|18~_emulated  ; in[0]        ; clk         ; -0.500       ; -3.296     ; 0.343      ;
; 3.982 ; 74191:inst1|f74191:sub|18~1         ; 74191:inst1|f74191:sub|18~_emulated ; in[0]        ; clk         ; -0.500       ; -3.295     ; 0.345      ;
; 4.031 ; 74191:inst|f74191:sub|19~1          ; 74191:inst|f74191:sub|19~_emulated  ; in[0]        ; clk         ; -0.500       ; -3.299     ; 0.390      ;
; 4.059 ; 74191:inst1|f74191:sub|19~1         ; 74191:inst1|f74191:sub|19~_emulated ; in[0]        ; clk         ; -0.500       ; -3.293     ; 0.424      ;
; 4.102 ; 74191:inst1|f74191:sub|16~1         ; 74191:inst1|f74191:sub|16~_emulated ; in[0]        ; clk         ; -0.500       ; -3.294     ; 0.466      ;
; 4.112 ; 74191:inst|f74191:sub|17~1          ; 74191:inst|f74191:sub|17~_emulated  ; in[0]        ; clk         ; -0.500       ; -3.296     ; 0.474      ;
; 4.387 ; 74191:inst1|f74191:sub|17~1         ; 74191:inst1|f74191:sub|17~_emulated ; in[0]        ; clk         ; -0.500       ; -3.290     ; 0.755      ;
; 4.502 ; 74191:inst|f74191:sub|16~1          ; 74191:inst|f74191:sub|16~_emulated  ; in[0]        ; clk         ; -0.500       ; -3.294     ; 0.866      ;
; 5.022 ; 74191:inst1|f74191:sub|17~1         ; 74191:inst1|f74191:sub|18~_emulated ; in[0]        ; clk         ; -0.500       ; -3.290     ; 1.390      ;
; 5.049 ; 74191:inst|f74191:sub|17~1          ; 74191:inst|f74191:sub|18~_emulated  ; in[0]        ; clk         ; -0.500       ; -3.296     ; 1.411      ;
; 5.053 ; 74191:inst1|f74191:sub|19~1         ; 74191:inst|f74191:sub|16~_emulated  ; in[0]        ; clk         ; -0.500       ; -3.293     ; 1.418      ;
; 5.072 ; 74191:inst1|f74191:sub|17~1         ; 74191:inst1|f74191:sub|19~_emulated ; in[0]        ; clk         ; -0.500       ; -3.290     ; 1.440      ;
; 5.084 ; 74191:inst1|f74191:sub|18~1         ; 74191:inst1|f74191:sub|19~_emulated ; in[0]        ; clk         ; -0.500       ; -3.295     ; 1.447      ;
; 5.100 ; 74191:inst1|f74191:sub|17~1         ; 74191:inst|f74191:sub|16~_emulated  ; in[0]        ; clk         ; -0.500       ; -3.290     ; 1.468      ;
; 5.155 ; 74191:inst|f74191:sub|18~1          ; 74191:inst|f74191:sub|19~_emulated  ; in[0]        ; clk         ; -0.500       ; -3.296     ; 1.517      ;
; 5.160 ; 74191:inst1|f74191:sub|18~1         ; 74191:inst|f74191:sub|16~_emulated  ; in[0]        ; clk         ; -0.500       ; -3.295     ; 1.523      ;
; 5.166 ; 74191:inst|f74191:sub|16~1          ; 74191:inst|f74191:sub|18~_emulated  ; in[0]        ; clk         ; -0.500       ; -3.299     ; 1.525      ;
; 5.187 ; 74191:inst|f74191:sub|16~1          ; 74191:inst|f74191:sub|17~_emulated  ; in[0]        ; clk         ; -0.500       ; -3.299     ; 1.546      ;
; 5.205 ; 74191:inst1|f74191:sub|16~1         ; 74191:inst1|f74191:sub|18~_emulated ; in[0]        ; clk         ; -0.500       ; -3.294     ; 1.569      ;
; 5.235 ; 74191:inst1|f74191:sub|16~1         ; 74191:inst1|f74191:sub|17~_emulated ; in[0]        ; clk         ; -0.500       ; -3.294     ; 1.599      ;
+-------+-------------------------------------+-------------------------------------+--------------+-------------+--------------+------------+------------+


+----------------------------------------------------------------------------------------------------------------------------------------------------------+
; Fast 1000mV -40C Model Recovery: 'clk'                                                                                                                   ;
+--------+-------------------------------------+-------------------------------------+--------------+-------------+--------------+------------+------------+
; Slack  ; From Node                           ; To Node                             ; Launch Clock ; Latch Clock ; Relationship ; Clock Skew ; Data Delay ;
+--------+-------------------------------------+-------------------------------------+--------------+-------------+--------------+------------+------------+
; -7.323 ; 74191:inst1|f74191:sub|16~1         ; 74191:inst|f74191:sub|17~_emulated  ; in[0]        ; clk         ; 0.500        ; -3.549     ; 4.259      ;
; -7.323 ; 74191:inst1|f74191:sub|16~1         ; 74191:inst|f74191:sub|18~_emulated  ; in[0]        ; clk         ; 0.500        ; -3.549     ; 4.259      ;
; -7.323 ; 74191:inst1|f74191:sub|16~1         ; 74191:inst|f74191:sub|19~_emulated  ; in[0]        ; clk         ; 0.500        ; -3.549     ; 4.259      ;
; -7.320 ; 74191:inst1|f74191:sub|16~1         ; 74191:inst1|f74191:sub|17~_emulated ; in[0]        ; clk         ; 0.500        ; -3.545     ; 4.260      ;
; -7.320 ; 74191:inst1|f74191:sub|16~1         ; 74191:inst1|f74191:sub|16~_emulated ; in[0]        ; clk         ; 0.500        ; -3.545     ; 4.260      ;
; -7.320 ; 74191:inst1|f74191:sub|16~1         ; 74191:inst1|f74191:sub|19~_emulated ; in[0]        ; clk         ; 0.500        ; -3.545     ; 4.260      ;
; -7.320 ; 74191:inst1|f74191:sub|16~1         ; 74191:inst|f74191:sub|16~_emulated  ; in[0]        ; clk         ; 0.500        ; -3.545     ; 4.260      ;
; -7.320 ; 74191:inst1|f74191:sub|16~1         ; 74191:inst1|f74191:sub|18~_emulated ; in[0]        ; clk         ; 0.500        ; -3.545     ; 4.260      ;
; -7.192 ; 74191:inst1|f74191:sub|19~1         ; 74191:inst|f74191:sub|17~_emulated  ; in[0]        ; clk         ; 0.500        ; -3.548     ; 4.129      ;
; -7.192 ; 74191:inst1|f74191:sub|19~1         ; 74191:inst|f74191:sub|18~_emulated  ; in[0]        ; clk         ; 0.500        ; -3.548     ; 4.129      ;
; -7.192 ; 74191:inst1|f74191:sub|19~1         ; 74191:inst|f74191:sub|19~_emulated  ; in[0]        ; clk         ; 0.500        ; -3.548     ; 4.129      ;
; -7.189 ; 74191:inst1|f74191:sub|19~1         ; 74191:inst1|f74191:sub|17~_emulated ; in[0]        ; clk         ; 0.500        ; -3.544     ; 4.130      ;
; -7.189 ; 74191:inst1|f74191:sub|19~1         ; 74191:inst1|f74191:sub|16~_emulated ; in[0]        ; clk         ; 0.500        ; -3.544     ; 4.130      ;
; -7.189 ; 74191:inst1|f74191:sub|19~1         ; 74191:inst1|f74191:sub|19~_emulated ; in[0]        ; clk         ; 0.500        ; -3.544     ; 4.130      ;
; -7.189 ; 74191:inst1|f74191:sub|19~1         ; 74191:inst|f74191:sub|16~_emulated  ; in[0]        ; clk         ; 0.500        ; -3.544     ; 4.130      ;
; -7.189 ; 74191:inst1|f74191:sub|19~1         ; 74191:inst1|f74191:sub|18~_emulated ; in[0]        ; clk         ; 0.500        ; -3.544     ; 4.130      ;
; -7.132 ; 74191:inst1|f74191:sub|17~1         ; 74191:inst|f74191:sub|17~_emulated  ; in[0]        ; clk         ; 0.500        ; -3.545     ; 4.072      ;
; -7.132 ; 74191:inst1|f74191:sub|17~1         ; 74191:inst|f74191:sub|18~_emulated  ; in[0]        ; clk         ; 0.500        ; -3.545     ; 4.072      ;
; -7.132 ; 74191:inst1|f74191:sub|17~1         ; 74191:inst|f74191:sub|19~_emulated  ; in[0]        ; clk         ; 0.500        ; -3.545     ; 4.072      ;
; -7.129 ; 74191:inst1|f74191:sub|17~1         ; 74191:inst1|f74191:sub|17~_emulated ; in[0]        ; clk         ; 0.500        ; -3.541     ; 4.073      ;
; -7.129 ; 74191:inst1|f74191:sub|17~1         ; 74191:inst1|f74191:sub|16~_emulated ; in[0]        ; clk         ; 0.500        ; -3.541     ; 4.073      ;
; -7.129 ; 74191:inst1|f74191:sub|17~1         ; 74191:inst1|f74191:sub|19~_emulated ; in[0]        ; clk         ; 0.500        ; -3.541     ; 4.073      ;
; -7.129 ; 74191:inst1|f74191:sub|17~1         ; 74191:inst|f74191:sub|16~_emulated  ; in[0]        ; clk         ; 0.500        ; -3.541     ; 4.073      ;
; -7.129 ; 74191:inst1|f74191:sub|17~1         ; 74191:inst1|f74191:sub|18~_emulated ; in[0]        ; clk         ; 0.500        ; -3.541     ; 4.073      ;
; -7.031 ; 74191:inst1|f74191:sub|18~1         ; 74191:inst|f74191:sub|17~_emulated  ; in[0]        ; clk         ; 0.500        ; -3.550     ; 3.966      ;
; -7.031 ; 74191:inst1|f74191:sub|18~1         ; 74191:inst|f74191:sub|18~_emulated  ; in[0]        ; clk         ; 0.500        ; -3.550     ; 3.966      ;
; -7.031 ; 74191:inst1|f74191:sub|18~1         ; 74191:inst|f74191:sub|19~_emulated  ; in[0]        ; clk         ; 0.500        ; -3.550     ; 3.966      ;
; -7.028 ; 74191:inst1|f74191:sub|18~1         ; 74191:inst1|f74191:sub|17~_emulated ; in[0]        ; clk         ; 0.500        ; -3.546     ; 3.967      ;
; -7.028 ; 74191:inst1|f74191:sub|18~1         ; 74191:inst1|f74191:sub|16~_emulated ; in[0]        ; clk         ; 0.500        ; -3.546     ; 3.967      ;
; -7.028 ; 74191:inst1|f74191:sub|18~1         ; 74191:inst1|f74191:sub|19~_emulated ; in[0]        ; clk         ; 0.500        ; -3.546     ; 3.967      ;
; -7.028 ; 74191:inst1|f74191:sub|18~1         ; 74191:inst|f74191:sub|16~_emulated  ; in[0]        ; clk         ; 0.500        ; -3.546     ; 3.967      ;
; -7.028 ; 74191:inst1|f74191:sub|18~1         ; 74191:inst1|f74191:sub|18~_emulated ; in[0]        ; clk         ; 0.500        ; -3.546     ; 3.967      ;
; -6.730 ; 74191:inst|f74191:sub|16~1          ; 74191:inst|f74191:sub|17~_emulated  ; in[0]        ; clk         ; 0.500        ; -3.549     ; 3.666      ;
; -6.730 ; 74191:inst|f74191:sub|16~1          ; 74191:inst|f74191:sub|18~_emulated  ; in[0]        ; clk         ; 0.500        ; -3.549     ; 3.666      ;
; -6.730 ; 74191:inst|f74191:sub|16~1          ; 74191:inst|f74191:sub|19~_emulated  ; in[0]        ; clk         ; 0.500        ; -3.549     ; 3.666      ;
; -6.727 ; 74191:inst|f74191:sub|16~1          ; 74191:inst1|f74191:sub|17~_emulated ; in[0]        ; clk         ; 0.500        ; -3.545     ; 3.667      ;
; -6.727 ; 74191:inst|f74191:sub|16~1          ; 74191:inst1|f74191:sub|16~_emulated ; in[0]        ; clk         ; 0.500        ; -3.545     ; 3.667      ;
; -6.727 ; 74191:inst|f74191:sub|16~1          ; 74191:inst1|f74191:sub|19~_emulated ; in[0]        ; clk         ; 0.500        ; -3.545     ; 3.667      ;
; -6.727 ; 74191:inst|f74191:sub|16~1          ; 74191:inst|f74191:sub|16~_emulated  ; in[0]        ; clk         ; 0.500        ; -3.545     ; 3.667      ;
; -6.727 ; 74191:inst|f74191:sub|16~1          ; 74191:inst1|f74191:sub|18~_emulated ; in[0]        ; clk         ; 0.500        ; -3.545     ; 3.667      ;
; -6.663 ; 74191:inst|f74191:sub|17~1          ; 74191:inst|f74191:sub|17~_emulated  ; in[0]        ; clk         ; 0.500        ; -3.546     ; 3.602      ;
; -6.663 ; 74191:inst|f74191:sub|17~1          ; 74191:inst|f74191:sub|18~_emulated  ; in[0]        ; clk         ; 0.500        ; -3.546     ; 3.602      ;
; -6.663 ; 74191:inst|f74191:sub|17~1          ; 74191:inst|f74191:sub|19~_emulated  ; in[0]        ; clk         ; 0.500        ; -3.546     ; 3.602      ;
; -6.660 ; 74191:inst|f74191:sub|17~1          ; 74191:inst1|f74191:sub|17~_emulated ; in[0]        ; clk         ; 0.500        ; -3.542     ; 3.603      ;
; -6.660 ; 74191:inst|f74191:sub|17~1          ; 74191:inst1|f74191:sub|16~_emulated ; in[0]        ; clk         ; 0.500        ; -3.542     ; 3.603      ;
; -6.660 ; 74191:inst|f74191:sub|17~1          ; 74191:inst1|f74191:sub|19~_emulated ; in[0]        ; clk         ; 0.500        ; -3.542     ; 3.603      ;
; -6.660 ; 74191:inst|f74191:sub|17~1          ; 74191:inst|f74191:sub|16~_emulated  ; in[0]        ; clk         ; 0.500        ; -3.542     ; 3.603      ;
; -6.660 ; 74191:inst|f74191:sub|17~1          ; 74191:inst1|f74191:sub|18~_emulated ; in[0]        ; clk         ; 0.500        ; -3.542     ; 3.603      ;
; -6.148 ; 74191:inst|f74191:sub|18~1          ; 74191:inst|f74191:sub|17~_emulated  ; in[0]        ; clk         ; 0.500        ; -3.546     ; 3.087      ;
; -6.148 ; 74191:inst|f74191:sub|18~1          ; 74191:inst|f74191:sub|18~_emulated  ; in[0]        ; clk         ; 0.500        ; -3.546     ; 3.087      ;
; -6.148 ; 74191:inst|f74191:sub|18~1          ; 74191:inst|f74191:sub|19~_emulated  ; in[0]        ; clk         ; 0.500        ; -3.546     ; 3.087      ;
; -6.145 ; 74191:inst|f74191:sub|18~1          ; 74191:inst1|f74191:sub|17~_emulated ; in[0]        ; clk         ; 0.500        ; -3.542     ; 3.088      ;
; -6.145 ; 74191:inst|f74191:sub|18~1          ; 74191:inst1|f74191:sub|16~_emulated ; in[0]        ; clk         ; 0.500        ; -3.542     ; 3.088      ;
; -6.145 ; 74191:inst|f74191:sub|18~1          ; 74191:inst1|f74191:sub|19~_emulated ; in[0]        ; clk         ; 0.500        ; -3.542     ; 3.088      ;
; -6.145 ; 74191:inst|f74191:sub|18~1          ; 74191:inst|f74191:sub|16~_emulated  ; in[0]        ; clk         ; 0.500        ; -3.542     ; 3.088      ;
; -6.145 ; 74191:inst|f74191:sub|18~1          ; 74191:inst1|f74191:sub|18~_emulated ; in[0]        ; clk         ; 0.500        ; -3.542     ; 3.088      ;
; -6.058 ; 74191:inst|f74191:sub|19~1          ; 74191:inst|f74191:sub|17~_emulated  ; in[0]        ; clk         ; 0.500        ; -3.549     ; 2.994      ;
; -6.058 ; 74191:inst|f74191:sub|19~1          ; 74191:inst|f74191:sub|18~_emulated  ; in[0]        ; clk         ; 0.500        ; -3.549     ; 2.994      ;
; -6.058 ; 74191:inst|f74191:sub|19~1          ; 74191:inst|f74191:sub|19~_emulated  ; in[0]        ; clk         ; 0.500        ; -3.549     ; 2.994      ;
; -6.055 ; 74191:inst|f74191:sub|19~1          ; 74191:inst1|f74191:sub|17~_emulated ; in[0]        ; clk         ; 0.500        ; -3.545     ; 2.995      ;
; -6.055 ; 74191:inst|f74191:sub|19~1          ; 74191:inst1|f74191:sub|16~_emulated ; in[0]        ; clk         ; 0.500        ; -3.545     ; 2.995      ;
; -6.055 ; 74191:inst|f74191:sub|19~1          ; 74191:inst1|f74191:sub|19~_emulated ; in[0]        ; clk         ; 0.500        ; -3.545     ; 2.995      ;
; -6.055 ; 74191:inst|f74191:sub|19~1          ; 74191:inst|f74191:sub|16~_emulated  ; in[0]        ; clk         ; 0.500        ; -3.545     ; 2.995      ;
; -6.055 ; 74191:inst|f74191:sub|19~1          ; 74191:inst1|f74191:sub|18~_emulated ; in[0]        ; clk         ; 0.500        ; -3.545     ; 2.995      ;
; -3.474 ; 74191:inst1|f74191:sub|19~_emulated ; 74191:inst|f74191:sub|17~_emulated  ; clk          ; clk         ; 1.000        ; -0.049     ; 4.440      ;
; -3.474 ; 74191:inst1|f74191:sub|19~_emulated ; 74191:inst|f74191:sub|18~_emulated  ; clk          ; clk         ; 1.000        ; -0.049     ; 4.440      ;
; -3.474 ; 74191:inst1|f74191:sub|19~_emulated ; 74191:inst|f74191:sub|19~_emulated  ; clk          ; clk         ; 1.000        ; -0.049     ; 4.440      ;
; -3.459 ; 74191:inst1|f74191:sub|19~_emulated ; 74191:inst1|f74191:sub|19~_emulated ; clk          ; clk         ; 1.000        ; -0.033     ; 4.441      ;
; -3.459 ; 74191:inst1|f74191:sub|19~_emulated ; 74191:inst|f74191:sub|16~_emulated  ; clk          ; clk         ; 1.000        ; -0.033     ; 4.441      ;
; -3.459 ; 74191:inst1|f74191:sub|19~_emulated ; 74191:inst1|f74191:sub|18~_emulated ; clk          ; clk         ; 1.000        ; -0.033     ; 4.441      ;
; -3.459 ; 74191:inst1|f74191:sub|19~_emulated ; 74191:inst1|f74191:sub|16~_emulated ; clk          ; clk         ; 1.000        ; -0.033     ; 4.441      ;
; -3.459 ; 74191:inst1|f74191:sub|19~_emulated ; 74191:inst1|f74191:sub|17~_emulated ; clk          ; clk         ; 1.000        ; -0.033     ; 4.441      ;
; -3.414 ; 74191:inst1|f74191:sub|17~_emulated ; 74191:inst|f74191:sub|17~_emulated  ; clk          ; clk         ; 1.000        ; -0.049     ; 4.380      ;
; -3.414 ; 74191:inst1|f74191:sub|17~_emulated ; 74191:inst|f74191:sub|18~_emulated  ; clk          ; clk         ; 1.000        ; -0.049     ; 4.380      ;
; -3.414 ; 74191:inst1|f74191:sub|17~_emulated ; 74191:inst|f74191:sub|19~_emulated  ; clk          ; clk         ; 1.000        ; -0.049     ; 4.380      ;
; -3.399 ; 74191:inst1|f74191:sub|17~_emulated ; 74191:inst1|f74191:sub|19~_emulated ; clk          ; clk         ; 1.000        ; -0.033     ; 4.381      ;
; -3.399 ; 74191:inst1|f74191:sub|17~_emulated ; 74191:inst|f74191:sub|16~_emulated  ; clk          ; clk         ; 1.000        ; -0.033     ; 4.381      ;
; -3.399 ; 74191:inst1|f74191:sub|17~_emulated ; 74191:inst1|f74191:sub|18~_emulated ; clk          ; clk         ; 1.000        ; -0.033     ; 4.381      ;
; -3.399 ; 74191:inst1|f74191:sub|17~_emulated ; 74191:inst1|f74191:sub|16~_emulated ; clk          ; clk         ; 1.000        ; -0.033     ; 4.381      ;
; -3.399 ; 74191:inst1|f74191:sub|17~_emulated ; 74191:inst1|f74191:sub|17~_emulated ; clk          ; clk         ; 1.000        ; -0.033     ; 4.381      ;
; -3.386 ; 74191:inst1|f74191:sub|16~_emulated ; 74191:inst|f74191:sub|17~_emulated  ; clk          ; clk         ; 1.000        ; -0.049     ; 4.352      ;
; -3.386 ; 74191:inst1|f74191:sub|16~_emulated ; 74191:inst|f74191:sub|18~_emulated  ; clk          ; clk         ; 1.000        ; -0.049     ; 4.352      ;
; -3.386 ; 74191:inst1|f74191:sub|16~_emulated ; 74191:inst|f74191:sub|19~_emulated  ; clk          ; clk         ; 1.000        ; -0.049     ; 4.352      ;
; -3.371 ; 74191:inst1|f74191:sub|16~_emulated ; 74191:inst1|f74191:sub|19~_emulated ; clk          ; clk         ; 1.000        ; -0.033     ; 4.353      ;
; -3.371 ; 74191:inst1|f74191:sub|16~_emulated ; 74191:inst|f74191:sub|16~_emulated  ; clk          ; clk         ; 1.000        ; -0.033     ; 4.353      ;
; -3.371 ; 74191:inst1|f74191:sub|16~_emulated ; 74191:inst1|f74191:sub|18~_emulated ; clk          ; clk         ; 1.000        ; -0.033     ; 4.353      ;
; -3.371 ; 74191:inst1|f74191:sub|16~_emulated ; 74191:inst1|f74191:sub|16~_emulated ; clk          ; clk         ; 1.000        ; -0.033     ; 4.353      ;
; -3.371 ; 74191:inst1|f74191:sub|16~_emulated ; 74191:inst1|f74191:sub|17~_emulated ; clk          ; clk         ; 1.000        ; -0.033     ; 4.353      ;
; -3.273 ; in[0]                               ; 74191:inst|f74191:sub|17~_emulated  ; in[0]        ; clk         ; 0.500        ; 1.376      ; 5.134      ;
; -3.273 ; in[0]                               ; 74191:inst|f74191:sub|18~_emulated  ; in[0]        ; clk         ; 0.500        ; 1.376      ; 5.134      ;
; -3.273 ; in[0]                               ; 74191:inst|f74191:sub|19~_emulated  ; in[0]        ; clk         ; 0.500        ; 1.376      ; 5.134      ;
; -3.270 ; in[0]                               ; 74191:inst1|f74191:sub|17~_emulated ; in[0]        ; clk         ; 0.500        ; 1.380      ; 5.135      ;
; -3.270 ; in[0]                               ; 74191:inst1|f74191:sub|16~_emulated ; in[0]        ; clk         ; 0.500        ; 1.380      ; 5.135      ;
; -3.270 ; in[0]                               ; 74191:inst1|f74191:sub|19~_emulated ; in[0]        ; clk         ; 0.500        ; 1.380      ; 5.135      ;
; -3.270 ; in[0]                               ; 74191:inst|f74191:sub|16~_emulated  ; in[0]        ; clk         ; 0.500        ; 1.380      ; 5.135      ;
; -3.270 ; in[0]                               ; 74191:inst1|f74191:sub|18~_emulated ; in[0]        ; clk         ; 0.500        ; 1.380      ; 5.135      ;
; -3.098 ; 74191:inst1|f74191:sub|18~_emulated ; 74191:inst|f74191:sub|17~_emulated  ; clk          ; clk         ; 1.000        ; -0.049     ; 4.064      ;
; -3.098 ; 74191:inst1|f74191:sub|18~_emulated ; 74191:inst|f74191:sub|18~_emulated  ; clk          ; clk         ; 1.000        ; -0.049     ; 4.064      ;
; -3.098 ; 74191:inst1|f74191:sub|18~_emulated ; 74191:inst|f74191:sub|19~_emulated  ; clk          ; clk         ; 1.000        ; -0.049     ; 4.064      ;
; -3.083 ; 74191:inst1|f74191:sub|18~_emulated ; 74191:inst1|f74191:sub|19~_emulated ; clk          ; clk         ; 1.000        ; -0.033     ; 4.065      ;
+--------+-------------------------------------+-------------------------------------+--------------+-------------+--------------+------------+------------+


+---------------------------------------------------------------------------------------------------------------------------------------------------------+
; Fast 1000mV -40C Model Removal: 'clk'                                                                                                                   ;
+-------+-------------------------------------+-------------------------------------+--------------+-------------+--------------+------------+------------+
; Slack ; From Node                           ; To Node                             ; Launch Clock ; Latch Clock ; Relationship ; Clock Skew ; Data Delay ;
+-------+-------------------------------------+-------------------------------------+--------------+-------------+--------------+------------+------------+
; 2.702 ; 74191:inst|f74191:sub|19~_emulated  ; 74191:inst1|f74191:sub|16~_emulated ; clk          ; clk         ; 0.000        ; 0.049      ; 2.879      ;
; 2.702 ; 74191:inst|f74191:sub|19~_emulated  ; 74191:inst1|f74191:sub|17~_emulated ; clk          ; clk         ; 0.000        ; 0.049      ; 2.879      ;
; 2.702 ; 74191:inst|f74191:sub|19~_emulated  ; 74191:inst1|f74191:sub|19~_emulated ; clk          ; clk         ; 0.000        ; 0.049      ; 2.879      ;
; 2.702 ; 74191:inst|f74191:sub|19~_emulated  ; 74191:inst|f74191:sub|16~_emulated  ; clk          ; clk         ; 0.000        ; 0.049      ; 2.879      ;
; 2.702 ; 74191:inst|f74191:sub|19~_emulated  ; 74191:inst1|f74191:sub|18~_emulated ; clk          ; clk         ; 0.000        ; 0.049      ; 2.879      ;
; 2.720 ; 74191:inst|f74191:sub|19~_emulated  ; 74191:inst|f74191:sub|19~_emulated  ; clk          ; clk         ; 0.000        ; 0.031      ; 2.879      ;
; 2.720 ; 74191:inst|f74191:sub|19~_emulated  ; 74191:inst|f74191:sub|17~_emulated  ; clk          ; clk         ; 0.000        ; 0.031      ; 2.879      ;
; 2.720 ; 74191:inst|f74191:sub|19~_emulated  ; 74191:inst|f74191:sub|18~_emulated  ; clk          ; clk         ; 0.000        ; 0.031      ; 2.879      ;
; 2.768 ; 74191:inst|f74191:sub|18~_emulated  ; 74191:inst1|f74191:sub|16~_emulated ; clk          ; clk         ; 0.000        ; 0.049      ; 2.945      ;
; 2.768 ; 74191:inst|f74191:sub|18~_emulated  ; 74191:inst1|f74191:sub|17~_emulated ; clk          ; clk         ; 0.000        ; 0.049      ; 2.945      ;
; 2.768 ; 74191:inst|f74191:sub|18~_emulated  ; 74191:inst1|f74191:sub|19~_emulated ; clk          ; clk         ; 0.000        ; 0.049      ; 2.945      ;
; 2.768 ; 74191:inst|f74191:sub|18~_emulated  ; 74191:inst|f74191:sub|16~_emulated  ; clk          ; clk         ; 0.000        ; 0.049      ; 2.945      ;
; 2.768 ; 74191:inst|f74191:sub|18~_emulated  ; 74191:inst1|f74191:sub|18~_emulated ; clk          ; clk         ; 0.000        ; 0.049      ; 2.945      ;
; 2.786 ; 74191:inst|f74191:sub|18~_emulated  ; 74191:inst|f74191:sub|19~_emulated  ; clk          ; clk         ; 0.000        ; 0.031      ; 2.945      ;
; 2.786 ; 74191:inst|f74191:sub|18~_emulated  ; 74191:inst|f74191:sub|17~_emulated  ; clk          ; clk         ; 0.000        ; 0.031      ; 2.945      ;
; 2.786 ; 74191:inst|f74191:sub|18~_emulated  ; 74191:inst|f74191:sub|18~_emulated  ; clk          ; clk         ; 0.000        ; 0.031      ; 2.945      ;
; 2.872 ; in[0]                               ; 74191:inst1|f74191:sub|17~_emulated ; in[0]        ; clk         ; 0.000        ; 1.440      ; 4.470      ;
; 2.872 ; in[0]                               ; 74191:inst1|f74191:sub|16~_emulated ; in[0]        ; clk         ; 0.000        ; 1.440      ; 4.470      ;
; 2.872 ; in[0]                               ; 74191:inst1|f74191:sub|19~_emulated ; in[0]        ; clk         ; 0.000        ; 1.440      ; 4.470      ;
; 2.872 ; in[0]                               ; 74191:inst|f74191:sub|16~_emulated  ; in[0]        ; clk         ; 0.000        ; 1.440      ; 4.470      ;
; 2.872 ; in[0]                               ; 74191:inst1|f74191:sub|18~_emulated ; in[0]        ; clk         ; 0.000        ; 1.440      ; 4.470      ;
; 2.877 ; in[0]                               ; 74191:inst|f74191:sub|17~_emulated  ; in[0]        ; clk         ; 0.000        ; 1.435      ; 4.470      ;
; 2.877 ; in[0]                               ; 74191:inst|f74191:sub|18~_emulated  ; in[0]        ; clk         ; 0.000        ; 1.435      ; 4.470      ;
; 2.877 ; in[0]                               ; 74191:inst|f74191:sub|19~_emulated  ; in[0]        ; clk         ; 0.000        ; 1.435      ; 4.470      ;
; 3.337 ; 74191:inst|f74191:sub|16~_emulated  ; 74191:inst|f74191:sub|17~_emulated  ; clk          ; clk         ; 0.000        ; 0.040      ; 3.505      ;
; 3.337 ; 74191:inst|f74191:sub|16~_emulated  ; 74191:inst|f74191:sub|18~_emulated  ; clk          ; clk         ; 0.000        ; 0.040      ; 3.505      ;
; 3.337 ; 74191:inst|f74191:sub|16~_emulated  ; 74191:inst|f74191:sub|19~_emulated  ; clk          ; clk         ; 0.000        ; 0.040      ; 3.505      ;
; 3.344 ; 74191:inst|f74191:sub|16~_emulated  ; 74191:inst1|f74191:sub|19~_emulated ; clk          ; clk         ; 0.000        ; 0.033      ; 3.505      ;
; 3.344 ; 74191:inst|f74191:sub|16~_emulated  ; 74191:inst|f74191:sub|16~_emulated  ; clk          ; clk         ; 0.000        ; 0.033      ; 3.505      ;
; 3.344 ; 74191:inst|f74191:sub|16~_emulated  ; 74191:inst1|f74191:sub|18~_emulated ; clk          ; clk         ; 0.000        ; 0.033      ; 3.505      ;
; 3.344 ; 74191:inst|f74191:sub|16~_emulated  ; 74191:inst1|f74191:sub|16~_emulated ; clk          ; clk         ; 0.000        ; 0.033      ; 3.505      ;
; 3.344 ; 74191:inst|f74191:sub|16~_emulated  ; 74191:inst1|f74191:sub|17~_emulated ; clk          ; clk         ; 0.000        ; 0.033      ; 3.505      ;
; 3.390 ; 74191:inst|f74191:sub|17~_emulated  ; 74191:inst1|f74191:sub|16~_emulated ; clk          ; clk         ; 0.000        ; 0.049      ; 3.567      ;
; 3.390 ; 74191:inst|f74191:sub|17~_emulated  ; 74191:inst1|f74191:sub|17~_emulated ; clk          ; clk         ; 0.000        ; 0.049      ; 3.567      ;
; 3.390 ; 74191:inst|f74191:sub|17~_emulated  ; 74191:inst1|f74191:sub|19~_emulated ; clk          ; clk         ; 0.000        ; 0.049      ; 3.567      ;
; 3.390 ; 74191:inst|f74191:sub|17~_emulated  ; 74191:inst|f74191:sub|16~_emulated  ; clk          ; clk         ; 0.000        ; 0.049      ; 3.567      ;
; 3.390 ; 74191:inst|f74191:sub|17~_emulated  ; 74191:inst1|f74191:sub|18~_emulated ; clk          ; clk         ; 0.000        ; 0.049      ; 3.567      ;
; 3.408 ; 74191:inst|f74191:sub|17~_emulated  ; 74191:inst|f74191:sub|19~_emulated  ; clk          ; clk         ; 0.000        ; 0.031      ; 3.567      ;
; 3.408 ; 74191:inst|f74191:sub|17~_emulated  ; 74191:inst|f74191:sub|17~_emulated  ; clk          ; clk         ; 0.000        ; 0.031      ; 3.567      ;
; 3.408 ; 74191:inst|f74191:sub|17~_emulated  ; 74191:inst|f74191:sub|18~_emulated  ; clk          ; clk         ; 0.000        ; 0.031      ; 3.567      ;
; 3.517 ; 74191:inst1|f74191:sub|18~_emulated ; 74191:inst|f74191:sub|17~_emulated  ; clk          ; clk         ; 0.000        ; 0.040      ; 3.685      ;
; 3.517 ; 74191:inst1|f74191:sub|18~_emulated ; 74191:inst|f74191:sub|18~_emulated  ; clk          ; clk         ; 0.000        ; 0.040      ; 3.685      ;
; 3.517 ; 74191:inst1|f74191:sub|18~_emulated ; 74191:inst|f74191:sub|19~_emulated  ; clk          ; clk         ; 0.000        ; 0.040      ; 3.685      ;
; 3.524 ; 74191:inst1|f74191:sub|18~_emulated ; 74191:inst1|f74191:sub|19~_emulated ; clk          ; clk         ; 0.000        ; 0.033      ; 3.685      ;
; 3.524 ; 74191:inst1|f74191:sub|18~_emulated ; 74191:inst|f74191:sub|16~_emulated  ; clk          ; clk         ; 0.000        ; 0.033      ; 3.685      ;
; 3.524 ; 74191:inst1|f74191:sub|18~_emulated ; 74191:inst1|f74191:sub|18~_emulated ; clk          ; clk         ; 0.000        ; 0.033      ; 3.685      ;
; 3.524 ; 74191:inst1|f74191:sub|18~_emulated ; 74191:inst1|f74191:sub|16~_emulated ; clk          ; clk         ; 0.000        ; 0.033      ; 3.685      ;
; 3.524 ; 74191:inst1|f74191:sub|18~_emulated ; 74191:inst1|f74191:sub|17~_emulated ; clk          ; clk         ; 0.000        ; 0.033      ; 3.685      ;
; 3.721 ; 74191:inst1|f74191:sub|16~_emulated ; 74191:inst|f74191:sub|17~_emulated  ; clk          ; clk         ; 0.000        ; 0.040      ; 3.889      ;
; 3.721 ; 74191:inst1|f74191:sub|16~_emulated ; 74191:inst|f74191:sub|18~_emulated  ; clk          ; clk         ; 0.000        ; 0.040      ; 3.889      ;
; 3.721 ; 74191:inst1|f74191:sub|16~_emulated ; 74191:inst|f74191:sub|19~_emulated  ; clk          ; clk         ; 0.000        ; 0.040      ; 3.889      ;
; 3.728 ; 74191:inst1|f74191:sub|16~_emulated ; 74191:inst1|f74191:sub|19~_emulated ; clk          ; clk         ; 0.000        ; 0.033      ; 3.889      ;
; 3.728 ; 74191:inst1|f74191:sub|16~_emulated ; 74191:inst|f74191:sub|16~_emulated  ; clk          ; clk         ; 0.000        ; 0.033      ; 3.889      ;
; 3.728 ; 74191:inst1|f74191:sub|16~_emulated ; 74191:inst1|f74191:sub|18~_emulated ; clk          ; clk         ; 0.000        ; 0.033      ; 3.889      ;
; 3.728 ; 74191:inst1|f74191:sub|16~_emulated ; 74191:inst1|f74191:sub|16~_emulated ; clk          ; clk         ; 0.000        ; 0.033      ; 3.889      ;
; 3.728 ; 74191:inst1|f74191:sub|16~_emulated ; 74191:inst1|f74191:sub|17~_emulated ; clk          ; clk         ; 0.000        ; 0.033      ; 3.889      ;
; 3.744 ; 74191:inst1|f74191:sub|17~_emulated ; 74191:inst|f74191:sub|17~_emulated  ; clk          ; clk         ; 0.000        ; 0.040      ; 3.912      ;
; 3.744 ; 74191:inst1|f74191:sub|17~_emulated ; 74191:inst|f74191:sub|18~_emulated  ; clk          ; clk         ; 0.000        ; 0.040      ; 3.912      ;
; 3.744 ; 74191:inst1|f74191:sub|17~_emulated ; 74191:inst|f74191:sub|19~_emulated  ; clk          ; clk         ; 0.000        ; 0.040      ; 3.912      ;
; 3.751 ; 74191:inst1|f74191:sub|17~_emulated ; 74191:inst1|f74191:sub|19~_emulated ; clk          ; clk         ; 0.000        ; 0.033      ; 3.912      ;
; 3.751 ; 74191:inst1|f74191:sub|17~_emulated ; 74191:inst|f74191:sub|16~_emulated  ; clk          ; clk         ; 0.000        ; 0.033      ; 3.912      ;
; 3.751 ; 74191:inst1|f74191:sub|17~_emulated ; 74191:inst1|f74191:sub|18~_emulated ; clk          ; clk         ; 0.000        ; 0.033      ; 3.912      ;
; 3.751 ; 74191:inst1|f74191:sub|17~_emulated ; 74191:inst1|f74191:sub|16~_emulated ; clk          ; clk         ; 0.000        ; 0.033      ; 3.912      ;
; 3.751 ; 74191:inst1|f74191:sub|17~_emulated ; 74191:inst1|f74191:sub|17~_emulated ; clk          ; clk         ; 0.000        ; 0.033      ; 3.912      ;
; 3.820 ; in[0]                               ; 74191:inst1|f74191:sub|17~_emulated ; in[0]        ; clk         ; -0.500       ; 1.440      ; 4.918      ;
; 3.820 ; in[0]                               ; 74191:inst1|f74191:sub|16~_emulated ; in[0]        ; clk         ; -0.500       ; 1.440      ; 4.918      ;
; 3.820 ; in[0]                               ; 74191:inst1|f74191:sub|19~_emulated ; in[0]        ; clk         ; -0.500       ; 1.440      ; 4.918      ;
; 3.820 ; in[0]                               ; 74191:inst|f74191:sub|16~_emulated  ; in[0]        ; clk         ; -0.500       ; 1.440      ; 4.918      ;
; 3.820 ; in[0]                               ; 74191:inst1|f74191:sub|18~_emulated ; in[0]        ; clk         ; -0.500       ; 1.440      ; 4.918      ;
; 3.822 ; 74191:inst1|f74191:sub|19~_emulated ; 74191:inst|f74191:sub|17~_emulated  ; clk          ; clk         ; 0.000        ; 0.040      ; 3.990      ;
; 3.822 ; 74191:inst1|f74191:sub|19~_emulated ; 74191:inst|f74191:sub|18~_emulated  ; clk          ; clk         ; 0.000        ; 0.040      ; 3.990      ;
; 3.822 ; 74191:inst1|f74191:sub|19~_emulated ; 74191:inst|f74191:sub|19~_emulated  ; clk          ; clk         ; 0.000        ; 0.040      ; 3.990      ;
; 3.825 ; in[0]                               ; 74191:inst|f74191:sub|17~_emulated  ; in[0]        ; clk         ; -0.500       ; 1.435      ; 4.918      ;
; 3.825 ; in[0]                               ; 74191:inst|f74191:sub|18~_emulated  ; in[0]        ; clk         ; -0.500       ; 1.435      ; 4.918      ;
; 3.825 ; in[0]                               ; 74191:inst|f74191:sub|19~_emulated  ; in[0]        ; clk         ; -0.500       ; 1.435      ; 4.918      ;
; 3.829 ; 74191:inst1|f74191:sub|19~_emulated ; 74191:inst1|f74191:sub|19~_emulated ; clk          ; clk         ; 0.000        ; 0.033      ; 3.990      ;
; 3.829 ; 74191:inst1|f74191:sub|19~_emulated ; 74191:inst|f74191:sub|16~_emulated  ; clk          ; clk         ; 0.000        ; 0.033      ; 3.990      ;
; 3.829 ; 74191:inst1|f74191:sub|19~_emulated ; 74191:inst1|f74191:sub|18~_emulated ; clk          ; clk         ; 0.000        ; 0.033      ; 3.990      ;
; 3.829 ; 74191:inst1|f74191:sub|19~_emulated ; 74191:inst1|f74191:sub|16~_emulated ; clk          ; clk         ; 0.000        ; 0.033      ; 3.990      ;
; 3.829 ; 74191:inst1|f74191:sub|19~_emulated ; 74191:inst1|f74191:sub|17~_emulated ; clk          ; clk         ; 0.000        ; 0.033      ; 3.990      ;
; 6.415 ; 74191:inst|f74191:sub|19~1          ; 74191:inst1|f74191:sub|17~_emulated ; in[0]        ; clk         ; -0.500       ; -3.294     ; 2.779      ;
; 6.415 ; 74191:inst|f74191:sub|19~1          ; 74191:inst1|f74191:sub|16~_emulated ; in[0]        ; clk         ; -0.500       ; -3.294     ; 2.779      ;
; 6.415 ; 74191:inst|f74191:sub|19~1          ; 74191:inst1|f74191:sub|19~_emulated ; in[0]        ; clk         ; -0.500       ; -3.294     ; 2.779      ;
; 6.415 ; 74191:inst|f74191:sub|19~1          ; 74191:inst|f74191:sub|16~_emulated  ; in[0]        ; clk         ; -0.500       ; -3.294     ; 2.779      ;
; 6.415 ; 74191:inst|f74191:sub|19~1          ; 74191:inst1|f74191:sub|18~_emulated ; in[0]        ; clk         ; -0.500       ; -3.294     ; 2.779      ;
; 6.420 ; 74191:inst|f74191:sub|19~1          ; 74191:inst|f74191:sub|17~_emulated  ; in[0]        ; clk         ; -0.500       ; -3.299     ; 2.779      ;
; 6.420 ; 74191:inst|f74191:sub|19~1          ; 74191:inst|f74191:sub|18~_emulated  ; in[0]        ; clk         ; -0.500       ; -3.299     ; 2.779      ;
; 6.420 ; 74191:inst|f74191:sub|19~1          ; 74191:inst|f74191:sub|19~_emulated  ; in[0]        ; clk         ; -0.500       ; -3.299     ; 2.779      ;
; 6.479 ; 74191:inst|f74191:sub|18~1          ; 74191:inst1|f74191:sub|17~_emulated ; in[0]        ; clk         ; -0.500       ; -3.291     ; 2.846      ;
; 6.479 ; 74191:inst|f74191:sub|18~1          ; 74191:inst1|f74191:sub|16~_emulated ; in[0]        ; clk         ; -0.500       ; -3.291     ; 2.846      ;
; 6.479 ; 74191:inst|f74191:sub|18~1          ; 74191:inst1|f74191:sub|19~_emulated ; in[0]        ; clk         ; -0.500       ; -3.291     ; 2.846      ;
; 6.479 ; 74191:inst|f74191:sub|18~1          ; 74191:inst|f74191:sub|16~_emulated  ; in[0]        ; clk         ; -0.500       ; -3.291     ; 2.846      ;
; 6.479 ; 74191:inst|f74191:sub|18~1          ; 74191:inst1|f74191:sub|18~_emulated ; in[0]        ; clk         ; -0.500       ; -3.291     ; 2.846      ;
; 6.484 ; 74191:inst|f74191:sub|18~1          ; 74191:inst|f74191:sub|17~_emulated  ; in[0]        ; clk         ; -0.500       ; -3.296     ; 2.846      ;
; 6.484 ; 74191:inst|f74191:sub|18~1          ; 74191:inst|f74191:sub|18~_emulated  ; in[0]        ; clk         ; -0.500       ; -3.296     ; 2.846      ;
; 6.484 ; 74191:inst|f74191:sub|18~1          ; 74191:inst|f74191:sub|19~_emulated  ; in[0]        ; clk         ; -0.500       ; -3.296     ; 2.846      ;
; 6.948 ; 74191:inst|f74191:sub|17~1          ; 74191:inst1|f74191:sub|17~_emulated ; in[0]        ; clk         ; -0.500       ; -3.291     ; 3.315      ;
; 6.948 ; 74191:inst|f74191:sub|17~1          ; 74191:inst1|f74191:sub|16~_emulated ; in[0]        ; clk         ; -0.500       ; -3.291     ; 3.315      ;
; 6.948 ; 74191:inst|f74191:sub|17~1          ; 74191:inst1|f74191:sub|19~_emulated ; in[0]        ; clk         ; -0.500       ; -3.291     ; 3.315      ;
; 6.948 ; 74191:inst|f74191:sub|17~1          ; 74191:inst|f74191:sub|16~_emulated  ; in[0]        ; clk         ; -0.500       ; -3.291     ; 3.315      ;
+-------+-------------------------------------+-------------------------------------+--------------+-------------+--------------+------------+------------+


------------------------------------------------
; Fast 1000mV -40C Model Metastability Summary ;
------------------------------------------------
No synchronizer chains to report.


+---------------------------------------------------------------------------------+
; Multicorner Timing Analysis Summary                                             ;
+------------------+----------+--------+----------+---------+---------------------+
; Clock            ; Setup    ; Hold   ; Recovery ; Removal ; Minimum Pulse Width ;
+------------------+----------+--------+----------+---------+---------------------+
; Worst-case Slack ; -13.122  ; -1.541 ; -12.782  ; 2.702   ; -3.000              ;
;  clk             ; -13.122  ; 0.660  ; -12.782  ; 2.702   ; -3.000              ;
;  in[0]           ; 0.678    ; -1.541 ; N/A      ; N/A     ; -3.000              ;
; Design-wide TNS  ; -103.94  ; -1.541 ; -102.231 ; 0.0     ; -20.104             ;
;  clk             ; -103.940 ; 0.000  ; -102.231 ; 0.000   ; -17.104             ;
;  in[0]           ; 0.000    ; -1.541 ; N/A      ; N/A     ; -3.000              ;
+------------------+----------+--------+----------+---------+---------------------+


+------------------------------------------------------------------------------------------------------------------------------------------------------------------------------------------------------------------------------------------------------------------------------------------------------------------------------------------------------------------------------------------------------------------+
; Board Trace Model Assignments                                                                                                                                                                                                                                                                                                                                                                                    ;
+---------------+--------------+-------------------+-------------------------+-------------------------+---------------+---------------------+----------------+------------------+--------+------------------+------------------------+------------------------+--------------+---------------+-----------------+-------+---------------------+--------------------+---------------+-----------------+-------------+
; Pin           ; I/O Standard ; Near Tline Length ; Near Tline L per Length ; Near Tline C per Length ; Near Series R ; Near Differential R ; Near Pull-up R ; Near Pull-down R ; Near C ; Far Tline Length ; Far Tline L per Length ; Far Tline C per Length ; Far Series R ; Far Pull-up R ; Far Pull-down R ; Far C ; Termination Voltage ; Far Differential R ; EBD File Name ; EBD Signal Name ; EBD Far-end ;
+---------------+--------------+-------------------+-------------------------+-------------------------+---------------+---------------------+----------------+------------------+--------+------------------+------------------------+------------------------+--------------+---------------+-----------------+-------+---------------------+--------------------+---------------+-----------------+-------------+
; div_clk       ; 2.5 V        ; 0 in              ; 0 H/in                  ; 0 F/in                  ; short         ; -                   ; open           ; open             ; open   ; 0 in             ; 0 H/in                 ; 0 F/in                 ; short        ; open          ; open            ; open  ; 0 V                 ; -                  ; n/a           ; n/a             ; n/a         ;
; out[7]        ; 2.5 V        ; 0 in              ; 0 H/in                  ; 0 F/in                  ; short         ; -                   ; open           ; open             ; open   ; 0 in             ; 0 H/in                 ; 0 F/in                 ; short        ; open          ; open            ; open  ; 0 V                 ; -                  ; n/a           ; n/a             ; n/a         ;
; out[6]        ; 2.5 V        ; 0 in              ; 0 H/in                  ; 0 F/in                  ; short         ; -                   ; open           ; open             ; open   ; 0 in             ; 0 H/in                 ; 0 F/in                 ; short        ; open          ; open            ; open  ; 0 V                 ; -                  ; n/a           ; n/a             ; n/a         ;
; out[5]        ; 2.5 V        ; 0 in              ; 0 H/in                  ; 0 F/in                  ; short         ; -                   ; open           ; open             ; open   ; 0 in             ; 0 H/in                 ; 0 F/in                 ; short        ; open          ; open            ; open  ; 0 V                 ; -                  ; n/a           ; n/a             ; n/a         ;
; out[4]        ; 2.5 V        ; 0 in              ; 0 H/in                  ; 0 F/in                  ; short         ; -                   ; open           ; open             ; open   ; 0 in             ; 0 H/in                 ; 0 F/in                 ; short        ; open          ; open            ; open  ; 0 V                 ; -                  ; n/a           ; n/a             ; n/a         ;
; out[3]        ; 2.5 V        ; 0 in              ; 0 H/in                  ; 0 F/in                  ; short         ; -                   ; open           ; open             ; open   ; 0 in             ; 0 H/in                 ; 0 F/in                 ; short        ; open          ; open            ; open  ; 0 V                 ; -                  ; n/a           ; n/a             ; n/a         ;
; out[2]        ; 2.5 V        ; 0 in              ; 0 H/in                  ; 0 F/in                  ; short         ; -                   ; open           ; open             ; open   ; 0 in             ; 0 H/in                 ; 0 F/in                 ; short        ; open          ; open            ; open  ; 0 V                 ; -                  ; n/a           ; n/a             ; n/a         ;
; out[1]        ; 2.5 V        ; 0 in              ; 0 H/in                  ; 0 F/in                  ; short         ; -                   ; open           ; open             ; open   ; 0 in             ; 0 H/in                 ; 0 F/in                 ; short        ; open          ; open            ; open  ; 0 V                 ; -                  ; n/a           ; n/a             ; n/a         ;
; out[0]        ; 2.5 V        ; 0 in              ; 0 H/in                  ; 0 F/in                  ; short         ; -                   ; open           ; open             ; open   ; 0 in             ; 0 H/in                 ; 0 F/in                 ; short        ; open          ; open            ; open  ; 0 V                 ; -                  ; n/a           ; n/a             ; n/a         ;
; ~ALTERA_DCLK~ ; 2.5 V        ; 0 in              ; 0 H/in                  ; 0 F/in                  ; short         ; -                   ; open           ; open             ; open   ; 0 in             ; 0 H/in                 ; 0 F/in                 ; short        ; open          ; open            ; open  ; 0 V                 ; -                  ; n/a           ; n/a             ; n/a         ;
; ~ALTERA_nCEO~ ; 2.5 V        ; 0 in              ; 0 H/in                  ; 0 F/in                  ; short         ; -                   ; open           ; open             ; open   ; 0 in             ; 0 H/in                 ; 0 F/in                 ; short        ; open          ; open            ; open  ; 0 V                 ; -                  ; n/a           ; n/a             ; n/a         ;
+---------------+--------------+-------------------+-------------------------+-------------------------+---------------+---------------------+----------------+------------------+--------+------------------+------------------------+------------------------+--------------+---------------+-----------------+-------+---------------------+--------------------+---------------+-----------------+-------------+


+----------------------------------------------------------------------------+
; Input Transition Times                                                     ;
+-------------------------+--------------+-----------------+-----------------+
; Pin                     ; I/O Standard ; 10-90 Rise Time ; 90-10 Fall Time ;
+-------------------------+--------------+-----------------+-----------------+
; in[0]                   ; 2.5 V        ; 2000 ps         ; 2000 ps         ;
; in[2]                   ; 2.5 V        ; 2000 ps         ; 2000 ps         ;
; in[3]                   ; 2.5 V        ; 2000 ps         ; 2000 ps         ;
; in[1]                   ; 2.5 V        ; 2000 ps         ; 2000 ps         ;
; in[4]                   ; 2.5 V        ; 2000 ps         ; 2000 ps         ;
; in[5]                   ; 2.5 V        ; 2000 ps         ; 2000 ps         ;
; in[7]                   ; 2.5 V        ; 2000 ps         ; 2000 ps         ;
; in[6]                   ; 2.5 V        ; 2000 ps         ; 2000 ps         ;
; clk                     ; 2.5 V        ; 2000 ps         ; 2000 ps         ;
; rst                     ; 2.5 V        ; 2000 ps         ; 2000 ps         ;
; ~ALTERA_ASDO_DATA1~     ; 2.5 V        ; 2000 ps         ; 2000 ps         ;
; ~ALTERA_FLASH_nCE_nCSO~ ; 2.5 V        ; 2000 ps         ; 2000 ps         ;
; ~ALTERA_DATA0~          ; 2.5 V        ; 2000 ps         ; 2000 ps         ;
+-------------------------+--------------+-----------------+-----------------+


+--------------------------------------------------------------------------------------------------------------------------------------------------------------------------------------------------------------------------------------------------------------------------------------------------------------------------------------------------------------------------------------------------------------------------------------------------------------------------------------------------------------------------------------------------------------------------------------------------------------------------------------------------------------------------------------------+
; Signal Integrity Metrics (Slow 1000mv n40c Model)                                                                                                                                                                                                                                                                                                                                                                                                                                                                                                                                                                                                                                          ;
+---------------+--------------+---------------------+---------------------+------------------------------+------------------------------+---------------------+---------------------+--------------------------------------+--------------------------------------+-----------------------------+-----------------------------+----------------------------+----------------------------+-----------------------------+-----------------------------+--------------------+--------------------+-------------------------------------+-------------------------------------+----------------------------+----------------------------+---------------------------+---------------------------+
; Pin           ; I/O Standard ; Board Delay on Rise ; Board Delay on Fall ; Steady State Voh at FPGA Pin ; Steady State Vol at FPGA Pin ; Voh Max at FPGA Pin ; Vol Min at FPGA Pin ; Ringback Voltage on Rise at FPGA Pin ; Ringback Voltage on Fall at FPGA Pin ; 10-90 Rise Time at FPGA Pin ; 90-10 Fall Time at FPGA Pin ; Monotonic Rise at FPGA Pin ; Monotonic Fall at FPGA Pin ; Steady State Voh at Far-end ; Steady State Vol at Far-end ; Voh Max at Far-end ; Vol Min at Far-end ; Ringback Voltage on Rise at Far-end ; Ringback Voltage on Fall at Far-end ; 10-90 Rise Time at Far-end ; 90-10 Fall Time at Far-end ; Monotonic Rise at Far-end ; Monotonic Fall at Far-end ;
+---------------+--------------+---------------------+---------------------+------------------------------+------------------------------+---------------------+---------------------+--------------------------------------+--------------------------------------+-----------------------------+-----------------------------+----------------------------+----------------------------+-----------------------------+-----------------------------+--------------------+--------------------+-------------------------------------+-------------------------------------+----------------------------+----------------------------+---------------------------+---------------------------+
; div_clk       ; 2.5 V        ; 0 s                 ; 0 s                 ; 2.32 V                       ; 1.77e-09 V                   ; 2.4 V               ; -0.0298 V           ; 0.177 V                              ; 0.04 V                               ; 2.77e-10 s                  ; 3.05e-10 s                  ; Yes                        ; Yes                        ; 2.32 V                      ; 1.77e-09 V                  ; 2.4 V              ; -0.0298 V          ; 0.177 V                             ; 0.04 V                              ; 2.77e-10 s                 ; 3.05e-10 s                 ; Yes                       ; Yes                       ;
; out[7]        ; 2.5 V        ; 0 s                 ; 0 s                 ; 2.32 V                       ; 1.77e-09 V                   ; 2.4 V               ; -0.0298 V           ; 0.177 V                              ; 0.04 V                               ; 2.77e-10 s                  ; 3.05e-10 s                  ; Yes                        ; Yes                        ; 2.32 V                      ; 1.77e-09 V                  ; 2.4 V              ; -0.0298 V          ; 0.177 V                             ; 0.04 V                              ; 2.77e-10 s                 ; 3.05e-10 s                 ; Yes                       ; Yes                       ;
; out[6]        ; 2.5 V        ; 0 s                 ; 0 s                 ; 2.32 V                       ; 1.77e-09 V                   ; 2.4 V               ; -0.0298 V           ; 0.177 V                              ; 0.04 V                               ; 2.77e-10 s                  ; 3.05e-10 s                  ; Yes                        ; Yes                        ; 2.32 V                      ; 1.77e-09 V                  ; 2.4 V              ; -0.0298 V          ; 0.177 V                             ; 0.04 V                              ; 2.77e-10 s                 ; 3.05e-10 s                 ; Yes                       ; Yes                       ;
; out[5]        ; 2.5 V        ; 0 s                 ; 0 s                 ; 2.32 V                       ; 1.77e-09 V                   ; 2.4 V               ; -0.0298 V           ; 0.177 V                              ; 0.04 V                               ; 2.77e-10 s                  ; 3.05e-10 s                  ; Yes                        ; Yes                        ; 2.32 V                      ; 1.77e-09 V                  ; 2.4 V              ; -0.0298 V          ; 0.177 V                             ; 0.04 V                              ; 2.77e-10 s                 ; 3.05e-10 s                 ; Yes                       ; Yes                       ;
; out[4]        ; 2.5 V        ; 0 s                 ; 0 s                 ; 2.32 V                       ; 1.77e-09 V                   ; 2.4 V               ; -0.0298 V           ; 0.177 V                              ; 0.04 V                               ; 2.77e-10 s                  ; 3.05e-10 s                  ; Yes                        ; Yes                        ; 2.32 V                      ; 1.77e-09 V                  ; 2.4 V              ; -0.0298 V          ; 0.177 V                             ; 0.04 V                              ; 2.77e-10 s                 ; 3.05e-10 s                 ; Yes                       ; Yes                       ;
; out[3]        ; 2.5 V        ; 0 s                 ; 0 s                 ; 2.32 V                       ; 1.77e-09 V                   ; 2.4 V               ; -0.0298 V           ; 0.177 V                              ; 0.04 V                               ; 2.77e-10 s                  ; 3.05e-10 s                  ; Yes                        ; Yes                        ; 2.32 V                      ; 1.77e-09 V                  ; 2.4 V              ; -0.0298 V          ; 0.177 V                             ; 0.04 V                              ; 2.77e-10 s                 ; 3.05e-10 s                 ; Yes                       ; Yes                       ;
; out[2]        ; 2.5 V        ; 0 s                 ; 0 s                 ; 2.32 V                       ; 1.77e-09 V                   ; 2.4 V               ; -0.0298 V           ; 0.177 V                              ; 0.04 V                               ; 2.77e-10 s                  ; 3.05e-10 s                  ; Yes                        ; Yes                        ; 2.32 V                      ; 1.77e-09 V                  ; 2.4 V              ; -0.0298 V          ; 0.177 V                             ; 0.04 V                              ; 2.77e-10 s                 ; 3.05e-10 s                 ; Yes                       ; Yes                       ;
; out[1]        ; 2.5 V        ; 0 s                 ; 0 s                 ; 2.32 V                       ; 1.77e-09 V                   ; 2.4 V               ; -0.0298 V           ; 0.177 V                              ; 0.04 V                               ; 2.77e-10 s                  ; 3.05e-10 s                  ; Yes                        ; Yes                        ; 2.32 V                      ; 1.77e-09 V                  ; 2.4 V              ; -0.0298 V          ; 0.177 V                             ; 0.04 V                              ; 2.77e-10 s                 ; 3.05e-10 s                 ; Yes                       ; Yes                       ;
; out[0]        ; 2.5 V        ; 0 s                 ; 0 s                 ; 2.32 V                       ; 1.77e-09 V                   ; 2.4 V               ; -0.0298 V           ; 0.177 V                              ; 0.04 V                               ; 2.77e-10 s                  ; 3.05e-10 s                  ; Yes                        ; Yes                        ; 2.32 V                      ; 1.77e-09 V                  ; 2.4 V              ; -0.0298 V          ; 0.177 V                             ; 0.04 V                              ; 2.77e-10 s                 ; 3.05e-10 s                 ; Yes                       ; Yes                       ;
; ~ALTERA_DCLK~ ; 2.5 V        ; 0 s                 ; 0 s                 ; 2.32 V                       ; 8.78e-10 V                   ; 2.4 V               ; -0.0686 V           ; 0.125 V                              ; 0.094 V                              ; 2.65e-10 s                  ; 2.36e-10 s                  ; Yes                        ; Yes                        ; 2.32 V                      ; 8.78e-10 V                  ; 2.4 V              ; -0.0686 V          ; 0.125 V                             ; 0.094 V                             ; 2.65e-10 s                 ; 2.36e-10 s                 ; Yes                       ; Yes                       ;
; ~ALTERA_nCEO~ ; 2.5 V        ; 0 s                 ; 0 s                 ; 2.32 V                       ; 1.6e-09 V                    ; 2.4 V               ; -0.0251 V           ; 0.127 V                              ; 0.069 V                              ; 4.5e-10 s                   ; 5.62e-10 s                  ; No                         ; Yes                        ; 2.32 V                      ; 1.6e-09 V                   ; 2.4 V              ; -0.0251 V          ; 0.127 V                             ; 0.069 V                             ; 4.5e-10 s                  ; 5.62e-10 s                 ; No                        ; Yes                       ;
+---------------+--------------+---------------------+---------------------+------------------------------+------------------------------+---------------------+---------------------+--------------------------------------+--------------------------------------+-----------------------------+-----------------------------+----------------------------+----------------------------+-----------------------------+-----------------------------+--------------------+--------------------+-------------------------------------+-------------------------------------+----------------------------+----------------------------+---------------------------+---------------------------+


+--------------------------------------------------------------------------------------------------------------------------------------------------------------------------------------------------------------------------------------------------------------------------------------------------------------------------------------------------------------------------------------------------------------------------------------------------------------------------------------------------------------------------------------------------------------------------------------------------------------------------------------------------------------------------------------------+
; Signal Integrity Metrics (Slow 1000mv 100c Model)                                                                                                                                                                                                                                                                                                                                                                                                                                                                                                                                                                                                                                          ;
+---------------+--------------+---------------------+---------------------+------------------------------+------------------------------+---------------------+---------------------+--------------------------------------+--------------------------------------+-----------------------------+-----------------------------+----------------------------+----------------------------+-----------------------------+-----------------------------+--------------------+--------------------+-------------------------------------+-------------------------------------+----------------------------+----------------------------+---------------------------+---------------------------+
; Pin           ; I/O Standard ; Board Delay on Rise ; Board Delay on Fall ; Steady State Voh at FPGA Pin ; Steady State Vol at FPGA Pin ; Voh Max at FPGA Pin ; Vol Min at FPGA Pin ; Ringback Voltage on Rise at FPGA Pin ; Ringback Voltage on Fall at FPGA Pin ; 10-90 Rise Time at FPGA Pin ; 90-10 Fall Time at FPGA Pin ; Monotonic Rise at FPGA Pin ; Monotonic Fall at FPGA Pin ; Steady State Voh at Far-end ; Steady State Vol at Far-end ; Voh Max at Far-end ; Vol Min at Far-end ; Ringback Voltage on Rise at Far-end ; Ringback Voltage on Fall at Far-end ; 10-90 Rise Time at Far-end ; 90-10 Fall Time at Far-end ; Monotonic Rise at Far-end ; Monotonic Fall at Far-end ;
+---------------+--------------+---------------------+---------------------+------------------------------+------------------------------+---------------------+---------------------+--------------------------------------+--------------------------------------+-----------------------------+-----------------------------+----------------------------+----------------------------+-----------------------------+-----------------------------+--------------------+--------------------+-------------------------------------+-------------------------------------+----------------------------+----------------------------+---------------------------+---------------------------+
; div_clk       ; 2.5 V        ; 0 s                 ; 0 s                 ; 2.32 V                       ; 2.18e-06 V                   ; 2.35 V              ; -0.0275 V           ; 0.112 V                              ; 0.049 V                              ; 4.57e-10 s                  ; 4.37e-10 s                  ; Yes                        ; Yes                        ; 2.32 V                      ; 2.18e-06 V                  ; 2.35 V             ; -0.0275 V          ; 0.112 V                             ; 0.049 V                             ; 4.57e-10 s                 ; 4.37e-10 s                 ; Yes                       ; Yes                       ;
; out[7]        ; 2.5 V        ; 0 s                 ; 0 s                 ; 2.32 V                       ; 2.18e-06 V                   ; 2.35 V              ; -0.0275 V           ; 0.112 V                              ; 0.049 V                              ; 4.57e-10 s                  ; 4.37e-10 s                  ; Yes                        ; Yes                        ; 2.32 V                      ; 2.18e-06 V                  ; 2.35 V             ; -0.0275 V          ; 0.112 V                             ; 0.049 V                             ; 4.57e-10 s                 ; 4.37e-10 s                 ; Yes                       ; Yes                       ;
; out[6]        ; 2.5 V        ; 0 s                 ; 0 s                 ; 2.32 V                       ; 2.18e-06 V                   ; 2.35 V              ; -0.0275 V           ; 0.112 V                              ; 0.049 V                              ; 4.57e-10 s                  ; 4.37e-10 s                  ; Yes                        ; Yes                        ; 2.32 V                      ; 2.18e-06 V                  ; 2.35 V             ; -0.0275 V          ; 0.112 V                             ; 0.049 V                             ; 4.57e-10 s                 ; 4.37e-10 s                 ; Yes                       ; Yes                       ;
; out[5]        ; 2.5 V        ; 0 s                 ; 0 s                 ; 2.32 V                       ; 2.18e-06 V                   ; 2.35 V              ; -0.0275 V           ; 0.112 V                              ; 0.049 V                              ; 4.57e-10 s                  ; 4.37e-10 s                  ; Yes                        ; Yes                        ; 2.32 V                      ; 2.18e-06 V                  ; 2.35 V             ; -0.0275 V          ; 0.112 V                             ; 0.049 V                             ; 4.57e-10 s                 ; 4.37e-10 s                 ; Yes                       ; Yes                       ;
; out[4]        ; 2.5 V        ; 0 s                 ; 0 s                 ; 2.32 V                       ; 2.18e-06 V                   ; 2.35 V              ; -0.0275 V           ; 0.112 V                              ; 0.049 V                              ; 4.57e-10 s                  ; 4.37e-10 s                  ; Yes                        ; Yes                        ; 2.32 V                      ; 2.18e-06 V                  ; 2.35 V             ; -0.0275 V          ; 0.112 V                             ; 0.049 V                             ; 4.57e-10 s                 ; 4.37e-10 s                 ; Yes                       ; Yes                       ;
; out[3]        ; 2.5 V        ; 0 s                 ; 0 s                 ; 2.32 V                       ; 2.18e-06 V                   ; 2.35 V              ; -0.0275 V           ; 0.112 V                              ; 0.049 V                              ; 4.57e-10 s                  ; 4.37e-10 s                  ; Yes                        ; Yes                        ; 2.32 V                      ; 2.18e-06 V                  ; 2.35 V             ; -0.0275 V          ; 0.112 V                             ; 0.049 V                             ; 4.57e-10 s                 ; 4.37e-10 s                 ; Yes                       ; Yes                       ;
; out[2]        ; 2.5 V        ; 0 s                 ; 0 s                 ; 2.32 V                       ; 2.18e-06 V                   ; 2.35 V              ; -0.0275 V           ; 0.112 V                              ; 0.049 V                              ; 4.57e-10 s                  ; 4.37e-10 s                  ; Yes                        ; Yes                        ; 2.32 V                      ; 2.18e-06 V                  ; 2.35 V             ; -0.0275 V          ; 0.112 V                             ; 0.049 V                             ; 4.57e-10 s                 ; 4.37e-10 s                 ; Yes                       ; Yes                       ;
; out[1]        ; 2.5 V        ; 0 s                 ; 0 s                 ; 2.32 V                       ; 2.18e-06 V                   ; 2.35 V              ; -0.0275 V           ; 0.112 V                              ; 0.049 V                              ; 4.57e-10 s                  ; 4.37e-10 s                  ; Yes                        ; Yes                        ; 2.32 V                      ; 2.18e-06 V                  ; 2.35 V             ; -0.0275 V          ; 0.112 V                             ; 0.049 V                             ; 4.57e-10 s                 ; 4.37e-10 s                 ; Yes                       ; Yes                       ;
; out[0]        ; 2.5 V        ; 0 s                 ; 0 s                 ; 2.32 V                       ; 2.18e-06 V                   ; 2.35 V              ; -0.0275 V           ; 0.112 V                              ; 0.049 V                              ; 4.57e-10 s                  ; 4.37e-10 s                  ; Yes                        ; Yes                        ; 2.32 V                      ; 2.18e-06 V                  ; 2.35 V             ; -0.0275 V          ; 0.112 V                             ; 0.049 V                             ; 4.57e-10 s                 ; 4.37e-10 s                 ; Yes                       ; Yes                       ;
; ~ALTERA_DCLK~ ; 2.5 V        ; 0 s                 ; 0 s                 ; 2.32 V                       ; 1.18e-06 V                   ; 2.35 V              ; -0.0248 V           ; 0.076 V                              ; 0.049 V                              ; 4.18e-10 s                  ; 3.71e-10 s                  ; Yes                        ; Yes                        ; 2.32 V                      ; 1.18e-06 V                  ; 2.35 V             ; -0.0248 V          ; 0.076 V                             ; 0.049 V                             ; 4.18e-10 s                 ; 3.71e-10 s                 ; Yes                       ; Yes                       ;
; ~ALTERA_nCEO~ ; 2.5 V        ; 0 s                 ; 0 s                 ; 2.32 V                       ; 1.94e-06 V                   ; 2.35 V              ; -0.0163 V           ; 0.084 V                              ; 0.054 V                              ; 5.57e-10 s                  ; 7.93e-10 s                  ; Yes                        ; Yes                        ; 2.32 V                      ; 1.94e-06 V                  ; 2.35 V             ; -0.0163 V          ; 0.084 V                             ; 0.054 V                             ; 5.57e-10 s                 ; 7.93e-10 s                 ; Yes                       ; Yes                       ;
+---------------+--------------+---------------------+---------------------+------------------------------+------------------------------+---------------------+---------------------+--------------------------------------+--------------------------------------+-----------------------------+-----------------------------+----------------------------+----------------------------+-----------------------------+-----------------------------+--------------------+--------------------+-------------------------------------+-------------------------------------+----------------------------+----------------------------+---------------------------+---------------------------+


+--------------------------------------------------------------------------------------------------------------------------------------------------------------------------------------------------------------------------------------------------------------------------------------------------------------------------------------------------------------------------------------------------------------------------------------------------------------------------------------------------------------------------------------------------------------------------------------------------------------------------------------------------------------------------------------------+
; Signal Integrity Metrics (Fast 1000mv n40c Model)                                                                                                                                                                                                                                                                                                                                                                                                                                                                                                                                                                                                                                          ;
+---------------+--------------+---------------------+---------------------+------------------------------+------------------------------+---------------------+---------------------+--------------------------------------+--------------------------------------+-----------------------------+-----------------------------+----------------------------+----------------------------+-----------------------------+-----------------------------+--------------------+--------------------+-------------------------------------+-------------------------------------+----------------------------+----------------------------+---------------------------+---------------------------+
; Pin           ; I/O Standard ; Board Delay on Rise ; Board Delay on Fall ; Steady State Voh at FPGA Pin ; Steady State Vol at FPGA Pin ; Voh Max at FPGA Pin ; Vol Min at FPGA Pin ; Ringback Voltage on Rise at FPGA Pin ; Ringback Voltage on Fall at FPGA Pin ; 10-90 Rise Time at FPGA Pin ; 90-10 Fall Time at FPGA Pin ; Monotonic Rise at FPGA Pin ; Monotonic Fall at FPGA Pin ; Steady State Voh at Far-end ; Steady State Vol at Far-end ; Voh Max at Far-end ; Vol Min at Far-end ; Ringback Voltage on Rise at Far-end ; Ringback Voltage on Fall at Far-end ; 10-90 Rise Time at Far-end ; 90-10 Fall Time at Far-end ; Monotonic Rise at Far-end ; Monotonic Fall at Far-end ;
+---------------+--------------+---------------------+---------------------+------------------------------+------------------------------+---------------------+---------------------+--------------------------------------+--------------------------------------+-----------------------------+-----------------------------+----------------------------+----------------------------+-----------------------------+-----------------------------+--------------------+--------------------+-------------------------------------+-------------------------------------+----------------------------+----------------------------+---------------------------+---------------------------+
; div_clk       ; 2.5 V        ; 0 s                 ; 0 s                 ; 2.62 V                       ; 3.42e-09 V                   ; 2.75 V              ; -0.0579 V           ; 0.171 V                              ; 0.109 V                              ; 2.62e-10 s                  ; 2.4e-10 s                   ; Yes                        ; Yes                        ; 2.62 V                      ; 3.42e-09 V                  ; 2.75 V             ; -0.0579 V          ; 0.171 V                             ; 0.109 V                             ; 2.62e-10 s                 ; 2.4e-10 s                  ; Yes                       ; Yes                       ;
; out[7]        ; 2.5 V        ; 0 s                 ; 0 s                 ; 2.62 V                       ; 3.42e-09 V                   ; 2.75 V              ; -0.0579 V           ; 0.171 V                              ; 0.109 V                              ; 2.62e-10 s                  ; 2.4e-10 s                   ; Yes                        ; Yes                        ; 2.62 V                      ; 3.42e-09 V                  ; 2.75 V             ; -0.0579 V          ; 0.171 V                             ; 0.109 V                             ; 2.62e-10 s                 ; 2.4e-10 s                  ; Yes                       ; Yes                       ;
; out[6]        ; 2.5 V        ; 0 s                 ; 0 s                 ; 2.62 V                       ; 3.42e-09 V                   ; 2.75 V              ; -0.0579 V           ; 0.171 V                              ; 0.109 V                              ; 2.62e-10 s                  ; 2.4e-10 s                   ; Yes                        ; Yes                        ; 2.62 V                      ; 3.42e-09 V                  ; 2.75 V             ; -0.0579 V          ; 0.171 V                             ; 0.109 V                             ; 2.62e-10 s                 ; 2.4e-10 s                  ; Yes                       ; Yes                       ;
; out[5]        ; 2.5 V        ; 0 s                 ; 0 s                 ; 2.62 V                       ; 3.42e-09 V                   ; 2.75 V              ; -0.0579 V           ; 0.171 V                              ; 0.109 V                              ; 2.62e-10 s                  ; 2.4e-10 s                   ; Yes                        ; Yes                        ; 2.62 V                      ; 3.42e-09 V                  ; 2.75 V             ; -0.0579 V          ; 0.171 V                             ; 0.109 V                             ; 2.62e-10 s                 ; 2.4e-10 s                  ; Yes                       ; Yes                       ;
; out[4]        ; 2.5 V        ; 0 s                 ; 0 s                 ; 2.62 V                       ; 3.42e-09 V                   ; 2.75 V              ; -0.0579 V           ; 0.171 V                              ; 0.109 V                              ; 2.62e-10 s                  ; 2.4e-10 s                   ; Yes                        ; Yes                        ; 2.62 V                      ; 3.42e-09 V                  ; 2.75 V             ; -0.0579 V          ; 0.171 V                             ; 0.109 V                             ; 2.62e-10 s                 ; 2.4e-10 s                  ; Yes                       ; Yes                       ;
; out[3]        ; 2.5 V        ; 0 s                 ; 0 s                 ; 2.62 V                       ; 3.42e-09 V                   ; 2.75 V              ; -0.0579 V           ; 0.171 V                              ; 0.109 V                              ; 2.62e-10 s                  ; 2.4e-10 s                   ; Yes                        ; Yes                        ; 2.62 V                      ; 3.42e-09 V                  ; 2.75 V             ; -0.0579 V          ; 0.171 V                             ; 0.109 V                             ; 2.62e-10 s                 ; 2.4e-10 s                  ; Yes                       ; Yes                       ;
; out[2]        ; 2.5 V        ; 0 s                 ; 0 s                 ; 2.62 V                       ; 3.42e-09 V                   ; 2.75 V              ; -0.0579 V           ; 0.171 V                              ; 0.109 V                              ; 2.62e-10 s                  ; 2.4e-10 s                   ; Yes                        ; Yes                        ; 2.62 V                      ; 3.42e-09 V                  ; 2.75 V             ; -0.0579 V          ; 0.171 V                             ; 0.109 V                             ; 2.62e-10 s                 ; 2.4e-10 s                  ; Yes                       ; Yes                       ;
; out[1]        ; 2.5 V        ; 0 s                 ; 0 s                 ; 2.62 V                       ; 3.42e-09 V                   ; 2.75 V              ; -0.0579 V           ; 0.171 V                              ; 0.109 V                              ; 2.62e-10 s                  ; 2.4e-10 s                   ; Yes                        ; Yes                        ; 2.62 V                      ; 3.42e-09 V                  ; 2.75 V             ; -0.0579 V          ; 0.171 V                             ; 0.109 V                             ; 2.62e-10 s                 ; 2.4e-10 s                  ; Yes                       ; Yes                       ;
; out[0]        ; 2.5 V        ; 0 s                 ; 0 s                 ; 2.62 V                       ; 3.42e-09 V                   ; 2.75 V              ; -0.0579 V           ; 0.171 V                              ; 0.109 V                              ; 2.62e-10 s                  ; 2.4e-10 s                   ; Yes                        ; Yes                        ; 2.62 V                      ; 3.42e-09 V                  ; 2.75 V             ; -0.0579 V          ; 0.171 V                             ; 0.109 V                             ; 2.62e-10 s                 ; 2.4e-10 s                  ; Yes                       ; Yes                       ;
; ~ALTERA_DCLK~ ; 2.5 V        ; 0 s                 ; 0 s                 ; 2.62 V                       ; 2.17e-09 V                   ; 2.78 V              ; -0.0934 V           ; 0.191 V                              ; 0.111 V                              ; 2.64e-10 s                  ; 1.98e-10 s                  ; No                         ; Yes                        ; 2.62 V                      ; 2.17e-09 V                  ; 2.78 V             ; -0.0934 V          ; 0.191 V                             ; 0.111 V                             ; 2.64e-10 s                 ; 1.98e-10 s                 ; No                        ; Yes                       ;
; ~ALTERA_nCEO~ ; 2.5 V        ; 0 s                 ; 0 s                 ; 2.62 V                       ; 2.9e-09 V                    ; 2.73 V              ; -0.0133 V           ; 0.23 V                               ; 0.032 V                              ; 2.9e-10 s                   ; 4.45e-10 s                  ; Yes                        ; Yes                        ; 2.62 V                      ; 2.9e-09 V                   ; 2.73 V             ; -0.0133 V          ; 0.23 V                              ; 0.032 V                             ; 2.9e-10 s                  ; 4.45e-10 s                 ; Yes                       ; Yes                       ;
+---------------+--------------+---------------------+---------------------+------------------------------+------------------------------+---------------------+---------------------+--------------------------------------+--------------------------------------+-----------------------------+-----------------------------+----------------------------+----------------------------+-----------------------------+-----------------------------+--------------------+--------------------+-------------------------------------+-------------------------------------+----------------------------+----------------------------+---------------------------+---------------------------+


+-------------------------------------------------------------------+
; Setup Transfers                                                   ;
+------------+----------+----------+----------+----------+----------+
; From Clock ; To Clock ; RR Paths ; FR Paths ; RF Paths ; FF Paths ;
+------------+----------+----------+----------+----------+----------+
; clk        ; clk      ; 200      ; 0        ; 0        ; 0        ;
; in[0]      ; clk      ; 25       ; 233      ; 0        ; 0        ;
; in[0]      ; in[0]    ; 0        ; 0        ; 1        ; 1        ;
+------------+----------+----------+----------+----------+----------+
Entries labeled "false path" only account for clock-to-clock false paths and not path-based false paths. As a result, actual path counts may be lower than reported.


+-------------------------------------------------------------------+
; Hold Transfers                                                    ;
+------------+----------+----------+----------+----------+----------+
; From Clock ; To Clock ; RR Paths ; FR Paths ; RF Paths ; FF Paths ;
+------------+----------+----------+----------+----------+----------+
; clk        ; clk      ; 200      ; 0        ; 0        ; 0        ;
; in[0]      ; clk      ; 25       ; 233      ; 0        ; 0        ;
; in[0]      ; in[0]    ; 0        ; 0        ; 1        ; 1        ;
+------------+----------+----------+----------+----------+----------+
Entries labeled "false path" only account for clock-to-clock false paths and not path-based false paths. As a result, actual path counts may be lower than reported.


+-------------------------------------------------------------------+
; Recovery Transfers                                                ;
+------------+----------+----------+----------+----------+----------+
; From Clock ; To Clock ; RR Paths ; FR Paths ; RF Paths ; FF Paths ;
+------------+----------+----------+----------+----------+----------+
; clk        ; clk      ; 64       ; 0        ; 0        ; 0        ;
; in[0]      ; clk      ; 8        ; 72       ; 0        ; 0        ;
+------------+----------+----------+----------+----------+----------+
Entries labeled "false path" only account for clock-to-clock false paths and not path-based false paths. As a result, actual path counts may be lower than reported.


+-------------------------------------------------------------------+
; Removal Transfers                                                 ;
+------------+----------+----------+----------+----------+----------+
; From Clock ; To Clock ; RR Paths ; FR Paths ; RF Paths ; FF Paths ;
+------------+----------+----------+----------+----------+----------+
; clk        ; clk      ; 64       ; 0        ; 0        ; 0        ;
; in[0]      ; clk      ; 8        ; 72       ; 0        ; 0        ;
+------------+----------+----------+----------+----------+----------+
Entries labeled "false path" only account for clock-to-clock false paths and not path-based false paths. As a result, actual path counts may be lower than reported.


---------------
; Report TCCS ;
---------------
No dedicated SERDES Transmitter circuitry present in device or used in design


---------------
; Report RSKM ;
---------------
No non-DPA dedicated SERDES Receiver circuitry present in device or used in design


+------------------------------------------------+
; Unconstrained Paths Summary                    ;
+---------------------------------+-------+------+
; Property                        ; Setup ; Hold ;
+---------------------------------+-------+------+
; Illegal Clocks                  ; 0     ; 0    ;
; Unconstrained Clocks            ; 0     ; 0    ;
; Unconstrained Input Ports       ; 9     ; 9    ;
; Unconstrained Input Port Paths  ; 152   ; 152  ;
; Unconstrained Output Ports      ; 9     ; 9    ;
; Unconstrained Output Port Paths ; 225   ; 225  ;
+---------------------------------+-------+------+


+-------------------------------------+
; Clock Status Summary                ;
+--------+-------+------+-------------+
; Target ; Clock ; Type ; Status      ;
+--------+-------+------+-------------+
; clk    ; clk   ; Base ; Constrained ;
; in[0]  ; in[0] ; Base ; Constrained ;
+--------+-------+------+-------------+


+---------------------------------------------------------------------------------------------------+
; Unconstrained Input Ports                                                                         ;
+------------+--------------------------------------------------------------------------------------+
; Input Port ; Comment                                                                              ;
+------------+--------------------------------------------------------------------------------------+
; in[0]      ; No input delay, min/max delays, false-path exceptions, or max skew assignments found ;
; in[1]      ; No input delay, min/max delays, false-path exceptions, or max skew assignments found ;
; in[2]      ; No input delay, min/max delays, false-path exceptions, or max skew assignments found ;
; in[3]      ; No input delay, min/max delays, false-path exceptions, or max skew assignments found ;
; in[4]      ; No input delay, min/max delays, false-path exceptions, or max skew assignments found ;
; in[5]      ; No input delay, min/max delays, false-path exceptions, or max skew assignments found ;
; in[6]      ; No input delay, min/max delays, false-path exceptions, or max skew assignments found ;
; in[7]      ; No input delay, min/max delays, false-path exceptions, or max skew assignments found ;
; rst        ; No input delay, min/max delays, false-path exceptions, or max skew assignments found ;
+------------+--------------------------------------------------------------------------------------+


+-----------------------------------------------------------------------------------------------------+
; Unconstrained Output Ports                                                                          ;
+-------------+---------------------------------------------------------------------------------------+
; Output Port ; Comment                                                                               ;
+-------------+---------------------------------------------------------------------------------------+
; div_clk     ; No output delay, min/max delays, false-path exceptions, or max skew assignments found ;
; out[0]      ; No output delay, min/max delays, false-path exceptions, or max skew assignments found ;
; out[1]      ; No output delay, min/max delays, false-path exceptions, or max skew assignments found ;
; out[2]      ; No output delay, min/max delays, false-path exceptions, or max skew assignments found ;
; out[3]      ; No output delay, min/max delays, false-path exceptions, or max skew assignments found ;
; out[4]      ; No output delay, min/max delays, false-path exceptions, or max skew assignments found ;
; out[5]      ; No output delay, min/max delays, false-path exceptions, or max skew assignments found ;
; out[6]      ; No output delay, min/max delays, false-path exceptions, or max skew assignments found ;
; out[7]      ; No output delay, min/max delays, false-path exceptions, or max skew assignments found ;
+-------------+---------------------------------------------------------------------------------------+


+---------------------------------------------------------------------------------------------------+
; Unconstrained Input Ports                                                                         ;
+------------+--------------------------------------------------------------------------------------+
; Input Port ; Comment                                                                              ;
+------------+--------------------------------------------------------------------------------------+
; in[0]      ; No input delay, min/max delays, false-path exceptions, or max skew assignments found ;
; in[1]      ; No input delay, min/max delays, false-path exceptions, or max skew assignments found ;
; in[2]      ; No input delay, min/max delays, false-path exceptions, or max skew assignments found ;
; in[3]      ; No input delay, min/max delays, false-path exceptions, or max skew assignments found ;
; in[4]      ; No input delay, min/max delays, false-path exceptions, or max skew assignments found ;
; in[5]      ; No input delay, min/max delays, false-path exceptions, or max skew assignments found ;
; in[6]      ; No input delay, min/max delays, false-path exceptions, or max skew assignments found ;
; in[7]      ; No input delay, min/max delays, false-path exceptions, or max skew assignments found ;
; rst        ; No input delay, min/max delays, false-path exceptions, or max skew assignments found ;
+------------+--------------------------------------------------------------------------------------+


+-----------------------------------------------------------------------------------------------------+
; Unconstrained Output Ports                                                                          ;
+-------------+---------------------------------------------------------------------------------------+
; Output Port ; Comment                                                                               ;
+-------------+---------------------------------------------------------------------------------------+
; div_clk     ; No output delay, min/max delays, false-path exceptions, or max skew assignments found ;
; out[0]      ; No output delay, min/max delays, false-path exceptions, or max skew assignments found ;
; out[1]      ; No output delay, min/max delays, false-path exceptions, or max skew assignments found ;
; out[2]      ; No output delay, min/max delays, false-path exceptions, or max skew assignments found ;
; out[3]      ; No output delay, min/max delays, false-path exceptions, or max skew assignments found ;
; out[4]      ; No output delay, min/max delays, false-path exceptions, or max skew assignments found ;
; out[5]      ; No output delay, min/max delays, false-path exceptions, or max skew assignments found ;
; out[6]      ; No output delay, min/max delays, false-path exceptions, or max skew assignments found ;
; out[7]      ; No output delay, min/max delays, false-path exceptions, or max skew assignments found ;
+-------------+---------------------------------------------------------------------------------------+


+--------------------------+
; Timing Analyzer Messages ;
+--------------------------+
Info: *******************************************************************
Info: Running Quartus Prime Timing Analyzer
    Info: Version 20.1.0 Build 711 06/05/2020 SJ Lite Edition
    Info: Processing started: Mon May 25 02:02:19 2026
Info: Command: quartus_sta 3-A -c 3-A
Info: qsta_default_script.tcl version: #1
Warning (18236): Number of processors has not been specified which may cause overloading on shared machines.  Set the global assignment NUM_PARALLEL_PROCESSORS in your QSF to an appropriate value for best performance.
Info (20030): Parallel compilation is enabled and will use 12 of the 12 processors detected
Info (21077): Low junction temperature is -40 degrees C
Info (21077): High junction temperature is 100 degrees C
Warning (335093): The Timing Analyzer is analyzing 8 combinational loops as latches. For more details, run the Check Timing command in the Timing Analyzer or view the "User-Specified and Inferred Latches" table in the Analysis & Synthesis report.
Critical Warning (332012): Synopsys Design Constraints File file not found: '3-A.sdc'. A Synopsys Design Constraints File is required by the Timing Analyzer to get proper timing constraints. Without it, the Compiler will not properly optimize the design.
Info (332142): No user constrained base clocks found in the design. Calling "derive_clocks -period 1.0"
Info (332105): Deriving Clocks
    Info (332105): create_clock -period 1.000 -name clk clk
    Info (332105): create_clock -period 1.000 -name in[0] in[0]
Warning (332125): Found combinational loop of 29 nodes
    Warning (332126): Node "inst1|sub|104|datad"
    Warning (332126): Node "inst1|sub|104|combout"
    Warning (332126): Node "inst|sub|78|datab"
    Warning (332126): Node "inst|sub|78|combout"
    Warning (332126): Node "inst3|4|dataa"
    Warning (332126): Node "inst3|4|combout"
    Warning (332126): Node "inst1|sub|18~2|datab"
    Warning (332126): Node "inst1|sub|18~2|combout"
    Warning (332126): Node "inst|sub|19~2|dataa"
    Warning (332126): Node "inst|sub|19~2|combout"
    Warning (332126): Node "inst3|4|datad"
    Warning (332126): Node "inst|sub|18~2|dataa"
    Warning (332126): Node "inst|sub|18~2|combout"
    Warning (332126): Node "inst3|4|datac"
    Warning (332126): Node "inst|sub|17~2|dataa"
    Warning (332126): Node "inst|sub|17~2|combout"
    Warning (332126): Node "inst|sub|78|datad"
    Warning (332126): Node "inst|sub|16~2|dataa"
    Warning (332126): Node "inst|sub|16~2|combout"
    Warning (332126): Node "inst|sub|78|datac"
    Warning (332126): Node "inst1|sub|19~2|datab"
    Warning (332126): Node "inst1|sub|19~2|combout"
    Warning (332126): Node "inst1|sub|104|datac"
    Warning (332126): Node "inst1|sub|17~2|datab"
    Warning (332126): Node "inst1|sub|17~2|combout"
    Warning (332126): Node "inst1|sub|104|dataa"
    Warning (332126): Node "inst1|sub|16~2|datab"
    Warning (332126): Node "inst1|sub|16~2|combout"
    Warning (332126): Node "inst1|sub|104|datab"
Info (332097): The following timing edges are non-unate.  The Timing Analyzer will assume pos-unate behavior for these edges in the clock network.
    Info (332098): From: inst1|sub|16~2|datad  to: inst1|sub|17~2|combout
Info (332143): No user constrained clock uncertainty found in the design. Calling "derive_clock_uncertainty"
Info (332123): Deriving Clock Uncertainty. Please refer to report_sdc in the Timing Analyzer to see clock uncertainties.
Info: Found TIMING_ANALYZER_REPORT_SCRIPT_INCLUDE_DEFAULT_ANALYSIS = ON
Info: Analyzing Slow 1000mV 100C Model
Critical Warning (332148): Timing requirements not met
    Info (11105): For recommendations on closing timing, run Report Timing Closure Recommendations in the Timing Analyzer.
Info (332146): Worst-case setup slack is -13.122
    Info (332119):     Slack       End Point TNS Clock 
    Info (332119): ========= =================== =====================
    Info (332119):   -13.122            -103.940 clk 
    Info (332119):     0.767               0.000 in[0] 
Info (332146): Worst-case hold slack is -1.501
    Info (332119):     Slack       End Point TNS Clock 
    Info (332119): ========= =================== =====================
    Info (332119):    -1.501              -1.501 in[0] 
    Info (332119):     1.309               0.000 clk 
Info (332146): Worst-case recovery slack is -12.782
    Info (332119):     Slack       End Point TNS Clock 
    Info (332119): ========= =================== =====================
    Info (332119):   -12.782            -102.231 clk 
Info (332146): Worst-case removal slack is 4.764
    Info (332119):     Slack       End Point TNS Clock 
    Info (332119): ========= =================== =====================
    Info (332119):     4.764               0.000 clk 
Info (332146): Worst-case minimum pulse width slack is -3.000
    Info (332119):     Slack       End Point TNS Clock 
    Info (332119): ========= =================== =====================
    Info (332119):    -3.000             -17.104 clk 
    Info (332119):    -3.000              -3.000 in[0] 
Info: Analyzing Slow 1000mV -40C Model
Info (334003): Started post-fitting delay annotation
Info (334004): Delay annotation completed successfully
Info (332097): The following timing edges are non-unate.  The Timing Analyzer will assume pos-unate behavior for these edges in the clock network.
    Info (332098): From: inst1|sub|16~2|datad  to: inst1|sub|17~2|combout
Info (332123): Deriving Clock Uncertainty. Please refer to report_sdc in the Timing Analyzer to see clock uncertainties.
Critical Warning (332148): Timing requirements not met
    Info (11105): For recommendations on closing timing, run Report Timing Closure Recommendations in the Timing Analyzer.
Info (332146): Worst-case setup slack is -12.078
    Info (332119):     Slack       End Point TNS Clock 
    Info (332119): ========= =================== =====================
    Info (332119):   -12.078             -95.304 clk 
    Info (332119):     0.678               0.000 in[0] 
Info (332146): Worst-case hold slack is -1.541
    Info (332119):     Slack       End Point TNS Clock 
    Info (332119): ========= =================== =====================
    Info (332119):    -1.541              -1.541 in[0] 
    Info (332119):     1.185               0.000 clk 
Info (332146): Worst-case recovery slack is -11.707
    Info (332119):     Slack       End Point TNS Clock 
    Info (332119): ========= =================== =====================
    Info (332119):   -11.707             -93.631 clk 
Info (332146): Worst-case removal slack is 4.442
    Info (332119):     Slack       End Point TNS Clock 
    Info (332119): ========= =================== =====================
    Info (332119):     4.442               0.000 clk 
Info (332146): Worst-case minimum pulse width slack is -3.000
    Info (332119):     Slack       End Point TNS Clock 
    Info (332119): ========= =================== =====================
    Info (332119):    -3.000             -17.104 clk 
    Info (332119):    -3.000              -3.000 in[0] 
Info: Analyzing Fast 1000mV -40C Model
Info (332097): The following timing edges are non-unate.  The Timing Analyzer will assume pos-unate behavior for these edges in the clock network.
    Info (332098): From: inst1|sub|16~2|datad  to: inst1|sub|17~2|combout
Info (332123): Deriving Clock Uncertainty. Please refer to report_sdc in the Timing Analyzer to see clock uncertainties.
Critical Warning (332148): Timing requirements not met
    Info (11105): For recommendations on closing timing, run Report Timing Closure Recommendations in the Timing Analyzer.
Info (332146): Worst-case setup slack is -7.537
    Info (332119):     Slack       End Point TNS Clock 
    Info (332119): ========= =================== =====================
    Info (332119):    -7.537             -59.050 clk 
    Info (332119):     0.886               0.000 in[0] 
Info (332146): Worst-case hold slack is -0.961
    Info (332119):     Slack       End Point TNS Clock 
    Info (332119): ========= =================== =====================
    Info (332119):    -0.961              -0.961 in[0] 
    Info (332119):     0.660               0.000 clk 
Info (332146): Worst-case recovery slack is -7.323
    Info (332119):     Slack       End Point TNS Clock 
    Info (332119): ========= =================== =====================
    Info (332119):    -7.323             -58.569 clk 
Info (332146): Worst-case removal slack is 2.702
    Info (332119):     Slack       End Point TNS Clock 
    Info (332119): ========= =================== =====================
    Info (332119):     2.702               0.000 clk 
Info (332146): Worst-case minimum pulse width slack is -3.000
    Info (332119):     Slack       End Point TNS Clock 
    Info (332119): ========= =================== =====================
    Info (332119):    -3.000             -17.104 clk 
    Info (332119):    -3.000              -3.000 in[0] 
Info (332102): Design is not fully constrained for setup requirements
Info (332102): Design is not fully constrained for hold requirements
Info: Quartus Prime Timing Analyzer was successful. 0 errors, 36 warnings
    Info: Peak virtual memory: 4950 megabytes
    Info: Processing ended: Mon May 25 02:02:21 2026
    Info: Elapsed time: 00:00:02
    Info: Total CPU time (on all processors): 00:00:02


