Timing Analyzer report for 3-A
Mon May 25 16:36:51 2026
Quartus Prime Version 20.1.0 Build 711 06/05/2020 SJ Lite Edition


---------------------
; Table of Contents ;
---------------------
  1. Legal Notice
  2. Timing Analyzer Summary
  3. Parallel Compilation
  4. Clocks
  5. Slow 1200mV 125C Model Fmax Summary
  6. Timing Closure Recommendations
  7. Slow 1200mV 125C Model Setup Summary
  8. Slow 1200mV 125C Model Hold Summary
  9. Slow 1200mV 125C Model Recovery Summary
 10. Slow 1200mV 125C Model Removal Summary
 11. Slow 1200mV 125C Model Minimum Pulse Width Summary
 12. Slow 1200mV 125C Model Setup: 'UPclk'
 13. Slow 1200mV 125C Model Setup: 'DNclk'
 14. Slow 1200mV 125C Model Hold: 'UPclk'
 15. Slow 1200mV 125C Model Hold: 'DNclk'
 16. Slow 1200mV 125C Model Recovery: 'UPclk'
 17. Slow 1200mV 125C Model Recovery: 'DNclk'
 18. Slow 1200mV 125C Model Removal: 'UPclk'
 19. Slow 1200mV 125C Model Removal: 'DNclk'
 20. Slow 1200mV 125C Model Metastability Summary
 21. Slow 1200mV -40C Model Fmax Summary
 22. Slow 1200mV -40C Model Setup Summary
 23. Slow 1200mV -40C Model Hold Summary
 24. Slow 1200mV -40C Model Recovery Summary
 25. Slow 1200mV -40C Model Removal Summary
 26. Slow 1200mV -40C Model Minimum Pulse Width Summary
 27. Slow 1200mV -40C Model Setup: 'UPclk'
 28. Slow 1200mV -40C Model Setup: 'DNclk'
 29. Slow 1200mV -40C Model Hold: 'UPclk'
 30. Slow 1200mV -40C Model Hold: 'DNclk'
 31. Slow 1200mV -40C Model Recovery: 'UPclk'
 32. Slow 1200mV -40C Model Recovery: 'DNclk'
 33. Slow 1200mV -40C Model Removal: 'UPclk'
 34. Slow 1200mV -40C Model Removal: 'DNclk'
 35. Slow 1200mV -40C Model Metastability Summary
 36. Fast 1200mV -40C Model Setup Summary
 37. Fast 1200mV -40C Model Hold Summary
 38. Fast 1200mV -40C Model Recovery Summary
 39. Fast 1200mV -40C Model Removal Summary
 40. Fast 1200mV -40C Model Minimum Pulse Width Summary
 41. Fast 1200mV -40C Model Setup: 'UPclk'
 42. Fast 1200mV -40C Model Setup: 'DNclk'
 43. Fast 1200mV -40C Model Hold: 'UPclk'
 44. Fast 1200mV -40C Model Hold: 'DNclk'
 45. Fast 1200mV -40C Model Recovery: 'UPclk'
 46. Fast 1200mV -40C Model Recovery: 'DNclk'
 47. Fast 1200mV -40C Model Removal: 'UPclk'
 48. Fast 1200mV -40C Model Removal: 'DNclk'
 49. Fast 1200mV -40C Model Metastability Summary
 50. Multicorner Timing Analysis Summary
 51. Board Trace Model Assignments
 52. Input Transition Times
 53. Signal Integrity Metrics (Slow 1200mv n40c Model)
 54. Signal Integrity Metrics (Slow 1200mv 125c Model)
 55. Signal Integrity Metrics (Fast 1200mv n40c Model)
 56. Setup Transfers
 57. Hold Transfers
 58. Recovery Transfers
 59. Removal Transfers
 60. Report TCCS
 61. Report RSKM
 62. Unconstrained Paths Summary
 63. Clock Status Summary
 64. Unconstrained Input Ports
 65. Unconstrained Output Ports
 66. Unconstrained Input Ports
 67. Unconstrained Output Ports
 68. Timing Analyzer Messages



----------------
; Legal Notice ;
----------------
Copyright (C) 2020  Intel Corporation. All rights reserved.
Your use of Intel Corporation's design tools, logic functions 
and other software and tools, and any partner logic 
functions, and any output files from any of the foregoing 
(including device programming or simulation files), and any 
associated documentation or information are expressly subject 
to the terms and conditions of the Intel Program License 
Subscription Agreement, the Intel Quartus Prime License Agreement,
the Intel FPGA IP License Agreement, or other applicable license
agreement, including, without limitation, that your use is for
the sole purpose of programming logic devices manufactured by
Intel and sold by Intel or its authorized distributors.  Please
refer to the applicable agreement for further details, at
https://fpgasoftware.intel.com/eula.



+-----------------------------------------------------------------------------+
; Timing Analyzer Summary                                                     ;
+-----------------------+-----------------------------------------------------+
; Quartus Prime Version ; Version 20.1.0 Build 711 06/05/2020 SJ Lite Edition ;
; Timing Analyzer       ; Legacy Timing Analyzer                              ;
; Revision Name         ; 3-A                                                 ;
; Device Family         ; Cyclone IV E                                        ;
; Device Name           ; EP4CE6E22A7                                         ;
; Timing Models         ; Final                                               ;
; Delay Model           ; Combined                                            ;
; Rise/Fall Delays      ; Enabled                                             ;
+-----------------------+-----------------------------------------------------+


+------------------------------------------+
; Parallel Compilation                     ;
+----------------------------+-------------+
; Processors                 ; Number      ;
+----------------------------+-------------+
; Number detected on machine ; 12          ;
; Maximum allowed            ; 12          ;
;                            ;             ;
; Average used               ; 1.12        ;
; Maximum used               ; 12          ;
;                            ;             ;
; Usage by Processor         ; % Time Used ;
;     Processor 1            ; 100.0%      ;
;     Processor 2            ;   3.3%      ;
;     Processor 3            ;   2.5%      ;
;     Processor 4            ;   1.8%      ;
;     Processors 5-12        ;   0.5%      ;
+----------------------------+-------------+


+-----------------------------------------------------------------------------------------------------------------------------------------------------------------------------------+
; Clocks                                                                                                                                                                            ;
+------------+------+--------+------------+-------+-------+------------+-----------+-------------+-------+--------+-----------+------------+----------+--------+--------+-----------+
; Clock Name ; Type ; Period ; Frequency  ; Rise  ; Fall  ; Duty Cycle ; Divide by ; Multiply by ; Phase ; Offset ; Edge List ; Edge Shift ; Inverted ; Master ; Source ; Targets   ;
+------------+------+--------+------------+-------+-------+------------+-----------+-------------+-------+--------+-----------+------------+----------+--------+--------+-----------+
; DNclk      ; Base ; 1.000  ; 1000.0 MHz ; 0.000 ; 0.500 ;            ;           ;             ;       ;        ;           ;            ;          ;        ;        ; { DNclk } ;
; UPclk      ; Base ; 1.000  ; 1000.0 MHz ; 0.000 ; 0.500 ;            ;           ;             ;       ;        ;           ;            ;          ;        ;        ; { UPclk } ;
+------------+------+--------+------------+-------+-------+------------+-----------+-------------+-------+--------+-----------+------------+----------+--------+--------+-----------+


+--------------------------------------------------+
; Slow 1200mV 125C Model Fmax Summary              ;
+------------+-----------------+------------+------+
; Fmax       ; Restricted Fmax ; Clock Name ; Note ;
+------------+-----------------+------------+------+
; 35.51 MHz  ; 35.51 MHz       ; UPclk      ;      ;
; 103.81 MHz ; 103.81 MHz      ; DNclk      ;      ;
+------------+-----------------+------------+------+
This panel reports FMAX for every clock in the design, regardless of the user-specified clock periods.  FMAX is only computed for paths where the source and destination registers or ports are driven by the same clock.  Paths of different clocks, including generated clocks, are ignored.  For paths between a clock and its inversion, FMAX is computed as if the rising and falling edges are scaled along with FMAX, such that the duty cycle (in terms of a percentage) is maintained. Altera recommends that you always use clock constraints and other slack reports for sign-off analysis.


----------------------------------
; Timing Closure Recommendations ;
----------------------------------
HTML report is unavailable in plain text report export.


+--------------------------------------+
; Slow 1200mV 125C Model Setup Summary ;
+-------+---------+--------------------+
; Clock ; Slack   ; End Point TNS      ;
+-------+---------+--------------------+
; UPclk ; -13.581 ; -99.968            ;
; DNclk ; -13.047 ; -100.543           ;
+-------+---------+--------------------+


+-------------------------------------+
; Slow 1200mV 125C Model Hold Summary ;
+-------+--------+--------------------+
; Clock ; Slack  ; End Point TNS      ;
+-------+--------+--------------------+
; UPclk ; -1.495 ; -5.260             ;
; DNclk ; 2.499  ; 0.000              ;
+-------+--------+--------------------+


+-----------------------------------------+
; Slow 1200mV 125C Model Recovery Summary ;
+-------+---------+-----------------------+
; Clock ; Slack   ; End Point TNS         ;
+-------+---------+-----------------------+
; UPclk ; -11.162 ; -80.989               ;
; DNclk ; -10.733 ; -81.564               ;
+-------+---------+-----------------------+


+----------------------------------------+
; Slow 1200mV 125C Model Removal Summary ;
+-------+--------+-----------------------+
; Clock ; Slack  ; End Point TNS         ;
+-------+--------+-----------------------+
; UPclk ; -2.377 ; -8.957                ;
; DNclk ; 1.982  ; 0.000                 ;
+-------+--------+-----------------------+


+----------------------------------------------------+
; Slow 1200mV 125C Model Minimum Pulse Width Summary ;
+-------+--------+-----------------------------------+
; Clock ; Slack  ; End Point TNS                     ;
+-------+--------+-----------------------------------+
; UPclk ; -4.799 ; -105.789                          ;
; DNclk ; -3.000 ; -14.896                           ;
+-------+--------+-----------------------------------+


+-------------------------------------------------------------------------------------------------------------------------------------+
; Slow 1200mV 125C Model Setup: 'UPclk'                                                                                               ;
+---------+--------------------------+--------------------------+--------------+-------------+--------------+------------+------------+
; Slack   ; From Node                ; To Node                  ; Launch Clock ; Latch Clock ; Relationship ; Clock Skew ; Data Delay ;
+---------+--------------------------+--------------------------+--------------+-------------+--------------+------------+------------+
; -13.581 ; 74193:inst1|25~_emulated ; 74193:inst1|24~_emulated ; UPclk        ; UPclk       ; 0.500        ; -4.828     ; 9.250      ;
; -13.395 ; 74193:inst1|24~_emulated ; 74193:inst1|25~_emulated ; UPclk        ; UPclk       ; 1.000        ; -5.083     ; 9.309      ;
; -13.155 ; 74193:inst1|25~_emulated ; 74193:inst1|26~_emulated ; UPclk        ; UPclk       ; 0.500        ; -5.058     ; 8.594      ;
; -13.105 ; 74193:inst1|24~_emulated ; 74193:inst1|26~_emulated ; UPclk        ; UPclk       ; 1.000        ; -5.136     ; 8.966      ;
; -12.749 ; 74193:inst1|25~_emulated ; 74193:inst1|23~_emulated ; UPclk        ; UPclk       ; 0.500        ; -4.016     ; 9.230      ;
; -12.728 ; 74193:inst1|24~_emulated ; 74193:inst1|23~_emulated ; UPclk        ; UPclk       ; 1.000        ; -4.124     ; 9.601      ;
; -12.676 ; 74193:inst1|23~_emulated ; 74193:inst1|24~_emulated ; UPclk        ; UPclk       ; 1.000        ; -5.929     ; 7.744      ;
; -12.541 ; 74193:inst1|23~_emulated ; 74193:inst1|25~_emulated ; UPclk        ; UPclk       ; 1.000        ; -6.106     ; 7.432      ;
; -12.305 ; 74193:inst1|23~_emulated ; 74193:inst1|26~_emulated ; UPclk        ; UPclk       ; 1.000        ; -6.159     ; 7.143      ;
; -12.284 ; 74193:inst1|26~1         ; 74193:inst1|24~_emulated ; UPclk        ; UPclk       ; 1.000        ; -2.963     ; 10.318     ;
; -12.183 ; 74193:inst1|25~1         ; 74193:inst1|24~_emulated ; UPclk        ; UPclk       ; 1.000        ; -3.744     ; 9.436      ;
; -12.149 ; 74193:inst1|26~1         ; 74193:inst1|25~_emulated ; UPclk        ; UPclk       ; 1.000        ; -3.140     ; 10.006     ;
; -12.104 ; 74193:inst1|25~_emulated ; 74193:inst4|26~_emulated ; UPclk        ; UPclk       ; 0.500        ; -3.915     ; 8.686      ;
; -12.083 ; 74193:inst1|24~_emulated ; 74193:inst4|26~_emulated ; UPclk        ; UPclk       ; 1.000        ; -4.023     ; 9.057      ;
; -11.963 ; 74193:inst1|24~1         ; 74193:inst1|25~_emulated ; UPclk        ; UPclk       ; 1.000        ; -3.924     ; 9.036      ;
; -11.862 ; 74193:inst1|25~_emulated ; 74193:inst4|23~_emulated ; UPclk        ; UPclk       ; 0.500        ; -2.831     ; 9.528      ;
; -11.841 ; 74193:inst1|24~_emulated ; 74193:inst4|23~_emulated ; UPclk        ; UPclk       ; 1.000        ; -2.939     ; 9.899      ;
; -11.757 ; 74193:inst1|25~1         ; 74193:inst1|26~_emulated ; UPclk        ; UPclk       ; 1.000        ; -3.974     ; 8.780      ;
; -11.680 ; 74193:inst1|25~_emulated ; 74193:inst4|24~_emulated ; UPclk        ; UPclk       ; 0.500        ; -3.170     ; 9.007      ;
; -11.672 ; 74193:inst1|24~1         ; 74193:inst1|26~_emulated ; UPclk        ; UPclk       ; 1.000        ; -3.977     ; 8.692      ;
; -11.659 ; 74193:inst1|24~_emulated ; 74193:inst4|24~_emulated ; UPclk        ; UPclk       ; 1.000        ; -3.278     ; 9.378      ;
; -11.452 ; 74193:inst1|26~1         ; 74193:inst1|23~_emulated ; UPclk        ; UPclk       ; 1.000        ; -2.151     ; 10.298     ;
; -11.442 ; 74193:inst1|25~_emulated ; 74193:inst4|25~_emulated ; UPclk        ; UPclk       ; 0.500        ; -3.341     ; 8.598      ;
; -11.421 ; 74193:inst1|24~_emulated ; 74193:inst4|25~_emulated ; UPclk        ; UPclk       ; 1.000        ; -3.449     ; 8.969      ;
; -11.351 ; 74193:inst1|25~1         ; 74193:inst1|23~_emulated ; UPclk        ; UPclk       ; 1.000        ; -2.932     ; 9.416      ;
; -11.266 ; 74193:inst1|24~1         ; 74193:inst1|23~_emulated ; UPclk        ; UPclk       ; 1.000        ; -2.935     ; 9.328      ;
; -11.199 ; 74193:inst1|23~_emulated ; 74193:inst4|26~_emulated ; UPclk        ; UPclk       ; 1.000        ; -5.016     ; 7.180      ;
; -11.178 ; 74193:inst4|25~_emulated ; 74193:inst1|24~_emulated ; UPclk        ; UPclk       ; 0.500        ; -4.317     ; 7.358      ;
; -11.126 ; 74193:inst4|23~_emulated ; 74193:inst1|24~_emulated ; UPclk        ; UPclk       ; 1.000        ; -5.174     ; 6.949      ;
; -11.118 ; 74193:inst4|26~_emulated ; 74193:inst1|24~_emulated ; UPclk        ; UPclk       ; 0.500        ; -4.268     ; 7.347      ;
; -11.043 ; 74193:inst4|25~_emulated ; 74193:inst1|25~_emulated ; UPclk        ; UPclk       ; 0.500        ; -4.494     ; 7.046      ;
; -11.042 ; 74193:inst4|24~_emulated ; 74193:inst1|24~_emulated ; UPclk        ; UPclk       ; 1.000        ; -4.668     ; 7.371      ;
; -10.991 ; 74193:inst4|23~_emulated ; 74193:inst1|25~_emulated ; UPclk        ; UPclk       ; 1.000        ; -5.351     ; 6.637      ;
; -10.983 ; 74193:inst4|26~_emulated ; 74193:inst1|25~_emulated ; UPclk        ; UPclk       ; 0.500        ; -4.445     ; 7.035      ;
; -10.968 ; 74193:inst1|23~_emulated ; 74193:inst4|23~_emulated ; UPclk        ; UPclk       ; 1.000        ; -3.932     ; 8.033      ;
; -10.907 ; 74193:inst4|24~_emulated ; 74193:inst1|25~_emulated ; UPclk        ; UPclk       ; 1.000        ; -4.845     ; 7.059      ;
; -10.807 ; 74193:inst1|26~1         ; 74193:inst4|26~_emulated ; UPclk        ; UPclk       ; 1.000        ; -2.050     ; 9.754      ;
; -10.801 ; 74193:inst1|23~_emulated ; 74193:inst4|24~_emulated ; UPclk        ; UPclk       ; 1.000        ; -4.271     ; 7.527      ;
; -10.752 ; 74193:inst4|25~_emulated ; 74193:inst1|26~_emulated ; UPclk        ; UPclk       ; 0.500        ; -4.547     ; 6.702      ;
; -10.706 ; 74193:inst1|25~1         ; 74193:inst4|26~_emulated ; UPclk        ; UPclk       ; 1.000        ; -2.831     ; 8.872      ;
; -10.700 ; 74193:inst4|23~_emulated ; 74193:inst1|26~_emulated ; UPclk        ; UPclk       ; 1.000        ; -5.404     ; 6.293      ;
; -10.692 ; 74193:inst4|26~_emulated ; 74193:inst1|26~_emulated ; UPclk        ; UPclk       ; 0.500        ; -4.498     ; 6.691      ;
; -10.626 ; 74193:inst4|24~_emulated ; 74193:inst1|26~_emulated ; UPclk        ; UPclk       ; 1.000        ; -4.898     ; 6.725      ;
; -10.621 ; 74193:inst1|24~1         ; 74193:inst4|26~_emulated ; UPclk        ; UPclk       ; 1.000        ; -2.834     ; 8.784      ;
; -10.565 ; 74193:inst1|26~1         ; 74193:inst4|23~_emulated ; UPclk        ; UPclk       ; 1.000        ; -0.966     ; 10.596     ;
; -10.547 ; 74193:inst1|23~_emulated ; 74193:inst4|25~_emulated ; UPclk        ; UPclk       ; 1.000        ; -4.442     ; 7.102      ;
; -10.547 ; 74193:inst1|23~1         ; 74193:inst1|24~_emulated ; UPclk        ; UPclk       ; 1.000        ; -3.742     ; 7.802      ;
; -10.493 ; 74193:inst4|25~1         ; 74193:inst1|24~_emulated ; UPclk        ; UPclk       ; 1.000        ; -3.744     ; 7.746      ;
; -10.464 ; 74193:inst1|25~1         ; 74193:inst4|23~_emulated ; UPclk        ; UPclk       ; 1.000        ; -1.747     ; 9.714      ;
; -10.412 ; 74193:inst1|23~1         ; 74193:inst1|25~_emulated ; UPclk        ; UPclk       ; 1.000        ; -3.919     ; 7.490      ;
; -10.383 ; 74193:inst1|26~1         ; 74193:inst4|24~_emulated ; UPclk        ; UPclk       ; 1.000        ; -1.305     ; 10.075     ;
; -10.379 ; 74193:inst1|24~1         ; 74193:inst4|23~_emulated ; UPclk        ; UPclk       ; 1.000        ; -1.750     ; 9.626      ;
; -10.358 ; 74193:inst4|25~1         ; 74193:inst1|25~_emulated ; UPclk        ; UPclk       ; 1.000        ; -3.921     ; 7.434      ;
; -10.346 ; 74193:inst4|25~_emulated ; 74193:inst1|23~_emulated ; UPclk        ; UPclk       ; 0.500        ; -3.505     ; 7.338      ;
; -10.294 ; 74193:inst4|23~_emulated ; 74193:inst1|23~_emulated ; UPclk        ; UPclk       ; 1.000        ; -4.362     ; 6.929      ;
; -10.286 ; 74193:inst4|26~_emulated ; 74193:inst1|23~_emulated ; UPclk        ; UPclk       ; 0.500        ; -3.456     ; 7.327      ;
; -10.282 ; 74193:inst1|25~1         ; 74193:inst4|24~_emulated ; UPclk        ; UPclk       ; 1.000        ; -2.086     ; 9.193      ;
; -10.210 ; 74193:inst4|24~_emulated ; 74193:inst1|23~_emulated ; UPclk        ; UPclk       ; 1.000        ; -3.856     ; 7.351      ;
; -10.197 ; 74193:inst1|24~1         ; 74193:inst4|24~_emulated ; UPclk        ; UPclk       ; 1.000        ; -2.089     ; 9.105      ;
; -10.166 ; 74193:inst4|24~1         ; 74193:inst1|24~_emulated ; UPclk        ; UPclk       ; 1.000        ; -3.744     ; 7.419      ;
; -10.145 ; 74193:inst1|26~1         ; 74193:inst4|25~_emulated ; UPclk        ; UPclk       ; 1.000        ; -1.476     ; 9.666      ;
; -10.121 ; 74193:inst1|23~1         ; 74193:inst1|26~_emulated ; UPclk        ; UPclk       ; 1.000        ; -3.972     ; 7.146      ;
; -10.095 ; 74193:inst4|26~1         ; 74193:inst1|24~_emulated ; UPclk        ; UPclk       ; 1.000        ; -3.744     ; 7.348      ;
; -10.067 ; 74193:inst4|25~1         ; 74193:inst1|26~_emulated ; UPclk        ; UPclk       ; 1.000        ; -3.974     ; 7.090      ;
; -10.044 ; 74193:inst1|25~1         ; 74193:inst4|25~_emulated ; UPclk        ; UPclk       ; 1.000        ; -2.257     ; 8.784      ;
; -10.031 ; 74193:inst4|24~1         ; 74193:inst1|25~_emulated ; UPclk        ; UPclk       ; 1.000        ; -3.921     ; 7.107      ;
; -9.960  ; 74193:inst4|26~1         ; 74193:inst1|25~_emulated ; UPclk        ; UPclk       ; 1.000        ; -3.921     ; 7.036      ;
; -9.959  ; 74193:inst1|24~1         ; 74193:inst4|25~_emulated ; UPclk        ; UPclk       ; 1.000        ; -2.260     ; 8.696      ;
; -9.740  ; 74193:inst4|24~1         ; 74193:inst1|26~_emulated ; UPclk        ; UPclk       ; 1.000        ; -3.974     ; 6.763      ;
; -9.701  ; 74193:inst4|25~_emulated ; 74193:inst4|26~_emulated ; UPclk        ; UPclk       ; 0.500        ; -3.404     ; 6.794      ;
; -9.669  ; 74193:inst4|26~1         ; 74193:inst1|26~_emulated ; UPclk        ; UPclk       ; 1.000        ; -3.974     ; 6.692      ;
; -9.661  ; 74193:inst4|25~1         ; 74193:inst1|23~_emulated ; UPclk        ; UPclk       ; 1.000        ; -2.932     ; 7.726      ;
; -9.649  ; 74193:inst4|23~_emulated ; 74193:inst4|26~_emulated ; UPclk        ; UPclk       ; 1.000        ; -4.261     ; 6.385      ;
; -9.565  ; 74193:inst4|24~_emulated ; 74193:inst4|26~_emulated ; UPclk        ; UPclk       ; 1.000        ; -3.755     ; 6.807      ;
; -9.484  ; 74193:inst1|24~_emulated ; 74193:inst4|26~_emulated ; UPclk        ; UPclk       ; 0.500        ; -0.924     ; 9.057      ;
; -9.459  ; 74193:inst4|25~_emulated ; 74193:inst4|23~_emulated ; UPclk        ; UPclk       ; 0.500        ; -2.320     ; 7.636      ;
; -9.399  ; 74193:inst4|26~_emulated ; 74193:inst4|23~_emulated ; UPclk        ; UPclk       ; 0.500        ; -2.271     ; 7.625      ;
; -9.383  ; 74193:inst4|23~1         ; 74193:inst1|24~_emulated ; UPclk        ; UPclk       ; 1.000        ; -3.900     ; 6.480      ;
; -9.383  ; 74193:inst1|24~_emulated ; 74193:inst4|25~_emulated ; UPclk        ; UPclk       ; 0.500        ; -0.911     ; 8.969      ;
; -9.334  ; 74193:inst4|24~1         ; 74193:inst1|23~_emulated ; UPclk        ; UPclk       ; 1.000        ; -2.932     ; 7.399      ;
; -9.323  ; 74193:inst4|24~_emulated ; 74193:inst4|23~_emulated ; UPclk        ; UPclk       ; 1.000        ; -2.671     ; 7.649      ;
; -9.277  ; 74193:inst4|25~_emulated ; 74193:inst4|24~_emulated ; UPclk        ; UPclk       ; 0.500        ; -2.659     ; 7.115      ;
; -9.263  ; 74193:inst4|26~1         ; 74193:inst1|23~_emulated ; UPclk        ; UPclk       ; 1.000        ; -2.932     ; 7.328      ;
; -9.248  ; 74193:inst4|23~1         ; 74193:inst1|25~_emulated ; UPclk        ; UPclk       ; 1.000        ; -4.077     ; 6.168      ;
; -9.227  ; 74193:inst1|24~_emulated ; 74193:inst1|25~_emulated ; DNclk        ; UPclk       ; 1.000        ; -0.905     ; 9.309      ;
; -9.225  ; 74193:inst4|23~_emulated ; 74193:inst4|24~_emulated ; UPclk        ; UPclk       ; 1.000        ; -3.516     ; 6.706      ;
; -9.222  ; 74193:inst1|24~_emulated ; 74193:inst1|25~_emulated ; UPclk        ; UPclk       ; 0.500        ; -0.410     ; 9.309      ;
; -9.217  ; 74193:inst4|26~_emulated ; 74193:inst4|24~_emulated ; UPclk        ; UPclk       ; 0.500        ; -2.610     ; 7.104      ;
; -9.070  ; 74193:inst1|23~1         ; 74193:inst4|26~_emulated ; UPclk        ; UPclk       ; 1.000        ; -2.829     ; 7.238      ;
; -9.016  ; 74193:inst4|25~1         ; 74193:inst4|26~_emulated ; UPclk        ; UPclk       ; 1.000        ; -2.831     ; 7.182      ;
; -8.987  ; 74193:inst4|23~_emulated ; 74193:inst4|25~_emulated ; UPclk        ; UPclk       ; 1.000        ; -3.687     ; 6.297      ;
; -8.983  ; 74193:inst4|23~1         ; 74193:inst1|26~_emulated ; UPclk        ; UPclk       ; 1.000        ; -4.130     ; 5.850      ;
; -8.979  ; 74193:inst4|26~_emulated ; 74193:inst4|25~_emulated ; UPclk        ; UPclk       ; 0.500        ; -2.781     ; 6.695      ;
; -8.937  ; 74193:inst1|24~_emulated ; 74193:inst1|26~_emulated ; DNclk        ; UPclk       ; 1.000        ; -0.958     ; 8.966      ;
; -8.903  ; 74193:inst4|24~_emulated ; 74193:inst4|25~_emulated ; UPclk        ; UPclk       ; 1.000        ; -3.181     ; 6.719      ;
; -8.840  ; 74193:inst1|25~_emulated ; 74193:inst1|24~_emulated ; DNclk        ; UPclk       ; 1.000        ; -0.577     ; 9.250      ;
; -8.828  ; 74193:inst1|23~1         ; 74193:inst4|23~_emulated ; UPclk        ; UPclk       ; 1.000        ; -1.745     ; 8.080      ;
; -8.774  ; 74193:inst4|25~1         ; 74193:inst4|23~_emulated ; UPclk        ; UPclk       ; 1.000        ; -1.747     ; 8.024      ;
; -8.734  ; 74193:inst1|23~_emulated ; 74193:inst1|23~_emulated ; UPclk        ; UPclk       ; 1.000        ; -5.117     ; 4.614      ;
; -8.689  ; 74193:inst4|24~1         ; 74193:inst4|26~_emulated ; UPclk        ; UPclk       ; 1.000        ; -2.831     ; 6.855      ;
+---------+--------------------------+--------------------------+--------------+-------------+--------------+------------+------------+


+-------------------------------------------------------------------------------------------------------------------------------------+
; Slow 1200mV 125C Model Setup: 'DNclk'                                                                                               ;
+---------+--------------------------+--------------------------+--------------+-------------+--------------+------------+------------+
; Slack   ; From Node                ; To Node                  ; Launch Clock ; Latch Clock ; Relationship ; Clock Skew ; Data Delay ;
+---------+--------------------------+--------------------------+--------------+-------------+--------------+------------+------------+
; -13.047 ; 74193:inst1|25~_emulated ; 74193:inst1|24~_emulated ; UPclk        ; DNclk       ; 0.500        ; -4.284     ; 9.250      ;
; -12.841 ; 74193:inst1|24~_emulated ; 74193:inst1|25~_emulated ; UPclk        ; DNclk       ; 1.000        ; -4.519     ; 9.309      ;
; -12.726 ; 74193:inst1|25~_emulated ; 74193:inst1|26~_emulated ; UPclk        ; DNclk       ; 0.500        ; -4.619     ; 8.594      ;
; -12.676 ; 74193:inst1|24~_emulated ; 74193:inst1|26~_emulated ; UPclk        ; DNclk       ; 1.000        ; -4.697     ; 8.966      ;
; -12.524 ; 74193:inst1|25~_emulated ; 74193:inst4|26~_emulated ; UPclk        ; DNclk       ; 0.500        ; -4.325     ; 8.686      ;
; -12.510 ; 74193:inst1|25~_emulated ; 74193:inst4|24~_emulated ; UPclk        ; DNclk       ; 0.500        ; -3.990     ; 9.007      ;
; -12.486 ; 74193:inst1|25~_emulated ; 74193:inst4|23~_emulated ; UPclk        ; DNclk       ; 0.500        ; -3.445     ; 9.528      ;
; -12.473 ; 74193:inst1|24~_emulated ; 74193:inst4|26~_emulated ; UPclk        ; DNclk       ; 1.000        ; -4.403     ; 9.057      ;
; -12.459 ; 74193:inst1|24~_emulated ; 74193:inst4|24~_emulated ; UPclk        ; DNclk       ; 1.000        ; -4.068     ; 9.378      ;
; -12.435 ; 74193:inst1|24~_emulated ; 74193:inst4|23~_emulated ; UPclk        ; DNclk       ; 1.000        ; -3.523     ; 9.899      ;
; -12.209 ; 74193:inst1|25~_emulated ; 74193:inst4|25~_emulated ; UPclk        ; DNclk       ; 0.500        ; -4.098     ; 8.598      ;
; -12.200 ; 74193:inst1|25~_emulated ; 74193:inst1|23~_emulated ; UPclk        ; DNclk       ; 0.500        ; -3.457     ; 9.230      ;
; -12.158 ; 74193:inst1|24~_emulated ; 74193:inst4|25~_emulated ; UPclk        ; DNclk       ; 1.000        ; -4.176     ; 8.969      ;
; -12.149 ; 74193:inst1|24~_emulated ; 74193:inst1|23~_emulated ; UPclk        ; DNclk       ; 1.000        ; -3.535     ; 9.601      ;
; -12.142 ; 74193:inst1|23~_emulated ; 74193:inst1|24~_emulated ; UPclk        ; DNclk       ; 1.000        ; -5.385     ; 7.744      ;
; -11.987 ; 74193:inst1|23~_emulated ; 74193:inst1|25~_emulated ; UPclk        ; DNclk       ; 1.000        ; -5.542     ; 7.432      ;
; -11.876 ; 74193:inst1|23~_emulated ; 74193:inst1|26~_emulated ; UPclk        ; DNclk       ; 1.000        ; -5.720     ; 7.143      ;
; -11.750 ; 74193:inst1|26~1         ; 74193:inst1|24~_emulated ; UPclk        ; DNclk       ; 1.000        ; -2.419     ; 10.318     ;
; -11.649 ; 74193:inst1|25~1         ; 74193:inst1|24~_emulated ; UPclk        ; DNclk       ; 1.000        ; -3.200     ; 9.436      ;
; -11.631 ; 74193:inst1|23~_emulated ; 74193:inst4|24~_emulated ; UPclk        ; DNclk       ; 1.000        ; -5.091     ; 7.527      ;
; -11.619 ; 74193:inst1|23~_emulated ; 74193:inst4|26~_emulated ; UPclk        ; DNclk       ; 1.000        ; -5.426     ; 7.180      ;
; -11.595 ; 74193:inst1|26~1         ; 74193:inst1|25~_emulated ; UPclk        ; DNclk       ; 1.000        ; -2.576     ; 10.006     ;
; -11.592 ; 74193:inst1|23~_emulated ; 74193:inst4|23~_emulated ; UPclk        ; DNclk       ; 1.000        ; -4.546     ; 8.033      ;
; -11.409 ; 74193:inst1|24~1         ; 74193:inst1|25~_emulated ; UPclk        ; DNclk       ; 1.000        ; -3.360     ; 9.036      ;
; -11.328 ; 74193:inst1|25~1         ; 74193:inst1|26~_emulated ; UPclk        ; DNclk       ; 1.000        ; -3.535     ; 8.780      ;
; -11.314 ; 74193:inst1|23~_emulated ; 74193:inst4|25~_emulated ; UPclk        ; DNclk       ; 1.000        ; -5.199     ; 7.102      ;
; -11.243 ; 74193:inst1|24~1         ; 74193:inst1|26~_emulated ; UPclk        ; DNclk       ; 1.000        ; -3.538     ; 8.692      ;
; -11.227 ; 74193:inst1|26~1         ; 74193:inst4|26~_emulated ; UPclk        ; DNclk       ; 1.000        ; -2.460     ; 9.754      ;
; -11.213 ; 74193:inst1|26~1         ; 74193:inst4|24~_emulated ; UPclk        ; DNclk       ; 1.000        ; -2.125     ; 10.075     ;
; -11.189 ; 74193:inst1|26~1         ; 74193:inst4|23~_emulated ; UPclk        ; DNclk       ; 1.000        ; -1.580     ; 10.596     ;
; -11.126 ; 74193:inst1|25~1         ; 74193:inst4|26~_emulated ; UPclk        ; DNclk       ; 1.000        ; -3.241     ; 8.872      ;
; -11.112 ; 74193:inst1|25~1         ; 74193:inst4|24~_emulated ; UPclk        ; DNclk       ; 1.000        ; -2.906     ; 9.193      ;
; -11.088 ; 74193:inst1|25~1         ; 74193:inst4|23~_emulated ; UPclk        ; DNclk       ; 1.000        ; -2.361     ; 9.714      ;
; -11.041 ; 74193:inst1|24~1         ; 74193:inst4|26~_emulated ; UPclk        ; DNclk       ; 1.000        ; -3.244     ; 8.784      ;
; -11.027 ; 74193:inst1|24~1         ; 74193:inst4|24~_emulated ; UPclk        ; DNclk       ; 1.000        ; -2.909     ; 9.105      ;
; -11.003 ; 74193:inst1|24~1         ; 74193:inst4|23~_emulated ; UPclk        ; DNclk       ; 1.000        ; -2.364     ; 9.626      ;
; -10.912 ; 74193:inst1|26~1         ; 74193:inst4|25~_emulated ; UPclk        ; DNclk       ; 1.000        ; -2.233     ; 9.666      ;
; -10.903 ; 74193:inst1|26~1         ; 74193:inst1|23~_emulated ; UPclk        ; DNclk       ; 1.000        ; -1.592     ; 10.298     ;
; -10.811 ; 74193:inst1|25~1         ; 74193:inst4|25~_emulated ; UPclk        ; DNclk       ; 1.000        ; -3.014     ; 8.784      ;
; -10.802 ; 74193:inst1|25~1         ; 74193:inst1|23~_emulated ; UPclk        ; DNclk       ; 1.000        ; -2.373     ; 9.416      ;
; -10.726 ; 74193:inst1|24~1         ; 74193:inst4|25~_emulated ; UPclk        ; DNclk       ; 1.000        ; -3.017     ; 8.696      ;
; -10.717 ; 74193:inst1|24~1         ; 74193:inst1|23~_emulated ; UPclk        ; DNclk       ; 1.000        ; -2.376     ; 9.328      ;
; -10.644 ; 74193:inst4|25~_emulated ; 74193:inst1|24~_emulated ; UPclk        ; DNclk       ; 0.500        ; -3.773     ; 7.358      ;
; -10.592 ; 74193:inst4|23~_emulated ; 74193:inst1|24~_emulated ; UPclk        ; DNclk       ; 1.000        ; -4.630     ; 6.949      ;
; -10.584 ; 74193:inst4|26~_emulated ; 74193:inst1|24~_emulated ; UPclk        ; DNclk       ; 0.500        ; -3.724     ; 7.347      ;
; -10.508 ; 74193:inst4|24~_emulated ; 74193:inst1|24~_emulated ; UPclk        ; DNclk       ; 1.000        ; -4.124     ; 7.371      ;
; -10.489 ; 74193:inst4|25~_emulated ; 74193:inst1|25~_emulated ; UPclk        ; DNclk       ; 0.500        ; -3.930     ; 7.046      ;
; -10.437 ; 74193:inst4|23~_emulated ; 74193:inst1|25~_emulated ; UPclk        ; DNclk       ; 1.000        ; -4.787     ; 6.637      ;
; -10.429 ; 74193:inst4|26~_emulated ; 74193:inst1|25~_emulated ; UPclk        ; DNclk       ; 0.500        ; -3.881     ; 7.035      ;
; -10.353 ; 74193:inst4|24~_emulated ; 74193:inst1|25~_emulated ; UPclk        ; DNclk       ; 1.000        ; -4.281     ; 7.059      ;
; -10.323 ; 74193:inst4|25~_emulated ; 74193:inst1|26~_emulated ; UPclk        ; DNclk       ; 0.500        ; -4.108     ; 6.702      ;
; -10.271 ; 74193:inst4|23~_emulated ; 74193:inst1|26~_emulated ; UPclk        ; DNclk       ; 1.000        ; -4.965     ; 6.293      ;
; -10.263 ; 74193:inst4|26~_emulated ; 74193:inst1|26~_emulated ; UPclk        ; DNclk       ; 0.500        ; -4.059     ; 6.691      ;
; -10.197 ; 74193:inst4|24~_emulated ; 74193:inst1|26~_emulated ; UPclk        ; DNclk       ; 1.000        ; -4.459     ; 6.725      ;
; -10.121 ; 74193:inst4|25~_emulated ; 74193:inst4|26~_emulated ; UPclk        ; DNclk       ; 0.500        ; -3.814     ; 6.794      ;
; -10.107 ; 74193:inst4|25~_emulated ; 74193:inst4|24~_emulated ; UPclk        ; DNclk       ; 0.500        ; -3.479     ; 7.115      ;
; -10.083 ; 74193:inst4|25~_emulated ; 74193:inst4|23~_emulated ; UPclk        ; DNclk       ; 0.500        ; -2.934     ; 7.636      ;
; -10.069 ; 74193:inst4|23~_emulated ; 74193:inst4|26~_emulated ; UPclk        ; DNclk       ; 1.000        ; -4.671     ; 6.385      ;
; -10.055 ; 74193:inst4|23~_emulated ; 74193:inst4|24~_emulated ; UPclk        ; DNclk       ; 1.000        ; -4.336     ; 6.706      ;
; -10.047 ; 74193:inst4|26~_emulated ; 74193:inst4|24~_emulated ; UPclk        ; DNclk       ; 0.500        ; -3.430     ; 7.104      ;
; -10.023 ; 74193:inst4|26~_emulated ; 74193:inst4|23~_emulated ; UPclk        ; DNclk       ; 0.500        ; -2.885     ; 7.625      ;
; -10.013 ; 74193:inst1|23~1         ; 74193:inst1|24~_emulated ; UPclk        ; DNclk       ; 1.000        ; -3.198     ; 7.802      ;
; -9.985  ; 74193:inst4|24~_emulated ; 74193:inst4|26~_emulated ; UPclk        ; DNclk       ; 1.000        ; -4.165     ; 6.807      ;
; -9.959  ; 74193:inst4|25~1         ; 74193:inst1|24~_emulated ; UPclk        ; DNclk       ; 1.000        ; -3.200     ; 7.746      ;
; -9.947  ; 74193:inst4|24~_emulated ; 74193:inst4|23~_emulated ; UPclk        ; DNclk       ; 1.000        ; -3.285     ; 7.649      ;
; -9.858  ; 74193:inst1|23~1         ; 74193:inst1|25~_emulated ; UPclk        ; DNclk       ; 1.000        ; -3.355     ; 7.490      ;
; -9.804  ; 74193:inst4|25~1         ; 74193:inst1|25~_emulated ; UPclk        ; DNclk       ; 1.000        ; -3.357     ; 7.434      ;
; -9.797  ; 74193:inst4|25~_emulated ; 74193:inst1|23~_emulated ; UPclk        ; DNclk       ; 0.500        ; -2.946     ; 7.338      ;
; -9.754  ; 74193:inst4|23~_emulated ; 74193:inst4|25~_emulated ; UPclk        ; DNclk       ; 1.000        ; -4.444     ; 6.297      ;
; -9.746  ; 74193:inst4|26~_emulated ; 74193:inst4|25~_emulated ; UPclk        ; DNclk       ; 0.500        ; -3.538     ; 6.695      ;
; -9.745  ; 74193:inst4|23~_emulated ; 74193:inst1|23~_emulated ; UPclk        ; DNclk       ; 1.000        ; -3.803     ; 6.929      ;
; -9.737  ; 74193:inst4|26~_emulated ; 74193:inst1|23~_emulated ; UPclk        ; DNclk       ; 0.500        ; -2.897     ; 7.327      ;
; -9.692  ; 74193:inst1|23~1         ; 74193:inst1|26~_emulated ; UPclk        ; DNclk       ; 1.000        ; -3.533     ; 7.146      ;
; -9.670  ; 74193:inst4|24~_emulated ; 74193:inst4|25~_emulated ; UPclk        ; DNclk       ; 1.000        ; -3.938     ; 6.719      ;
; -9.661  ; 74193:inst4|24~_emulated ; 74193:inst1|23~_emulated ; UPclk        ; DNclk       ; 1.000        ; -3.297     ; 7.351      ;
; -9.638  ; 74193:inst4|25~1         ; 74193:inst1|26~_emulated ; UPclk        ; DNclk       ; 1.000        ; -3.535     ; 7.090      ;
; -9.632  ; 74193:inst4|24~1         ; 74193:inst1|24~_emulated ; UPclk        ; DNclk       ; 1.000        ; -3.200     ; 7.419      ;
; -9.561  ; 74193:inst4|26~1         ; 74193:inst1|24~_emulated ; UPclk        ; DNclk       ; 1.000        ; -3.200     ; 7.348      ;
; -9.490  ; 74193:inst1|23~1         ; 74193:inst4|26~_emulated ; UPclk        ; DNclk       ; 1.000        ; -3.239     ; 7.238      ;
; -9.477  ; 74193:inst4|24~1         ; 74193:inst1|25~_emulated ; UPclk        ; DNclk       ; 1.000        ; -3.357     ; 7.107      ;
; -9.476  ; 74193:inst1|23~1         ; 74193:inst4|24~_emulated ; UPclk        ; DNclk       ; 1.000        ; -2.904     ; 7.559      ;
; -9.452  ; 74193:inst1|23~1         ; 74193:inst4|23~_emulated ; UPclk        ; DNclk       ; 1.000        ; -2.359     ; 8.080      ;
; -9.436  ; 74193:inst4|25~1         ; 74193:inst4|26~_emulated ; UPclk        ; DNclk       ; 1.000        ; -3.241     ; 7.182      ;
; -9.422  ; 74193:inst4|25~1         ; 74193:inst4|24~_emulated ; UPclk        ; DNclk       ; 1.000        ; -2.906     ; 7.503      ;
; -9.406  ; 74193:inst4|26~1         ; 74193:inst1|25~_emulated ; UPclk        ; DNclk       ; 1.000        ; -3.357     ; 7.036      ;
; -9.398  ; 74193:inst4|25~1         ; 74193:inst4|23~_emulated ; UPclk        ; DNclk       ; 1.000        ; -2.361     ; 8.024      ;
; -9.311  ; 74193:inst4|24~1         ; 74193:inst1|26~_emulated ; UPclk        ; DNclk       ; 1.000        ; -3.535     ; 6.763      ;
; -9.240  ; 74193:inst4|26~1         ; 74193:inst1|26~_emulated ; UPclk        ; DNclk       ; 1.000        ; -3.535     ; 6.692      ;
; -9.175  ; 74193:inst1|23~1         ; 74193:inst4|25~_emulated ; UPclk        ; DNclk       ; 1.000        ; -3.012     ; 7.150      ;
; -9.112  ; 74193:inst4|25~1         ; 74193:inst1|23~_emulated ; UPclk        ; DNclk       ; 1.000        ; -2.373     ; 7.726      ;
; -9.109  ; 74193:inst4|24~1         ; 74193:inst4|26~_emulated ; UPclk        ; DNclk       ; 1.000        ; -3.241     ; 6.855      ;
; -9.071  ; 74193:inst4|24~1         ; 74193:inst4|23~_emulated ; UPclk        ; DNclk       ; 1.000        ; -2.361     ; 7.697      ;
; -9.024  ; 74193:inst4|26~1         ; 74193:inst4|24~_emulated ; UPclk        ; DNclk       ; 1.000        ; -2.906     ; 7.105      ;
; -9.000  ; 74193:inst4|26~1         ; 74193:inst4|23~_emulated ; UPclk        ; DNclk       ; 1.000        ; -2.361     ; 7.626      ;
; -8.849  ; 74193:inst4|23~1         ; 74193:inst1|24~_emulated ; UPclk        ; DNclk       ; 1.000        ; -3.356     ; 6.480      ;
; -8.794  ; 74193:inst4|24~1         ; 74193:inst4|25~_emulated ; UPclk        ; DNclk       ; 1.000        ; -3.014     ; 6.767      ;
; -8.785  ; 74193:inst4|24~1         ; 74193:inst1|23~_emulated ; UPclk        ; DNclk       ; 1.000        ; -2.373     ; 7.399      ;
; -8.723  ; 74193:inst4|26~1         ; 74193:inst4|25~_emulated ; UPclk        ; DNclk       ; 1.000        ; -3.014     ; 6.696      ;
; -8.714  ; 74193:inst4|26~1         ; 74193:inst1|23~_emulated ; UPclk        ; DNclk       ; 1.000        ; -2.373     ; 7.328      ;
; -8.694  ; 74193:inst4|23~1         ; 74193:inst1|25~_emulated ; UPclk        ; DNclk       ; 1.000        ; -3.513     ; 6.168      ;
+---------+--------------------------+--------------------------+--------------+-------------+--------------+------------+------------+


+------------------------------------------------------------------------------------------------------------------------------------+
; Slow 1200mV 125C Model Hold: 'UPclk'                                                                                               ;
+--------+--------------------------+--------------------------+--------------+-------------+--------------+------------+------------+
; Slack  ; From Node                ; To Node                  ; Launch Clock ; Latch Clock ; Relationship ; Clock Skew ; Data Delay ;
+--------+--------------------------+--------------------------+--------------+-------------+--------------+------------+------------+
; -1.495 ; 74193:inst1|23~1         ; 74193:inst1|23~_emulated ; UPclk        ; UPclk       ; 0.000        ; 2.416      ; 1.110      ;
; -1.228 ; 74193:inst1|25~_emulated ; 74193:inst1|25~_emulated ; UPclk        ; UPclk       ; -0.500       ; 5.005      ; 3.486      ;
; -1.212 ; 74193:inst1|24~_emulated ; 74193:inst1|24~_emulated ; UPclk        ; UPclk       ; 0.000        ; 4.906      ; 3.883      ;
; -1.108 ; 74193:inst1|23~_emulated ; 74193:inst1|23~_emulated ; UPclk        ; UPclk       ; 0.000        ; 5.117      ; 4.198      ;
; -0.978 ; 74193:inst1|24~1         ; 74193:inst1|24~_emulated ; UPclk        ; UPclk       ; 0.000        ; 1.419      ; 0.630      ;
; -0.698 ; 74193:inst1|24~_emulated ; 74193:inst1|24~_emulated ; DNclk        ; UPclk       ; 0.000        ; 4.362      ; 3.883      ;
; -0.691 ; 74193:inst4|24~1         ; 74193:inst4|24~_emulated ; UPclk        ; UPclk       ; 0.000        ; 1.154      ; 0.652      ;
; -0.674 ; 74193:inst1|25~_emulated ; 74193:inst1|25~_emulated ; DNclk        ; UPclk       ; -0.500       ; 4.441      ; 3.486      ;
; -0.634 ; 74193:inst4|23~1         ; 74193:inst4|23~_emulated ; UPclk        ; UPclk       ; 0.000        ; 1.509      ; 1.064      ;
; -0.579 ; 74193:inst1|23~_emulated ; 74193:inst1|23~_emulated ; DNclk        ; UPclk       ; 0.000        ; 4.558      ; 4.198      ;
; -0.575 ; 74193:inst1|25~1         ; 74193:inst1|25~_emulated ; UPclk        ; UPclk       ; -0.500       ; 1.313      ; 0.447      ;
; -0.006 ; 74193:inst4|24~_emulated ; 74193:inst4|24~_emulated ; DNclk        ; UPclk       ; 0.000        ; 3.830      ; 4.043      ;
; 0.024  ; UPclk                    ; 74193:inst1|23~_emulated ; UPclk        ; UPclk       ; 0.000        ; 8.384      ; 8.597      ;
; 0.066  ; 74193:inst4|25~1         ; 74193:inst4|25~_emulated ; UPclk        ; UPclk       ; -0.500       ; 0.802      ; 0.577      ;
; 0.138  ; 74193:inst4|26~_emulated ; 74193:inst4|26~_emulated ; DNclk        ; UPclk       ; -0.500       ; 3.765      ; 3.622      ;
; 0.357  ; 74193:inst4|26~1         ; 74193:inst4|26~_emulated ; UPclk        ; UPclk       ; -0.500       ; 0.753      ; 0.819      ;
; 0.419  ; 74193:inst4|25~_emulated ; 74193:inst4|25~_emulated ; DNclk        ; UPclk       ; -0.500       ; 3.587      ; 3.725      ;
; 0.459  ; 74193:inst4|23~_emulated ; 74193:inst4|23~_emulated ; DNclk        ; UPclk       ; 0.000        ; 3.791      ; 4.469      ;
; 0.558  ; 74193:inst4|26~_emulated ; 74193:inst4|26~_emulated ; UPclk        ; UPclk       ; -0.500       ; 3.355      ; 3.622      ;
; 0.574  ; UPclk                    ; 74193:inst1|23~_emulated ; UPclk        ; UPclk       ; -0.500       ; 8.384      ; 8.667      ;
; 0.844  ; 74193:inst4|24~_emulated ; 74193:inst4|24~_emulated ; UPclk        ; UPclk       ; 0.000        ; 3.010      ; 4.043      ;
; 0.937  ; UPclk                    ; 74193:inst1|25~_emulated ; UPclk        ; UPclk       ; 0.000        ; 7.283      ; 8.409      ;
; 0.985  ; UPclk                    ; 74193:inst1|24~_emulated ; UPclk        ; UPclk       ; 0.000        ; 7.361      ; 8.535      ;
; 1.010  ; UPclk                    ; 74193:inst4|23~_emulated ; UPclk        ; UPclk       ; 0.000        ; 7.629      ; 8.828      ;
; 1.096  ; 74193:inst4|26~_emulated ; 74193:inst1|23~_emulated ; DNclk        ; UPclk       ; 0.000        ; 5.426      ; 6.741      ;
; 1.103  ; 74193:inst4|23~_emulated ; 74193:inst4|23~_emulated ; UPclk        ; UPclk       ; 0.000        ; 3.177      ; 4.469      ;
; 1.128  ; UPclk                    ; 74193:inst4|24~_emulated ; UPclk        ; UPclk       ; 0.000        ; 7.123      ; 8.440      ;
; 1.186  ; 74193:inst4|25~_emulated ; 74193:inst4|25~_emulated ; UPclk        ; UPclk       ; -0.500       ; 2.830      ; 3.725      ;
; 1.201  ; UPclk                    ; 74193:inst4|25~_emulated ; UPclk        ; UPclk       ; 0.000        ; 6.772      ; 8.162      ;
; 1.275  ; UPclk                    ; 74193:inst4|26~_emulated ; UPclk        ; UPclk       ; 0.000        ; 6.723      ; 8.187      ;
; 1.322  ; 74193:inst4|25~_emulated ; 74193:inst1|23~_emulated ; DNclk        ; UPclk       ; 0.000        ; 5.199      ; 6.740      ;
; 1.328  ; UPclk                    ; 74193:inst1|25~_emulated ; UPclk        ; UPclk       ; -0.500       ; 7.283      ; 8.320      ;
; 1.491  ; 74193:inst4|24~_emulated ; 74193:inst1|23~_emulated ; DNclk        ; UPclk       ; 0.000        ; 5.091      ; 6.801      ;
; 1.536  ; 74193:inst4|26~_emulated ; 74193:inst1|23~_emulated ; UPclk        ; UPclk       ; 0.000        ; 5.016      ; 6.741      ;
; 1.552  ; UPclk                    ; 74193:inst1|24~_emulated ; UPclk        ; UPclk       ; -0.500       ; 7.361      ; 8.622      ;
; 1.575  ; UPclk                    ; 74193:inst4|25~_emulated ; UPclk        ; UPclk       ; -0.500       ; 6.772      ; 8.056      ;
; 1.586  ; UPclk                    ; 74193:inst4|23~_emulated ; UPclk        ; UPclk       ; -0.500       ; 7.629      ; 8.924      ;
; 1.615  ; 74193:inst4|23~_emulated ; 74193:inst1|23~_emulated ; DNclk        ; UPclk       ; 0.000        ; 4.546      ; 6.380      ;
; 1.652  ; UPclk                    ; 74193:inst4|26~_emulated ; UPclk        ; UPclk       ; -0.500       ; 6.723      ; 8.084      ;
; 1.679  ; UPclk                    ; 74193:inst4|24~_emulated ; UPclk        ; UPclk       ; -0.500       ; 7.123      ; 8.511      ;
; 2.074  ; 74193:inst4|26~_emulated ; 74193:inst1|24~_emulated ; DNclk        ; UPclk       ; 0.000        ; 4.403      ; 6.696      ;
; 2.108  ; 74193:inst4|26~_emulated ; 74193:inst4|23~_emulated ; DNclk        ; UPclk       ; 0.000        ; 4.671      ; 6.998      ;
; 2.109  ; 74193:inst4|25~_emulated ; 74193:inst1|23~_emulated ; UPclk        ; UPclk       ; 0.000        ; 4.442      ; 6.740      ;
; 2.201  ; 74193:inst4|26~_emulated ; 74193:inst4|24~_emulated ; DNclk        ; UPclk       ; 0.000        ; 4.165      ; 6.585      ;
; 2.251  ; 74193:inst4|25~1         ; 74193:inst4|25~_emulated ; UPclk        ; UPclk       ; 0.000        ; -1.863     ; 0.577      ;
; 2.259  ; 74193:inst4|23~_emulated ; 74193:inst1|23~_emulated ; UPclk        ; UPclk       ; 0.000        ; 3.932      ; 6.380      ;
; 2.262  ; 74193:inst1|25~_emulated ; 74193:inst1|23~_emulated ; UPclk        ; UPclk       ; 0.000        ; 6.106      ; 8.557      ;
; 2.283  ; 74193:inst1|26~_emulated ; 74193:inst1|23~_emulated ; UPclk        ; UPclk       ; 0.000        ; 6.159      ; 8.631      ;
; 2.300  ; 74193:inst4|25~_emulated ; 74193:inst1|24~_emulated ; DNclk        ; UPclk       ; 0.000        ; 4.176      ; 6.695      ;
; 2.334  ; 74193:inst4|25~_emulated ; 74193:inst4|23~_emulated ; DNclk        ; UPclk       ; 0.000        ; 4.444      ; 6.997      ;
; 2.341  ; 74193:inst4|24~_emulated ; 74193:inst1|23~_emulated ; UPclk        ; UPclk       ; 0.000        ; 4.271      ; 6.801      ;
; 2.427  ; 74193:inst4|25~_emulated ; 74193:inst4|24~_emulated ; DNclk        ; UPclk       ; 0.000        ; 3.938      ; 6.584      ;
; 2.439  ; 74193:inst4|26~_emulated ; 74193:inst1|25~_emulated ; DNclk        ; UPclk       ; -0.500       ; 4.325      ; 6.483      ;
; 2.469  ; 74193:inst4|24~_emulated ; 74193:inst1|24~_emulated ; DNclk        ; UPclk       ; 0.000        ; 4.068      ; 6.756      ;
; 2.484  ; 74193:inst4|26~_emulated ; 74193:inst1|24~_emulated ; UPclk        ; UPclk       ; 0.000        ; 4.023      ; 6.696      ;
; 2.503  ; 74193:inst4|24~_emulated ; 74193:inst4|23~_emulated ; DNclk        ; UPclk       ; 0.000        ; 4.336      ; 7.058      ;
; 2.548  ; 74193:inst4|26~_emulated ; 74193:inst4|23~_emulated ; UPclk        ; UPclk       ; 0.000        ; 4.261      ; 6.998      ;
; 2.584  ; 74193:inst4|25~_emulated ; 74193:inst4|25~_emulated ; DNclk        ; UPclk       ; 0.000        ; 0.922      ; 3.725      ;
; 2.593  ; 74193:inst4|23~_emulated ; 74193:inst1|24~_emulated ; DNclk        ; UPclk       ; 0.000        ; 3.523      ; 6.335      ;
; 2.641  ; 74193:inst4|26~_emulated ; 74193:inst4|24~_emulated ; UPclk        ; UPclk       ; 0.000        ; 3.755      ; 6.585      ;
; 2.665  ; 74193:inst4|25~_emulated ; 74193:inst1|25~_emulated ; DNclk        ; UPclk       ; -0.500       ; 4.098      ; 6.482      ;
; 2.692  ; 74193:inst1|26~_emulated ; 74193:inst1|23~_emulated ; DNclk        ; UPclk       ; 0.000        ; 5.720      ; 8.631      ;
; 2.703  ; 74193:inst4|26~_emulated ; 74193:inst4|25~_emulated ; DNclk        ; UPclk       ; -0.500       ; 3.814      ; 6.236      ;
; 2.720  ; 74193:inst4|23~_emulated ; 74193:inst4|24~_emulated ; DNclk        ; UPclk       ; 0.000        ; 3.285      ; 6.224      ;
; 2.796  ; 74193:inst1|25~_emulated ; 74193:inst1|23~_emulated ; DNclk        ; UPclk       ; 0.000        ; 5.542      ; 8.557      ;
; 2.834  ; 74193:inst4|24~_emulated ; 74193:inst1|25~_emulated ; DNclk        ; UPclk       ; -0.500       ; 3.990      ; 6.543      ;
; 2.844  ; 74193:inst1|23~_emulated ; 74193:inst1|24~_emulated ; UPclk        ; UPclk       ; 0.000        ; 4.124      ; 7.157      ;
; 2.848  ; 74193:inst1|24~_emulated ; 74193:inst1|23~_emulated ; UPclk        ; UPclk       ; 0.000        ; 5.929      ; 8.966      ;
; 2.849  ; 74193:inst4|26~_emulated ; 74193:inst4|26~_emulated ; DNclk        ; UPclk       ; 0.000        ; 0.554      ; 3.622      ;
; 2.859  ; 74193:inst4|26~_emulated ; 74193:inst1|25~_emulated ; UPclk        ; UPclk       ; -0.500       ; 3.915      ; 6.483      ;
; 2.907  ; 74193:inst1|23~_emulated ; 74193:inst4|23~_emulated ; UPclk        ; UPclk       ; 0.000        ; 4.362      ; 7.458      ;
; 2.958  ; 74193:inst4|23~_emulated ; 74193:inst1|25~_emulated ; DNclk        ; UPclk       ; -0.500       ; 3.445      ; 6.122      ;
; 2.986  ; 74193:inst1|26~_emulated ; 74193:inst1|26~_emulated ; UPclk        ; UPclk       ; 0.000        ; 0.092      ; 3.267      ;
; 3.001  ; 74193:inst1|23~_emulated ; 74193:inst4|24~_emulated ; UPclk        ; UPclk       ; 0.000        ; 3.856      ; 7.046      ;
; 3.003  ; 74193:inst4|25~_emulated ; 74193:inst4|26~_emulated ; DNclk        ; UPclk       ; -0.500       ; 3.538      ; 6.260      ;
; 3.057  ; 74193:inst4|25~_emulated ; 74193:inst1|24~_emulated ; UPclk        ; UPclk       ; 0.000        ; 3.449      ; 6.695      ;
; 3.088  ; 74193:inst4|26~1         ; 74193:inst4|26~_emulated ; UPclk        ; UPclk       ; 0.000        ; -2.458     ; 0.819      ;
; 3.098  ; 74193:inst4|24~_emulated ; 74193:inst4|25~_emulated ; DNclk        ; UPclk       ; -0.500       ; 3.479      ; 6.296      ;
; 3.121  ; 74193:inst4|25~_emulated ; 74193:inst4|23~_emulated ; UPclk        ; UPclk       ; 0.000        ; 3.687      ; 6.997      ;
; 3.123  ; 74193:inst4|26~_emulated ; 74193:inst4|25~_emulated ; UPclk        ; UPclk       ; -0.500       ; 3.404      ; 6.236      ;
; 3.172  ; 74193:inst4|24~_emulated ; 74193:inst4|26~_emulated ; DNclk        ; UPclk       ; -0.500       ; 3.430      ; 6.321      ;
; 3.178  ; 74193:inst4|26~_emulated ; 74193:inst4|26~_emulated ; UPclk        ; UPclk       ; 0.000        ; 0.255      ; 3.622      ;
; 3.184  ; 74193:inst1|25~_emulated ; 74193:inst1|25~_emulated ; UPclk        ; UPclk       ; 0.000        ; 0.113      ; 3.486      ;
; 3.204  ; 74193:inst1|25~_emulated ; 74193:inst1|25~_emulated ; UPclk        ; UPclk       ; 0.000        ; 0.093      ; 3.486      ;
; 3.207  ; 74193:inst4|23~_emulated ; 74193:inst1|24~_emulated ; UPclk        ; UPclk       ; 0.000        ; 2.939      ; 6.335      ;
; 3.214  ; 74193:inst4|25~_emulated ; 74193:inst4|24~_emulated ; UPclk        ; UPclk       ; 0.000        ; 3.181      ; 6.584      ;
; 3.219  ; 74193:inst1|23~_emulated ; 74193:inst1|25~_emulated ; UPclk        ; UPclk       ; -0.500       ; 4.016      ; 6.944      ;
; 3.222  ; 74193:inst4|23~_emulated ; 74193:inst4|25~_emulated ; DNclk        ; UPclk       ; -0.500       ; 2.934      ; 5.875      ;
; 3.240  ; 74193:inst1|25~_emulated ; 74193:inst1|24~_emulated ; UPclk        ; UPclk       ; 0.000        ; 5.083      ; 8.512      ;
; 3.261  ; 74193:inst1|26~_emulated ; 74193:inst1|24~_emulated ; UPclk        ; UPclk       ; 0.000        ; 5.136      ; 8.586      ;
; 3.274  ; 74193:inst1|25~_emulated ; 74193:inst4|23~_emulated ; UPclk        ; UPclk       ; 0.000        ; 5.351      ; 8.814      ;
; 3.289  ; 74193:inst4|24~_emulated ; 74193:inst1|24~_emulated ; UPclk        ; UPclk       ; 0.000        ; 3.278      ; 6.756      ;
; 3.295  ; 74193:inst4|26~_emulated ; 74193:inst4|26~_emulated ; UPclk        ; UPclk       ; 0.000        ; 0.138      ; 3.622      ;
; 3.295  ; 74193:inst1|26~_emulated ; 74193:inst4|23~_emulated ; UPclk        ; UPclk       ; 0.000        ; 5.404      ; 8.888      ;
; 3.296  ; 74193:inst4|23~_emulated ; 74193:inst4|26~_emulated ; DNclk        ; UPclk       ; -0.500       ; 2.885      ; 5.900      ;
; 3.353  ; 74193:inst4|24~_emulated ; 74193:inst4|23~_emulated ; UPclk        ; UPclk       ; 0.000        ; 3.516      ; 7.058      ;
; 3.362  ; 74193:inst1|24~_emulated ; 74193:inst1|23~_emulated ; DNclk        ; UPclk       ; 0.000        ; 5.385      ; 8.966      ;
; 3.364  ; 74193:inst4|23~_emulated ; 74193:inst4|24~_emulated ; UPclk        ; UPclk       ; 0.000        ; 2.671      ; 6.224      ;
; 3.367  ; 74193:inst1|25~_emulated ; 74193:inst4|24~_emulated ; UPclk        ; UPclk       ; 0.000        ; 4.845      ; 8.401      ;
; 3.388  ; 74193:inst1|26~_emulated ; 74193:inst4|24~_emulated ; UPclk        ; UPclk       ; 0.000        ; 4.898      ; 8.475      ;
+--------+--------------------------+--------------------------+--------------+-------------+--------------+------------+------------+


+-----------------------------------------------------------------------------------------------------------------------------------+
; Slow 1200mV 125C Model Hold: 'DNclk'                                                                                              ;
+-------+--------------------------+--------------------------+--------------+-------------+--------------+------------+------------+
; Slack ; From Node                ; To Node                  ; Launch Clock ; Latch Clock ; Relationship ; Clock Skew ; Data Delay ;
+-------+--------------------------+--------------------------+--------------+-------------+--------------+------------+------------+
; 2.499 ; 74193:inst1|26~_emulated ; 74193:inst1|26~_emulated ; UPclk        ; DNclk       ; 0.000        ; 0.549      ; 3.267      ;
; 2.513 ; 74193:inst1|25~_emulated ; 74193:inst1|25~_emulated ; UPclk        ; DNclk       ; 0.000        ; 0.754      ; 3.486      ;
; 2.844 ; 74193:inst1|23~1         ; 74193:inst1|23~_emulated ; UPclk        ; DNclk       ; 0.000        ; -1.953     ; 1.110      ;
; 2.882 ; 74193:inst4|24~1         ; 74193:inst4|24~_emulated ; UPclk        ; DNclk       ; 0.000        ; -2.449     ; 0.652      ;
; 2.936 ; 74193:inst1|24~_emulated ; 74193:inst1|24~_emulated ; UPclk        ; DNclk       ; 0.000        ; 0.728      ; 3.883      ;
; 2.938 ; 74193:inst4|23~1         ; 74193:inst4|23~_emulated ; UPclk        ; DNclk       ; 0.000        ; -2.093     ; 1.064      ;
; 2.947 ; 74193:inst4|25~1         ; 74193:inst4|25~_emulated ; UPclk        ; DNclk       ; 0.000        ; -2.589     ; 0.577      ;
; 2.968 ; 74193:inst1|26~_emulated ; 74193:inst1|26~_emulated ; DNclk        ; DNclk       ; 0.000        ; 0.110      ; 3.267      ;
; 2.990 ; 74193:inst1|26~1         ; 74193:inst1|26~_emulated ; UPclk        ; DNclk       ; 0.000        ; -2.416     ; 0.793      ;
; 3.107 ; 74193:inst1|25~_emulated ; 74193:inst1|25~_emulated ; DNclk        ; DNclk       ; 0.000        ; 0.190      ; 3.486      ;
; 3.136 ; 74193:inst1|25~1         ; 74193:inst1|25~_emulated ; UPclk        ; DNclk       ; 0.000        ; -2.908     ; 0.447      ;
; 3.170 ; 74193:inst1|24~1         ; 74193:inst1|24~_emulated ; UPclk        ; DNclk       ; 0.000        ; -2.759     ; 0.630      ;
; 3.231 ; 74193:inst1|23~_emulated ; 74193:inst1|23~_emulated ; UPclk        ; DNclk       ; 0.000        ; 0.748      ; 4.198      ;
; 3.308 ; 74193:inst4|26~_emulated ; 74193:inst4|26~_emulated ; DNclk        ; DNclk       ; 0.000        ; 0.125      ; 3.622      ;
; 3.370 ; 74193:inst4|25~_emulated ; 74193:inst4|25~_emulated ; DNclk        ; DNclk       ; 0.000        ; 0.166      ; 3.725      ;
; 3.457 ; 74193:inst4|26~1         ; 74193:inst4|26~_emulated ; UPclk        ; DNclk       ; 0.000        ; -2.857     ; 0.819      ;
; 3.510 ; 74193:inst1|24~_emulated ; 74193:inst1|24~_emulated ; DNclk        ; DNclk       ; 0.000        ; 0.184      ; 3.883      ;
; 3.657 ; 74193:inst4|24~_emulated ; 74193:inst4|24~_emulated ; DNclk        ; DNclk       ; 0.000        ; 0.197      ; 4.043      ;
; 3.658 ; 74193:inst4|26~_emulated ; 74193:inst4|26~_emulated ; UPclk        ; DNclk       ; 0.000        ; -0.255     ; 3.622      ;
; 3.850 ; 74193:inst1|23~_emulated ; 74193:inst1|23~_emulated ; DNclk        ; DNclk       ; 0.000        ; 0.159      ; 4.198      ;
; 4.067 ; 74193:inst4|25~_emulated ; 74193:inst4|25~_emulated ; UPclk        ; DNclk       ; 0.000        ; -0.561     ; 3.725      ;
; 4.121 ; 74193:inst4|23~_emulated ; 74193:inst4|23~_emulated ; DNclk        ; DNclk       ; 0.000        ; 0.159      ; 4.469      ;
; 4.393 ; UPclk                    ; 74193:inst1|23~_emulated ; UPclk        ; DNclk       ; 0.000        ; 3.985      ; 8.597      ;
; 4.417 ; 74193:inst4|24~_emulated ; 74193:inst4|24~_emulated ; UPclk        ; DNclk       ; 0.000        ; -0.593     ; 4.043      ;
; 4.486 ; UPclk                    ; 74193:inst4|25~_emulated ; UPclk        ; DNclk       ; 0.000        ; 3.351      ; 8.056      ;
; 4.612 ; UPclk                    ; 74193:inst4|23~_emulated ; UPclk        ; DNclk       ; 0.000        ; 3.997      ; 8.828      ;
; 4.675 ; 74193:inst4|23~_emulated ; 74193:inst4|23~_emulated ; UPclk        ; DNclk       ; 0.000        ; -0.425     ; 4.469      ;
; 4.731 ; UPclk                    ; 74193:inst4|24~_emulated ; UPclk        ; DNclk       ; 0.000        ; 3.490      ; 8.440      ;
; 4.782 ; UPclk                    ; 74193:inst4|26~_emulated ; UPclk        ; DNclk       ; 0.000        ; 3.083      ; 8.084      ;
; 4.914 ; UPclk                    ; 74193:inst1|26~_emulated ; UPclk        ; DNclk       ; 0.000        ; 2.774      ; 7.907      ;
; 4.963 ; UPclk                    ; 74193:inst1|23~_emulated ; UPclk        ; DNclk       ; -0.500       ; 3.985      ; 8.667      ;
; 5.069 ; UPclk                    ; 74193:inst1|25~_emulated ; UPclk        ; DNclk       ; 0.000        ; 3.032      ; 8.320      ;
; 5.092 ; UPclk                    ; 74193:inst4|25~_emulated ; UPclk        ; DNclk       ; -0.500       ; 3.351      ; 8.162      ;
; 5.133 ; UPclk                    ; 74193:inst1|24~_emulated ; UPclk        ; DNclk       ; 0.000        ; 3.183      ; 8.535      ;
; 5.208 ; UPclk                    ; 74193:inst4|23~_emulated ; UPclk        ; DNclk       ; -0.500       ; 3.997      ; 8.924      ;
; 5.302 ; UPclk                    ; 74193:inst4|24~_emulated ; UPclk        ; DNclk       ; -0.500       ; 3.490      ; 8.511      ;
; 5.385 ; UPclk                    ; 74193:inst4|26~_emulated ; UPclk        ; DNclk       ; -0.500       ; 3.083      ; 8.187      ;
; 5.512 ; UPclk                    ; 74193:inst1|26~_emulated ; UPclk        ; DNclk       ; -0.500       ; 2.774      ; 8.005      ;
; 5.525 ; 74193:inst4|26~_emulated ; 74193:inst1|23~_emulated ; DNclk        ; DNclk       ; 0.000        ; 1.027      ; 6.741      ;
; 5.654 ; 74193:inst4|26~_emulated ; 74193:inst4|25~_emulated ; DNclk        ; DNclk       ; 0.000        ; 0.393      ; 6.236      ;
; 5.658 ; UPclk                    ; 74193:inst1|25~_emulated ; UPclk        ; DNclk       ; -0.500       ; 3.032      ; 8.409      ;
; 5.720 ; UPclk                    ; 74193:inst1|24~_emulated ; UPclk        ; DNclk       ; -0.500       ; 3.183      ; 8.622      ;
; 5.751 ; 74193:inst4|25~_emulated ; 74193:inst1|23~_emulated ; DNclk        ; DNclk       ; 0.000        ; 0.800      ; 6.740      ;
; 5.770 ; 74193:inst4|26~_emulated ; 74193:inst4|23~_emulated ; DNclk        ; DNclk       ; 0.000        ; 1.039      ; 6.998      ;
; 5.864 ; 74193:inst4|26~_emulated ; 74193:inst4|24~_emulated ; DNclk        ; DNclk       ; 0.000        ; 0.532      ; 6.585      ;
; 5.875 ; 74193:inst4|26~_emulated ; 74193:inst1|23~_emulated ; UPclk        ; DNclk       ; 0.000        ; 0.647      ; 6.741      ;
; 5.920 ; 74193:inst4|24~_emulated ; 74193:inst1|23~_emulated ; DNclk        ; DNclk       ; 0.000        ; 0.692      ; 6.801      ;
; 5.996 ; 74193:inst4|25~_emulated ; 74193:inst4|23~_emulated ; DNclk        ; DNclk       ; 0.000        ; 0.812      ; 6.997      ;
; 6.004 ; 74193:inst4|26~_emulated ; 74193:inst4|25~_emulated ; UPclk        ; DNclk       ; 0.000        ; 0.013      ; 6.236      ;
; 6.044 ; 74193:inst4|23~_emulated ; 74193:inst1|23~_emulated ; DNclk        ; DNclk       ; 0.000        ; 0.147      ; 6.380      ;
; 6.049 ; 74193:inst4|24~_emulated ; 74193:inst4|25~_emulated ; DNclk        ; DNclk       ; 0.000        ; 0.058      ; 6.296      ;
; 6.074 ; 74193:inst4|26~_emulated ; 74193:inst1|26~_emulated ; DNclk        ; DNclk       ; 0.000        ; -0.184     ; 6.079      ;
; 6.090 ; 74193:inst4|25~_emulated ; 74193:inst4|24~_emulated ; DNclk        ; DNclk       ; 0.000        ; 0.305      ; 6.584      ;
; 6.120 ; 74193:inst4|26~_emulated ; 74193:inst4|23~_emulated ; UPclk        ; DNclk       ; 0.000        ; 0.659      ; 6.998      ;
; 6.165 ; 74193:inst4|24~_emulated ; 74193:inst4|23~_emulated ; DNclk        ; DNclk       ; 0.000        ; 0.704      ; 7.058      ;
; 6.173 ; 74193:inst4|25~_emulated ; 74193:inst4|26~_emulated ; DNclk        ; DNclk       ; 0.000        ; -0.102     ; 6.260      ;
; 6.173 ; 74193:inst4|23~_emulated ; 74193:inst4|25~_emulated ; DNclk        ; DNclk       ; 0.000        ; -0.487     ; 5.875      ;
; 6.214 ; 74193:inst4|26~_emulated ; 74193:inst4|24~_emulated ; UPclk        ; DNclk       ; 0.000        ; 0.152      ; 6.585      ;
; 6.220 ; 74193:inst4|26~_emulated ; 74193:inst1|25~_emulated ; DNclk        ; DNclk       ; 0.000        ; 0.074      ; 6.483      ;
; 6.282 ; 74193:inst4|26~_emulated ; 74193:inst1|24~_emulated ; DNclk        ; DNclk       ; 0.000        ; 0.225      ; 6.696      ;
; 6.300 ; 74193:inst4|25~_emulated ; 74193:inst1|26~_emulated ; DNclk        ; DNclk       ; 0.000        ; -0.411     ; 6.078      ;
; 6.342 ; 74193:inst4|24~_emulated ; 74193:inst4|26~_emulated ; DNclk        ; DNclk       ; 0.000        ; -0.210     ; 6.321      ;
; 6.353 ; 74193:inst1|23~_emulated ; 74193:inst4|25~_emulated ; UPclk        ; DNclk       ; 0.000        ; 0.114      ; 6.686      ;
; 6.383 ; 74193:inst4|23~_emulated ; 74193:inst4|24~_emulated ; DNclk        ; DNclk       ; 0.000        ; -0.348     ; 6.224      ;
; 6.424 ; 74193:inst4|26~_emulated ; 74193:inst1|26~_emulated ; UPclk        ; DNclk       ; 0.000        ; -0.564     ; 6.079      ;
; 6.446 ; 74193:inst4|25~_emulated ; 74193:inst1|25~_emulated ; DNclk        ; DNclk       ; 0.000        ; -0.153     ; 6.482      ;
; 6.448 ; 74193:inst4|25~_emulated ; 74193:inst1|23~_emulated ; UPclk        ; DNclk       ; 0.000        ; 0.073      ; 6.740      ;
; 6.466 ; 74193:inst4|23~_emulated ; 74193:inst4|26~_emulated ; DNclk        ; DNclk       ; 0.000        ; -0.755     ; 5.900      ;
; 6.469 ; 74193:inst4|24~_emulated ; 74193:inst1|26~_emulated ; DNclk        ; DNclk       ; 0.000        ; -0.519     ; 6.139      ;
; 6.479 ; 74193:inst1|23~_emulated ; 74193:inst4|23~_emulated ; UPclk        ; DNclk       ; 0.000        ; 0.760      ; 7.458      ;
; 6.508 ; 74193:inst4|25~_emulated ; 74193:inst1|24~_emulated ; DNclk        ; DNclk       ; 0.000        ; -0.002     ; 6.695      ;
; 6.570 ; 74193:inst4|26~_emulated ; 74193:inst1|25~_emulated ; UPclk        ; DNclk       ; 0.000        ; -0.306     ; 6.483      ;
; 6.574 ; 74193:inst1|23~_emulated ; 74193:inst4|24~_emulated ; UPclk        ; DNclk       ; 0.000        ; 0.253      ; 7.046      ;
; 6.593 ; 74193:inst4|23~_emulated ; 74193:inst1|26~_emulated ; DNclk        ; DNclk       ; 0.000        ; -1.064     ; 5.718      ;
; 6.598 ; 74193:inst4|23~_emulated ; 74193:inst1|23~_emulated ; UPclk        ; DNclk       ; 0.000        ; -0.437     ; 6.380      ;
; 6.615 ; 74193:inst4|24~_emulated ; 74193:inst1|25~_emulated ; DNclk        ; DNclk       ; 0.000        ; -0.261     ; 6.543      ;
; 6.631 ; 74193:inst1|25~_emulated ; 74193:inst1|23~_emulated ; UPclk        ; DNclk       ; 0.000        ; 1.707      ; 8.557      ;
; 6.632 ; 74193:inst4|26~_emulated ; 74193:inst1|24~_emulated ; UPclk        ; DNclk       ; 0.000        ; -0.155     ; 6.696      ;
; 6.649 ; 74193:inst1|23~_emulated ; 74193:inst4|26~_emulated ; UPclk        ; DNclk       ; 0.000        ; -0.154     ; 6.714      ;
; 6.652 ; 74193:inst1|26~_emulated ; 74193:inst1|23~_emulated ; UPclk        ; DNclk       ; 0.000        ; 1.760      ; 8.631      ;
; 6.677 ; 74193:inst4|24~_emulated ; 74193:inst1|24~_emulated ; DNclk        ; DNclk       ; 0.000        ; -0.110     ; 6.756      ;
; 6.680 ; 74193:inst4|24~_emulated ; 74193:inst1|23~_emulated ; UPclk        ; DNclk       ; 0.000        ; -0.098     ; 6.801      ;
; 6.693 ; 74193:inst4|25~_emulated ; 74193:inst4|23~_emulated ; UPclk        ; DNclk       ; 0.000        ; 0.085      ; 6.997      ;
; 6.727 ; 74193:inst4|23~_emulated ; 74193:inst4|25~_emulated ; UPclk        ; DNclk       ; 0.000        ; -1.071     ; 5.875      ;
; 6.739 ; 74193:inst4|23~_emulated ; 74193:inst1|25~_emulated ; DNclk        ; DNclk       ; 0.000        ; -0.806     ; 6.122      ;
; 6.760 ; 74193:inst1|25~_emulated ; 74193:inst4|25~_emulated ; UPclk        ; DNclk       ; 0.000        ; 1.073      ; 8.052      ;
; 6.781 ; 74193:inst1|23~_emulated ; 74193:inst1|26~_emulated ; UPclk        ; DNclk       ; 0.000        ; -0.463     ; 6.537      ;
; 6.781 ; 74193:inst1|26~_emulated ; 74193:inst4|25~_emulated ; UPclk        ; DNclk       ; 0.000        ; 1.126      ; 8.126      ;
; 6.787 ; 74193:inst4|25~_emulated ; 74193:inst4|24~_emulated ; UPclk        ; DNclk       ; 0.000        ; -0.422     ; 6.584      ;
; 6.801 ; 74193:inst4|23~_emulated ; 74193:inst1|24~_emulated ; DNclk        ; DNclk       ; 0.000        ; -0.655     ; 6.335      ;
; 6.809 ; 74193:inst4|24~_emulated ; 74193:inst4|25~_emulated ; UPclk        ; DNclk       ; 0.000        ; -0.732     ; 6.296      ;
; 6.870 ; 74193:inst4|25~_emulated ; 74193:inst4|26~_emulated ; UPclk        ; DNclk       ; 0.000        ; -0.829     ; 6.260      ;
; 6.876 ; 74193:inst1|25~_emulated ; 74193:inst4|23~_emulated ; UPclk        ; DNclk       ; 0.000        ; 1.719      ; 8.814      ;
; 6.897 ; 74193:inst1|26~_emulated ; 74193:inst4|23~_emulated ; UPclk        ; DNclk       ; 0.000        ; 1.772      ; 8.888      ;
; 6.925 ; 74193:inst4|24~_emulated ; 74193:inst4|23~_emulated ; UPclk        ; DNclk       ; 0.000        ; -0.086     ; 7.058      ;
; 6.930 ; 74193:inst1|23~_emulated ; 74193:inst1|25~_emulated ; UPclk        ; DNclk       ; 0.000        ; -0.205     ; 6.944      ;
; 6.937 ; 74193:inst4|23~_emulated ; 74193:inst4|24~_emulated ; UPclk        ; DNclk       ; 0.000        ; -0.932     ; 6.224      ;
; 6.970 ; 74193:inst1|25~_emulated ; 74193:inst4|24~_emulated ; UPclk        ; DNclk       ; 0.000        ; 1.212      ; 8.401      ;
; 6.972 ; 74193:inst1|23~_emulated ; 74193:inst4|25~_emulated ; DNclk        ; DNclk       ; 0.000        ; -0.475     ; 6.686      ;
; 6.991 ; 74193:inst1|26~_emulated ; 74193:inst4|24~_emulated ; UPclk        ; DNclk       ; 0.000        ; 1.265      ; 8.475      ;
+-------+--------------------------+--------------------------+--------------+-------------+--------------+------------+------------+


+-------------------------------------------------------------------------------------------------------------------------------------+
; Slow 1200mV 125C Model Recovery: 'UPclk'                                                                                            ;
+---------+--------------------------+--------------------------+--------------+-------------+--------------+------------+------------+
; Slack   ; From Node                ; To Node                  ; Launch Clock ; Latch Clock ; Relationship ; Clock Skew ; Data Delay ;
+---------+--------------------------+--------------------------+--------------+-------------+--------------+------------+------------+
; -11.162 ; 74193:inst1|25~_emulated ; 74193:inst1|26~_emulated ; UPclk        ; UPclk       ; 0.500        ; -5.058     ; 6.601      ;
; -11.111 ; 74193:inst1|24~_emulated ; 74193:inst1|26~_emulated ; UPclk        ; UPclk       ; 1.000        ; -5.136     ; 6.972      ;
; -11.109 ; 74193:inst1|25~_emulated ; 74193:inst1|25~_emulated ; UPclk        ; UPclk       ; 0.500        ; -5.005     ; 6.601      ;
; -11.058 ; 74193:inst1|24~_emulated ; 74193:inst1|25~_emulated ; UPclk        ; UPclk       ; 1.000        ; -5.083     ; 6.972      ;
; -10.931 ; 74193:inst1|25~_emulated ; 74193:inst1|24~_emulated ; UPclk        ; UPclk       ; 0.500        ; -4.828     ; 6.600      ;
; -10.880 ; 74193:inst1|24~_emulated ; 74193:inst1|24~_emulated ; UPclk        ; UPclk       ; 1.000        ; -4.906     ; 6.971      ;
; -10.257 ; 74193:inst1|23~_emulated ; 74193:inst1|26~_emulated ; UPclk        ; UPclk       ; 1.000        ; -6.159     ; 5.095      ;
; -10.204 ; 74193:inst1|23~_emulated ; 74193:inst1|25~_emulated ; UPclk        ; UPclk       ; 1.000        ; -6.106     ; 5.095      ;
; -10.118 ; 74193:inst1|25~_emulated ; 74193:inst1|23~_emulated ; UPclk        ; UPclk       ; 0.500        ; -4.016     ; 6.599      ;
; -10.097 ; 74193:inst1|24~_emulated ; 74193:inst1|23~_emulated ; UPclk        ; UPclk       ; 1.000        ; -4.124     ; 6.970      ;
; -10.026 ; 74193:inst1|23~_emulated ; 74193:inst1|24~_emulated ; UPclk        ; UPclk       ; 1.000        ; -5.929     ; 5.094      ;
; -10.018 ; 74193:inst1|25~_emulated ; 74193:inst4|26~_emulated ; UPclk        ; UPclk       ; 0.500        ; -3.915     ; 6.600      ;
; -9.997  ; 74193:inst1|24~_emulated ; 74193:inst4|26~_emulated ; UPclk        ; UPclk       ; 1.000        ; -4.023     ; 6.971      ;
; -9.865  ; 74193:inst1|26~1         ; 74193:inst1|26~_emulated ; UPclk        ; UPclk       ; 1.000        ; -3.193     ; 7.669      ;
; -9.812  ; 74193:inst1|26~1         ; 74193:inst1|25~_emulated ; UPclk        ; UPclk       ; 1.000        ; -3.140     ; 7.669      ;
; -9.764  ; 74193:inst1|25~1         ; 74193:inst1|26~_emulated ; UPclk        ; UPclk       ; 1.000        ; -3.974     ; 6.787      ;
; -9.711  ; 74193:inst1|25~1         ; 74193:inst1|25~_emulated ; UPclk        ; UPclk       ; 1.000        ; -3.921     ; 6.787      ;
; -9.679  ; 74193:inst1|24~1         ; 74193:inst1|26~_emulated ; UPclk        ; UPclk       ; 1.000        ; -3.977     ; 6.699      ;
; -9.634  ; 74193:inst1|26~1         ; 74193:inst1|24~_emulated ; UPclk        ; UPclk       ; 1.000        ; -2.963     ; 7.668      ;
; -9.626  ; 74193:inst1|24~1         ; 74193:inst1|25~_emulated ; UPclk        ; UPclk       ; 1.000        ; -3.924     ; 6.699      ;
; -9.533  ; 74193:inst1|25~1         ; 74193:inst1|24~_emulated ; UPclk        ; UPclk       ; 1.000        ; -3.744     ; 6.786      ;
; -9.448  ; 74193:inst1|24~1         ; 74193:inst1|24~_emulated ; UPclk        ; UPclk       ; 1.000        ; -3.747     ; 6.698      ;
; -9.444  ; 74193:inst1|25~_emulated ; 74193:inst4|25~_emulated ; UPclk        ; UPclk       ; 0.500        ; -3.341     ; 6.600      ;
; -9.423  ; 74193:inst1|24~_emulated ; 74193:inst4|25~_emulated ; UPclk        ; UPclk       ; 1.000        ; -3.449     ; 6.971      ;
; -9.272  ; 74193:inst1|25~_emulated ; 74193:inst4|24~_emulated ; UPclk        ; UPclk       ; 0.500        ; -3.170     ; 6.599      ;
; -9.251  ; 74193:inst1|24~_emulated ; 74193:inst4|24~_emulated ; UPclk        ; UPclk       ; 1.000        ; -3.278     ; 6.970      ;
; -9.213  ; 74193:inst1|23~_emulated ; 74193:inst1|23~_emulated ; UPclk        ; UPclk       ; 1.000        ; -5.117     ; 5.093      ;
; -9.113  ; 74193:inst1|23~_emulated ; 74193:inst4|26~_emulated ; UPclk        ; UPclk       ; 1.000        ; -5.016     ; 5.094      ;
; -8.935  ; 74193:inst1|25~_emulated ; 74193:inst4|23~_emulated ; UPclk        ; UPclk       ; 0.500        ; -2.831     ; 6.601      ;
; -8.914  ; 74193:inst1|24~_emulated ; 74193:inst4|23~_emulated ; UPclk        ; UPclk       ; 1.000        ; -2.939     ; 6.972      ;
; -8.821  ; 74193:inst1|26~1         ; 74193:inst1|23~_emulated ; UPclk        ; UPclk       ; 1.000        ; -2.151     ; 7.667      ;
; -8.759  ; 74193:inst4|25~_emulated ; 74193:inst1|26~_emulated ; UPclk        ; UPclk       ; 0.500        ; -4.547     ; 4.709      ;
; -8.721  ; 74193:inst1|26~1         ; 74193:inst4|26~_emulated ; UPclk        ; UPclk       ; 1.000        ; -2.050     ; 7.668      ;
; -8.720  ; 74193:inst1|25~1         ; 74193:inst1|23~_emulated ; UPclk        ; UPclk       ; 1.000        ; -2.932     ; 6.785      ;
; -8.707  ; 74193:inst4|23~_emulated ; 74193:inst1|26~_emulated ; UPclk        ; UPclk       ; 1.000        ; -5.404     ; 4.300      ;
; -8.706  ; 74193:inst4|25~_emulated ; 74193:inst1|25~_emulated ; UPclk        ; UPclk       ; 0.500        ; -4.494     ; 4.709      ;
; -8.699  ; 74193:inst4|26~_emulated ; 74193:inst1|26~_emulated ; UPclk        ; UPclk       ; 0.500        ; -4.498     ; 4.698      ;
; -8.654  ; 74193:inst4|23~_emulated ; 74193:inst1|25~_emulated ; UPclk        ; UPclk       ; 1.000        ; -5.351     ; 4.300      ;
; -8.646  ; 74193:inst4|26~_emulated ; 74193:inst1|25~_emulated ; UPclk        ; UPclk       ; 0.500        ; -4.445     ; 4.698      ;
; -8.635  ; 74193:inst1|24~1         ; 74193:inst1|23~_emulated ; UPclk        ; UPclk       ; 1.000        ; -2.935     ; 6.697      ;
; -8.623  ; 74193:inst4|24~_emulated ; 74193:inst1|26~_emulated ; UPclk        ; UPclk       ; 1.000        ; -4.898     ; 4.722      ;
; -8.620  ; 74193:inst1|25~1         ; 74193:inst4|26~_emulated ; UPclk        ; UPclk       ; 1.000        ; -2.831     ; 6.786      ;
; -8.570  ; 74193:inst4|24~_emulated ; 74193:inst1|25~_emulated ; UPclk        ; UPclk       ; 1.000        ; -4.845     ; 4.722      ;
; -8.539  ; 74193:inst1|23~_emulated ; 74193:inst4|25~_emulated ; UPclk        ; UPclk       ; 1.000        ; -4.442     ; 5.094      ;
; -8.535  ; 74193:inst1|24~1         ; 74193:inst4|26~_emulated ; UPclk        ; UPclk       ; 1.000        ; -2.834     ; 6.698      ;
; -8.528  ; 74193:inst4|25~_emulated ; 74193:inst1|24~_emulated ; UPclk        ; UPclk       ; 0.500        ; -4.317     ; 4.708      ;
; -8.476  ; 74193:inst4|23~_emulated ; 74193:inst1|24~_emulated ; UPclk        ; UPclk       ; 1.000        ; -5.174     ; 4.299      ;
; -8.468  ; 74193:inst4|26~_emulated ; 74193:inst1|24~_emulated ; UPclk        ; UPclk       ; 0.500        ; -4.268     ; 4.697      ;
; -8.392  ; 74193:inst4|24~_emulated ; 74193:inst1|24~_emulated ; UPclk        ; UPclk       ; 1.000        ; -4.668     ; 4.721      ;
; -8.367  ; 74193:inst1|23~_emulated ; 74193:inst4|24~_emulated ; UPclk        ; UPclk       ; 1.000        ; -4.271     ; 5.093      ;
; -8.147  ; 74193:inst1|26~1         ; 74193:inst4|25~_emulated ; UPclk        ; UPclk       ; 1.000        ; -1.476     ; 7.668      ;
; -8.128  ; 74193:inst1|23~1         ; 74193:inst1|26~_emulated ; UPclk        ; UPclk       ; 1.000        ; -3.972     ; 5.153      ;
; -8.075  ; 74193:inst1|23~1         ; 74193:inst1|25~_emulated ; UPclk        ; UPclk       ; 1.000        ; -3.919     ; 5.153      ;
; -8.074  ; 74193:inst4|25~1         ; 74193:inst1|26~_emulated ; UPclk        ; UPclk       ; 1.000        ; -3.974     ; 5.097      ;
; -8.046  ; 74193:inst1|25~1         ; 74193:inst4|25~_emulated ; UPclk        ; UPclk       ; 1.000        ; -2.257     ; 6.786      ;
; -8.030  ; 74193:inst1|23~_emulated ; 74193:inst4|23~_emulated ; UPclk        ; UPclk       ; 1.000        ; -3.932     ; 5.095      ;
; -8.021  ; 74193:inst4|25~1         ; 74193:inst1|25~_emulated ; UPclk        ; UPclk       ; 1.000        ; -3.921     ; 5.097      ;
; -7.975  ; 74193:inst1|26~1         ; 74193:inst4|24~_emulated ; UPclk        ; UPclk       ; 1.000        ; -1.305     ; 7.667      ;
; -7.961  ; 74193:inst1|24~1         ; 74193:inst4|25~_emulated ; UPclk        ; UPclk       ; 1.000        ; -2.260     ; 6.698      ;
; -7.897  ; 74193:inst1|23~1         ; 74193:inst1|24~_emulated ; UPclk        ; UPclk       ; 1.000        ; -3.742     ; 5.152      ;
; -7.874  ; 74193:inst1|25~1         ; 74193:inst4|24~_emulated ; UPclk        ; UPclk       ; 1.000        ; -2.086     ; 6.785      ;
; -7.843  ; 74193:inst4|25~1         ; 74193:inst1|24~_emulated ; UPclk        ; UPclk       ; 1.000        ; -3.744     ; 5.096      ;
; -7.789  ; 74193:inst1|24~1         ; 74193:inst4|24~_emulated ; UPclk        ; UPclk       ; 1.000        ; -2.089     ; 6.697      ;
; -7.747  ; 74193:inst4|24~1         ; 74193:inst1|26~_emulated ; UPclk        ; UPclk       ; 1.000        ; -3.974     ; 4.770      ;
; -7.715  ; 74193:inst4|25~_emulated ; 74193:inst1|23~_emulated ; UPclk        ; UPclk       ; 0.500        ; -3.505     ; 4.707      ;
; -7.694  ; 74193:inst4|24~1         ; 74193:inst1|25~_emulated ; UPclk        ; UPclk       ; 1.000        ; -3.921     ; 4.770      ;
; -7.676  ; 74193:inst4|26~1         ; 74193:inst1|26~_emulated ; UPclk        ; UPclk       ; 1.000        ; -3.974     ; 4.699      ;
; -7.663  ; 74193:inst4|23~_emulated ; 74193:inst1|23~_emulated ; UPclk        ; UPclk       ; 1.000        ; -4.362     ; 4.298      ;
; -7.655  ; 74193:inst4|26~_emulated ; 74193:inst1|23~_emulated ; UPclk        ; UPclk       ; 0.500        ; -3.456     ; 4.696      ;
; -7.638  ; 74193:inst1|26~1         ; 74193:inst4|23~_emulated ; UPclk        ; UPclk       ; 1.000        ; -0.966     ; 7.669      ;
; -7.623  ; 74193:inst4|26~1         ; 74193:inst1|25~_emulated ; UPclk        ; UPclk       ; 1.000        ; -3.921     ; 4.699      ;
; -7.615  ; 74193:inst4|25~_emulated ; 74193:inst4|26~_emulated ; UPclk        ; UPclk       ; 0.500        ; -3.404     ; 4.708      ;
; -7.579  ; 74193:inst4|24~_emulated ; 74193:inst1|23~_emulated ; UPclk        ; UPclk       ; 1.000        ; -3.856     ; 4.720      ;
; -7.563  ; 74193:inst4|23~_emulated ; 74193:inst4|26~_emulated ; UPclk        ; UPclk       ; 1.000        ; -4.261     ; 4.299      ;
; -7.555  ; 74193:inst4|26~_emulated ; 74193:inst4|26~_emulated ; UPclk        ; UPclk       ; 0.500        ; -3.355     ; 4.697      ;
; -7.537  ; 74193:inst1|25~1         ; 74193:inst4|23~_emulated ; UPclk        ; UPclk       ; 1.000        ; -1.747     ; 6.787      ;
; -7.516  ; 74193:inst4|24~1         ; 74193:inst1|24~_emulated ; UPclk        ; UPclk       ; 1.000        ; -3.744     ; 4.769      ;
; -7.479  ; 74193:inst4|24~_emulated ; 74193:inst4|26~_emulated ; UPclk        ; UPclk       ; 1.000        ; -3.755     ; 4.721      ;
; -7.452  ; 74193:inst1|24~1         ; 74193:inst4|23~_emulated ; UPclk        ; UPclk       ; 1.000        ; -1.750     ; 6.699      ;
; -7.445  ; 74193:inst4|26~1         ; 74193:inst1|24~_emulated ; UPclk        ; UPclk       ; 1.000        ; -3.744     ; 4.698      ;
; -7.398  ; 74193:inst1|24~_emulated ; 74193:inst4|26~_emulated ; UPclk        ; UPclk       ; 0.500        ; -0.924     ; 6.971      ;
; -7.385  ; 74193:inst1|24~_emulated ; 74193:inst4|25~_emulated ; UPclk        ; UPclk       ; 0.500        ; -0.911     ; 6.971      ;
; -7.084  ; 74193:inst1|23~1         ; 74193:inst1|23~_emulated ; UPclk        ; UPclk       ; 1.000        ; -2.930     ; 5.151      ;
; -7.041  ; 74193:inst4|25~_emulated ; 74193:inst4|25~_emulated ; UPclk        ; UPclk       ; 0.500        ; -2.830     ; 4.708      ;
; -7.030  ; 74193:inst4|25~1         ; 74193:inst1|23~_emulated ; UPclk        ; UPclk       ; 1.000        ; -2.932     ; 5.095      ;
; -6.989  ; 74193:inst4|23~_emulated ; 74193:inst4|25~_emulated ; UPclk        ; UPclk       ; 1.000        ; -3.687     ; 4.299      ;
; -6.984  ; 74193:inst1|23~1         ; 74193:inst4|26~_emulated ; UPclk        ; UPclk       ; 1.000        ; -2.829     ; 5.152      ;
; -6.981  ; 74193:inst4|26~_emulated ; 74193:inst4|25~_emulated ; UPclk        ; UPclk       ; 0.500        ; -2.781     ; 4.697      ;
; -6.964  ; 74193:inst4|23~1         ; 74193:inst1|26~_emulated ; UPclk        ; UPclk       ; 1.000        ; -4.130     ; 3.831      ;
; -6.943  ; 74193:inst1|24~_emulated ; 74193:inst1|26~_emulated ; DNclk        ; UPclk       ; 1.000        ; -0.958     ; 6.972      ;
; -6.930  ; 74193:inst4|25~1         ; 74193:inst4|26~_emulated ; UPclk        ; UPclk       ; 1.000        ; -2.831     ; 5.096      ;
; -6.911  ; 74193:inst4|23~1         ; 74193:inst1|25~_emulated ; UPclk        ; UPclk       ; 1.000        ; -4.077     ; 3.831      ;
; -6.905  ; 74193:inst4|24~_emulated ; 74193:inst4|25~_emulated ; UPclk        ; UPclk       ; 1.000        ; -3.181     ; 4.721      ;
; -6.890  ; 74193:inst1|24~_emulated ; 74193:inst1|25~_emulated ; DNclk        ; UPclk       ; 1.000        ; -0.905     ; 6.972      ;
; -6.885  ; 74193:inst1|24~_emulated ; 74193:inst1|25~_emulated ; UPclk        ; UPclk       ; 0.500        ; -0.410     ; 6.972      ;
; -6.869  ; 74193:inst4|25~_emulated ; 74193:inst4|24~_emulated ; UPclk        ; UPclk       ; 0.500        ; -2.659     ; 4.707      ;
; -6.817  ; 74193:inst4|23~_emulated ; 74193:inst4|24~_emulated ; UPclk        ; UPclk       ; 1.000        ; -3.516     ; 4.298      ;
; -6.809  ; 74193:inst4|26~_emulated ; 74193:inst4|24~_emulated ; UPclk        ; UPclk       ; 0.500        ; -2.610     ; 4.696      ;
; -6.733  ; 74193:inst4|24~_emulated ; 74193:inst4|24~_emulated ; UPclk        ; UPclk       ; 1.000        ; -3.010     ; 4.720      ;
; -6.733  ; 74193:inst4|23~1         ; 74193:inst1|24~_emulated ; UPclk        ; UPclk       ; 1.000        ; -3.900     ; 3.830      ;
+---------+--------------------------+--------------------------+--------------+-------------+--------------+------------+------------+


+-------------------------------------------------------------------------------------------------------------------------------------+
; Slow 1200mV 125C Model Recovery: 'DNclk'                                                                                            ;
+---------+--------------------------+--------------------------+--------------+-------------+--------------+------------+------------+
; Slack   ; From Node                ; To Node                  ; Launch Clock ; Latch Clock ; Relationship ; Clock Skew ; Data Delay ;
+---------+--------------------------+--------------------------+--------------+-------------+--------------+------------+------------+
; -10.733 ; 74193:inst1|25~_emulated ; 74193:inst1|26~_emulated ; UPclk        ; DNclk       ; 0.500        ; -4.619     ; 6.601      ;
; -10.682 ; 74193:inst1|24~_emulated ; 74193:inst1|26~_emulated ; UPclk        ; DNclk       ; 1.000        ; -4.697     ; 6.972      ;
; -10.555 ; 74193:inst1|25~_emulated ; 74193:inst1|25~_emulated ; UPclk        ; DNclk       ; 0.500        ; -4.441     ; 6.601      ;
; -10.504 ; 74193:inst1|24~_emulated ; 74193:inst1|25~_emulated ; UPclk        ; DNclk       ; 1.000        ; -4.519     ; 6.972      ;
; -10.438 ; 74193:inst1|25~_emulated ; 74193:inst4|26~_emulated ; UPclk        ; DNclk       ; 0.500        ; -4.325     ; 6.600      ;
; -10.397 ; 74193:inst1|25~_emulated ; 74193:inst1|24~_emulated ; UPclk        ; DNclk       ; 0.500        ; -4.284     ; 6.600      ;
; -10.387 ; 74193:inst1|24~_emulated ; 74193:inst4|26~_emulated ; UPclk        ; DNclk       ; 1.000        ; -4.403     ; 6.971      ;
; -10.346 ; 74193:inst1|24~_emulated ; 74193:inst1|24~_emulated ; UPclk        ; DNclk       ; 1.000        ; -4.362     ; 6.971      ;
; -10.211 ; 74193:inst1|25~_emulated ; 74193:inst4|25~_emulated ; UPclk        ; DNclk       ; 0.500        ; -4.098     ; 6.600      ;
; -10.160 ; 74193:inst1|24~_emulated ; 74193:inst4|25~_emulated ; UPclk        ; DNclk       ; 1.000        ; -4.176     ; 6.971      ;
; -10.102 ; 74193:inst1|25~_emulated ; 74193:inst4|24~_emulated ; UPclk        ; DNclk       ; 0.500        ; -3.990     ; 6.599      ;
; -10.051 ; 74193:inst1|24~_emulated ; 74193:inst4|24~_emulated ; UPclk        ; DNclk       ; 1.000        ; -4.068     ; 6.970      ;
; -9.828  ; 74193:inst1|23~_emulated ; 74193:inst1|26~_emulated ; UPclk        ; DNclk       ; 1.000        ; -5.720     ; 5.095      ;
; -9.650  ; 74193:inst1|23~_emulated ; 74193:inst1|25~_emulated ; UPclk        ; DNclk       ; 1.000        ; -5.542     ; 5.095      ;
; -9.569  ; 74193:inst1|25~_emulated ; 74193:inst1|23~_emulated ; UPclk        ; DNclk       ; 0.500        ; -3.457     ; 6.599      ;
; -9.559  ; 74193:inst1|25~_emulated ; 74193:inst4|23~_emulated ; UPclk        ; DNclk       ; 0.500        ; -3.445     ; 6.601      ;
; -9.533  ; 74193:inst1|23~_emulated ; 74193:inst4|26~_emulated ; UPclk        ; DNclk       ; 1.000        ; -5.426     ; 5.094      ;
; -9.518  ; 74193:inst1|24~_emulated ; 74193:inst1|23~_emulated ; UPclk        ; DNclk       ; 1.000        ; -3.535     ; 6.970      ;
; -9.508  ; 74193:inst1|24~_emulated ; 74193:inst4|23~_emulated ; UPclk        ; DNclk       ; 1.000        ; -3.523     ; 6.972      ;
; -9.492  ; 74193:inst1|23~_emulated ; 74193:inst1|24~_emulated ; UPclk        ; DNclk       ; 1.000        ; -5.385     ; 5.094      ;
; -9.436  ; 74193:inst1|26~1         ; 74193:inst1|26~_emulated ; UPclk        ; DNclk       ; 1.000        ; -2.754     ; 7.669      ;
; -9.335  ; 74193:inst1|25~1         ; 74193:inst1|26~_emulated ; UPclk        ; DNclk       ; 1.000        ; -3.535     ; 6.787      ;
; -9.306  ; 74193:inst1|23~_emulated ; 74193:inst4|25~_emulated ; UPclk        ; DNclk       ; 1.000        ; -5.199     ; 5.094      ;
; -9.258  ; 74193:inst1|26~1         ; 74193:inst1|25~_emulated ; UPclk        ; DNclk       ; 1.000        ; -2.576     ; 7.669      ;
; -9.250  ; 74193:inst1|24~1         ; 74193:inst1|26~_emulated ; UPclk        ; DNclk       ; 1.000        ; -3.538     ; 6.699      ;
; -9.197  ; 74193:inst1|23~_emulated ; 74193:inst4|24~_emulated ; UPclk        ; DNclk       ; 1.000        ; -5.091     ; 5.093      ;
; -9.157  ; 74193:inst1|25~1         ; 74193:inst1|25~_emulated ; UPclk        ; DNclk       ; 1.000        ; -3.357     ; 6.787      ;
; -9.141  ; 74193:inst1|26~1         ; 74193:inst4|26~_emulated ; UPclk        ; DNclk       ; 1.000        ; -2.460     ; 7.668      ;
; -9.100  ; 74193:inst1|26~1         ; 74193:inst1|24~_emulated ; UPclk        ; DNclk       ; 1.000        ; -2.419     ; 7.668      ;
; -9.072  ; 74193:inst1|24~1         ; 74193:inst1|25~_emulated ; UPclk        ; DNclk       ; 1.000        ; -3.360     ; 6.699      ;
; -9.040  ; 74193:inst1|25~1         ; 74193:inst4|26~_emulated ; UPclk        ; DNclk       ; 1.000        ; -3.241     ; 6.786      ;
; -8.999  ; 74193:inst1|25~1         ; 74193:inst1|24~_emulated ; UPclk        ; DNclk       ; 1.000        ; -3.200     ; 6.786      ;
; -8.955  ; 74193:inst1|24~1         ; 74193:inst4|26~_emulated ; UPclk        ; DNclk       ; 1.000        ; -3.244     ; 6.698      ;
; -8.914  ; 74193:inst1|24~1         ; 74193:inst1|24~_emulated ; UPclk        ; DNclk       ; 1.000        ; -3.203     ; 6.698      ;
; -8.914  ; 74193:inst1|26~1         ; 74193:inst4|25~_emulated ; UPclk        ; DNclk       ; 1.000        ; -2.233     ; 7.668      ;
; -8.813  ; 74193:inst1|25~1         ; 74193:inst4|25~_emulated ; UPclk        ; DNclk       ; 1.000        ; -3.014     ; 6.786      ;
; -8.805  ; 74193:inst1|26~1         ; 74193:inst4|24~_emulated ; UPclk        ; DNclk       ; 1.000        ; -2.125     ; 7.667      ;
; -8.728  ; 74193:inst1|24~1         ; 74193:inst4|25~_emulated ; UPclk        ; DNclk       ; 1.000        ; -3.017     ; 6.698      ;
; -8.704  ; 74193:inst1|25~1         ; 74193:inst4|24~_emulated ; UPclk        ; DNclk       ; 1.000        ; -2.906     ; 6.785      ;
; -8.664  ; 74193:inst1|23~_emulated ; 74193:inst1|23~_emulated ; UPclk        ; DNclk       ; 1.000        ; -4.558     ; 5.093      ;
; -8.654  ; 74193:inst1|23~_emulated ; 74193:inst4|23~_emulated ; UPclk        ; DNclk       ; 1.000        ; -4.546     ; 5.095      ;
; -8.619  ; 74193:inst1|24~1         ; 74193:inst4|24~_emulated ; UPclk        ; DNclk       ; 1.000        ; -2.909     ; 6.697      ;
; -8.330  ; 74193:inst4|25~_emulated ; 74193:inst1|26~_emulated ; UPclk        ; DNclk       ; 0.500        ; -4.108     ; 4.709      ;
; -8.278  ; 74193:inst4|23~_emulated ; 74193:inst1|26~_emulated ; UPclk        ; DNclk       ; 1.000        ; -4.965     ; 4.300      ;
; -8.272  ; 74193:inst1|26~1         ; 74193:inst1|23~_emulated ; UPclk        ; DNclk       ; 1.000        ; -1.592     ; 7.667      ;
; -8.270  ; 74193:inst4|26~_emulated ; 74193:inst1|26~_emulated ; UPclk        ; DNclk       ; 0.500        ; -4.059     ; 4.698      ;
; -8.262  ; 74193:inst1|26~1         ; 74193:inst4|23~_emulated ; UPclk        ; DNclk       ; 1.000        ; -1.580     ; 7.669      ;
; -8.194  ; 74193:inst4|24~_emulated ; 74193:inst1|26~_emulated ; UPclk        ; DNclk       ; 1.000        ; -4.459     ; 4.722      ;
; -8.171  ; 74193:inst1|25~1         ; 74193:inst1|23~_emulated ; UPclk        ; DNclk       ; 1.000        ; -2.373     ; 6.785      ;
; -8.161  ; 74193:inst1|25~1         ; 74193:inst4|23~_emulated ; UPclk        ; DNclk       ; 1.000        ; -2.361     ; 6.787      ;
; -8.152  ; 74193:inst4|25~_emulated ; 74193:inst1|25~_emulated ; UPclk        ; DNclk       ; 0.500        ; -3.930     ; 4.709      ;
; -8.100  ; 74193:inst4|23~_emulated ; 74193:inst1|25~_emulated ; UPclk        ; DNclk       ; 1.000        ; -4.787     ; 4.300      ;
; -8.092  ; 74193:inst4|26~_emulated ; 74193:inst1|25~_emulated ; UPclk        ; DNclk       ; 0.500        ; -3.881     ; 4.698      ;
; -8.086  ; 74193:inst1|24~1         ; 74193:inst1|23~_emulated ; UPclk        ; DNclk       ; 1.000        ; -2.376     ; 6.697      ;
; -8.076  ; 74193:inst1|24~1         ; 74193:inst4|23~_emulated ; UPclk        ; DNclk       ; 1.000        ; -2.364     ; 6.699      ;
; -8.035  ; 74193:inst4|25~_emulated ; 74193:inst4|26~_emulated ; UPclk        ; DNclk       ; 0.500        ; -3.814     ; 4.708      ;
; -8.016  ; 74193:inst4|24~_emulated ; 74193:inst1|25~_emulated ; UPclk        ; DNclk       ; 1.000        ; -4.281     ; 4.722      ;
; -7.994  ; 74193:inst4|25~_emulated ; 74193:inst1|24~_emulated ; UPclk        ; DNclk       ; 0.500        ; -3.773     ; 4.708      ;
; -7.983  ; 74193:inst4|23~_emulated ; 74193:inst4|26~_emulated ; UPclk        ; DNclk       ; 1.000        ; -4.671     ; 4.299      ;
; -7.975  ; 74193:inst4|26~_emulated ; 74193:inst4|26~_emulated ; UPclk        ; DNclk       ; 0.500        ; -3.765     ; 4.697      ;
; -7.942  ; 74193:inst4|23~_emulated ; 74193:inst1|24~_emulated ; UPclk        ; DNclk       ; 1.000        ; -4.630     ; 4.299      ;
; -7.934  ; 74193:inst4|26~_emulated ; 74193:inst1|24~_emulated ; UPclk        ; DNclk       ; 0.500        ; -3.724     ; 4.697      ;
; -7.899  ; 74193:inst4|24~_emulated ; 74193:inst4|26~_emulated ; UPclk        ; DNclk       ; 1.000        ; -4.165     ; 4.721      ;
; -7.858  ; 74193:inst4|24~_emulated ; 74193:inst1|24~_emulated ; UPclk        ; DNclk       ; 1.000        ; -4.124     ; 4.721      ;
; -7.808  ; 74193:inst4|25~_emulated ; 74193:inst4|25~_emulated ; UPclk        ; DNclk       ; 0.500        ; -3.587     ; 4.708      ;
; -7.756  ; 74193:inst4|23~_emulated ; 74193:inst4|25~_emulated ; UPclk        ; DNclk       ; 1.000        ; -4.444     ; 4.299      ;
; -7.748  ; 74193:inst4|26~_emulated ; 74193:inst4|25~_emulated ; UPclk        ; DNclk       ; 0.500        ; -3.538     ; 4.697      ;
; -7.699  ; 74193:inst1|23~1         ; 74193:inst1|26~_emulated ; UPclk        ; DNclk       ; 1.000        ; -3.533     ; 5.153      ;
; -7.699  ; 74193:inst4|25~_emulated ; 74193:inst4|24~_emulated ; UPclk        ; DNclk       ; 0.500        ; -3.479     ; 4.707      ;
; -7.672  ; 74193:inst4|24~_emulated ; 74193:inst4|25~_emulated ; UPclk        ; DNclk       ; 1.000        ; -3.938     ; 4.721      ;
; -7.647  ; 74193:inst4|23~_emulated ; 74193:inst4|24~_emulated ; UPclk        ; DNclk       ; 1.000        ; -4.336     ; 4.298      ;
; -7.645  ; 74193:inst4|25~1         ; 74193:inst1|26~_emulated ; UPclk        ; DNclk       ; 1.000        ; -3.535     ; 5.097      ;
; -7.639  ; 74193:inst4|26~_emulated ; 74193:inst4|24~_emulated ; UPclk        ; DNclk       ; 0.500        ; -3.430     ; 4.696      ;
; -7.563  ; 74193:inst4|24~_emulated ; 74193:inst4|24~_emulated ; UPclk        ; DNclk       ; 1.000        ; -3.830     ; 4.720      ;
; -7.521  ; 74193:inst1|23~1         ; 74193:inst1|25~_emulated ; UPclk        ; DNclk       ; 1.000        ; -3.355     ; 5.153      ;
; -7.467  ; 74193:inst4|25~1         ; 74193:inst1|25~_emulated ; UPclk        ; DNclk       ; 1.000        ; -3.357     ; 5.097      ;
; -7.404  ; 74193:inst1|23~1         ; 74193:inst4|26~_emulated ; UPclk        ; DNclk       ; 1.000        ; -3.239     ; 5.152      ;
; -7.363  ; 74193:inst1|23~1         ; 74193:inst1|24~_emulated ; UPclk        ; DNclk       ; 1.000        ; -3.198     ; 5.152      ;
; -7.350  ; 74193:inst4|25~1         ; 74193:inst4|26~_emulated ; UPclk        ; DNclk       ; 1.000        ; -3.241     ; 5.096      ;
; -7.318  ; 74193:inst4|24~1         ; 74193:inst1|26~_emulated ; UPclk        ; DNclk       ; 1.000        ; -3.535     ; 4.770      ;
; -7.309  ; 74193:inst4|25~1         ; 74193:inst1|24~_emulated ; UPclk        ; DNclk       ; 1.000        ; -3.200     ; 5.096      ;
; -7.247  ; 74193:inst4|26~1         ; 74193:inst1|26~_emulated ; UPclk        ; DNclk       ; 1.000        ; -3.535     ; 4.699      ;
; -7.177  ; 74193:inst1|23~1         ; 74193:inst4|25~_emulated ; UPclk        ; DNclk       ; 1.000        ; -3.012     ; 5.152      ;
; -7.166  ; 74193:inst4|25~_emulated ; 74193:inst1|23~_emulated ; UPclk        ; DNclk       ; 0.500        ; -2.946     ; 4.707      ;
; -7.156  ; 74193:inst4|25~_emulated ; 74193:inst4|23~_emulated ; UPclk        ; DNclk       ; 0.500        ; -2.934     ; 4.709      ;
; -7.140  ; 74193:inst4|24~1         ; 74193:inst1|25~_emulated ; UPclk        ; DNclk       ; 1.000        ; -3.357     ; 4.770      ;
; -7.123  ; 74193:inst4|25~1         ; 74193:inst4|25~_emulated ; UPclk        ; DNclk       ; 1.000        ; -3.014     ; 5.096      ;
; -7.114  ; 74193:inst4|23~_emulated ; 74193:inst1|23~_emulated ; UPclk        ; DNclk       ; 1.000        ; -3.803     ; 4.298      ;
; -7.106  ; 74193:inst4|26~_emulated ; 74193:inst1|23~_emulated ; UPclk        ; DNclk       ; 0.500        ; -2.897     ; 4.696      ;
; -7.104  ; 74193:inst4|23~_emulated ; 74193:inst4|23~_emulated ; UPclk        ; DNclk       ; 1.000        ; -3.791     ; 4.300      ;
; -7.096  ; 74193:inst4|26~_emulated ; 74193:inst4|23~_emulated ; UPclk        ; DNclk       ; 0.500        ; -2.885     ; 4.698      ;
; -7.069  ; 74193:inst4|26~1         ; 74193:inst1|25~_emulated ; UPclk        ; DNclk       ; 1.000        ; -3.357     ; 4.699      ;
; -7.068  ; 74193:inst1|23~1         ; 74193:inst4|24~_emulated ; UPclk        ; DNclk       ; 1.000        ; -2.904     ; 5.151      ;
; -7.030  ; 74193:inst4|24~_emulated ; 74193:inst1|23~_emulated ; UPclk        ; DNclk       ; 1.000        ; -3.297     ; 4.720      ;
; -7.023  ; 74193:inst4|24~1         ; 74193:inst4|26~_emulated ; UPclk        ; DNclk       ; 1.000        ; -3.241     ; 4.769      ;
; -7.020  ; 74193:inst4|24~_emulated ; 74193:inst4|23~_emulated ; UPclk        ; DNclk       ; 1.000        ; -3.285     ; 4.722      ;
; -7.014  ; 74193:inst4|25~1         ; 74193:inst4|24~_emulated ; UPclk        ; DNclk       ; 1.000        ; -2.906     ; 5.095      ;
; -6.982  ; 74193:inst4|24~1         ; 74193:inst1|24~_emulated ; UPclk        ; DNclk       ; 1.000        ; -3.200     ; 4.769      ;
; -6.952  ; 74193:inst4|26~1         ; 74193:inst4|26~_emulated ; UPclk        ; DNclk       ; 1.000        ; -3.241     ; 4.698      ;
; -6.911  ; 74193:inst4|26~1         ; 74193:inst1|24~_emulated ; UPclk        ; DNclk       ; 1.000        ; -3.200     ; 4.698      ;
+---------+--------------------------+--------------------------+--------------+-------------+--------------+------------+------------+


+------------------------------------------------------------------------------------------------------------------------------------+
; Slow 1200mV 125C Model Removal: 'UPclk'                                                                                            ;
+--------+--------------------------+--------------------------+--------------+-------------+--------------+------------+------------+
; Slack  ; From Node                ; To Node                  ; Launch Clock ; Latch Clock ; Relationship ; Clock Skew ; Data Delay ;
+--------+--------------------------+--------------------------+--------------+-------------+--------------+------------+------------+
; -2.377 ; UPclk                    ; 74193:inst1|23~_emulated ; UPclk        ; UPclk       ; 0.000        ; 8.384      ; 6.196      ;
; -1.810 ; UPclk                    ; 74193:inst1|23~_emulated ; UPclk        ; UPclk       ; -0.500       ; 8.384      ; 6.283      ;
; -1.620 ; UPclk                    ; 74193:inst4|23~_emulated ; UPclk        ; UPclk       ; 0.000        ; 7.629      ; 6.198      ;
; -1.352 ; UPclk                    ; 74193:inst1|24~_emulated ; UPclk        ; UPclk       ; 0.000        ; 7.361      ; 6.198      ;
; -1.288 ; 74193:inst4|26~_emulated ; 74193:inst1|23~_emulated ; DNclk        ; UPclk       ; 0.000        ; 5.426      ; 4.357      ;
; -1.187 ; UPclk                    ; 74193:inst1|25~_emulated ; UPclk        ; UPclk       ; 0.000        ; 7.283      ; 6.285      ;
; -1.116 ; UPclk                    ; 74193:inst4|24~_emulated ; UPclk        ; UPclk       ; 0.000        ; 7.123      ; 6.196      ;
; -1.062 ; 74193:inst4|25~_emulated ; 74193:inst1|23~_emulated ; DNclk        ; UPclk       ; 0.000        ; 5.199      ; 4.356      ;
; -1.053 ; UPclk                    ; 74193:inst4|23~_emulated ; UPclk        ; UPclk       ; -0.500       ; 7.629      ; 6.285      ;
; -0.893 ; 74193:inst4|24~_emulated ; 74193:inst1|23~_emulated ; DNclk        ; UPclk       ; 0.000        ; 5.091      ; 4.417      ;
; -0.848 ; 74193:inst4|26~_emulated ; 74193:inst1|23~_emulated ; UPclk        ; UPclk       ; 0.000        ; 5.016      ; 4.357      ;
; -0.794 ; UPclk                    ; 74193:inst1|25~_emulated ; UPclk        ; UPclk       ; -0.500       ; 7.283      ; 6.198      ;
; -0.785 ; UPclk                    ; 74193:inst1|24~_emulated ; UPclk        ; UPclk       ; -0.500       ; 7.361      ; 6.285      ;
; -0.769 ; 74193:inst4|23~_emulated ; 74193:inst1|23~_emulated ; DNclk        ; UPclk       ; 0.000        ; 4.546      ; 3.996      ;
; -0.677 ; UPclk                    ; 74193:inst4|25~_emulated ; UPclk        ; UPclk       ; 0.000        ; 6.772      ; 6.284      ;
; -0.628 ; UPclk                    ; 74193:inst4|26~_emulated ; UPclk        ; UPclk       ; 0.000        ; 6.723      ; 6.284      ;
; -0.549 ; UPclk                    ; 74193:inst4|24~_emulated ; UPclk        ; UPclk       ; -0.500       ; 7.123      ; 6.283      ;
; -0.531 ; 74193:inst4|26~_emulated ; 74193:inst4|23~_emulated ; DNclk        ; UPclk       ; 0.000        ; 4.671      ; 4.359      ;
; -0.488 ; 74193:inst1|23~_emulated ; 74193:inst1|23~_emulated ; UPclk        ; UPclk       ; 0.000        ; 5.117      ; 4.818      ;
; -0.305 ; 74193:inst4|25~_emulated ; 74193:inst4|23~_emulated ; DNclk        ; UPclk       ; 0.000        ; 4.444      ; 4.358      ;
; -0.284 ; UPclk                    ; 74193:inst4|25~_emulated ; UPclk        ; UPclk       ; -0.500       ; 6.772      ; 6.197      ;
; -0.275 ; 74193:inst4|25~_emulated ; 74193:inst1|23~_emulated ; UPclk        ; UPclk       ; 0.000        ; 4.442      ; 4.356      ;
; -0.263 ; 74193:inst4|26~_emulated ; 74193:inst1|24~_emulated ; DNclk        ; UPclk       ; 0.000        ; 4.403      ; 4.359      ;
; -0.235 ; UPclk                    ; 74193:inst4|26~_emulated ; UPclk        ; UPclk       ; -0.500       ; 6.723      ; 6.197      ;
; -0.136 ; 74193:inst4|24~_emulated ; 74193:inst4|23~_emulated ; DNclk        ; UPclk       ; 0.000        ; 4.336      ; 4.419      ;
; -0.125 ; 74193:inst4|23~_emulated ; 74193:inst1|23~_emulated ; UPclk        ; UPclk       ; 0.000        ; 3.932      ; 3.996      ;
; -0.122 ; 74193:inst1|25~_emulated ; 74193:inst1|23~_emulated ; UPclk        ; UPclk       ; 0.000        ; 6.106      ; 6.173      ;
; -0.101 ; 74193:inst1|26~_emulated ; 74193:inst1|23~_emulated ; UPclk        ; UPclk       ; 0.000        ; 6.159      ; 6.247      ;
; -0.091 ; 74193:inst4|26~_emulated ; 74193:inst4|23~_emulated ; UPclk        ; UPclk       ; 0.000        ; 4.261      ; 4.359      ;
; -0.043 ; 74193:inst4|24~_emulated ; 74193:inst1|23~_emulated ; UPclk        ; UPclk       ; 0.000        ; 4.271      ; 4.417      ;
; -0.037 ; 74193:inst4|25~_emulated ; 74193:inst1|24~_emulated ; DNclk        ; UPclk       ; 0.000        ; 4.176      ; 4.358      ;
; -0.027 ; 74193:inst4|26~_emulated ; 74193:inst4|24~_emulated ; DNclk        ; UPclk       ; 0.000        ; 4.165      ; 4.357      ;
; -0.012 ; 74193:inst4|23~_emulated ; 74193:inst4|23~_emulated ; DNclk        ; UPclk       ; 0.000        ; 3.791      ; 3.998      ;
; 0.041  ; 74193:inst1|23~_emulated ; 74193:inst1|23~_emulated ; DNclk        ; UPclk       ; 0.000        ; 4.558      ; 4.818      ;
; 0.132  ; 74193:inst4|24~_emulated ; 74193:inst1|24~_emulated ; DNclk        ; UPclk       ; 0.000        ; 4.068      ; 4.419      ;
; 0.147  ; 74193:inst4|26~_emulated ; 74193:inst1|24~_emulated ; UPclk        ; UPclk       ; 0.000        ; 4.023      ; 4.359      ;
; 0.199  ; 74193:inst4|25~_emulated ; 74193:inst4|24~_emulated ; DNclk        ; UPclk       ; 0.000        ; 3.938      ; 4.356      ;
; 0.256  ; 74193:inst4|23~_emulated ; 74193:inst1|24~_emulated ; DNclk        ; UPclk       ; 0.000        ; 3.523      ; 3.998      ;
; 0.269  ; 74193:inst1|23~_emulated ; 74193:inst4|23~_emulated ; UPclk        ; UPclk       ; 0.000        ; 4.362      ; 4.820      ;
; 0.308  ; 74193:inst1|26~_emulated ; 74193:inst1|23~_emulated ; DNclk        ; UPclk       ; 0.000        ; 5.720      ; 6.247      ;
; 0.315  ; 74193:inst4|26~_emulated ; 74193:inst1|25~_emulated ; DNclk        ; UPclk       ; -0.500       ; 4.325      ; 4.359      ;
; 0.368  ; 74193:inst4|24~_emulated ; 74193:inst4|24~_emulated ; DNclk        ; UPclk       ; 0.000        ; 3.830      ; 4.417      ;
; 0.412  ; 74193:inst1|25~_emulated ; 74193:inst1|23~_emulated ; DNclk        ; UPclk       ; 0.000        ; 5.542      ; 6.173      ;
; 0.413  ; 74193:inst4|26~_emulated ; 74193:inst4|24~_emulated ; UPclk        ; UPclk       ; 0.000        ; 3.755      ; 4.357      ;
; 0.464  ; 74193:inst1|24~_emulated ; 74193:inst1|23~_emulated ; UPclk        ; UPclk       ; 0.000        ; 5.929      ; 6.582      ;
; 0.482  ; 74193:inst4|25~_emulated ; 74193:inst4|23~_emulated ; UPclk        ; UPclk       ; 0.000        ; 3.687      ; 4.358      ;
; 0.492  ; 74193:inst4|23~_emulated ; 74193:inst4|24~_emulated ; DNclk        ; UPclk       ; 0.000        ; 3.285      ; 3.996      ;
; 0.507  ; 74193:inst1|23~_emulated ; 74193:inst1|24~_emulated ; UPclk        ; UPclk       ; 0.000        ; 4.124      ; 4.820      ;
; 0.541  ; 74193:inst4|25~_emulated ; 74193:inst1|25~_emulated ; DNclk        ; UPclk       ; -0.500       ; 4.098      ; 4.358      ;
; 0.632  ; 74193:inst4|23~_emulated ; 74193:inst4|23~_emulated ; UPclk        ; UPclk       ; 0.000        ; 3.177      ; 3.998      ;
; 0.635  ; 74193:inst1|25~_emulated ; 74193:inst4|23~_emulated ; UPclk        ; UPclk       ; 0.000        ; 5.351      ; 6.175      ;
; 0.656  ; 74193:inst1|26~_emulated ; 74193:inst4|23~_emulated ; UPclk        ; UPclk       ; 0.000        ; 5.404      ; 6.249      ;
; 0.710  ; 74193:inst4|24~_emulated ; 74193:inst1|25~_emulated ; DNclk        ; UPclk       ; -0.500       ; 3.990      ; 4.419      ;
; 0.714  ; 74193:inst4|24~_emulated ; 74193:inst4|23~_emulated ; UPclk        ; UPclk       ; 0.000        ; 3.516      ; 4.419      ;
; 0.720  ; 74193:inst4|25~_emulated ; 74193:inst1|24~_emulated ; UPclk        ; UPclk       ; 0.000        ; 3.449      ; 4.358      ;
; 0.735  ; 74193:inst4|26~_emulated ; 74193:inst1|25~_emulated ; UPclk        ; UPclk       ; -0.500       ; 3.915      ; 4.359      ;
; 0.773  ; 74193:inst1|23~_emulated ; 74193:inst4|24~_emulated ; UPclk        ; UPclk       ; 0.000        ; 3.856      ; 4.818      ;
; 0.798  ; 74193:inst1|23~_emulated ; 74193:inst4|23~_emulated ; DNclk        ; UPclk       ; 0.000        ; 3.803      ; 4.820      ;
; 0.825  ; 74193:inst4|26~_emulated ; 74193:inst4|25~_emulated ; DNclk        ; UPclk       ; -0.500       ; 3.814      ; 4.358      ;
; 0.834  ; 74193:inst4|23~_emulated ; 74193:inst1|25~_emulated ; DNclk        ; UPclk       ; -0.500       ; 3.445      ; 3.998      ;
; 0.870  ; 74193:inst4|23~_emulated ; 74193:inst1|24~_emulated ; UPclk        ; UPclk       ; 0.000        ; 2.939      ; 3.998      ;
; 0.874  ; 74193:inst4|26~_emulated ; 74193:inst4|26~_emulated ; DNclk        ; UPclk       ; -0.500       ; 3.765      ; 4.358      ;
; 0.903  ; 74193:inst1|25~_emulated ; 74193:inst1|24~_emulated ; UPclk        ; UPclk       ; 0.000        ; 5.083      ; 6.175      ;
; 0.924  ; 74193:inst1|26~_emulated ; 74193:inst1|24~_emulated ; UPclk        ; UPclk       ; 0.000        ; 5.136      ; 6.249      ;
; 0.952  ; 74193:inst4|24~_emulated ; 74193:inst1|24~_emulated ; UPclk        ; UPclk       ; 0.000        ; 3.278      ; 4.419      ;
; 0.978  ; 74193:inst1|24~_emulated ; 74193:inst1|23~_emulated ; DNclk        ; UPclk       ; 0.000        ; 5.385      ; 6.582      ;
; 0.986  ; 74193:inst4|25~_emulated ; 74193:inst4|24~_emulated ; UPclk        ; UPclk       ; 0.000        ; 3.181      ; 4.356      ;
; 1.051  ; 74193:inst4|25~_emulated ; 74193:inst4|25~_emulated ; DNclk        ; UPclk       ; -0.500       ; 3.587      ; 4.357      ;
; 1.065  ; 74193:inst1|26~_emulated ; 74193:inst4|23~_emulated ; DNclk        ; UPclk       ; 0.000        ; 4.965      ; 6.249      ;
; 1.066  ; 74193:inst1|23~_emulated ; 74193:inst1|24~_emulated ; DNclk        ; UPclk       ; 0.000        ; 3.535      ; 4.820      ;
; 1.095  ; 74193:inst1|23~_emulated ; 74193:inst1|25~_emulated ; UPclk        ; UPclk       ; -0.500       ; 4.016      ; 4.820      ;
; 1.100  ; 74193:inst4|25~_emulated ; 74193:inst4|26~_emulated ; DNclk        ; UPclk       ; -0.500       ; 3.538      ; 4.357      ;
; 1.136  ; 74193:inst4|23~_emulated ; 74193:inst4|24~_emulated ; UPclk        ; UPclk       ; 0.000        ; 2.671      ; 3.996      ;
; 1.139  ; 74193:inst1|25~_emulated ; 74193:inst4|24~_emulated ; UPclk        ; UPclk       ; 0.000        ; 4.845      ; 6.173      ;
; 1.160  ; 74193:inst1|26~_emulated ; 74193:inst4|24~_emulated ; UPclk        ; UPclk       ; 0.000        ; 4.898      ; 6.247      ;
; 1.161  ; 74193:inst4|23~1         ; 74193:inst1|23~_emulated ; UPclk        ; UPclk       ; 0.000        ; 2.264      ; 3.614      ;
; 1.169  ; 74193:inst1|25~_emulated ; 74193:inst4|23~_emulated ; DNclk        ; UPclk       ; 0.000        ; 4.787      ; 6.175      ;
; 1.218  ; 74193:inst4|24~_emulated ; 74193:inst4|24~_emulated ; UPclk        ; UPclk       ; 0.000        ; 3.010      ; 4.417      ;
; 1.220  ; 74193:inst4|24~_emulated ; 74193:inst4|25~_emulated ; DNclk        ; UPclk       ; -0.500       ; 3.479      ; 4.418      ;
; 1.221  ; 74193:inst1|24~_emulated ; 74193:inst4|23~_emulated ; UPclk        ; UPclk       ; 0.000        ; 5.174      ; 6.584      ;
; 1.245  ; 74193:inst4|26~_emulated ; 74193:inst4|25~_emulated ; UPclk        ; UPclk       ; -0.500       ; 3.404      ; 4.358      ;
; 1.269  ; 74193:inst4|24~_emulated ; 74193:inst4|26~_emulated ; DNclk        ; UPclk       ; -0.500       ; 3.430      ; 4.418      ;
; 1.294  ; 74193:inst4|26~_emulated ; 74193:inst4|26~_emulated ; UPclk        ; UPclk       ; -0.500       ; 3.355      ; 4.358      ;
; 1.302  ; 74193:inst1|23~_emulated ; 74193:inst4|24~_emulated ; DNclk        ; UPclk       ; 0.000        ; 3.297      ; 4.818      ;
; 1.308  ; 74193:inst4|25~_emulated ; 74193:inst1|25~_emulated ; UPclk        ; UPclk       ; -0.500       ; 3.341      ; 4.358      ;
; 1.333  ; 74193:inst1|26~_emulated ; 74193:inst1|24~_emulated ; DNclk        ; UPclk       ; 0.000        ; 4.697      ; 6.249      ;
; 1.344  ; 74193:inst4|23~_emulated ; 74193:inst4|25~_emulated ; DNclk        ; UPclk       ; -0.500       ; 2.934      ; 3.997      ;
; 1.393  ; 74193:inst4|23~_emulated ; 74193:inst4|26~_emulated ; DNclk        ; UPclk       ; -0.500       ; 2.885      ; 3.997      ;
; 1.437  ; 74193:inst1|25~_emulated ; 74193:inst1|24~_emulated ; DNclk        ; UPclk       ; 0.000        ; 4.519      ; 6.175      ;
; 1.458  ; 74193:inst4|23~_emulated ; 74193:inst1|25~_emulated ; UPclk        ; UPclk       ; -0.500       ; 2.831      ; 3.998      ;
; 1.461  ; 74193:inst1|25~_emulated ; 74193:inst1|25~_emulated ; UPclk        ; UPclk       ; -0.500       ; 5.005      ; 6.175      ;
; 1.482  ; 74193:inst1|26~_emulated ; 74193:inst1|25~_emulated ; UPclk        ; UPclk       ; -0.500       ; 5.058      ; 6.249      ;
; 1.489  ; 74193:inst1|24~_emulated ; 74193:inst1|24~_emulated ; UPclk        ; UPclk       ; 0.000        ; 4.906      ; 6.584      ;
; 1.540  ; 74193:inst4|24~_emulated ; 74193:inst1|25~_emulated ; UPclk        ; UPclk       ; -0.500       ; 3.170      ; 4.419      ;
; 1.569  ; 74193:inst1|26~_emulated ; 74193:inst4|24~_emulated ; DNclk        ; UPclk       ; 0.000        ; 4.459      ; 6.247      ;
; 1.605  ; 74193:inst1|23~_emulated ; 74193:inst4|25~_emulated ; UPclk        ; UPclk       ; -0.500       ; 3.505      ; 4.819      ;
; 1.644  ; 74193:inst1|23~_emulated ; 74193:inst1|25~_emulated ; DNclk        ; UPclk       ; -0.500       ; 3.457      ; 4.820      ;
; 1.654  ; 74193:inst1|23~_emulated ; 74193:inst4|26~_emulated ; UPclk        ; UPclk       ; -0.500       ; 3.456      ; 4.819      ;
; 1.673  ; 74193:inst1|25~_emulated ; 74193:inst4|24~_emulated ; DNclk        ; UPclk       ; 0.000        ; 4.281      ; 6.173      ;
; 1.725  ; 74193:inst1|24~_emulated ; 74193:inst4|24~_emulated ; UPclk        ; UPclk       ; 0.000        ; 4.668      ; 6.582      ;
+--------+--------------------------+--------------------------+--------------+-------------+--------------+------------+------------+


+-----------------------------------------------------------------------------------------------------------------------------------+
; Slow 1200mV 125C Model Removal: 'DNclk'                                                                                           ;
+-------+--------------------------+--------------------------+--------------+-------------+--------------+------------+------------+
; Slack ; From Node                ; To Node                  ; Launch Clock ; Latch Clock ; Relationship ; Clock Skew ; Data Delay ;
+-------+--------------------------+--------------------------+--------------+-------------+--------------+------------+------------+
; 1.982 ; UPclk                    ; 74193:inst4|23~_emulated ; UPclk        ; DNclk       ; 0.000        ; 3.997      ; 6.198      ;
; 1.992 ; UPclk                    ; 74193:inst1|23~_emulated ; UPclk        ; DNclk       ; 0.000        ; 3.985      ; 6.196      ;
; 2.487 ; UPclk                    ; 74193:inst4|24~_emulated ; UPclk        ; DNclk       ; 0.000        ; 3.490      ; 6.196      ;
; 2.569 ; UPclk                    ; 74193:inst4|23~_emulated ; UPclk        ; DNclk       ; -0.500       ; 3.997      ; 6.285      ;
; 2.579 ; UPclk                    ; 74193:inst1|23~_emulated ; UPclk        ; DNclk       ; -0.500       ; 3.985      ; 6.283      ;
; 2.627 ; UPclk                    ; 74193:inst4|25~_emulated ; UPclk        ; DNclk       ; 0.000        ; 3.351      ; 6.197      ;
; 2.796 ; UPclk                    ; 74193:inst1|24~_emulated ; UPclk        ; DNclk       ; 0.000        ; 3.183      ; 6.198      ;
; 2.895 ; UPclk                    ; 74193:inst4|26~_emulated ; UPclk        ; DNclk       ; 0.000        ; 3.083      ; 6.197      ;
; 2.947 ; UPclk                    ; 74193:inst1|25~_emulated ; UPclk        ; DNclk       ; 0.000        ; 3.032      ; 6.198      ;
; 3.074 ; UPclk                    ; 74193:inst4|24~_emulated ; UPclk        ; DNclk       ; -0.500       ; 3.490      ; 6.283      ;
; 3.131 ; 74193:inst4|26~_emulated ; 74193:inst4|23~_emulated ; DNclk        ; DNclk       ; 0.000        ; 1.039      ; 4.359      ;
; 3.141 ; 74193:inst4|26~_emulated ; 74193:inst1|23~_emulated ; DNclk        ; DNclk       ; 0.000        ; 1.027      ; 4.357      ;
; 3.205 ; UPclk                    ; 74193:inst1|26~_emulated ; UPclk        ; DNclk       ; 0.000        ; 2.774      ; 6.198      ;
; 3.214 ; UPclk                    ; 74193:inst4|25~_emulated ; UPclk        ; DNclk       ; -0.500       ; 3.351      ; 6.284      ;
; 3.357 ; 74193:inst4|25~_emulated ; 74193:inst4|23~_emulated ; DNclk        ; DNclk       ; 0.000        ; 0.812      ; 4.358      ;
; 3.367 ; 74193:inst4|25~_emulated ; 74193:inst1|23~_emulated ; DNclk        ; DNclk       ; 0.000        ; 0.800      ; 4.356      ;
; 3.383 ; UPclk                    ; 74193:inst1|24~_emulated ; UPclk        ; DNclk       ; -0.500       ; 3.183      ; 6.285      ;
; 3.481 ; 74193:inst4|26~_emulated ; 74193:inst4|23~_emulated ; UPclk        ; DNclk       ; 0.000        ; 0.659      ; 4.359      ;
; 3.482 ; UPclk                    ; 74193:inst4|26~_emulated ; UPclk        ; DNclk       ; -0.500       ; 3.083      ; 6.284      ;
; 3.491 ; 74193:inst4|26~_emulated ; 74193:inst1|23~_emulated ; UPclk        ; DNclk       ; 0.000        ; 0.647      ; 4.357      ;
; 3.526 ; 74193:inst4|24~_emulated ; 74193:inst4|23~_emulated ; DNclk        ; DNclk       ; 0.000        ; 0.704      ; 4.419      ;
; 3.534 ; UPclk                    ; 74193:inst1|25~_emulated ; UPclk        ; DNclk       ; -0.500       ; 3.032      ; 6.285      ;
; 3.536 ; 74193:inst4|24~_emulated ; 74193:inst1|23~_emulated ; DNclk        ; DNclk       ; 0.000        ; 0.692      ; 4.417      ;
; 3.636 ; 74193:inst4|26~_emulated ; 74193:inst4|24~_emulated ; DNclk        ; DNclk       ; 0.000        ; 0.532      ; 4.357      ;
; 3.650 ; 74193:inst4|23~_emulated ; 74193:inst4|23~_emulated ; DNclk        ; DNclk       ; 0.000        ; 0.159      ; 3.998      ;
; 3.660 ; 74193:inst4|23~_emulated ; 74193:inst1|23~_emulated ; DNclk        ; DNclk       ; 0.000        ; 0.147      ; 3.996      ;
; 3.776 ; 74193:inst4|26~_emulated ; 74193:inst4|25~_emulated ; DNclk        ; DNclk       ; 0.000        ; 0.393      ; 4.358      ;
; 3.792 ; UPclk                    ; 74193:inst1|26~_emulated ; UPclk        ; DNclk       ; -0.500       ; 2.774      ; 6.285      ;
; 3.841 ; 74193:inst1|23~_emulated ; 74193:inst4|23~_emulated ; UPclk        ; DNclk       ; 0.000        ; 0.760      ; 4.820      ;
; 3.851 ; 74193:inst1|23~_emulated ; 74193:inst1|23~_emulated ; UPclk        ; DNclk       ; 0.000        ; 0.748      ; 4.818      ;
; 3.862 ; 74193:inst4|25~_emulated ; 74193:inst4|24~_emulated ; DNclk        ; DNclk       ; 0.000        ; 0.305      ; 4.356      ;
; 3.945 ; 74193:inst4|26~_emulated ; 74193:inst1|24~_emulated ; DNclk        ; DNclk       ; 0.000        ; 0.225      ; 4.359      ;
; 3.986 ; 74193:inst4|26~_emulated ; 74193:inst4|24~_emulated ; UPclk        ; DNclk       ; 0.000        ; 0.152      ; 4.357      ;
; 4.002 ; 74193:inst4|25~_emulated ; 74193:inst4|25~_emulated ; DNclk        ; DNclk       ; 0.000        ; 0.166      ; 4.357      ;
; 4.031 ; 74193:inst4|24~_emulated ; 74193:inst4|24~_emulated ; DNclk        ; DNclk       ; 0.000        ; 0.197      ; 4.417      ;
; 4.044 ; 74193:inst4|26~_emulated ; 74193:inst4|26~_emulated ; DNclk        ; DNclk       ; 0.000        ; 0.125      ; 4.358      ;
; 4.054 ; 74193:inst4|25~_emulated ; 74193:inst4|23~_emulated ; UPclk        ; DNclk       ; 0.000        ; 0.085      ; 4.358      ;
; 4.064 ; 74193:inst4|25~_emulated ; 74193:inst1|23~_emulated ; UPclk        ; DNclk       ; 0.000        ; 0.073      ; 4.356      ;
; 4.096 ; 74193:inst4|26~_emulated ; 74193:inst1|25~_emulated ; DNclk        ; DNclk       ; 0.000        ; 0.074      ; 4.359      ;
; 4.126 ; 74193:inst4|26~_emulated ; 74193:inst4|25~_emulated ; UPclk        ; DNclk       ; 0.000        ; 0.013      ; 4.358      ;
; 4.155 ; 74193:inst4|23~_emulated ; 74193:inst4|24~_emulated ; DNclk        ; DNclk       ; 0.000        ; -0.348     ; 3.996      ;
; 4.171 ; 74193:inst4|24~_emulated ; 74193:inst4|25~_emulated ; DNclk        ; DNclk       ; 0.000        ; 0.058      ; 4.418      ;
; 4.171 ; 74193:inst4|25~_emulated ; 74193:inst1|24~_emulated ; DNclk        ; DNclk       ; 0.000        ; -0.002     ; 4.358      ;
; 4.204 ; 74193:inst4|23~_emulated ; 74193:inst4|23~_emulated ; UPclk        ; DNclk       ; 0.000        ; -0.425     ; 3.998      ;
; 4.214 ; 74193:inst4|23~_emulated ; 74193:inst1|23~_emulated ; UPclk        ; DNclk       ; 0.000        ; -0.437     ; 3.996      ;
; 4.237 ; 74193:inst1|25~_emulated ; 74193:inst4|23~_emulated ; UPclk        ; DNclk       ; 0.000        ; 1.719      ; 6.175      ;
; 4.247 ; 74193:inst1|25~_emulated ; 74193:inst1|23~_emulated ; UPclk        ; DNclk       ; 0.000        ; 1.707      ; 6.173      ;
; 4.258 ; 74193:inst1|26~_emulated ; 74193:inst4|23~_emulated ; UPclk        ; DNclk       ; 0.000        ; 1.772      ; 6.249      ;
; 4.268 ; 74193:inst1|26~_emulated ; 74193:inst1|23~_emulated ; UPclk        ; DNclk       ; 0.000        ; 1.760      ; 6.247      ;
; 4.270 ; 74193:inst4|25~_emulated ; 74193:inst4|26~_emulated ; DNclk        ; DNclk       ; 0.000        ; -0.102     ; 4.357      ;
; 4.286 ; 74193:inst4|24~_emulated ; 74193:inst4|23~_emulated ; UPclk        ; DNclk       ; 0.000        ; -0.086     ; 4.419      ;
; 4.295 ; 74193:inst4|23~_emulated ; 74193:inst4|25~_emulated ; DNclk        ; DNclk       ; 0.000        ; -0.487     ; 3.997      ;
; 4.295 ; 74193:inst4|26~_emulated ; 74193:inst1|24~_emulated ; UPclk        ; DNclk       ; 0.000        ; -0.155     ; 4.359      ;
; 4.296 ; 74193:inst4|24~_emulated ; 74193:inst1|23~_emulated ; UPclk        ; DNclk       ; 0.000        ; -0.098     ; 4.417      ;
; 4.322 ; 74193:inst4|25~_emulated ; 74193:inst1|25~_emulated ; DNclk        ; DNclk       ; 0.000        ; -0.153     ; 4.358      ;
; 4.340 ; 74193:inst4|24~_emulated ; 74193:inst1|24~_emulated ; DNclk        ; DNclk       ; 0.000        ; -0.110     ; 4.419      ;
; 4.346 ; 74193:inst1|23~_emulated ; 74193:inst4|24~_emulated ; UPclk        ; DNclk       ; 0.000        ; 0.253      ; 4.818      ;
; 4.354 ; 74193:inst4|26~_emulated ; 74193:inst1|26~_emulated ; DNclk        ; DNclk       ; 0.000        ; -0.184     ; 4.359      ;
; 4.394 ; 74193:inst4|26~_emulated ; 74193:inst4|26~_emulated ; UPclk        ; DNclk       ; 0.000        ; -0.255     ; 4.358      ;
; 4.439 ; 74193:inst4|24~_emulated ; 74193:inst4|26~_emulated ; DNclk        ; DNclk       ; 0.000        ; -0.210     ; 4.418      ;
; 4.446 ; 74193:inst4|26~_emulated ; 74193:inst1|25~_emulated ; UPclk        ; DNclk       ; 0.000        ; -0.306     ; 4.359      ;
; 4.460 ; 74193:inst1|23~_emulated ; 74193:inst4|23~_emulated ; DNclk        ; DNclk       ; 0.000        ; 0.171      ; 4.820      ;
; 4.464 ; 74193:inst4|23~_emulated ; 74193:inst1|24~_emulated ; DNclk        ; DNclk       ; 0.000        ; -0.655     ; 3.998      ;
; 4.470 ; 74193:inst1|23~_emulated ; 74193:inst1|23~_emulated ; DNclk        ; DNclk       ; 0.000        ; 0.159      ; 4.818      ;
; 4.486 ; 74193:inst1|23~_emulated ; 74193:inst4|25~_emulated ; UPclk        ; DNclk       ; 0.000        ; 0.114      ; 4.819      ;
; 4.491 ; 74193:inst4|24~_emulated ; 74193:inst1|25~_emulated ; DNclk        ; DNclk       ; 0.000        ; -0.261     ; 4.419      ;
; 4.559 ; 74193:inst4|25~_emulated ; 74193:inst4|24~_emulated ; UPclk        ; DNclk       ; 0.000        ; -0.422     ; 4.356      ;
; 4.563 ; 74193:inst4|23~_emulated ; 74193:inst4|26~_emulated ; DNclk        ; DNclk       ; 0.000        ; -0.755     ; 3.997      ;
; 4.580 ; 74193:inst4|25~_emulated ; 74193:inst1|26~_emulated ; DNclk        ; DNclk       ; 0.000        ; -0.411     ; 4.358      ;
; 4.615 ; 74193:inst4|23~_emulated ; 74193:inst1|25~_emulated ; DNclk        ; DNclk       ; 0.000        ; -0.806     ; 3.998      ;
; 4.655 ; 74193:inst1|23~_emulated ; 74193:inst1|24~_emulated ; UPclk        ; DNclk       ; 0.000        ; -0.054     ; 4.820      ;
; 4.699 ; 74193:inst4|25~_emulated ; 74193:inst4|25~_emulated ; UPclk        ; DNclk       ; 0.000        ; -0.561     ; 4.357      ;
; 4.704 ; 74193:inst4|26~_emulated ; 74193:inst1|26~_emulated ; UPclk        ; DNclk       ; 0.000        ; -0.564     ; 4.359      ;
; 4.709 ; 74193:inst4|23~_emulated ; 74193:inst4|24~_emulated ; UPclk        ; DNclk       ; 0.000        ; -0.932     ; 3.996      ;
; 4.727 ; 74193:inst1|26~_emulated ; 74193:inst4|23~_emulated ; DNclk        ; DNclk       ; 0.000        ; 1.333      ; 6.249      ;
; 4.737 ; 74193:inst1|26~_emulated ; 74193:inst1|23~_emulated ; DNclk        ; DNclk       ; 0.000        ; 1.321      ; 6.247      ;
; 4.742 ; 74193:inst1|25~_emulated ; 74193:inst4|24~_emulated ; UPclk        ; DNclk       ; 0.000        ; 1.212      ; 6.173      ;
; 4.749 ; 74193:inst4|24~_emulated ; 74193:inst1|26~_emulated ; DNclk        ; DNclk       ; 0.000        ; -0.519     ; 4.419      ;
; 4.754 ; 74193:inst1|23~_emulated ; 74193:inst4|26~_emulated ; UPclk        ; DNclk       ; 0.000        ; -0.154     ; 4.819      ;
; 4.763 ; 74193:inst1|26~_emulated ; 74193:inst4|24~_emulated ; UPclk        ; DNclk       ; 0.000        ; 1.265      ; 6.247      ;
; 4.791 ; 74193:inst4|24~_emulated ; 74193:inst4|24~_emulated ; UPclk        ; DNclk       ; 0.000        ; -0.593     ; 4.417      ;
; 4.806 ; 74193:inst1|23~_emulated ; 74193:inst1|25~_emulated ; UPclk        ; DNclk       ; 0.000        ; -0.205     ; 4.820      ;
; 4.823 ; 74193:inst1|24~_emulated ; 74193:inst4|23~_emulated ; UPclk        ; DNclk       ; 0.000        ; 1.542      ; 6.584      ;
; 4.831 ; 74193:inst1|25~_emulated ; 74193:inst4|23~_emulated ; DNclk        ; DNclk       ; 0.000        ; 1.155      ; 6.175      ;
; 4.833 ; 74193:inst1|24~_emulated ; 74193:inst1|23~_emulated ; UPclk        ; DNclk       ; 0.000        ; 1.530      ; 6.582      ;
; 4.841 ; 74193:inst1|25~_emulated ; 74193:inst1|23~_emulated ; DNclk        ; DNclk       ; 0.000        ; 1.143      ; 6.173      ;
; 4.849 ; 74193:inst4|23~_emulated ; 74193:inst4|25~_emulated ; UPclk        ; DNclk       ; 0.000        ; -1.071     ; 3.997      ;
; 4.868 ; 74193:inst4|25~_emulated ; 74193:inst1|24~_emulated ; UPclk        ; DNclk       ; 0.000        ; -0.729     ; 4.358      ;
; 4.873 ; 74193:inst4|23~_emulated ; 74193:inst1|26~_emulated ; DNclk        ; DNclk       ; 0.000        ; -1.064     ; 3.998      ;
; 4.882 ; 74193:inst1|25~_emulated ; 74193:inst4|25~_emulated ; UPclk        ; DNclk       ; 0.000        ; 1.073      ; 6.174      ;
; 4.903 ; 74193:inst1|26~_emulated ; 74193:inst4|25~_emulated ; UPclk        ; DNclk       ; 0.000        ; 1.126      ; 6.248      ;
; 4.931 ; 74193:inst4|24~_emulated ; 74193:inst4|25~_emulated ; UPclk        ; DNclk       ; 0.000        ; -0.732     ; 4.418      ;
; 4.965 ; 74193:inst1|23~_emulated ; 74193:inst4|24~_emulated ; DNclk        ; DNclk       ; 0.000        ; -0.336     ; 4.818      ;
; 4.967 ; 74193:inst4|25~_emulated ; 74193:inst4|26~_emulated ; UPclk        ; DNclk       ; 0.000        ; -0.829     ; 4.357      ;
; 5.018 ; 74193:inst4|23~_emulated ; 74193:inst1|24~_emulated ; UPclk        ; DNclk       ; 0.000        ; -1.239     ; 3.998      ;
; 5.019 ; 74193:inst4|25~_emulated ; 74193:inst1|25~_emulated ; UPclk        ; DNclk       ; 0.000        ; -0.880     ; 4.358      ;
; 5.051 ; 74193:inst1|25~_emulated ; 74193:inst1|24~_emulated ; UPclk        ; DNclk       ; 0.000        ; 0.905      ; 6.175      ;
; 5.064 ; 74193:inst1|23~_emulated ; 74193:inst1|26~_emulated ; UPclk        ; DNclk       ; 0.000        ; -0.463     ; 4.820      ;
; 5.072 ; 74193:inst1|26~_emulated ; 74193:inst1|24~_emulated ; UPclk        ; DNclk       ; 0.000        ; 0.958      ; 6.249      ;
; 5.100 ; 74193:inst4|24~_emulated ; 74193:inst1|24~_emulated ; UPclk        ; DNclk       ; 0.000        ; -0.900     ; 4.419      ;
+-------+--------------------------+--------------------------+--------------+-------------+--------------+------------+------------+


------------------------------------------------
; Slow 1200mV 125C Model Metastability Summary ;
------------------------------------------------
No synchronizer chains to report.


+--------------------------------------------------+
; Slow 1200mV -40C Model Fmax Summary              ;
+------------+-----------------+------------+------+
; Fmax       ; Restricted Fmax ; Clock Name ; Note ;
+------------+-----------------+------------+------+
; 40.39 MHz  ; 40.39 MHz       ; UPclk      ;      ;
; 115.05 MHz ; 115.05 MHz      ; DNclk      ;      ;
+------------+-----------------+------------+------+
This panel reports FMAX for every clock in the design, regardless of the user-specified clock periods.  FMAX is only computed for paths where the source and destination registers or ports are driven by the same clock.  Paths of different clocks, including generated clocks, are ignored.  For paths between a clock and its inversion, FMAX is computed as if the rising and falling edges are scaled along with FMAX, such that the duty cycle (in terms of a percentage) is maintained. Altera recommends that you always use clock constraints and other slack reports for sign-off analysis.


+--------------------------------------+
; Slow 1200mV -40C Model Setup Summary ;
+-------+---------+--------------------+
; Clock ; Slack   ; End Point TNS      ;
+-------+---------+--------------------+
; UPclk ; -11.879 ; -88.669            ;
; DNclk ; -11.413 ; -88.782            ;
+-------+---------+--------------------+


+-------------------------------------+
; Slow 1200mV -40C Model Hold Summary ;
+-------+--------+--------------------+
; Clock ; Slack  ; End Point TNS      ;
+-------+--------+--------------------+
; UPclk ; -1.426 ; -4.884             ;
; DNclk ; 2.058  ; 0.000              ;
+-------+--------+--------------------+


+-----------------------------------------+
; Slow 1200mV -40C Model Recovery Summary ;
+-------+--------+------------------------+
; Clock ; Slack  ; End Point TNS          ;
+-------+--------+------------------------+
; UPclk ; -9.660 ; -70.338                ;
; DNclk ; -9.282 ; -70.451                ;
+-------+--------+------------------------+


+----------------------------------------+
; Slow 1200mV -40C Model Removal Summary ;
+-------+--------+-----------------------+
; Clock ; Slack  ; End Point TNS         ;
+-------+--------+-----------------------+
; UPclk ; -2.157 ; -8.243                ;
; DNclk ; 1.503  ; 0.000                 ;
+-------+--------+-----------------------+


+----------------------------------------------------+
; Slow 1200mV -40C Model Minimum Pulse Width Summary ;
+-------+--------+-----------------------------------+
; Clock ; Slack  ; End Point TNS                     ;
+-------+--------+-----------------------------------+
; UPclk ; -4.142 ; -91.559                           ;
; DNclk ; -3.000 ; -13.280                           ;
+-------+--------+-----------------------------------+


+-------------------------------------------------------------------------------------------------------------------------------------+
; Slow 1200mV -40C Model Setup: 'UPclk'                                                                                               ;
+---------+--------------------------+--------------------------+--------------+-------------+--------------+------------+------------+
; Slack   ; From Node                ; To Node                  ; Launch Clock ; Latch Clock ; Relationship ; Clock Skew ; Data Delay ;
+---------+--------------------------+--------------------------+--------------+-------------+--------------+------------+------------+
; -11.879 ; 74193:inst1|25~_emulated ; 74193:inst1|24~_emulated ; UPclk        ; UPclk       ; 0.500        ; -4.186     ; 8.193      ;
; -11.681 ; 74193:inst1|24~_emulated ; 74193:inst1|25~_emulated ; UPclk        ; UPclk       ; 1.000        ; -4.323     ; 8.358      ;
; -11.653 ; 74193:inst1|25~_emulated ; 74193:inst1|26~_emulated ; UPclk        ; UPclk       ; 0.500        ; -4.412     ; 7.741      ;
; -11.435 ; 74193:inst1|24~_emulated ; 74193:inst1|26~_emulated ; UPclk        ; UPclk       ; 1.000        ; -4.331     ; 8.104      ;
; -11.313 ; 74193:inst1|25~_emulated ; 74193:inst1|23~_emulated ; UPclk        ; UPclk       ; 0.500        ; -3.493     ; 8.320      ;
; -11.120 ; 74193:inst1|24~_emulated ; 74193:inst1|23~_emulated ; UPclk        ; UPclk       ; 1.000        ; -3.437     ; 8.683      ;
; -10.977 ; 74193:inst1|23~_emulated ; 74193:inst1|25~_emulated ; UPclk        ; UPclk       ; 1.000        ; -5.258     ; 6.719      ;
; -10.957 ; 74193:inst1|23~_emulated ; 74193:inst1|24~_emulated ; UPclk        ; UPclk       ; 1.000        ; -5.040     ; 6.917      ;
; -10.789 ; 74193:inst1|25~_emulated ; 74193:inst4|26~_emulated ; UPclk        ; UPclk       ; 0.500        ; -3.476     ; 7.813      ;
; -10.731 ; 74193:inst1|23~_emulated ; 74193:inst1|26~_emulated ; UPclk        ; UPclk       ; 1.000        ; -5.266     ; 6.465      ;
; -10.657 ; 74193:inst1|26~1         ; 74193:inst1|25~_emulated ; UPclk        ; UPclk       ; 1.000        ; -2.610     ; 9.047      ;
; -10.637 ; 74193:inst1|26~1         ; 74193:inst1|24~_emulated ; UPclk        ; UPclk       ; 1.000        ; -2.392     ; 9.245      ;
; -10.596 ; 74193:inst1|24~_emulated ; 74193:inst4|26~_emulated ; UPclk        ; UPclk       ; 1.000        ; -3.420     ; 8.176      ;
; -10.595 ; 74193:inst1|25~_emulated ; 74193:inst4|23~_emulated ; UPclk        ; UPclk       ; 0.500        ; -2.541     ; 8.554      ;
; -10.460 ; 74193:inst1|25~_emulated ; 74193:inst4|24~_emulated ; UPclk        ; UPclk       ; 0.500        ; -2.821     ; 8.139      ;
; -10.436 ; 74193:inst1|25~1         ; 74193:inst1|24~_emulated ; UPclk        ; UPclk       ; 1.000        ; -3.039     ; 8.397      ;
; -10.402 ; 74193:inst1|24~_emulated ; 74193:inst4|23~_emulated ; UPclk        ; UPclk       ; 1.000        ; -2.485     ; 8.917      ;
; -10.347 ; 74193:inst1|24~1         ; 74193:inst1|25~_emulated ; UPclk        ; UPclk       ; 1.000        ; -3.260     ; 8.087      ;
; -10.299 ; 74193:inst1|25~_emulated ; 74193:inst4|25~_emulated ; UPclk        ; UPclk       ; 0.500        ; -3.024     ; 7.775      ;
; -10.267 ; 74193:inst1|24~_emulated ; 74193:inst4|24~_emulated ; UPclk        ; UPclk       ; 1.000        ; -2.765     ; 8.502      ;
; -10.210 ; 74193:inst1|25~1         ; 74193:inst1|26~_emulated ; UPclk        ; UPclk       ; 1.000        ; -3.265     ; 7.945      ;
; -10.106 ; 74193:inst1|24~_emulated ; 74193:inst4|25~_emulated ; UPclk        ; UPclk       ; 1.000        ; -2.968     ; 8.138      ;
; -10.101 ; 74193:inst1|24~1         ; 74193:inst1|26~_emulated ; UPclk        ; UPclk       ; 1.000        ; -3.268     ; 7.833      ;
; -10.067 ; 74193:inst1|26~1         ; 74193:inst1|23~_emulated ; UPclk        ; UPclk       ; 1.000        ; -1.695     ; 9.372      ;
; -9.866  ; 74193:inst1|25~1         ; 74193:inst1|23~_emulated ; UPclk        ; UPclk       ; 1.000        ; -2.342     ; 8.524      ;
; -9.863  ; 74193:inst1|23~_emulated ; 74193:inst4|26~_emulated ; UPclk        ; UPclk       ; 1.000        ; -4.326     ; 6.537      ;
; -9.757  ; 74193:inst1|24~1         ; 74193:inst1|23~_emulated ; UPclk        ; UPclk       ; 1.000        ; -2.345     ; 8.412      ;
; -9.703  ; 74193:inst4|25~_emulated ; 74193:inst1|25~_emulated ; UPclk        ; UPclk       ; 0.500        ; -3.961     ; 6.242      ;
; -9.693  ; 74193:inst4|26~_emulated ; 74193:inst1|25~_emulated ; UPclk        ; UPclk       ; 0.500        ; -3.948     ; 6.245      ;
; -9.683  ; 74193:inst4|25~_emulated ; 74193:inst1|24~_emulated ; UPclk        ; UPclk       ; 0.500        ; -3.743     ; 6.440      ;
; -9.673  ; 74193:inst4|26~_emulated ; 74193:inst1|24~_emulated ; UPclk        ; UPclk       ; 0.500        ; -3.730     ; 6.443      ;
; -9.669  ; 74193:inst1|23~_emulated ; 74193:inst4|23~_emulated ; UPclk        ; UPclk       ; 1.000        ; -3.391     ; 7.278      ;
; -9.543  ; 74193:inst1|26~1         ; 74193:inst4|26~_emulated ; UPclk        ; UPclk       ; 1.000        ; -1.678     ; 8.865      ;
; -9.534  ; 74193:inst1|23~_emulated ; 74193:inst4|24~_emulated ; UPclk        ; UPclk       ; 1.000        ; -3.671     ; 6.863      ;
; -9.484  ; 74193:inst4|24~_emulated ; 74193:inst1|25~_emulated ; UPclk        ; UPclk       ; 1.000        ; -4.155     ; 6.329      ;
; -9.464  ; 74193:inst4|24~_emulated ; 74193:inst1|24~_emulated ; UPclk        ; UPclk       ; 1.000        ; -3.937     ; 6.527      ;
; -9.457  ; 74193:inst4|25~_emulated ; 74193:inst1|26~_emulated ; UPclk        ; UPclk       ; 0.500        ; -3.969     ; 5.988      ;
; -9.450  ; 74193:inst4|23~_emulated ; 74193:inst1|25~_emulated ; UPclk        ; UPclk       ; 1.000        ; -4.559     ; 5.891      ;
; -9.447  ; 74193:inst4|26~_emulated ; 74193:inst1|26~_emulated ; UPclk        ; UPclk       ; 0.500        ; -3.956     ; 5.991      ;
; -9.430  ; 74193:inst4|23~_emulated ; 74193:inst1|24~_emulated ; UPclk        ; UPclk       ; 1.000        ; -4.341     ; 6.089      ;
; -9.373  ; 74193:inst1|23~_emulated ; 74193:inst4|25~_emulated ; UPclk        ; UPclk       ; 1.000        ; -3.874     ; 6.499      ;
; -9.349  ; 74193:inst1|26~1         ; 74193:inst4|23~_emulated ; UPclk        ; UPclk       ; 1.000        ; -0.743     ; 9.606      ;
; -9.342  ; 74193:inst1|25~1         ; 74193:inst4|26~_emulated ; UPclk        ; UPclk       ; 1.000        ; -2.325     ; 8.017      ;
; -9.238  ; 74193:inst4|24~_emulated ; 74193:inst1|26~_emulated ; UPclk        ; UPclk       ; 1.000        ; -4.163     ; 6.075      ;
; -9.233  ; 74193:inst1|24~1         ; 74193:inst4|26~_emulated ; UPclk        ; UPclk       ; 1.000        ; -2.328     ; 7.905      ;
; -9.214  ; 74193:inst1|26~1         ; 74193:inst4|24~_emulated ; UPclk        ; UPclk       ; 1.000        ; -1.023     ; 9.191      ;
; -9.204  ; 74193:inst4|23~_emulated ; 74193:inst1|26~_emulated ; UPclk        ; UPclk       ; 1.000        ; -4.567     ; 5.637      ;
; -9.148  ; 74193:inst1|25~1         ; 74193:inst4|23~_emulated ; UPclk        ; UPclk       ; 1.000        ; -1.390     ; 8.758      ;
; -9.117  ; 74193:inst4|25~_emulated ; 74193:inst1|23~_emulated ; UPclk        ; UPclk       ; 0.500        ; -3.050     ; 6.567      ;
; -9.107  ; 74193:inst4|26~_emulated ; 74193:inst1|23~_emulated ; UPclk        ; UPclk       ; 0.500        ; -3.037     ; 6.570      ;
; -9.053  ; 74193:inst1|26~1         ; 74193:inst4|25~_emulated ; UPclk        ; UPclk       ; 1.000        ; -1.226     ; 8.827      ;
; -9.039  ; 74193:inst1|24~1         ; 74193:inst4|23~_emulated ; UPclk        ; UPclk       ; 1.000        ; -1.393     ; 8.646      ;
; -9.013  ; 74193:inst1|25~1         ; 74193:inst4|24~_emulated ; UPclk        ; UPclk       ; 1.000        ; -1.670     ; 8.343      ;
; -8.968  ; 74193:inst1|23~1         ; 74193:inst1|25~_emulated ; UPclk        ; UPclk       ; 1.000        ; -3.255     ; 6.713      ;
; -8.948  ; 74193:inst1|23~1         ; 74193:inst1|24~_emulated ; UPclk        ; UPclk       ; 1.000        ; -3.037     ; 6.911      ;
; -8.904  ; 74193:inst1|24~1         ; 74193:inst4|24~_emulated ; UPclk        ; UPclk       ; 1.000        ; -1.673     ; 8.231      ;
; -8.894  ; 74193:inst4|24~_emulated ; 74193:inst1|23~_emulated ; UPclk        ; UPclk       ; 1.000        ; -3.240     ; 6.654      ;
; -8.860  ; 74193:inst4|23~_emulated ; 74193:inst1|23~_emulated ; UPclk        ; UPclk       ; 1.000        ; -3.644     ; 6.216      ;
; -8.852  ; 74193:inst1|25~1         ; 74193:inst4|25~_emulated ; UPclk        ; UPclk       ; 1.000        ; -1.873     ; 7.979      ;
; -8.848  ; 74193:inst4|25~1         ; 74193:inst1|25~_emulated ; UPclk        ; UPclk       ; 1.000        ; -3.256     ; 6.592      ;
; -8.828  ; 74193:inst4|25~1         ; 74193:inst1|24~_emulated ; UPclk        ; UPclk       ; 1.000        ; -3.038     ; 6.790      ;
; -8.743  ; 74193:inst1|24~1         ; 74193:inst4|25~_emulated ; UPclk        ; UPclk       ; 1.000        ; -1.876     ; 7.867      ;
; -8.722  ; 74193:inst1|23~1         ; 74193:inst1|26~_emulated ; UPclk        ; UPclk       ; 1.000        ; -3.263     ; 6.459      ;
; -8.602  ; 74193:inst4|25~1         ; 74193:inst1|26~_emulated ; UPclk        ; UPclk       ; 1.000        ; -3.264     ; 6.338      ;
; -8.593  ; 74193:inst4|25~_emulated ; 74193:inst4|26~_emulated ; UPclk        ; UPclk       ; 0.500        ; -3.033     ; 6.060      ;
; -8.567  ; 74193:inst4|24~1         ; 74193:inst1|25~_emulated ; UPclk        ; UPclk       ; 1.000        ; -3.257     ; 6.310      ;
; -8.547  ; 74193:inst4|24~1         ; 74193:inst1|24~_emulated ; UPclk        ; UPclk       ; 1.000        ; -3.039     ; 6.508      ;
; -8.507  ; 74193:inst4|26~1         ; 74193:inst1|25~_emulated ; UPclk        ; UPclk       ; 1.000        ; -3.256     ; 6.251      ;
; -8.487  ; 74193:inst4|26~1         ; 74193:inst1|24~_emulated ; UPclk        ; UPclk       ; 1.000        ; -3.038     ; 6.449      ;
; -8.399  ; 74193:inst4|25~_emulated ; 74193:inst4|23~_emulated ; UPclk        ; UPclk       ; 0.500        ; -2.098     ; 6.801      ;
; -8.389  ; 74193:inst4|26~_emulated ; 74193:inst4|23~_emulated ; UPclk        ; UPclk       ; 0.500        ; -2.085     ; 6.804      ;
; -8.370  ; 74193:inst4|24~_emulated ; 74193:inst4|26~_emulated ; UPclk        ; UPclk       ; 1.000        ; -3.223     ; 6.147      ;
; -8.336  ; 74193:inst4|23~_emulated ; 74193:inst4|26~_emulated ; UPclk        ; UPclk       ; 1.000        ; -3.627     ; 5.709      ;
; -8.321  ; 74193:inst4|24~1         ; 74193:inst1|26~_emulated ; UPclk        ; UPclk       ; 1.000        ; -3.265     ; 6.056      ;
; -8.302  ; 74193:inst1|24~_emulated ; 74193:inst4|26~_emulated ; UPclk        ; UPclk       ; 0.500        ; -0.626     ; 8.176      ;
; -8.283  ; 74193:inst1|24~_emulated ; 74193:inst4|25~_emulated ; UPclk        ; UPclk       ; 0.500        ; -0.645     ; 8.138      ;
; -8.264  ; 74193:inst4|25~_emulated ; 74193:inst4|24~_emulated ; UPclk        ; UPclk       ; 0.500        ; -2.378     ; 6.386      ;
; -8.261  ; 74193:inst4|26~1         ; 74193:inst1|26~_emulated ; UPclk        ; UPclk       ; 1.000        ; -3.264     ; 5.997      ;
; -8.258  ; 74193:inst4|25~1         ; 74193:inst1|23~_emulated ; UPclk        ; UPclk       ; 1.000        ; -2.341     ; 6.917      ;
; -8.254  ; 74193:inst4|26~_emulated ; 74193:inst4|24~_emulated ; UPclk        ; UPclk       ; 0.500        ; -2.365     ; 6.389      ;
; -8.222  ; 74193:inst1|24~_emulated ; 74193:inst1|25~_emulated ; DNclk        ; UPclk       ; 1.000        ; -0.854     ; 8.358      ;
; -8.176  ; 74193:inst4|24~_emulated ; 74193:inst4|23~_emulated ; UPclk        ; UPclk       ; 1.000        ; -2.288     ; 6.888      ;
; -8.093  ; 74193:inst4|26~_emulated ; 74193:inst4|25~_emulated ; UPclk        ; UPclk       ; 0.500        ; -2.568     ; 6.025      ;
; -8.066  ; 74193:inst1|24~_emulated ; 74193:inst1|25~_emulated ; UPclk        ; UPclk       ; 0.500        ; -0.208     ; 8.358      ;
; -8.007  ; 74193:inst4|23~_emulated ; 74193:inst4|24~_emulated ; UPclk        ; UPclk       ; 1.000        ; -2.972     ; 6.035      ;
; -7.977  ; 74193:inst4|24~1         ; 74193:inst1|23~_emulated ; UPclk        ; UPclk       ; 1.000        ; -2.342     ; 6.635      ;
; -7.976  ; 74193:inst1|24~_emulated ; 74193:inst1|26~_emulated ; DNclk        ; UPclk       ; 1.000        ; -0.862     ; 8.104      ;
; -7.917  ; 74193:inst4|26~1         ; 74193:inst1|23~_emulated ; UPclk        ; UPclk       ; 1.000        ; -2.341     ; 6.576      ;
; -7.915  ; 74193:inst4|23~1         ; 74193:inst1|25~_emulated ; UPclk        ; UPclk       ; 1.000        ; -3.391     ; 5.524      ;
; -7.895  ; 74193:inst4|23~1         ; 74193:inst1|24~_emulated ; UPclk        ; UPclk       ; 1.000        ; -3.173     ; 5.722      ;
; -7.880  ; 74193:inst4|24~_emulated ; 74193:inst4|25~_emulated ; UPclk        ; UPclk       ; 1.000        ; -2.771     ; 6.109      ;
; -7.854  ; 74193:inst1|23~1         ; 74193:inst4|26~_emulated ; UPclk        ; UPclk       ; 1.000        ; -2.323     ; 6.531      ;
; -7.846  ; 74193:inst4|23~_emulated ; 74193:inst4|25~_emulated ; UPclk        ; UPclk       ; 1.000        ; -3.175     ; 5.671      ;
; -7.734  ; 74193:inst4|25~1         ; 74193:inst4|26~_emulated ; UPclk        ; UPclk       ; 1.000        ; -2.324     ; 6.410      ;
; -7.669  ; 74193:inst4|23~1         ; 74193:inst1|26~_emulated ; UPclk        ; UPclk       ; 1.000        ; -3.399     ; 5.270      ;
; -7.661  ; 74193:inst1|24~_emulated ; 74193:inst1|23~_emulated ; DNclk        ; UPclk       ; 1.000        ; 0.032      ; 8.683      ;
; -7.660  ; 74193:inst1|23~1         ; 74193:inst4|23~_emulated ; UPclk        ; UPclk       ; 1.000        ; -1.388     ; 7.272      ;
; -7.647  ; 74193:inst1|25~_emulated ; 74193:inst1|24~_emulated ; DNclk        ; UPclk       ; 1.000        ; -0.444     ; 8.193      ;
; -7.579  ; 74193:inst1|26~_emulated ; 74193:inst1|25~_emulated ; DNclk        ; UPclk       ; 1.000        ; -0.477     ; 8.092      ;
; -7.573  ; 74193:inst1|23~_emulated ; 74193:inst4|26~_emulated ; UPclk        ; UPclk       ; 0.500        ; -1.536     ; 6.537      ;
+---------+--------------------------+--------------------------+--------------+-------------+--------------+------------+------------+


+-------------------------------------------------------------------------------------------------------------------------------------+
; Slow 1200mV -40C Model Setup: 'DNclk'                                                                                               ;
+---------+--------------------------+--------------------------+--------------+-------------+--------------+------------+------------+
; Slack   ; From Node                ; To Node                  ; Launch Clock ; Latch Clock ; Relationship ; Clock Skew ; Data Delay ;
+---------+--------------------------+--------------------------+--------------+-------------+--------------+------------+------------+
; -11.413 ; 74193:inst1|25~_emulated ; 74193:inst1|24~_emulated ; UPclk        ; DNclk       ; 0.500        ; -3.710     ; 8.193      ;
; -11.275 ; 74193:inst1|25~_emulated ; 74193:inst1|26~_emulated ; UPclk        ; DNclk       ; 0.500        ; -4.024     ; 7.741      ;
; -11.191 ; 74193:inst1|24~_emulated ; 74193:inst1|25~_emulated ; UPclk        ; DNclk       ; 1.000        ; -3.823     ; 8.358      ;
; -11.090 ; 74193:inst1|25~_emulated ; 74193:inst4|24~_emulated ; UPclk        ; DNclk       ; 0.500        ; -3.441     ; 8.139      ;
; -11.079 ; 74193:inst1|25~_emulated ; 74193:inst4|26~_emulated ; UPclk        ; DNclk       ; 0.500        ; -3.756     ; 7.813      ;
; -11.057 ; 74193:inst1|24~_emulated ; 74193:inst1|26~_emulated ; UPclk        ; DNclk       ; 1.000        ; -3.943     ; 8.104      ;
; -11.038 ; 74193:inst1|25~_emulated ; 74193:inst4|23~_emulated ; UPclk        ; DNclk       ; 0.500        ; -2.974     ; 8.554      ;
; -10.878 ; 74193:inst1|25~_emulated ; 74193:inst4|25~_emulated ; UPclk        ; DNclk       ; 0.500        ; -3.593     ; 7.775      ;
; -10.872 ; 74193:inst1|24~_emulated ; 74193:inst4|24~_emulated ; UPclk        ; DNclk       ; 1.000        ; -3.360     ; 8.502      ;
; -10.861 ; 74193:inst1|24~_emulated ; 74193:inst4|26~_emulated ; UPclk        ; DNclk       ; 1.000        ; -3.675     ; 8.176      ;
; -10.820 ; 74193:inst1|24~_emulated ; 74193:inst4|23~_emulated ; UPclk        ; DNclk       ; 1.000        ; -2.893     ; 8.917      ;
; -10.818 ; 74193:inst1|25~_emulated ; 74193:inst1|23~_emulated ; UPclk        ; DNclk       ; 0.500        ; -2.988     ; 8.320      ;
; -10.660 ; 74193:inst1|24~_emulated ; 74193:inst4|25~_emulated ; UPclk        ; DNclk       ; 1.000        ; -3.512     ; 8.138      ;
; -10.600 ; 74193:inst1|24~_emulated ; 74193:inst1|23~_emulated ; UPclk        ; DNclk       ; 1.000        ; -2.907     ; 8.683      ;
; -10.491 ; 74193:inst1|23~_emulated ; 74193:inst1|24~_emulated ; UPclk        ; DNclk       ; 1.000        ; -4.564     ; 6.917      ;
; -10.487 ; 74193:inst1|23~_emulated ; 74193:inst1|25~_emulated ; UPclk        ; DNclk       ; 1.000        ; -4.758     ; 6.719      ;
; -10.353 ; 74193:inst1|23~_emulated ; 74193:inst1|26~_emulated ; UPclk        ; DNclk       ; 1.000        ; -4.878     ; 6.465      ;
; -10.171 ; 74193:inst1|26~1         ; 74193:inst1|24~_emulated ; UPclk        ; DNclk       ; 1.000        ; -1.916     ; 9.245      ;
; -10.168 ; 74193:inst1|23~_emulated ; 74193:inst4|24~_emulated ; UPclk        ; DNclk       ; 1.000        ; -4.295     ; 6.863      ;
; -10.167 ; 74193:inst1|26~1         ; 74193:inst1|25~_emulated ; UPclk        ; DNclk       ; 1.000        ; -2.110     ; 9.047      ;
; -10.157 ; 74193:inst1|23~_emulated ; 74193:inst4|26~_emulated ; UPclk        ; DNclk       ; 1.000        ; -4.610     ; 6.537      ;
; -10.116 ; 74193:inst1|23~_emulated ; 74193:inst4|23~_emulated ; UPclk        ; DNclk       ; 1.000        ; -3.828     ; 7.278      ;
; -9.970  ; 74193:inst1|25~1         ; 74193:inst1|24~_emulated ; UPclk        ; DNclk       ; 1.000        ; -2.563     ; 8.397      ;
; -9.956  ; 74193:inst1|23~_emulated ; 74193:inst4|25~_emulated ; UPclk        ; DNclk       ; 1.000        ; -4.447     ; 6.499      ;
; -9.857  ; 74193:inst1|24~1         ; 74193:inst1|25~_emulated ; UPclk        ; DNclk       ; 1.000        ; -2.760     ; 8.087      ;
; -9.848  ; 74193:inst1|26~1         ; 74193:inst4|24~_emulated ; UPclk        ; DNclk       ; 1.000        ; -1.647     ; 9.191      ;
; -9.837  ; 74193:inst1|26~1         ; 74193:inst4|26~_emulated ; UPclk        ; DNclk       ; 1.000        ; -1.962     ; 8.865      ;
; -9.832  ; 74193:inst1|25~1         ; 74193:inst1|26~_emulated ; UPclk        ; DNclk       ; 1.000        ; -2.877     ; 7.945      ;
; -9.796  ; 74193:inst1|26~1         ; 74193:inst4|23~_emulated ; UPclk        ; DNclk       ; 1.000        ; -1.180     ; 9.606      ;
; -9.723  ; 74193:inst1|24~1         ; 74193:inst1|26~_emulated ; UPclk        ; DNclk       ; 1.000        ; -2.880     ; 7.833      ;
; -9.647  ; 74193:inst1|25~1         ; 74193:inst4|24~_emulated ; UPclk        ; DNclk       ; 1.000        ; -2.294     ; 8.343      ;
; -9.636  ; 74193:inst1|25~1         ; 74193:inst4|26~_emulated ; UPclk        ; DNclk       ; 1.000        ; -2.609     ; 8.017      ;
; -9.636  ; 74193:inst1|26~1         ; 74193:inst4|25~_emulated ; UPclk        ; DNclk       ; 1.000        ; -1.799     ; 8.827      ;
; -9.595  ; 74193:inst1|25~1         ; 74193:inst4|23~_emulated ; UPclk        ; DNclk       ; 1.000        ; -1.827     ; 8.758      ;
; -9.576  ; 74193:inst1|26~1         ; 74193:inst1|23~_emulated ; UPclk        ; DNclk       ; 1.000        ; -1.194     ; 9.372      ;
; -9.538  ; 74193:inst1|24~1         ; 74193:inst4|24~_emulated ; UPclk        ; DNclk       ; 1.000        ; -2.297     ; 8.231      ;
; -9.527  ; 74193:inst1|24~1         ; 74193:inst4|26~_emulated ; UPclk        ; DNclk       ; 1.000        ; -2.612     ; 7.905      ;
; -9.486  ; 74193:inst1|24~1         ; 74193:inst4|23~_emulated ; UPclk        ; DNclk       ; 1.000        ; -1.830     ; 8.646      ;
; -9.435  ; 74193:inst1|25~1         ; 74193:inst4|25~_emulated ; UPclk        ; DNclk       ; 1.000        ; -2.446     ; 7.979      ;
; -9.375  ; 74193:inst1|25~1         ; 74193:inst1|23~_emulated ; UPclk        ; DNclk       ; 1.000        ; -1.841     ; 8.524      ;
; -9.326  ; 74193:inst1|24~1         ; 74193:inst4|25~_emulated ; UPclk        ; DNclk       ; 1.000        ; -2.449     ; 7.867      ;
; -9.266  ; 74193:inst1|24~1         ; 74193:inst1|23~_emulated ; UPclk        ; DNclk       ; 1.000        ; -1.844     ; 8.412      ;
; -9.217  ; 74193:inst4|25~_emulated ; 74193:inst1|24~_emulated ; UPclk        ; DNclk       ; 0.500        ; -3.267     ; 6.440      ;
; -9.213  ; 74193:inst4|25~_emulated ; 74193:inst1|25~_emulated ; UPclk        ; DNclk       ; 0.500        ; -3.461     ; 6.242      ;
; -9.207  ; 74193:inst4|26~_emulated ; 74193:inst1|24~_emulated ; UPclk        ; DNclk       ; 0.500        ; -3.254     ; 6.443      ;
; -9.203  ; 74193:inst4|26~_emulated ; 74193:inst1|25~_emulated ; UPclk        ; DNclk       ; 0.500        ; -3.448     ; 6.245      ;
; -9.079  ; 74193:inst4|25~_emulated ; 74193:inst1|26~_emulated ; UPclk        ; DNclk       ; 0.500        ; -3.581     ; 5.988      ;
; -9.069  ; 74193:inst4|26~_emulated ; 74193:inst1|26~_emulated ; UPclk        ; DNclk       ; 0.500        ; -3.568     ; 5.991      ;
; -8.998  ; 74193:inst4|24~_emulated ; 74193:inst1|24~_emulated ; UPclk        ; DNclk       ; 1.000        ; -3.461     ; 6.527      ;
; -8.994  ; 74193:inst4|24~_emulated ; 74193:inst1|25~_emulated ; UPclk        ; DNclk       ; 1.000        ; -3.655     ; 6.329      ;
; -8.964  ; 74193:inst4|23~_emulated ; 74193:inst1|24~_emulated ; UPclk        ; DNclk       ; 1.000        ; -3.865     ; 6.089      ;
; -8.960  ; 74193:inst4|23~_emulated ; 74193:inst1|25~_emulated ; UPclk        ; DNclk       ; 1.000        ; -4.059     ; 5.891      ;
; -8.894  ; 74193:inst4|25~_emulated ; 74193:inst4|24~_emulated ; UPclk        ; DNclk       ; 0.500        ; -2.998     ; 6.386      ;
; -8.884  ; 74193:inst4|26~_emulated ; 74193:inst4|24~_emulated ; UPclk        ; DNclk       ; 0.500        ; -2.985     ; 6.389      ;
; -8.883  ; 74193:inst4|25~_emulated ; 74193:inst4|26~_emulated ; UPclk        ; DNclk       ; 0.500        ; -3.313     ; 6.060      ;
; -8.860  ; 74193:inst4|24~_emulated ; 74193:inst1|26~_emulated ; UPclk        ; DNclk       ; 1.000        ; -3.775     ; 6.075      ;
; -8.842  ; 74193:inst4|25~_emulated ; 74193:inst4|23~_emulated ; UPclk        ; DNclk       ; 0.500        ; -2.531     ; 6.801      ;
; -8.832  ; 74193:inst4|26~_emulated ; 74193:inst4|23~_emulated ; UPclk        ; DNclk       ; 0.500        ; -2.518     ; 6.804      ;
; -8.826  ; 74193:inst4|23~_emulated ; 74193:inst1|26~_emulated ; UPclk        ; DNclk       ; 1.000        ; -4.179     ; 5.637      ;
; -8.672  ; 74193:inst4|26~_emulated ; 74193:inst4|25~_emulated ; UPclk        ; DNclk       ; 0.500        ; -3.137     ; 6.025      ;
; -8.664  ; 74193:inst4|24~_emulated ; 74193:inst4|26~_emulated ; UPclk        ; DNclk       ; 1.000        ; -3.507     ; 6.147      ;
; -8.641  ; 74193:inst4|23~_emulated ; 74193:inst4|24~_emulated ; UPclk        ; DNclk       ; 1.000        ; -3.596     ; 6.035      ;
; -8.630  ; 74193:inst4|23~_emulated ; 74193:inst4|26~_emulated ; UPclk        ; DNclk       ; 1.000        ; -3.911     ; 5.709      ;
; -8.623  ; 74193:inst4|24~_emulated ; 74193:inst4|23~_emulated ; UPclk        ; DNclk       ; 1.000        ; -2.725     ; 6.888      ;
; -8.622  ; 74193:inst4|25~_emulated ; 74193:inst1|23~_emulated ; UPclk        ; DNclk       ; 0.500        ; -2.545     ; 6.567      ;
; -8.612  ; 74193:inst4|26~_emulated ; 74193:inst1|23~_emulated ; UPclk        ; DNclk       ; 0.500        ; -2.532     ; 6.570      ;
; -8.482  ; 74193:inst1|23~1         ; 74193:inst1|24~_emulated ; UPclk        ; DNclk       ; 1.000        ; -2.561     ; 6.911      ;
; -8.478  ; 74193:inst1|23~1         ; 74193:inst1|25~_emulated ; UPclk        ; DNclk       ; 1.000        ; -2.755     ; 6.713      ;
; -8.463  ; 74193:inst4|24~_emulated ; 74193:inst4|25~_emulated ; UPclk        ; DNclk       ; 1.000        ; -3.344     ; 6.109      ;
; -8.429  ; 74193:inst4|23~_emulated ; 74193:inst4|25~_emulated ; UPclk        ; DNclk       ; 1.000        ; -3.748     ; 5.671      ;
; -8.403  ; 74193:inst4|24~_emulated ; 74193:inst1|23~_emulated ; UPclk        ; DNclk       ; 1.000        ; -2.739     ; 6.654      ;
; -8.369  ; 74193:inst4|23~_emulated ; 74193:inst1|23~_emulated ; UPclk        ; DNclk       ; 1.000        ; -3.143     ; 6.216      ;
; -8.362  ; 74193:inst4|25~1         ; 74193:inst1|24~_emulated ; UPclk        ; DNclk       ; 1.000        ; -2.562     ; 6.790      ;
; -8.358  ; 74193:inst4|25~1         ; 74193:inst1|25~_emulated ; UPclk        ; DNclk       ; 1.000        ; -2.756     ; 6.592      ;
; -8.344  ; 74193:inst1|23~1         ; 74193:inst1|26~_emulated ; UPclk        ; DNclk       ; 1.000        ; -2.875     ; 6.459      ;
; -8.224  ; 74193:inst4|25~1         ; 74193:inst1|26~_emulated ; UPclk        ; DNclk       ; 1.000        ; -2.876     ; 6.338      ;
; -8.159  ; 74193:inst1|23~1         ; 74193:inst4|24~_emulated ; UPclk        ; DNclk       ; 1.000        ; -2.292     ; 6.857      ;
; -8.148  ; 74193:inst1|23~1         ; 74193:inst4|26~_emulated ; UPclk        ; DNclk       ; 1.000        ; -2.607     ; 6.531      ;
; -8.107  ; 74193:inst1|23~1         ; 74193:inst4|23~_emulated ; UPclk        ; DNclk       ; 1.000        ; -1.825     ; 7.272      ;
; -8.081  ; 74193:inst4|24~1         ; 74193:inst1|24~_emulated ; UPclk        ; DNclk       ; 1.000        ; -2.563     ; 6.508      ;
; -8.077  ; 74193:inst4|24~1         ; 74193:inst1|25~_emulated ; UPclk        ; DNclk       ; 1.000        ; -2.757     ; 6.310      ;
; -8.039  ; 74193:inst4|25~1         ; 74193:inst4|24~_emulated ; UPclk        ; DNclk       ; 1.000        ; -2.293     ; 6.736      ;
; -8.028  ; 74193:inst4|25~1         ; 74193:inst4|26~_emulated ; UPclk        ; DNclk       ; 1.000        ; -2.608     ; 6.410      ;
; -8.021  ; 74193:inst4|26~1         ; 74193:inst1|24~_emulated ; UPclk        ; DNclk       ; 1.000        ; -2.562     ; 6.449      ;
; -8.017  ; 74193:inst4|26~1         ; 74193:inst1|25~_emulated ; UPclk        ; DNclk       ; 1.000        ; -2.756     ; 6.251      ;
; -7.987  ; 74193:inst4|25~1         ; 74193:inst4|23~_emulated ; UPclk        ; DNclk       ; 1.000        ; -1.826     ; 7.151      ;
; -7.947  ; 74193:inst1|23~1         ; 74193:inst4|25~_emulated ; UPclk        ; DNclk       ; 1.000        ; -2.444     ; 6.493      ;
; -7.943  ; 74193:inst4|24~1         ; 74193:inst1|26~_emulated ; UPclk        ; DNclk       ; 1.000        ; -2.877     ; 6.056      ;
; -7.883  ; 74193:inst4|26~1         ; 74193:inst1|26~_emulated ; UPclk        ; DNclk       ; 1.000        ; -2.876     ; 5.997      ;
; -7.767  ; 74193:inst4|25~1         ; 74193:inst1|23~_emulated ; UPclk        ; DNclk       ; 1.000        ; -1.840     ; 6.917      ;
; -7.747  ; 74193:inst4|24~1         ; 74193:inst4|26~_emulated ; UPclk        ; DNclk       ; 1.000        ; -2.609     ; 6.128      ;
; -7.706  ; 74193:inst4|24~1         ; 74193:inst4|23~_emulated ; UPclk        ; DNclk       ; 1.000        ; -1.827     ; 6.869      ;
; -7.698  ; 74193:inst4|26~1         ; 74193:inst4|24~_emulated ; UPclk        ; DNclk       ; 1.000        ; -2.293     ; 6.395      ;
; -7.692  ; 74193:inst1|24~_emulated ; 74193:inst1|25~_emulated ; DNclk        ; DNclk       ; 1.000        ; -0.354     ; 8.358      ;
; -7.646  ; 74193:inst4|26~1         ; 74193:inst4|23~_emulated ; UPclk        ; DNclk       ; 1.000        ; -1.826     ; 6.810      ;
; -7.558  ; 74193:inst1|24~_emulated ; 74193:inst1|26~_emulated ; DNclk        ; DNclk       ; 1.000        ; -0.474     ; 8.104      ;
; -7.546  ; 74193:inst4|24~1         ; 74193:inst4|25~_emulated ; UPclk        ; DNclk       ; 1.000        ; -2.446     ; 6.090      ;
; -7.486  ; 74193:inst4|26~1         ; 74193:inst4|25~_emulated ; UPclk        ; DNclk       ; 1.000        ; -2.445     ; 6.031      ;
; -7.486  ; 74193:inst4|24~1         ; 74193:inst1|23~_emulated ; UPclk        ; DNclk       ; 1.000        ; -1.841     ; 6.635      ;
; -7.429  ; 74193:inst4|23~1         ; 74193:inst1|24~_emulated ; UPclk        ; DNclk       ; 1.000        ; -2.697     ; 5.722      ;
+---------+--------------------------+--------------------------+--------------+-------------+--------------+------------+------------+


+------------------------------------------------------------------------------------------------------------------------------------+
; Slow 1200mV -40C Model Hold: 'UPclk'                                                                                               ;
+--------+--------------------------+--------------------------+--------------+-------------+--------------+------------+------------+
; Slack  ; From Node                ; To Node                  ; Launch Clock ; Latch Clock ; Relationship ; Clock Skew ; Data Delay ;
+--------+--------------------------+--------------------------+--------------+-------------+--------------+------------+------------+
; -1.426 ; 74193:inst1|23~1         ; 74193:inst1|23~_emulated ; UPclk        ; UPclk       ; 0.000        ; 2.191      ; 0.933      ;
; -1.108 ; 74193:inst1|25~_emulated ; 74193:inst1|25~_emulated ; UPclk        ; UPclk       ; -0.500       ; 4.404      ; 2.984      ;
; -0.978 ; 74193:inst1|23~_emulated ; 74193:inst1|23~_emulated ; UPclk        ; UPclk       ; 0.000        ; 4.343      ; 3.533      ;
; -0.926 ; 74193:inst1|24~1         ; 74193:inst1|24~_emulated ; UPclk        ; UPclk       ; 0.000        ; 1.281      ; 0.523      ;
; -0.897 ; 74193:inst1|24~_emulated ; 74193:inst1|24~_emulated ; UPclk        ; UPclk       ; 0.000        ; 4.105      ; 3.376      ;
; -0.684 ; 74193:inst4|24~1         ; 74193:inst4|24~_emulated ; UPclk        ; UPclk       ; 0.000        ; 1.087      ; 0.571      ;
; -0.644 ; 74193:inst1|25~1         ; 74193:inst1|25~_emulated ; UPclk        ; UPclk       ; -0.500       ; 1.340      ; 0.384      ;
; -0.632 ; 74193:inst4|23~1         ; 74193:inst4|23~_emulated ; UPclk        ; UPclk       ; 0.000        ; 1.360      ; 0.896      ;
; -0.618 ; 74193:inst1|25~_emulated ; 74193:inst1|25~_emulated ; DNclk        ; UPclk       ; -0.500       ; 3.904      ; 2.984      ;
; -0.507 ; 74193:inst1|23~_emulated ; 74193:inst1|23~_emulated ; DNclk        ; UPclk       ; 0.000        ; 3.842      ; 3.533      ;
; -0.451 ; 74193:inst1|24~_emulated ; 74193:inst1|24~_emulated ; DNclk        ; UPclk       ; 0.000        ; 3.629      ; 3.376      ;
; -0.157 ; UPclk                    ; 74193:inst1|23~_emulated ; UPclk        ; UPclk       ; 0.000        ; 7.285      ; 7.296      ;
; -0.108 ; 74193:inst4|25~1         ; 74193:inst4|25~_emulated ; UPclk        ; UPclk       ; -0.500       ; 0.897      ; 0.477      ;
; 0.032  ; 74193:inst4|24~_emulated ; 74193:inst4|24~_emulated ; DNclk        ; UPclk       ; 0.000        ; 3.192      ; 3.422      ;
; 0.107  ; 74193:inst4|26~_emulated ; 74193:inst4|26~_emulated ; DNclk        ; UPclk       ; -0.500       ; 3.300      ; 3.105      ;
; 0.115  ; 74193:inst4|26~1         ; 74193:inst4|26~_emulated ; UPclk        ; UPclk       ; -0.500       ; 0.884      ; 0.687      ;
; 0.345  ; 74193:inst4|25~_emulated ; 74193:inst4|25~_emulated ; DNclk        ; UPclk       ; -0.500       ; 3.150      ; 3.193      ;
; 0.397  ; 74193:inst4|26~_emulated ; 74193:inst4|26~_emulated ; UPclk        ; UPclk       ; -0.500       ; 3.020      ; 3.105      ;
; 0.492  ; 74193:inst4|23~_emulated ; 74193:inst4|23~_emulated ; DNclk        ; UPclk       ; 0.000        ; 3.129      ; 3.819      ;
; 0.589  ; UPclk                    ; 74193:inst1|23~_emulated ; UPclk        ; UPclk       ; -0.500       ; 7.285      ; 7.562      ;
; 0.686  ; 74193:inst4|24~_emulated ; 74193:inst4|24~_emulated ; UPclk        ; UPclk       ; 0.000        ; 2.568      ; 3.422      ;
; 0.788  ; UPclk                    ; 74193:inst4|23~_emulated ; UPclk        ; UPclk       ; 0.000        ; 6.586      ; 7.542      ;
; 0.831  ; UPclk                    ; 74193:inst1|24~_emulated ; UPclk        ; UPclk       ; 0.000        ; 6.350      ; 7.349      ;
; 0.834  ; UPclk                    ; 74193:inst4|24~_emulated ; UPclk        ; UPclk       ; 0.000        ; 6.182      ; 7.184      ;
; 0.837  ; UPclk                    ; 74193:inst1|25~_emulated ; UPclk        ; UPclk       ; 0.000        ; 6.431      ; 7.436      ;
; 0.924  ; 74193:inst4|25~_emulated ; 74193:inst4|25~_emulated ; UPclk        ; UPclk       ; -0.500       ; 2.581      ; 3.193      ;
; 0.932  ; 74193:inst4|26~_emulated ; 74193:inst1|23~_emulated ; DNclk        ; UPclk       ; 0.000        ; 4.610      ; 5.740      ;
; 0.959  ; 74193:inst4|23~_emulated ; 74193:inst4|23~_emulated ; UPclk        ; UPclk       ; 0.000        ; 2.692      ; 3.819      ;
; 0.982  ; UPclk                    ; 74193:inst1|25~_emulated ; UPclk        ; UPclk       ; -0.500       ; 6.431      ; 7.101      ;
; 1.034  ; UPclk                    ; 74193:inst4|25~_emulated ; UPclk        ; UPclk       ; 0.000        ; 5.988      ; 7.190      ;
; 1.068  ; UPclk                    ; 74193:inst4|26~_emulated ; UPclk        ; UPclk       ; 0.000        ; 5.975      ; 7.211      ;
; 1.109  ; 74193:inst4|25~_emulated ; 74193:inst1|23~_emulated ; DNclk        ; UPclk       ; 0.000        ; 4.447      ; 5.754      ;
; 1.245  ; UPclk                    ; 74193:inst4|25~_emulated ; UPclk        ; UPclk       ; -0.500       ; 5.988      ; 6.921      ;
; 1.246  ; 74193:inst4|26~_emulated ; 74193:inst1|23~_emulated ; UPclk        ; UPclk       ; 0.000        ; 4.326      ; 5.740      ;
; 1.258  ; UPclk                    ; 74193:inst4|26~_emulated ; UPclk        ; UPclk       ; -0.500       ; 5.975      ; 6.921      ;
; 1.276  ; 74193:inst4|24~_emulated ; 74193:inst1|23~_emulated ; DNclk        ; UPclk       ; 0.000        ; 4.295      ; 5.769      ;
; 1.400  ; 74193:inst4|23~_emulated ; 74193:inst1|23~_emulated ; DNclk        ; UPclk       ; 0.000        ; 3.828      ; 5.426      ;
; 1.560  ; UPclk                    ; 74193:inst4|23~_emulated ; UPclk        ; UPclk       ; -0.500       ; 6.586      ; 7.834      ;
; 1.581  ; UPclk                    ; 74193:inst4|24~_emulated ; UPclk        ; UPclk       ; -0.500       ; 6.182      ; 7.451      ;
; 1.646  ; UPclk                    ; 74193:inst1|24~_emulated ; UPclk        ; UPclk       ; -0.500       ; 6.350      ; 7.684      ;
; 1.712  ; 74193:inst4|25~_emulated ; 74193:inst1|23~_emulated ; UPclk        ; UPclk       ; 0.000        ; 3.874      ; 5.754      ;
; 1.800  ; 74193:inst1|25~_emulated ; 74193:inst1|23~_emulated ; UPclk        ; UPclk       ; 0.000        ; 5.258      ; 7.226      ;
; 1.833  ; 74193:inst1|26~_emulated ; 74193:inst1|23~_emulated ; UPclk        ; UPclk       ; 0.000        ; 5.266      ; 7.267      ;
; 1.862  ; 74193:inst4|25~1         ; 74193:inst4|25~_emulated ; UPclk        ; UPclk       ; 0.000        ; -1.553     ; 0.477      ;
; 1.867  ; 74193:inst4|23~_emulated ; 74193:inst1|23~_emulated ; UPclk        ; UPclk       ; 0.000        ; 3.391      ; 5.426      ;
; 1.877  ; 74193:inst4|26~_emulated ; 74193:inst4|23~_emulated ; DNclk        ; UPclk       ; 0.000        ; 3.911      ; 5.986      ;
; 1.920  ; 74193:inst4|26~_emulated ; 74193:inst1|24~_emulated ; DNclk        ; UPclk       ; 0.000        ; 3.675      ; 5.793      ;
; 1.923  ; 74193:inst4|26~_emulated ; 74193:inst4|24~_emulated ; DNclk        ; UPclk       ; 0.000        ; 3.507      ; 5.628      ;
; 1.930  ; 74193:inst4|24~_emulated ; 74193:inst1|23~_emulated ; UPclk        ; UPclk       ; 0.000        ; 3.671      ; 5.769      ;
; 2.054  ; 74193:inst4|25~_emulated ; 74193:inst4|23~_emulated ; DNclk        ; UPclk       ; 0.000        ; 3.748      ; 6.000      ;
; 2.091  ; 74193:inst4|26~_emulated ; 74193:inst1|25~_emulated ; DNclk        ; UPclk       ; -0.500       ; 3.756      ; 5.545      ;
; 2.097  ; 74193:inst4|25~_emulated ; 74193:inst1|24~_emulated ; DNclk        ; UPclk       ; 0.000        ; 3.512      ; 5.807      ;
; 2.100  ; 74193:inst4|25~_emulated ; 74193:inst4|24~_emulated ; DNclk        ; UPclk       ; 0.000        ; 3.344      ; 5.642      ;
; 2.191  ; 74193:inst1|26~_emulated ; 74193:inst1|23~_emulated ; DNclk        ; UPclk       ; 0.000        ; 4.878      ; 7.267      ;
; 2.191  ; 74193:inst4|26~_emulated ; 74193:inst4|23~_emulated ; UPclk        ; UPclk       ; 0.000        ; 3.627      ; 5.986      ;
; 2.205  ; 74193:inst4|26~_emulated ; 74193:inst1|24~_emulated ; UPclk        ; UPclk       ; 0.000        ; 3.420      ; 5.793      ;
; 2.221  ; 74193:inst4|24~_emulated ; 74193:inst4|23~_emulated ; DNclk        ; UPclk       ; 0.000        ; 3.596      ; 6.015      ;
; 2.237  ; 74193:inst4|26~_emulated ; 74193:inst4|24~_emulated ; UPclk        ; UPclk       ; 0.000        ; 3.223      ; 5.628      ;
; 2.264  ; 74193:inst4|24~_emulated ; 74193:inst1|24~_emulated ; DNclk        ; UPclk       ; 0.000        ; 3.360      ; 5.822      ;
; 2.268  ; 74193:inst4|25~_emulated ; 74193:inst1|25~_emulated ; DNclk        ; UPclk       ; -0.500       ; 3.593      ; 5.559      ;
; 2.270  ; 74193:inst1|25~_emulated ; 74193:inst1|23~_emulated ; DNclk        ; UPclk       ; 0.000        ; 4.758      ; 7.226      ;
; 2.291  ; 74193:inst4|25~_emulated ; 74193:inst4|25~_emulated ; DNclk        ; UPclk       ; 0.000        ; 0.704      ; 3.193      ;
; 2.346  ; 74193:inst1|24~_emulated ; 74193:inst1|23~_emulated ; UPclk        ; UPclk       ; 0.000        ; 5.040      ; 7.554      ;
; 2.354  ; 74193:inst4|26~_emulated ; 74193:inst4|25~_emulated ; DNclk        ; UPclk       ; -0.500       ; 3.313      ; 5.365      ;
; 2.381  ; 74193:inst4|26~_emulated ; 74193:inst1|25~_emulated ; UPclk        ; UPclk       ; -0.500       ; 3.476      ; 5.545      ;
; 2.388  ; 74193:inst4|23~_emulated ; 74193:inst1|24~_emulated ; DNclk        ; UPclk       ; 0.000        ; 2.893      ; 5.479      ;
; 2.391  ; 74193:inst4|23~_emulated ; 74193:inst4|24~_emulated ; DNclk        ; UPclk       ; 0.000        ; 2.725      ; 5.314      ;
; 2.435  ; 74193:inst4|24~_emulated ; 74193:inst1|25~_emulated ; DNclk        ; UPclk       ; -0.500       ; 3.441      ; 5.574      ;
; 2.493  ; 74193:inst1|23~_emulated ; 74193:inst4|23~_emulated ; UPclk        ; UPclk       ; 0.000        ; 3.644      ; 6.305      ;
; 2.493  ; 74193:inst1|26~_emulated ; 74193:inst1|26~_emulated ; UPclk        ; UPclk       ; 0.000        ; 0.080      ; 2.741      ;
; 2.502  ; 74193:inst4|26~_emulated ; 74193:inst4|26~_emulated ; DNclk        ; UPclk       ; 0.000        ; 0.405      ; 3.105      ;
; 2.507  ; 74193:inst1|23~_emulated ; 74193:inst1|24~_emulated ; UPclk        ; UPclk       ; 0.000        ; 3.437      ; 6.112      ;
; 2.534  ; 74193:inst4|26~1         ; 74193:inst4|26~_emulated ; UPclk        ; UPclk       ; 0.000        ; -2.015     ; 0.687      ;
; 2.539  ; 74193:inst1|23~_emulated ; 74193:inst4|24~_emulated ; UPclk        ; UPclk       ; 0.000        ; 3.240      ; 5.947      ;
; 2.544  ; 74193:inst4|25~_emulated ; 74193:inst4|26~_emulated ; DNclk        ; UPclk       ; -0.500       ; 3.137      ; 5.379      ;
; 2.559  ; 74193:inst4|23~_emulated ; 74193:inst1|25~_emulated ; DNclk        ; UPclk       ; -0.500       ; 2.974      ; 5.231      ;
; 2.644  ; 74193:inst4|26~_emulated ; 74193:inst4|25~_emulated ; UPclk        ; UPclk       ; -0.500       ; 3.033      ; 5.365      ;
; 2.657  ; 74193:inst4|25~_emulated ; 74193:inst4|23~_emulated ; UPclk        ; UPclk       ; 0.000        ; 3.175      ; 6.000      ;
; 2.671  ; 74193:inst4|25~_emulated ; 74193:inst1|24~_emulated ; UPclk        ; UPclk       ; 0.000        ; 2.968      ; 5.807      ;
; 2.683  ; 74193:inst1|23~_emulated ; 74193:inst1|25~_emulated ; UPclk        ; UPclk       ; -0.500       ; 3.493      ; 5.864      ;
; 2.698  ; 74193:inst4|24~_emulated ; 74193:inst4|25~_emulated ; DNclk        ; UPclk       ; -0.500       ; 2.998      ; 5.394      ;
; 2.703  ; 74193:inst4|25~_emulated ; 74193:inst4|24~_emulated ; UPclk        ; UPclk       ; 0.000        ; 2.771      ; 5.642      ;
; 2.711  ; 74193:inst4|24~_emulated ; 74193:inst4|26~_emulated ; DNclk        ; UPclk       ; -0.500       ; 2.985      ; 5.394      ;
; 2.711  ; 74193:inst4|26~_emulated ; 74193:inst4|26~_emulated ; UPclk        ; UPclk       ; 0.000        ; 0.226      ; 3.105      ;
; 2.722  ; 74193:inst1|25~_emulated ; 74193:inst1|25~_emulated ; UPclk        ; UPclk       ; 0.000        ; 0.094      ; 2.984      ;
; 2.736  ; 74193:inst1|25~_emulated ; 74193:inst1|25~_emulated ; UPclk        ; UPclk       ; 0.000        ; 0.080      ; 2.984      ;
; 2.745  ; 74193:inst1|25~_emulated ; 74193:inst4|23~_emulated ; UPclk        ; UPclk       ; 0.000        ; 4.559      ; 7.472      ;
; 2.778  ; 74193:inst1|26~_emulated ; 74193:inst4|23~_emulated ; UPclk        ; UPclk       ; 0.000        ; 4.567      ; 7.513      ;
; 2.788  ; 74193:inst1|25~_emulated ; 74193:inst1|24~_emulated ; UPclk        ; UPclk       ; 0.000        ; 4.323      ; 7.279      ;
; 2.791  ; 74193:inst1|25~_emulated ; 74193:inst4|24~_emulated ; UPclk        ; UPclk       ; 0.000        ; 4.155      ; 7.114      ;
; 2.792  ; 74193:inst1|24~_emulated ; 74193:inst1|23~_emulated ; DNclk        ; UPclk       ; 0.000        ; 4.564      ; 7.554      ;
; 2.821  ; 74193:inst1|26~_emulated ; 74193:inst1|24~_emulated ; UPclk        ; UPclk       ; 0.000        ; 4.331      ; 7.320      ;
; 2.821  ; 74193:inst4|26~_emulated ; 74193:inst4|26~_emulated ; UPclk        ; UPclk       ; 0.000        ; 0.116      ; 3.105      ;
; 2.822  ; 74193:inst4|23~_emulated ; 74193:inst4|25~_emulated ; DNclk        ; UPclk       ; -0.500       ; 2.531      ; 5.051      ;
; 2.824  ; 74193:inst1|26~_emulated ; 74193:inst4|24~_emulated ; UPclk        ; UPclk       ; 0.000        ; 4.163      ; 7.155      ;
; 2.826  ; 74193:inst4|23~_emulated ; 74193:inst1|24~_emulated ; UPclk        ; UPclk       ; 0.000        ; 2.485      ; 5.479      ;
; 2.829  ; 74193:inst1|26~1         ; 74193:inst1|26~_emulated ; UPclk        ; UPclk       ; 0.000        ; -2.346     ; 0.651      ;
; 2.835  ; 74193:inst4|23~_emulated ; 74193:inst4|26~_emulated ; DNclk        ; UPclk       ; -0.500       ; 2.518      ; 5.051      ;
; 2.847  ; 74193:inst4|25~_emulated ; 74193:inst1|25~_emulated ; UPclk        ; UPclk       ; -0.500       ; 3.024      ; 5.559      ;
; 2.851  ; 74193:inst1|26~_emulated ; 74193:inst1|26~_emulated ; DNclk        ; UPclk       ; 0.000        ; -0.308     ; 2.741      ;
+--------+--------------------------+--------------------------+--------------+-------------+--------------+------------+------------+


+-----------------------------------------------------------------------------------------------------------------------------------+
; Slow 1200mV -40C Model Hold: 'DNclk'                                                                                              ;
+-------+--------------------------+--------------------------+--------------+-------------+--------------+------------+------------+
; Slack ; From Node                ; To Node                  ; Launch Clock ; Latch Clock ; Relationship ; Clock Skew ; Data Delay ;
+-------+--------------------------+--------------------------+--------------+-------------+--------------+------------+------------+
; 2.058 ; 74193:inst1|26~_emulated ; 74193:inst1|26~_emulated ; UPclk        ; DNclk       ; 0.000        ; 0.485      ; 2.741      ;
; 2.124 ; 74193:inst1|25~_emulated ; 74193:inst1|25~_emulated ; UPclk        ; DNclk       ; 0.000        ; 0.662      ; 2.984      ;
; 2.219 ; 74193:inst1|23~1         ; 74193:inst1|23~_emulated ; UPclk        ; DNclk       ; 0.000        ; -1.484     ; 0.933      ;
; 2.277 ; 74193:inst4|24~1         ; 74193:inst4|24~_emulated ; UPclk        ; DNclk       ; 0.000        ; -1.904     ; 0.571      ;
; 2.299 ; 74193:inst4|23~1         ; 74193:inst4|23~_emulated ; UPclk        ; DNclk       ; 0.000        ; -1.601     ; 0.896      ;
; 2.369 ; 74193:inst4|25~1         ; 74193:inst4|25~_emulated ; UPclk        ; DNclk       ; 0.000        ; -2.090     ; 0.477      ;
; 2.394 ; 74193:inst1|26~1         ; 74193:inst1|26~_emulated ; UPclk        ; DNclk       ; 0.000        ; -1.941     ; 0.651      ;
; 2.476 ; 74193:inst1|26~_emulated ; 74193:inst1|26~_emulated ; DNclk        ; DNclk       ; 0.000        ; 0.097      ; 2.741      ;
; 2.513 ; 74193:inst1|24~1         ; 74193:inst1|24~_emulated ; UPclk        ; DNclk       ; 0.000        ; -2.188     ; 0.523      ;
; 2.542 ; 74193:inst1|24~_emulated ; 74193:inst1|24~_emulated ; UPclk        ; DNclk       ; 0.000        ; 0.636      ; 3.376      ;
; 2.563 ; 74193:inst1|25~1         ; 74193:inst1|25~_emulated ; UPclk        ; DNclk       ; 0.000        ; -2.377     ; 0.384      ;
; 2.654 ; 74193:inst1|25~_emulated ; 74193:inst1|25~_emulated ; DNclk        ; DNclk       ; 0.000        ; 0.162      ; 2.984      ;
; 2.667 ; 74193:inst1|23~_emulated ; 74193:inst1|23~_emulated ; UPclk        ; DNclk       ; 0.000        ; 0.668      ; 3.533      ;
; 2.770 ; 74193:inst4|26~1         ; 74193:inst4|26~_emulated ; UPclk        ; DNclk       ; 0.000        ; -2.281     ; 0.687      ;
; 2.827 ; 74193:inst4|26~_emulated ; 74193:inst4|26~_emulated ; DNclk        ; DNclk       ; 0.000        ; 0.110      ; 3.105      ;
; 2.887 ; 74193:inst4|25~_emulated ; 74193:inst4|25~_emulated ; DNclk        ; DNclk       ; 0.000        ; 0.138      ; 3.193      ;
; 3.048 ; 74193:inst1|24~_emulated ; 74193:inst1|24~_emulated ; DNclk        ; DNclk       ; 0.000        ; 0.160      ; 3.376      ;
; 3.052 ; 74193:inst4|26~_emulated ; 74193:inst4|26~_emulated ; UPclk        ; DNclk       ; 0.000        ; -0.145     ; 3.105      ;
; 3.082 ; 74193:inst4|24~_emulated ; 74193:inst4|24~_emulated ; DNclk        ; DNclk       ; 0.000        ; 0.172      ; 3.422      ;
; 3.227 ; 74193:inst1|23~_emulated ; 74193:inst1|23~_emulated ; DNclk        ; DNclk       ; 0.000        ; 0.138      ; 3.533      ;
; 3.401 ; 74193:inst4|25~_emulated ; 74193:inst4|25~_emulated ; UPclk        ; DNclk       ; 0.000        ; -0.406     ; 3.193      ;
; 3.512 ; 74193:inst4|23~_emulated ; 74193:inst4|23~_emulated ; DNclk        ; DNclk       ; 0.000        ; 0.139      ; 3.819      ;
; 3.517 ; UPclk                    ; 74193:inst1|23~_emulated ; UPclk        ; DNclk       ; 0.000        ; 3.581      ; 7.296      ;
; 3.647 ; 74193:inst4|24~_emulated ; 74193:inst4|24~_emulated ; UPclk        ; DNclk       ; 0.000        ; -0.423     ; 3.422      ;
; 3.747 ; UPclk                    ; 74193:inst4|25~_emulated ; UPclk        ; DNclk       ; 0.000        ; 2.976      ; 6.921      ;
; 3.748 ; UPclk                    ; 74193:inst4|23~_emulated ; UPclk        ; DNclk       ; 0.000        ; 3.596      ; 7.542      ;
; 3.824 ; UPclk                    ; 74193:inst4|24~_emulated ; UPclk        ; DNclk       ; 0.000        ; 3.162      ; 7.184      ;
; 3.890 ; 74193:inst4|23~_emulated ; 74193:inst4|23~_emulated ; UPclk        ; DNclk       ; 0.000        ; -0.269     ; 3.819      ;
; 3.938 ; UPclk                    ; 74193:inst4|26~_emulated ; UPclk        ; DNclk       ; 0.000        ; 2.785      ; 6.921      ;
; 4.015 ; UPclk                    ; 74193:inst1|26~_emulated ; UPclk        ; DNclk       ; 0.000        ; 2.504      ; 6.717      ;
; 4.214 ; UPclk                    ; 74193:inst1|25~_emulated ; UPclk        ; DNclk       ; 0.000        ; 2.689      ; 7.101      ;
; 4.270 ; UPclk                    ; 74193:inst1|24~_emulated ; UPclk        ; DNclk       ; 0.000        ; 2.881      ; 7.349      ;
; 4.283 ; UPclk                    ; 74193:inst1|23~_emulated ; UPclk        ; DNclk       ; -0.500       ; 3.581      ; 7.562      ;
; 4.516 ; UPclk                    ; 74193:inst4|25~_emulated ; UPclk        ; DNclk       ; -0.500       ; 2.976      ; 7.190      ;
; 4.540 ; UPclk                    ; 74193:inst4|23~_emulated ; UPclk        ; DNclk       ; -0.500       ; 3.596      ; 7.834      ;
; 4.591 ; UPclk                    ; 74193:inst4|24~_emulated ; UPclk        ; DNclk       ; -0.500       ; 3.162      ; 7.451      ;
; 4.666 ; 74193:inst4|26~_emulated ; 74193:inst1|23~_emulated ; DNclk        ; DNclk       ; 0.000        ; 0.906      ; 5.740      ;
; 4.728 ; UPclk                    ; 74193:inst4|26~_emulated ; UPclk        ; DNclk       ; -0.500       ; 2.785      ; 7.211      ;
; 4.811 ; UPclk                    ; 74193:inst1|26~_emulated ; UPclk        ; DNclk       ; -0.500       ; 2.504      ; 7.013      ;
; 4.843 ; 74193:inst4|25~_emulated ; 74193:inst1|23~_emulated ; DNclk        ; DNclk       ; 0.000        ; 0.743      ; 5.754      ;
; 4.891 ; 74193:inst4|26~_emulated ; 74193:inst1|23~_emulated ; UPclk        ; DNclk       ; 0.000        ; 0.651      ; 5.740      ;
; 4.896 ; 74193:inst4|26~_emulated ; 74193:inst4|25~_emulated ; DNclk        ; DNclk       ; 0.000        ; 0.301      ; 5.365      ;
; 4.897 ; 74193:inst4|26~_emulated ; 74193:inst4|23~_emulated ; DNclk        ; DNclk       ; 0.000        ; 0.921      ; 5.986      ;
; 4.973 ; 74193:inst4|26~_emulated ; 74193:inst4|24~_emulated ; DNclk        ; DNclk       ; 0.000        ; 0.487      ; 5.628      ;
; 5.010 ; 74193:inst4|24~_emulated ; 74193:inst1|23~_emulated ; DNclk        ; DNclk       ; 0.000        ; 0.591      ; 5.769      ;
; 5.049 ; UPclk                    ; 74193:inst1|25~_emulated ; UPclk        ; DNclk       ; -0.500       ; 2.689      ; 7.436      ;
; 5.074 ; 74193:inst4|25~_emulated ; 74193:inst4|23~_emulated ; DNclk        ; DNclk       ; 0.000        ; 0.758      ; 6.000      ;
; 5.105 ; UPclk                    ; 74193:inst1|24~_emulated ; UPclk        ; DNclk       ; -0.500       ; 2.881      ; 7.684      ;
; 5.121 ; 74193:inst4|26~_emulated ; 74193:inst4|25~_emulated ; UPclk        ; DNclk       ; 0.000        ; 0.046      ; 5.365      ;
; 5.122 ; 74193:inst4|26~_emulated ; 74193:inst4|23~_emulated ; UPclk        ; DNclk       ; 0.000        ; 0.666      ; 5.986      ;
; 5.134 ; 74193:inst4|23~_emulated ; 74193:inst1|23~_emulated ; DNclk        ; DNclk       ; 0.000        ; 0.124      ; 5.426      ;
; 5.150 ; 74193:inst4|25~_emulated ; 74193:inst4|24~_emulated ; DNclk        ; DNclk       ; 0.000        ; 0.324      ; 5.642      ;
; 5.164 ; 74193:inst4|26~_emulated ; 74193:inst1|26~_emulated ; DNclk        ; DNclk       ; 0.000        ; -0.171     ; 5.161      ;
; 5.198 ; 74193:inst4|26~_emulated ; 74193:inst4|24~_emulated ; UPclk        ; DNclk       ; 0.000        ; 0.232      ; 5.628      ;
; 5.240 ; 74193:inst4|24~_emulated ; 74193:inst4|25~_emulated ; DNclk        ; DNclk       ; 0.000        ; -0.014     ; 5.394      ;
; 5.241 ; 74193:inst4|24~_emulated ; 74193:inst4|23~_emulated ; DNclk        ; DNclk       ; 0.000        ; 0.606      ; 6.015      ;
; 5.264 ; 74193:inst4|25~_emulated ; 74193:inst4|26~_emulated ; DNclk        ; DNclk       ; 0.000        ; -0.053     ; 5.379      ;
; 5.341 ; 74193:inst4|25~_emulated ; 74193:inst1|26~_emulated ; DNclk        ; DNclk       ; 0.000        ; -0.334     ; 5.175      ;
; 5.357 ; 74193:inst4|25~_emulated ; 74193:inst1|23~_emulated ; UPclk        ; DNclk       ; 0.000        ; 0.199      ; 5.754      ;
; 5.363 ; 74193:inst4|26~_emulated ; 74193:inst1|25~_emulated ; DNclk        ; DNclk       ; 0.000        ; 0.014      ; 5.545      ;
; 5.364 ; 74193:inst4|23~_emulated ; 74193:inst4|25~_emulated ; DNclk        ; DNclk       ; 0.000        ; -0.481     ; 5.051      ;
; 5.389 ; 74193:inst4|26~_emulated ; 74193:inst1|26~_emulated ; UPclk        ; DNclk       ; 0.000        ; -0.426     ; 5.161      ;
; 5.419 ; 74193:inst4|26~_emulated ; 74193:inst1|24~_emulated ; DNclk        ; DNclk       ; 0.000        ; 0.206      ; 5.793      ;
; 5.423 ; 74193:inst1|23~_emulated ; 74193:inst4|25~_emulated ; UPclk        ; DNclk       ; 0.000        ; 0.063      ; 5.684      ;
; 5.424 ; 74193:inst1|23~_emulated ; 74193:inst4|23~_emulated ; UPclk        ; DNclk       ; 0.000        ; 0.683      ; 6.305      ;
; 5.431 ; 74193:inst4|24~_emulated ; 74193:inst4|26~_emulated ; DNclk        ; DNclk       ; 0.000        ; -0.205     ; 5.394      ;
; 5.441 ; 74193:inst4|23~_emulated ; 74193:inst4|24~_emulated ; DNclk        ; DNclk       ; 0.000        ; -0.295     ; 5.314      ;
; 5.474 ; 74193:inst1|25~_emulated ; 74193:inst1|23~_emulated ; UPclk        ; DNclk       ; 0.000        ; 1.554      ; 7.226      ;
; 5.500 ; 74193:inst1|23~_emulated ; 74193:inst4|24~_emulated ; UPclk        ; DNclk       ; 0.000        ; 0.249      ; 5.947      ;
; 5.507 ; 74193:inst1|26~_emulated ; 74193:inst1|23~_emulated ; UPclk        ; DNclk       ; 0.000        ; 1.562      ; 7.267      ;
; 5.508 ; 74193:inst4|24~_emulated ; 74193:inst1|26~_emulated ; DNclk        ; DNclk       ; 0.000        ; -0.486     ; 5.190      ;
; 5.512 ; 74193:inst4|23~_emulated ; 74193:inst1|23~_emulated ; UPclk        ; DNclk       ; 0.000        ; -0.284     ; 5.426      ;
; 5.540 ; 74193:inst4|25~_emulated ; 74193:inst1|25~_emulated ; DNclk        ; DNclk       ; 0.000        ; -0.149     ; 5.559      ;
; 5.555 ; 74193:inst4|23~_emulated ; 74193:inst4|26~_emulated ; DNclk        ; DNclk       ; 0.000        ; -0.672     ; 5.051      ;
; 5.575 ; 74193:inst4|24~_emulated ; 74193:inst1|23~_emulated ; UPclk        ; DNclk       ; 0.000        ; -0.004     ; 5.769      ;
; 5.588 ; 74193:inst4|26~_emulated ; 74193:inst1|25~_emulated ; UPclk        ; DNclk       ; 0.000        ; -0.241     ; 5.545      ;
; 5.588 ; 74193:inst4|25~_emulated ; 74193:inst4|23~_emulated ; UPclk        ; DNclk       ; 0.000        ; 0.214      ; 6.000      ;
; 5.596 ; 74193:inst4|25~_emulated ; 74193:inst1|24~_emulated ; DNclk        ; DNclk       ; 0.000        ; 0.043      ; 5.807      ;
; 5.614 ; 74193:inst1|23~_emulated ; 74193:inst4|26~_emulated ; UPclk        ; DNclk       ; 0.000        ; -0.128     ; 5.684      ;
; 5.632 ; 74193:inst4|23~_emulated ; 74193:inst1|26~_emulated ; DNclk        ; DNclk       ; 0.000        ; -0.953     ; 4.847      ;
; 5.644 ; 74193:inst4|26~_emulated ; 74193:inst1|24~_emulated ; UPclk        ; DNclk       ; 0.000        ; -0.049     ; 5.793      ;
; 5.664 ; 74193:inst4|25~_emulated ; 74193:inst4|24~_emulated ; UPclk        ; DNclk       ; 0.000        ; -0.220     ; 5.642      ;
; 5.691 ; 74193:inst1|23~_emulated ; 74193:inst1|26~_emulated ; UPclk        ; DNclk       ; 0.000        ; -0.409     ; 5.480      ;
; 5.704 ; 74193:inst1|25~_emulated ; 74193:inst4|25~_emulated ; UPclk        ; DNclk       ; 0.000        ; 0.949      ; 6.851      ;
; 5.705 ; 74193:inst1|25~_emulated ; 74193:inst4|23~_emulated ; UPclk        ; DNclk       ; 0.000        ; 1.569      ; 7.472      ;
; 5.707 ; 74193:inst4|24~_emulated ; 74193:inst1|25~_emulated ; DNclk        ; DNclk       ; 0.000        ; -0.301     ; 5.574      ;
; 5.737 ; 74193:inst1|26~_emulated ; 74193:inst4|25~_emulated ; UPclk        ; DNclk       ; 0.000        ; 0.957      ; 6.892      ;
; 5.738 ; 74193:inst1|26~_emulated ; 74193:inst4|23~_emulated ; UPclk        ; DNclk       ; 0.000        ; 1.577      ; 7.513      ;
; 5.742 ; 74193:inst4|23~_emulated ; 74193:inst4|25~_emulated ; UPclk        ; DNclk       ; 0.000        ; -0.889     ; 5.051      ;
; 5.763 ; 74193:inst4|24~_emulated ; 74193:inst1|24~_emulated ; DNclk        ; DNclk       ; 0.000        ; -0.109     ; 5.822      ;
; 5.778 ; 74193:inst4|25~_emulated ; 74193:inst4|26~_emulated ; UPclk        ; DNclk       ; 0.000        ; -0.597     ; 5.379      ;
; 5.781 ; 74193:inst1|25~_emulated ; 74193:inst4|24~_emulated ; UPclk        ; DNclk       ; 0.000        ; 1.135      ; 7.114      ;
; 5.805 ; 74193:inst4|24~_emulated ; 74193:inst4|25~_emulated ; UPclk        ; DNclk       ; 0.000        ; -0.609     ; 5.394      ;
; 5.806 ; 74193:inst4|24~_emulated ; 74193:inst4|23~_emulated ; UPclk        ; DNclk       ; 0.000        ; 0.011      ; 6.015      ;
; 5.814 ; 74193:inst1|26~_emulated ; 74193:inst4|24~_emulated ; UPclk        ; DNclk       ; 0.000        ; 1.143      ; 7.155      ;
; 5.819 ; 74193:inst4|23~_emulated ; 74193:inst4|24~_emulated ; UPclk        ; DNclk       ; 0.000        ; -0.703     ; 5.314      ;
; 5.831 ; 74193:inst4|23~_emulated ; 74193:inst1|25~_emulated ; DNclk        ; DNclk       ; 0.000        ; -0.768     ; 5.231      ;
; 5.855 ; 74193:inst4|25~_emulated ; 74193:inst1|26~_emulated ; UPclk        ; DNclk       ; 0.000        ; -0.878     ; 5.175      ;
; 5.887 ; 74193:inst4|23~_emulated ; 74193:inst1|24~_emulated ; DNclk        ; DNclk       ; 0.000        ; -0.576     ; 5.479      ;
; 5.890 ; 74193:inst1|23~_emulated ; 74193:inst1|25~_emulated ; UPclk        ; DNclk       ; 0.000        ; -0.224     ; 5.864      ;
+-------+--------------------------+--------------------------+--------------+-------------+--------------+------------+------------+


+------------------------------------------------------------------------------------------------------------------------------------+
; Slow 1200mV -40C Model Recovery: 'UPclk'                                                                                           ;
+--------+--------------------------+--------------------------+--------------+-------------+--------------+------------+------------+
; Slack  ; From Node                ; To Node                  ; Launch Clock ; Latch Clock ; Relationship ; Clock Skew ; Data Delay ;
+--------+--------------------------+--------------------------+--------------+-------------+--------------+------------+------------+
; -9.660 ; 74193:inst1|25~_emulated ; 74193:inst1|26~_emulated ; UPclk        ; UPclk       ; 0.500        ; -4.412     ; 5.748      ;
; -9.652 ; 74193:inst1|25~_emulated ; 74193:inst1|25~_emulated ; UPclk        ; UPclk       ; 0.500        ; -4.404     ; 5.748      ;
; -9.442 ; 74193:inst1|24~_emulated ; 74193:inst1|26~_emulated ; UPclk        ; UPclk       ; 1.000        ; -4.331     ; 6.111      ;
; -9.435 ; 74193:inst1|25~_emulated ; 74193:inst1|24~_emulated ; UPclk        ; UPclk       ; 0.500        ; -4.186     ; 5.749      ;
; -9.434 ; 74193:inst1|24~_emulated ; 74193:inst1|25~_emulated ; UPclk        ; UPclk       ; 1.000        ; -4.323     ; 6.111      ;
; -9.217 ; 74193:inst1|24~_emulated ; 74193:inst1|24~_emulated ; UPclk        ; UPclk       ; 1.000        ; -4.105     ; 6.112      ;
; -8.740 ; 74193:inst1|25~_emulated ; 74193:inst1|23~_emulated ; UPclk        ; UPclk       ; 0.500        ; -3.493     ; 5.747      ;
; -8.738 ; 74193:inst1|23~_emulated ; 74193:inst1|26~_emulated ; UPclk        ; UPclk       ; 1.000        ; -5.266     ; 4.472      ;
; -8.730 ; 74193:inst1|23~_emulated ; 74193:inst1|25~_emulated ; UPclk        ; UPclk       ; 1.000        ; -5.258     ; 4.472      ;
; -8.723 ; 74193:inst1|25~_emulated ; 74193:inst4|26~_emulated ; UPclk        ; UPclk       ; 0.500        ; -3.476     ; 5.747      ;
; -8.547 ; 74193:inst1|24~_emulated ; 74193:inst1|23~_emulated ; UPclk        ; UPclk       ; 1.000        ; -3.437     ; 6.110      ;
; -8.530 ; 74193:inst1|24~_emulated ; 74193:inst4|26~_emulated ; UPclk        ; UPclk       ; 1.000        ; -3.420     ; 6.110      ;
; -8.513 ; 74193:inst1|23~_emulated ; 74193:inst1|24~_emulated ; UPclk        ; UPclk       ; 1.000        ; -5.040     ; 4.473      ;
; -8.418 ; 74193:inst1|26~1         ; 74193:inst1|26~_emulated ; UPclk        ; UPclk       ; 1.000        ; -2.618     ; 6.800      ;
; -8.410 ; 74193:inst1|26~1         ; 74193:inst1|25~_emulated ; UPclk        ; UPclk       ; 1.000        ; -2.610     ; 6.800      ;
; -8.271 ; 74193:inst1|25~_emulated ; 74193:inst4|25~_emulated ; UPclk        ; UPclk       ; 0.500        ; -3.024     ; 5.747      ;
; -8.217 ; 74193:inst1|25~1         ; 74193:inst1|26~_emulated ; UPclk        ; UPclk       ; 1.000        ; -3.265     ; 5.952      ;
; -8.209 ; 74193:inst1|25~1         ; 74193:inst1|25~_emulated ; UPclk        ; UPclk       ; 1.000        ; -3.257     ; 5.952      ;
; -8.193 ; 74193:inst1|26~1         ; 74193:inst1|24~_emulated ; UPclk        ; UPclk       ; 1.000        ; -2.392     ; 6.801      ;
; -8.108 ; 74193:inst1|24~1         ; 74193:inst1|26~_emulated ; UPclk        ; UPclk       ; 1.000        ; -3.268     ; 5.840      ;
; -8.100 ; 74193:inst1|24~1         ; 74193:inst1|25~_emulated ; UPclk        ; UPclk       ; 1.000        ; -3.260     ; 5.840      ;
; -8.078 ; 74193:inst1|24~_emulated ; 74193:inst4|25~_emulated ; UPclk        ; UPclk       ; 1.000        ; -2.968     ; 6.110      ;
; -8.068 ; 74193:inst1|25~_emulated ; 74193:inst4|24~_emulated ; UPclk        ; UPclk       ; 0.500        ; -2.821     ; 5.747      ;
; -7.992 ; 74193:inst1|25~1         ; 74193:inst1|24~_emulated ; UPclk        ; UPclk       ; 1.000        ; -3.039     ; 5.953      ;
; -7.883 ; 74193:inst1|24~1         ; 74193:inst1|24~_emulated ; UPclk        ; UPclk       ; 1.000        ; -3.042     ; 5.841      ;
; -7.875 ; 74193:inst1|24~_emulated ; 74193:inst4|24~_emulated ; UPclk        ; UPclk       ; 1.000        ; -2.765     ; 6.110      ;
; -7.814 ; 74193:inst1|23~_emulated ; 74193:inst1|23~_emulated ; UPclk        ; UPclk       ; 1.000        ; -4.343     ; 4.471      ;
; -7.797 ; 74193:inst1|23~_emulated ; 74193:inst4|26~_emulated ; UPclk        ; UPclk       ; 1.000        ; -4.326     ; 4.471      ;
; -7.789 ; 74193:inst1|25~_emulated ; 74193:inst4|23~_emulated ; UPclk        ; UPclk       ; 0.500        ; -2.541     ; 5.748      ;
; -7.596 ; 74193:inst1|24~_emulated ; 74193:inst4|23~_emulated ; UPclk        ; UPclk       ; 1.000        ; -2.485     ; 6.111      ;
; -7.494 ; 74193:inst1|26~1         ; 74193:inst1|23~_emulated ; UPclk        ; UPclk       ; 1.000        ; -1.695     ; 6.799      ;
; -7.477 ; 74193:inst1|26~1         ; 74193:inst4|26~_emulated ; UPclk        ; UPclk       ; 1.000        ; -1.678     ; 6.799      ;
; -7.464 ; 74193:inst4|25~_emulated ; 74193:inst1|26~_emulated ; UPclk        ; UPclk       ; 0.500        ; -3.969     ; 3.995      ;
; -7.456 ; 74193:inst4|25~_emulated ; 74193:inst1|25~_emulated ; UPclk        ; UPclk       ; 0.500        ; -3.961     ; 3.995      ;
; -7.454 ; 74193:inst4|26~_emulated ; 74193:inst1|26~_emulated ; UPclk        ; UPclk       ; 0.500        ; -3.956     ; 3.998      ;
; -7.446 ; 74193:inst4|26~_emulated ; 74193:inst1|25~_emulated ; UPclk        ; UPclk       ; 0.500        ; -3.948     ; 3.998      ;
; -7.345 ; 74193:inst1|23~_emulated ; 74193:inst4|25~_emulated ; UPclk        ; UPclk       ; 1.000        ; -3.874     ; 4.471      ;
; -7.293 ; 74193:inst1|25~1         ; 74193:inst1|23~_emulated ; UPclk        ; UPclk       ; 1.000        ; -2.342     ; 5.951      ;
; -7.276 ; 74193:inst1|25~1         ; 74193:inst4|26~_emulated ; UPclk        ; UPclk       ; 1.000        ; -2.325     ; 5.951      ;
; -7.245 ; 74193:inst4|24~_emulated ; 74193:inst1|26~_emulated ; UPclk        ; UPclk       ; 1.000        ; -4.163     ; 4.082      ;
; -7.239 ; 74193:inst4|25~_emulated ; 74193:inst1|24~_emulated ; UPclk        ; UPclk       ; 0.500        ; -3.743     ; 3.996      ;
; -7.237 ; 74193:inst4|24~_emulated ; 74193:inst1|25~_emulated ; UPclk        ; UPclk       ; 1.000        ; -4.155     ; 4.082      ;
; -7.229 ; 74193:inst4|26~_emulated ; 74193:inst1|24~_emulated ; UPclk        ; UPclk       ; 0.500        ; -3.730     ; 3.999      ;
; -7.211 ; 74193:inst4|23~_emulated ; 74193:inst1|26~_emulated ; UPclk        ; UPclk       ; 1.000        ; -4.567     ; 3.644      ;
; -7.203 ; 74193:inst4|23~_emulated ; 74193:inst1|25~_emulated ; UPclk        ; UPclk       ; 1.000        ; -4.559     ; 3.644      ;
; -7.184 ; 74193:inst1|24~1         ; 74193:inst1|23~_emulated ; UPclk        ; UPclk       ; 1.000        ; -2.345     ; 5.839      ;
; -7.167 ; 74193:inst1|24~1         ; 74193:inst4|26~_emulated ; UPclk        ; UPclk       ; 1.000        ; -2.328     ; 5.839      ;
; -7.142 ; 74193:inst1|23~_emulated ; 74193:inst4|24~_emulated ; UPclk        ; UPclk       ; 1.000        ; -3.671     ; 4.471      ;
; -7.025 ; 74193:inst1|26~1         ; 74193:inst4|25~_emulated ; UPclk        ; UPclk       ; 1.000        ; -1.226     ; 6.799      ;
; -7.020 ; 74193:inst4|24~_emulated ; 74193:inst1|24~_emulated ; UPclk        ; UPclk       ; 1.000        ; -3.937     ; 4.083      ;
; -6.986 ; 74193:inst4|23~_emulated ; 74193:inst1|24~_emulated ; UPclk        ; UPclk       ; 1.000        ; -4.341     ; 3.645      ;
; -6.863 ; 74193:inst1|23~_emulated ; 74193:inst4|23~_emulated ; UPclk        ; UPclk       ; 1.000        ; -3.391     ; 4.472      ;
; -6.824 ; 74193:inst1|25~1         ; 74193:inst4|25~_emulated ; UPclk        ; UPclk       ; 1.000        ; -1.873     ; 5.951      ;
; -6.822 ; 74193:inst1|26~1         ; 74193:inst4|24~_emulated ; UPclk        ; UPclk       ; 1.000        ; -1.023     ; 6.799      ;
; -6.729 ; 74193:inst1|23~1         ; 74193:inst1|26~_emulated ; UPclk        ; UPclk       ; 1.000        ; -3.263     ; 4.466      ;
; -6.721 ; 74193:inst1|23~1         ; 74193:inst1|25~_emulated ; UPclk        ; UPclk       ; 1.000        ; -3.255     ; 4.466      ;
; -6.715 ; 74193:inst1|24~1         ; 74193:inst4|25~_emulated ; UPclk        ; UPclk       ; 1.000        ; -1.876     ; 5.839      ;
; -6.621 ; 74193:inst1|25~1         ; 74193:inst4|24~_emulated ; UPclk        ; UPclk       ; 1.000        ; -1.670     ; 5.951      ;
; -6.609 ; 74193:inst4|25~1         ; 74193:inst1|26~_emulated ; UPclk        ; UPclk       ; 1.000        ; -3.264     ; 4.345      ;
; -6.601 ; 74193:inst4|25~1         ; 74193:inst1|25~_emulated ; UPclk        ; UPclk       ; 1.000        ; -3.256     ; 4.345      ;
; -6.544 ; 74193:inst4|25~_emulated ; 74193:inst1|23~_emulated ; UPclk        ; UPclk       ; 0.500        ; -3.050     ; 3.994      ;
; -6.543 ; 74193:inst1|26~1         ; 74193:inst4|23~_emulated ; UPclk        ; UPclk       ; 1.000        ; -0.743     ; 6.800      ;
; -6.534 ; 74193:inst4|26~_emulated ; 74193:inst1|23~_emulated ; UPclk        ; UPclk       ; 0.500        ; -3.037     ; 3.997      ;
; -6.527 ; 74193:inst4|25~_emulated ; 74193:inst4|26~_emulated ; UPclk        ; UPclk       ; 0.500        ; -3.033     ; 3.994      ;
; -6.517 ; 74193:inst4|26~_emulated ; 74193:inst4|26~_emulated ; UPclk        ; UPclk       ; 0.500        ; -3.020     ; 3.997      ;
; -6.512 ; 74193:inst1|24~1         ; 74193:inst4|24~_emulated ; UPclk        ; UPclk       ; 1.000        ; -1.673     ; 5.839      ;
; -6.504 ; 74193:inst1|23~1         ; 74193:inst1|24~_emulated ; UPclk        ; UPclk       ; 1.000        ; -3.037     ; 4.467      ;
; -6.384 ; 74193:inst4|25~1         ; 74193:inst1|24~_emulated ; UPclk        ; UPclk       ; 1.000        ; -3.038     ; 4.346      ;
; -6.342 ; 74193:inst1|25~1         ; 74193:inst4|23~_emulated ; UPclk        ; UPclk       ; 1.000        ; -1.390     ; 5.952      ;
; -6.328 ; 74193:inst4|24~1         ; 74193:inst1|26~_emulated ; UPclk        ; UPclk       ; 1.000        ; -3.265     ; 4.063      ;
; -6.321 ; 74193:inst4|24~_emulated ; 74193:inst1|23~_emulated ; UPclk        ; UPclk       ; 1.000        ; -3.240     ; 4.081      ;
; -6.320 ; 74193:inst4|24~1         ; 74193:inst1|25~_emulated ; UPclk        ; UPclk       ; 1.000        ; -3.257     ; 4.063      ;
; -6.304 ; 74193:inst4|24~_emulated ; 74193:inst4|26~_emulated ; UPclk        ; UPclk       ; 1.000        ; -3.223     ; 4.081      ;
; -6.287 ; 74193:inst4|23~_emulated ; 74193:inst1|23~_emulated ; UPclk        ; UPclk       ; 1.000        ; -3.644     ; 3.643      ;
; -6.270 ; 74193:inst4|23~_emulated ; 74193:inst4|26~_emulated ; UPclk        ; UPclk       ; 1.000        ; -3.627     ; 3.643      ;
; -6.268 ; 74193:inst4|26~1         ; 74193:inst1|26~_emulated ; UPclk        ; UPclk       ; 1.000        ; -3.264     ; 4.004      ;
; -6.260 ; 74193:inst4|26~1         ; 74193:inst1|25~_emulated ; UPclk        ; UPclk       ; 1.000        ; -3.256     ; 4.004      ;
; -6.255 ; 74193:inst1|24~_emulated ; 74193:inst4|25~_emulated ; UPclk        ; UPclk       ; 0.500        ; -0.645     ; 6.110      ;
; -6.236 ; 74193:inst1|24~_emulated ; 74193:inst4|26~_emulated ; UPclk        ; UPclk       ; 0.500        ; -0.626     ; 6.110      ;
; -6.233 ; 74193:inst1|24~1         ; 74193:inst4|23~_emulated ; UPclk        ; UPclk       ; 1.000        ; -1.393     ; 5.840      ;
; -6.103 ; 74193:inst4|24~1         ; 74193:inst1|24~_emulated ; UPclk        ; UPclk       ; 1.000        ; -3.039     ; 4.064      ;
; -6.075 ; 74193:inst4|25~_emulated ; 74193:inst4|25~_emulated ; UPclk        ; UPclk       ; 0.500        ; -2.581     ; 3.994      ;
; -6.065 ; 74193:inst4|26~_emulated ; 74193:inst4|25~_emulated ; UPclk        ; UPclk       ; 0.500        ; -2.568     ; 3.997      ;
; -6.043 ; 74193:inst4|26~1         ; 74193:inst1|24~_emulated ; UPclk        ; UPclk       ; 1.000        ; -3.038     ; 4.005      ;
; -5.983 ; 74193:inst1|24~_emulated ; 74193:inst1|26~_emulated ; DNclk        ; UPclk       ; 1.000        ; -0.862     ; 6.111      ;
; -5.975 ; 74193:inst1|24~_emulated ; 74193:inst1|25~_emulated ; DNclk        ; UPclk       ; 1.000        ; -0.854     ; 6.111      ;
; -5.872 ; 74193:inst4|25~_emulated ; 74193:inst4|24~_emulated ; UPclk        ; UPclk       ; 0.500        ; -2.378     ; 3.994      ;
; -5.862 ; 74193:inst4|26~_emulated ; 74193:inst4|24~_emulated ; UPclk        ; UPclk       ; 0.500        ; -2.365     ; 3.997      ;
; -5.852 ; 74193:inst4|24~_emulated ; 74193:inst4|25~_emulated ; UPclk        ; UPclk       ; 1.000        ; -2.771     ; 4.081      ;
; -5.819 ; 74193:inst1|24~_emulated ; 74193:inst1|25~_emulated ; UPclk        ; UPclk       ; 0.500        ; -0.208     ; 6.111      ;
; -5.818 ; 74193:inst4|23~_emulated ; 74193:inst4|25~_emulated ; UPclk        ; UPclk       ; 1.000        ; -3.175     ; 3.643      ;
; -5.805 ; 74193:inst1|23~1         ; 74193:inst1|23~_emulated ; UPclk        ; UPclk       ; 1.000        ; -2.340     ; 4.465      ;
; -5.788 ; 74193:inst1|23~1         ; 74193:inst4|26~_emulated ; UPclk        ; UPclk       ; 1.000        ; -2.323     ; 4.465      ;
; -5.758 ; 74193:inst1|24~_emulated ; 74193:inst1|24~_emulated ; DNclk        ; UPclk       ; 1.000        ; -0.636     ; 6.112      ;
; -5.685 ; 74193:inst4|25~1         ; 74193:inst1|23~_emulated ; UPclk        ; UPclk       ; 1.000        ; -2.341     ; 4.344      ;
; -5.676 ; 74193:inst4|23~1         ; 74193:inst1|26~_emulated ; UPclk        ; UPclk       ; 1.000        ; -3.399     ; 3.277      ;
; -5.668 ; 74193:inst4|23~1         ; 74193:inst1|25~_emulated ; UPclk        ; UPclk       ; 1.000        ; -3.391     ; 3.277      ;
; -5.668 ; 74193:inst4|25~1         ; 74193:inst4|26~_emulated ; UPclk        ; UPclk       ; 1.000        ; -2.324     ; 4.344      ;
; -5.649 ; 74193:inst4|24~_emulated ; 74193:inst4|24~_emulated ; UPclk        ; UPclk       ; 1.000        ; -2.568     ; 4.081      ;
; -5.615 ; 74193:inst4|23~_emulated ; 74193:inst4|24~_emulated ; UPclk        ; UPclk       ; 1.000        ; -2.972     ; 3.643      ;
+--------+--------------------------+--------------------------+--------------+-------------+--------------+------------+------------+


+------------------------------------------------------------------------------------------------------------------------------------+
; Slow 1200mV -40C Model Recovery: 'DNclk'                                                                                           ;
+--------+--------------------------+--------------------------+--------------+-------------+--------------+------------+------------+
; Slack  ; From Node                ; To Node                  ; Launch Clock ; Latch Clock ; Relationship ; Clock Skew ; Data Delay ;
+--------+--------------------------+--------------------------+--------------+-------------+--------------+------------+------------+
; -9.282 ; 74193:inst1|25~_emulated ; 74193:inst1|26~_emulated ; UPclk        ; DNclk       ; 0.500        ; -4.024     ; 5.748      ;
; -9.162 ; 74193:inst1|25~_emulated ; 74193:inst1|25~_emulated ; UPclk        ; DNclk       ; 0.500        ; -3.904     ; 5.748      ;
; -9.064 ; 74193:inst1|24~_emulated ; 74193:inst1|26~_emulated ; UPclk        ; DNclk       ; 1.000        ; -3.943     ; 6.111      ;
; -9.013 ; 74193:inst1|25~_emulated ; 74193:inst4|26~_emulated ; UPclk        ; DNclk       ; 0.500        ; -3.756     ; 5.747      ;
; -8.969 ; 74193:inst1|25~_emulated ; 74193:inst1|24~_emulated ; UPclk        ; DNclk       ; 0.500        ; -3.710     ; 5.749      ;
; -8.944 ; 74193:inst1|24~_emulated ; 74193:inst1|25~_emulated ; UPclk        ; DNclk       ; 1.000        ; -3.823     ; 6.111      ;
; -8.850 ; 74193:inst1|25~_emulated ; 74193:inst4|25~_emulated ; UPclk        ; DNclk       ; 0.500        ; -3.593     ; 5.747      ;
; -8.795 ; 74193:inst1|24~_emulated ; 74193:inst4|26~_emulated ; UPclk        ; DNclk       ; 1.000        ; -3.675     ; 6.110      ;
; -8.751 ; 74193:inst1|24~_emulated ; 74193:inst1|24~_emulated ; UPclk        ; DNclk       ; 1.000        ; -3.629     ; 6.112      ;
; -8.698 ; 74193:inst1|25~_emulated ; 74193:inst4|24~_emulated ; UPclk        ; DNclk       ; 0.500        ; -3.441     ; 5.747      ;
; -8.632 ; 74193:inst1|24~_emulated ; 74193:inst4|25~_emulated ; UPclk        ; DNclk       ; 1.000        ; -3.512     ; 6.110      ;
; -8.480 ; 74193:inst1|24~_emulated ; 74193:inst4|24~_emulated ; UPclk        ; DNclk       ; 1.000        ; -3.360     ; 6.110      ;
; -8.360 ; 74193:inst1|23~_emulated ; 74193:inst1|26~_emulated ; UPclk        ; DNclk       ; 1.000        ; -4.878     ; 4.472      ;
; -8.245 ; 74193:inst1|25~_emulated ; 74193:inst1|23~_emulated ; UPclk        ; DNclk       ; 0.500        ; -2.988     ; 5.747      ;
; -8.240 ; 74193:inst1|23~_emulated ; 74193:inst1|25~_emulated ; UPclk        ; DNclk       ; 1.000        ; -4.758     ; 4.472      ;
; -8.232 ; 74193:inst1|25~_emulated ; 74193:inst4|23~_emulated ; UPclk        ; DNclk       ; 0.500        ; -2.974     ; 5.748      ;
; -8.091 ; 74193:inst1|23~_emulated ; 74193:inst4|26~_emulated ; UPclk        ; DNclk       ; 1.000        ; -4.610     ; 4.471      ;
; -8.047 ; 74193:inst1|23~_emulated ; 74193:inst1|24~_emulated ; UPclk        ; DNclk       ; 1.000        ; -4.564     ; 4.473      ;
; -8.040 ; 74193:inst1|26~1         ; 74193:inst1|26~_emulated ; UPclk        ; DNclk       ; 1.000        ; -2.230     ; 6.800      ;
; -8.027 ; 74193:inst1|24~_emulated ; 74193:inst1|23~_emulated ; UPclk        ; DNclk       ; 1.000        ; -2.907     ; 6.110      ;
; -8.014 ; 74193:inst1|24~_emulated ; 74193:inst4|23~_emulated ; UPclk        ; DNclk       ; 1.000        ; -2.893     ; 6.111      ;
; -7.928 ; 74193:inst1|23~_emulated ; 74193:inst4|25~_emulated ; UPclk        ; DNclk       ; 1.000        ; -4.447     ; 4.471      ;
; -7.920 ; 74193:inst1|26~1         ; 74193:inst1|25~_emulated ; UPclk        ; DNclk       ; 1.000        ; -2.110     ; 6.800      ;
; -7.839 ; 74193:inst1|25~1         ; 74193:inst1|26~_emulated ; UPclk        ; DNclk       ; 1.000        ; -2.877     ; 5.952      ;
; -7.776 ; 74193:inst1|23~_emulated ; 74193:inst4|24~_emulated ; UPclk        ; DNclk       ; 1.000        ; -4.295     ; 4.471      ;
; -7.771 ; 74193:inst1|26~1         ; 74193:inst4|26~_emulated ; UPclk        ; DNclk       ; 1.000        ; -1.962     ; 6.799      ;
; -7.730 ; 74193:inst1|24~1         ; 74193:inst1|26~_emulated ; UPclk        ; DNclk       ; 1.000        ; -2.880     ; 5.840      ;
; -7.727 ; 74193:inst1|26~1         ; 74193:inst1|24~_emulated ; UPclk        ; DNclk       ; 1.000        ; -1.916     ; 6.801      ;
; -7.719 ; 74193:inst1|25~1         ; 74193:inst1|25~_emulated ; UPclk        ; DNclk       ; 1.000        ; -2.757     ; 5.952      ;
; -7.610 ; 74193:inst1|24~1         ; 74193:inst1|25~_emulated ; UPclk        ; DNclk       ; 1.000        ; -2.760     ; 5.840      ;
; -7.608 ; 74193:inst1|26~1         ; 74193:inst4|25~_emulated ; UPclk        ; DNclk       ; 1.000        ; -1.799     ; 6.799      ;
; -7.570 ; 74193:inst1|25~1         ; 74193:inst4|26~_emulated ; UPclk        ; DNclk       ; 1.000        ; -2.609     ; 5.951      ;
; -7.526 ; 74193:inst1|25~1         ; 74193:inst1|24~_emulated ; UPclk        ; DNclk       ; 1.000        ; -2.563     ; 5.953      ;
; -7.461 ; 74193:inst1|24~1         ; 74193:inst4|26~_emulated ; UPclk        ; DNclk       ; 1.000        ; -2.612     ; 5.839      ;
; -7.456 ; 74193:inst1|26~1         ; 74193:inst4|24~_emulated ; UPclk        ; DNclk       ; 1.000        ; -1.647     ; 6.799      ;
; -7.417 ; 74193:inst1|24~1         ; 74193:inst1|24~_emulated ; UPclk        ; DNclk       ; 1.000        ; -2.566     ; 5.841      ;
; -7.407 ; 74193:inst1|25~1         ; 74193:inst4|25~_emulated ; UPclk        ; DNclk       ; 1.000        ; -2.446     ; 5.951      ;
; -7.323 ; 74193:inst1|23~_emulated ; 74193:inst1|23~_emulated ; UPclk        ; DNclk       ; 1.000        ; -3.842     ; 4.471      ;
; -7.310 ; 74193:inst1|23~_emulated ; 74193:inst4|23~_emulated ; UPclk        ; DNclk       ; 1.000        ; -3.828     ; 4.472      ;
; -7.298 ; 74193:inst1|24~1         ; 74193:inst4|25~_emulated ; UPclk        ; DNclk       ; 1.000        ; -2.449     ; 5.839      ;
; -7.255 ; 74193:inst1|25~1         ; 74193:inst4|24~_emulated ; UPclk        ; DNclk       ; 1.000        ; -2.294     ; 5.951      ;
; -7.146 ; 74193:inst1|24~1         ; 74193:inst4|24~_emulated ; UPclk        ; DNclk       ; 1.000        ; -2.297     ; 5.839      ;
; -7.086 ; 74193:inst4|25~_emulated ; 74193:inst1|26~_emulated ; UPclk        ; DNclk       ; 0.500        ; -3.581     ; 3.995      ;
; -7.076 ; 74193:inst4|26~_emulated ; 74193:inst1|26~_emulated ; UPclk        ; DNclk       ; 0.500        ; -3.568     ; 3.998      ;
; -7.003 ; 74193:inst1|26~1         ; 74193:inst1|23~_emulated ; UPclk        ; DNclk       ; 1.000        ; -1.194     ; 6.799      ;
; -6.990 ; 74193:inst1|26~1         ; 74193:inst4|23~_emulated ; UPclk        ; DNclk       ; 1.000        ; -1.180     ; 6.800      ;
; -6.966 ; 74193:inst4|25~_emulated ; 74193:inst1|25~_emulated ; UPclk        ; DNclk       ; 0.500        ; -3.461     ; 3.995      ;
; -6.956 ; 74193:inst4|26~_emulated ; 74193:inst1|25~_emulated ; UPclk        ; DNclk       ; 0.500        ; -3.448     ; 3.998      ;
; -6.867 ; 74193:inst4|24~_emulated ; 74193:inst1|26~_emulated ; UPclk        ; DNclk       ; 1.000        ; -3.775     ; 4.082      ;
; -6.833 ; 74193:inst4|23~_emulated ; 74193:inst1|26~_emulated ; UPclk        ; DNclk       ; 1.000        ; -4.179     ; 3.644      ;
; -6.817 ; 74193:inst4|25~_emulated ; 74193:inst4|26~_emulated ; UPclk        ; DNclk       ; 0.500        ; -3.313     ; 3.994      ;
; -6.807 ; 74193:inst4|26~_emulated ; 74193:inst4|26~_emulated ; UPclk        ; DNclk       ; 0.500        ; -3.300     ; 3.997      ;
; -6.802 ; 74193:inst1|25~1         ; 74193:inst1|23~_emulated ; UPclk        ; DNclk       ; 1.000        ; -1.841     ; 5.951      ;
; -6.789 ; 74193:inst1|25~1         ; 74193:inst4|23~_emulated ; UPclk        ; DNclk       ; 1.000        ; -1.827     ; 5.952      ;
; -6.773 ; 74193:inst4|25~_emulated ; 74193:inst1|24~_emulated ; UPclk        ; DNclk       ; 0.500        ; -3.267     ; 3.996      ;
; -6.763 ; 74193:inst4|26~_emulated ; 74193:inst1|24~_emulated ; UPclk        ; DNclk       ; 0.500        ; -3.254     ; 3.999      ;
; -6.747 ; 74193:inst4|24~_emulated ; 74193:inst1|25~_emulated ; UPclk        ; DNclk       ; 1.000        ; -3.655     ; 4.082      ;
; -6.713 ; 74193:inst4|23~_emulated ; 74193:inst1|25~_emulated ; UPclk        ; DNclk       ; 1.000        ; -4.059     ; 3.644      ;
; -6.693 ; 74193:inst1|24~1         ; 74193:inst1|23~_emulated ; UPclk        ; DNclk       ; 1.000        ; -1.844     ; 5.839      ;
; -6.680 ; 74193:inst1|24~1         ; 74193:inst4|23~_emulated ; UPclk        ; DNclk       ; 1.000        ; -1.830     ; 5.840      ;
; -6.654 ; 74193:inst4|25~_emulated ; 74193:inst4|25~_emulated ; UPclk        ; DNclk       ; 0.500        ; -3.150     ; 3.994      ;
; -6.644 ; 74193:inst4|26~_emulated ; 74193:inst4|25~_emulated ; UPclk        ; DNclk       ; 0.500        ; -3.137     ; 3.997      ;
; -6.598 ; 74193:inst4|24~_emulated ; 74193:inst4|26~_emulated ; UPclk        ; DNclk       ; 1.000        ; -3.507     ; 4.081      ;
; -6.564 ; 74193:inst4|23~_emulated ; 74193:inst4|26~_emulated ; UPclk        ; DNclk       ; 1.000        ; -3.911     ; 3.643      ;
; -6.554 ; 74193:inst4|24~_emulated ; 74193:inst1|24~_emulated ; UPclk        ; DNclk       ; 1.000        ; -3.461     ; 4.083      ;
; -6.520 ; 74193:inst4|23~_emulated ; 74193:inst1|24~_emulated ; UPclk        ; DNclk       ; 1.000        ; -3.865     ; 3.645      ;
; -6.502 ; 74193:inst4|25~_emulated ; 74193:inst4|24~_emulated ; UPclk        ; DNclk       ; 0.500        ; -2.998     ; 3.994      ;
; -6.492 ; 74193:inst4|26~_emulated ; 74193:inst4|24~_emulated ; UPclk        ; DNclk       ; 0.500        ; -2.985     ; 3.997      ;
; -6.435 ; 74193:inst4|24~_emulated ; 74193:inst4|25~_emulated ; UPclk        ; DNclk       ; 1.000        ; -3.344     ; 4.081      ;
; -6.401 ; 74193:inst4|23~_emulated ; 74193:inst4|25~_emulated ; UPclk        ; DNclk       ; 1.000        ; -3.748     ; 3.643      ;
; -6.351 ; 74193:inst1|23~1         ; 74193:inst1|26~_emulated ; UPclk        ; DNclk       ; 1.000        ; -2.875     ; 4.466      ;
; -6.283 ; 74193:inst4|24~_emulated ; 74193:inst4|24~_emulated ; UPclk        ; DNclk       ; 1.000        ; -3.192     ; 4.081      ;
; -6.249 ; 74193:inst4|23~_emulated ; 74193:inst4|24~_emulated ; UPclk        ; DNclk       ; 1.000        ; -3.596     ; 3.643      ;
; -6.231 ; 74193:inst4|25~1         ; 74193:inst1|26~_emulated ; UPclk        ; DNclk       ; 1.000        ; -2.876     ; 4.345      ;
; -6.231 ; 74193:inst1|23~1         ; 74193:inst1|25~_emulated ; UPclk        ; DNclk       ; 1.000        ; -2.755     ; 4.466      ;
; -6.111 ; 74193:inst4|25~1         ; 74193:inst1|25~_emulated ; UPclk        ; DNclk       ; 1.000        ; -2.756     ; 4.345      ;
; -6.082 ; 74193:inst1|23~1         ; 74193:inst4|26~_emulated ; UPclk        ; DNclk       ; 1.000        ; -2.607     ; 4.465      ;
; -6.049 ; 74193:inst4|25~_emulated ; 74193:inst1|23~_emulated ; UPclk        ; DNclk       ; 0.500        ; -2.545     ; 3.994      ;
; -6.039 ; 74193:inst4|26~_emulated ; 74193:inst1|23~_emulated ; UPclk        ; DNclk       ; 0.500        ; -2.532     ; 3.997      ;
; -6.038 ; 74193:inst1|23~1         ; 74193:inst1|24~_emulated ; UPclk        ; DNclk       ; 1.000        ; -2.561     ; 4.467      ;
; -6.036 ; 74193:inst4|25~_emulated ; 74193:inst4|23~_emulated ; UPclk        ; DNclk       ; 0.500        ; -2.531     ; 3.995      ;
; -6.026 ; 74193:inst4|26~_emulated ; 74193:inst4|23~_emulated ; UPclk        ; DNclk       ; 0.500        ; -2.518     ; 3.998      ;
; -5.962 ; 74193:inst4|25~1         ; 74193:inst4|26~_emulated ; UPclk        ; DNclk       ; 1.000        ; -2.608     ; 4.344      ;
; -5.950 ; 74193:inst4|24~1         ; 74193:inst1|26~_emulated ; UPclk        ; DNclk       ; 1.000        ; -2.877     ; 4.063      ;
; -5.919 ; 74193:inst1|23~1         ; 74193:inst4|25~_emulated ; UPclk        ; DNclk       ; 1.000        ; -2.444     ; 4.465      ;
; -5.918 ; 74193:inst4|25~1         ; 74193:inst1|24~_emulated ; UPclk        ; DNclk       ; 1.000        ; -2.562     ; 4.346      ;
; -5.890 ; 74193:inst4|26~1         ; 74193:inst1|26~_emulated ; UPclk        ; DNclk       ; 1.000        ; -2.876     ; 4.004      ;
; -5.830 ; 74193:inst4|24~1         ; 74193:inst1|25~_emulated ; UPclk        ; DNclk       ; 1.000        ; -2.757     ; 4.063      ;
; -5.830 ; 74193:inst4|24~_emulated ; 74193:inst1|23~_emulated ; UPclk        ; DNclk       ; 1.000        ; -2.739     ; 4.081      ;
; -5.817 ; 74193:inst4|24~_emulated ; 74193:inst4|23~_emulated ; UPclk        ; DNclk       ; 1.000        ; -2.725     ; 4.082      ;
; -5.799 ; 74193:inst4|25~1         ; 74193:inst4|25~_emulated ; UPclk        ; DNclk       ; 1.000        ; -2.445     ; 4.344      ;
; -5.796 ; 74193:inst4|23~_emulated ; 74193:inst1|23~_emulated ; UPclk        ; DNclk       ; 1.000        ; -3.143     ; 3.643      ;
; -5.783 ; 74193:inst4|23~_emulated ; 74193:inst4|23~_emulated ; UPclk        ; DNclk       ; 1.000        ; -3.129     ; 3.644      ;
; -5.770 ; 74193:inst4|26~1         ; 74193:inst1|25~_emulated ; UPclk        ; DNclk       ; 1.000        ; -2.756     ; 4.004      ;
; -5.767 ; 74193:inst1|23~1         ; 74193:inst4|24~_emulated ; UPclk        ; DNclk       ; 1.000        ; -2.292     ; 4.465      ;
; -5.681 ; 74193:inst4|24~1         ; 74193:inst4|26~_emulated ; UPclk        ; DNclk       ; 1.000        ; -2.609     ; 4.062      ;
; -5.647 ; 74193:inst4|25~1         ; 74193:inst4|24~_emulated ; UPclk        ; DNclk       ; 1.000        ; -2.293     ; 4.344      ;
; -5.637 ; 74193:inst4|24~1         ; 74193:inst1|24~_emulated ; UPclk        ; DNclk       ; 1.000        ; -2.563     ; 4.064      ;
; -5.621 ; 74193:inst4|26~1         ; 74193:inst4|26~_emulated ; UPclk        ; DNclk       ; 1.000        ; -2.608     ; 4.003      ;
; -5.577 ; 74193:inst4|26~1         ; 74193:inst1|24~_emulated ; UPclk        ; DNclk       ; 1.000        ; -2.562     ; 4.005      ;
+--------+--------------------------+--------------------------+--------------+-------------+--------------+------------+------------+


+------------------------------------------------------------------------------------------------------------------------------------+
; Slow 1200mV -40C Model Removal: 'UPclk'                                                                                            ;
+--------+--------------------------+--------------------------+--------------+-------------+--------------+------------+------------+
; Slack  ; From Node                ; To Node                  ; Launch Clock ; Latch Clock ; Relationship ; Clock Skew ; Data Delay ;
+--------+--------------------------+--------------------------+--------------+-------------+--------------+------------+------------+
; -2.157 ; UPclk                    ; 74193:inst1|23~_emulated ; UPclk        ; UPclk       ; 0.000        ; 7.285      ; 5.296      ;
; -1.459 ; UPclk                    ; 74193:inst1|23~_emulated ; UPclk        ; UPclk       ; -0.500       ; 7.285      ; 5.514      ;
; -1.457 ; UPclk                    ; 74193:inst4|23~_emulated ; UPclk        ; UPclk       ; 0.000        ; 6.586      ; 5.297      ;
; -1.220 ; UPclk                    ; 74193:inst1|24~_emulated ; UPclk        ; UPclk       ; 0.000        ; 6.350      ; 5.298      ;
; -1.084 ; UPclk                    ; 74193:inst1|25~_emulated ; UPclk        ; UPclk       ; 0.000        ; 6.431      ; 5.515      ;
; -1.068 ; 74193:inst4|26~_emulated ; 74193:inst1|23~_emulated ; DNclk        ; UPclk       ; 0.000        ; 4.610      ; 3.740      ;
; -1.054 ; UPclk                    ; 74193:inst4|24~_emulated ; UPclk        ; UPclk       ; 0.000        ; 6.182      ; 5.296      ;
; -0.891 ; 74193:inst4|25~_emulated ; 74193:inst1|23~_emulated ; DNclk        ; UPclk       ; 0.000        ; 4.447      ; 3.754      ;
; -0.821 ; UPclk                    ; 74193:inst1|25~_emulated ; UPclk        ; UPclk       ; -0.500       ; 6.431      ; 5.298      ;
; -0.759 ; UPclk                    ; 74193:inst4|23~_emulated ; UPclk        ; UPclk       ; -0.500       ; 6.586      ; 5.515      ;
; -0.754 ; 74193:inst4|26~_emulated ; 74193:inst1|23~_emulated ; UPclk        ; UPclk       ; 0.000        ; 4.326      ; 3.740      ;
; -0.724 ; 74193:inst4|24~_emulated ; 74193:inst1|23~_emulated ; DNclk        ; UPclk       ; 0.000        ; 4.295      ; 3.769      ;
; -0.642 ; UPclk                    ; 74193:inst4|25~_emulated ; UPclk        ; UPclk       ; 0.000        ; 5.988      ; 5.514      ;
; -0.629 ; UPclk                    ; 74193:inst4|26~_emulated ; UPclk        ; UPclk       ; 0.000        ; 5.975      ; 5.514      ;
; -0.600 ; 74193:inst4|23~_emulated ; 74193:inst1|23~_emulated ; DNclk        ; UPclk       ; 0.000        ; 3.828      ; 3.426      ;
; -0.523 ; UPclk                    ; 74193:inst1|24~_emulated ; UPclk        ; UPclk       ; -0.500       ; 6.350      ; 5.515      ;
; -0.452 ; 74193:inst1|23~_emulated ; 74193:inst1|23~_emulated ; UPclk        ; UPclk       ; 0.000        ; 4.343      ; 4.059      ;
; -0.379 ; UPclk                    ; 74193:inst4|25~_emulated ; UPclk        ; UPclk       ; -0.500       ; 5.988      ; 5.297      ;
; -0.368 ; 74193:inst4|26~_emulated ; 74193:inst4|23~_emulated ; DNclk        ; UPclk       ; 0.000        ; 3.911      ; 3.741      ;
; -0.366 ; UPclk                    ; 74193:inst4|26~_emulated ; UPclk        ; UPclk       ; -0.500       ; 5.975      ; 5.297      ;
; -0.356 ; UPclk                    ; 74193:inst4|24~_emulated ; UPclk        ; UPclk       ; -0.500       ; 6.182      ; 5.514      ;
; -0.288 ; 74193:inst4|25~_emulated ; 74193:inst1|23~_emulated ; UPclk        ; UPclk       ; 0.000        ; 3.874      ; 3.754      ;
; -0.200 ; 74193:inst1|25~_emulated ; 74193:inst1|23~_emulated ; UPclk        ; UPclk       ; 0.000        ; 5.258      ; 5.226      ;
; -0.191 ; 74193:inst4|25~_emulated ; 74193:inst4|23~_emulated ; DNclk        ; UPclk       ; 0.000        ; 3.748      ; 3.755      ;
; -0.167 ; 74193:inst1|26~_emulated ; 74193:inst1|23~_emulated ; UPclk        ; UPclk       ; 0.000        ; 5.266      ; 5.267      ;
; -0.133 ; 74193:inst4|23~_emulated ; 74193:inst1|23~_emulated ; UPclk        ; UPclk       ; 0.000        ; 3.391      ; 3.426      ;
; -0.131 ; 74193:inst4|26~_emulated ; 74193:inst1|24~_emulated ; DNclk        ; UPclk       ; 0.000        ; 3.675      ; 3.742      ;
; -0.070 ; 74193:inst4|24~_emulated ; 74193:inst1|23~_emulated ; UPclk        ; UPclk       ; 0.000        ; 3.671      ; 3.769      ;
; -0.054 ; 74193:inst4|26~_emulated ; 74193:inst4|23~_emulated ; UPclk        ; UPclk       ; 0.000        ; 3.627      ; 3.741      ;
; -0.024 ; 74193:inst4|24~_emulated ; 74193:inst4|23~_emulated ; DNclk        ; UPclk       ; 0.000        ; 3.596      ; 3.770      ;
; 0.019  ; 74193:inst1|23~_emulated ; 74193:inst1|23~_emulated ; DNclk        ; UPclk       ; 0.000        ; 3.842      ; 4.059      ;
; 0.035  ; 74193:inst4|26~_emulated ; 74193:inst4|24~_emulated ; DNclk        ; UPclk       ; 0.000        ; 3.507      ; 3.740      ;
; 0.046  ; 74193:inst4|25~_emulated ; 74193:inst1|24~_emulated ; DNclk        ; UPclk       ; 0.000        ; 3.512      ; 3.756      ;
; 0.100  ; 74193:inst4|23~_emulated ; 74193:inst4|23~_emulated ; DNclk        ; UPclk       ; 0.000        ; 3.129      ; 3.427      ;
; 0.154  ; 74193:inst4|26~_emulated ; 74193:inst1|24~_emulated ; UPclk        ; UPclk       ; 0.000        ; 3.420      ; 3.742      ;
; 0.191  ; 74193:inst1|26~_emulated ; 74193:inst1|23~_emulated ; DNclk        ; UPclk       ; 0.000        ; 4.878      ; 5.267      ;
; 0.212  ; 74193:inst4|25~_emulated ; 74193:inst4|24~_emulated ; DNclk        ; UPclk       ; 0.000        ; 3.344      ; 3.754      ;
; 0.213  ; 74193:inst4|24~_emulated ; 74193:inst1|24~_emulated ; DNclk        ; UPclk       ; 0.000        ; 3.360      ; 3.771      ;
; 0.248  ; 74193:inst1|23~_emulated ; 74193:inst4|23~_emulated ; UPclk        ; UPclk       ; 0.000        ; 3.644      ; 4.060      ;
; 0.270  ; 74193:inst1|25~_emulated ; 74193:inst1|23~_emulated ; DNclk        ; UPclk       ; 0.000        ; 4.758      ; 5.226      ;
; 0.288  ; 74193:inst4|26~_emulated ; 74193:inst1|25~_emulated ; DNclk        ; UPclk       ; -0.500       ; 3.756      ; 3.742      ;
; 0.337  ; 74193:inst4|23~_emulated ; 74193:inst1|24~_emulated ; DNclk        ; UPclk       ; 0.000        ; 2.893      ; 3.428      ;
; 0.346  ; 74193:inst1|24~_emulated ; 74193:inst1|23~_emulated ; UPclk        ; UPclk       ; 0.000        ; 5.040      ; 5.554      ;
; 0.349  ; 74193:inst4|26~_emulated ; 74193:inst4|24~_emulated ; UPclk        ; UPclk       ; 0.000        ; 3.223      ; 3.740      ;
; 0.379  ; 74193:inst4|24~_emulated ; 74193:inst4|24~_emulated ; DNclk        ; UPclk       ; 0.000        ; 3.192      ; 3.769      ;
; 0.412  ; 74193:inst4|25~_emulated ; 74193:inst4|23~_emulated ; UPclk        ; UPclk       ; 0.000        ; 3.175      ; 3.755      ;
; 0.456  ; 74193:inst1|23~_emulated ; 74193:inst1|24~_emulated ; UPclk        ; UPclk       ; 0.000        ; 3.437      ; 4.061      ;
; 0.465  ; 74193:inst4|25~_emulated ; 74193:inst1|25~_emulated ; DNclk        ; UPclk       ; -0.500       ; 3.593      ; 3.756      ;
; 0.500  ; 74193:inst1|25~_emulated ; 74193:inst4|23~_emulated ; UPclk        ; UPclk       ; 0.000        ; 4.559      ; 5.227      ;
; 0.503  ; 74193:inst4|23~_emulated ; 74193:inst4|24~_emulated ; DNclk        ; UPclk       ; 0.000        ; 2.725      ; 3.426      ;
; 0.533  ; 74193:inst1|26~_emulated ; 74193:inst4|23~_emulated ; UPclk        ; UPclk       ; 0.000        ; 4.567      ; 5.268      ;
; 0.567  ; 74193:inst4|23~_emulated ; 74193:inst4|23~_emulated ; UPclk        ; UPclk       ; 0.000        ; 2.692      ; 3.427      ;
; 0.578  ; 74193:inst4|26~_emulated ; 74193:inst1|25~_emulated ; UPclk        ; UPclk       ; -0.500       ; 3.476      ; 3.742      ;
; 0.620  ; 74193:inst4|25~_emulated ; 74193:inst1|24~_emulated ; UPclk        ; UPclk       ; 0.000        ; 2.968      ; 3.756      ;
; 0.630  ; 74193:inst4|24~_emulated ; 74193:inst4|23~_emulated ; UPclk        ; UPclk       ; 0.000        ; 2.972      ; 3.770      ;
; 0.632  ; 74193:inst4|24~_emulated ; 74193:inst1|25~_emulated ; DNclk        ; UPclk       ; -0.500       ; 3.441      ; 3.771      ;
; 0.651  ; 74193:inst1|23~_emulated ; 74193:inst4|24~_emulated ; UPclk        ; UPclk       ; 0.000        ; 3.240      ; 4.059      ;
; 0.719  ; 74193:inst1|23~_emulated ; 74193:inst4|23~_emulated ; DNclk        ; UPclk       ; 0.000        ; 3.143      ; 4.060      ;
; 0.730  ; 74193:inst4|26~_emulated ; 74193:inst4|25~_emulated ; DNclk        ; UPclk       ; -0.500       ; 3.313      ; 3.741      ;
; 0.737  ; 74193:inst1|25~_emulated ; 74193:inst1|24~_emulated ; UPclk        ; UPclk       ; 0.000        ; 4.323      ; 5.228      ;
; 0.743  ; 74193:inst4|26~_emulated ; 74193:inst4|26~_emulated ; DNclk        ; UPclk       ; -0.500       ; 3.300      ; 3.741      ;
; 0.756  ; 74193:inst4|23~_emulated ; 74193:inst1|25~_emulated ; DNclk        ; UPclk       ; -0.500       ; 2.974      ; 3.428      ;
; 0.770  ; 74193:inst1|26~_emulated ; 74193:inst1|24~_emulated ; UPclk        ; UPclk       ; 0.000        ; 4.331      ; 5.269      ;
; 0.775  ; 74193:inst4|23~_emulated ; 74193:inst1|24~_emulated ; UPclk        ; UPclk       ; 0.000        ; 2.485      ; 3.428      ;
; 0.792  ; 74193:inst1|24~_emulated ; 74193:inst1|23~_emulated ; DNclk        ; UPclk       ; 0.000        ; 4.564      ; 5.554      ;
; 0.815  ; 74193:inst4|25~_emulated ; 74193:inst4|24~_emulated ; UPclk        ; UPclk       ; 0.000        ; 2.771      ; 3.754      ;
; 0.838  ; 74193:inst4|24~_emulated ; 74193:inst1|24~_emulated ; UPclk        ; UPclk       ; 0.000        ; 2.765      ; 3.771      ;
; 0.862  ; 74193:inst4|23~1         ; 74193:inst1|23~_emulated ; UPclk        ; UPclk       ; 0.000        ; 2.059      ; 3.089      ;
; 0.880  ; 74193:inst1|23~_emulated ; 74193:inst1|25~_emulated ; UPclk        ; UPclk       ; -0.500       ; 3.493      ; 4.061      ;
; 0.891  ; 74193:inst1|26~_emulated ; 74193:inst4|23~_emulated ; DNclk        ; UPclk       ; 0.000        ; 4.179      ; 5.268      ;
; 0.903  ; 74193:inst1|25~_emulated ; 74193:inst4|24~_emulated ; UPclk        ; UPclk       ; 0.000        ; 4.155      ; 5.226      ;
; 0.907  ; 74193:inst4|25~_emulated ; 74193:inst4|25~_emulated ; DNclk        ; UPclk       ; -0.500       ; 3.150      ; 3.755      ;
; 0.920  ; 74193:inst4|25~_emulated ; 74193:inst4|26~_emulated ; DNclk        ; UPclk       ; -0.500       ; 3.137      ; 3.755      ;
; 0.936  ; 74193:inst1|26~_emulated ; 74193:inst4|24~_emulated ; UPclk        ; UPclk       ; 0.000        ; 4.163      ; 5.267      ;
; 0.956  ; 74193:inst1|23~_emulated ; 74193:inst1|24~_emulated ; DNclk        ; UPclk       ; 0.000        ; 2.907      ; 4.061      ;
; 0.970  ; 74193:inst1|25~_emulated ; 74193:inst4|23~_emulated ; DNclk        ; UPclk       ; 0.000        ; 4.059      ; 5.227      ;
; 0.970  ; 74193:inst4|23~_emulated ; 74193:inst4|24~_emulated ; UPclk        ; UPclk       ; 0.000        ; 2.288      ; 3.426      ;
; 1.020  ; 74193:inst4|26~_emulated ; 74193:inst4|25~_emulated ; UPclk        ; UPclk       ; -0.500       ; 3.033      ; 3.741      ;
; 1.033  ; 74193:inst4|24~_emulated ; 74193:inst4|24~_emulated ; UPclk        ; UPclk       ; 0.000        ; 2.568      ; 3.769      ;
; 1.033  ; 74193:inst4|26~_emulated ; 74193:inst4|26~_emulated ; UPclk        ; UPclk       ; -0.500       ; 3.020      ; 3.741      ;
; 1.044  ; 74193:inst4|25~_emulated ; 74193:inst1|25~_emulated ; UPclk        ; UPclk       ; -0.500       ; 3.024      ; 3.756      ;
; 1.046  ; 74193:inst1|24~_emulated ; 74193:inst4|23~_emulated ; UPclk        ; UPclk       ; 0.000        ; 4.341      ; 5.555      ;
; 1.074  ; 74193:inst4|24~_emulated ; 74193:inst4|25~_emulated ; DNclk        ; UPclk       ; -0.500       ; 2.998      ; 3.770      ;
; 1.087  ; 74193:inst4|24~_emulated ; 74193:inst4|26~_emulated ; DNclk        ; UPclk       ; -0.500       ; 2.985      ; 3.770      ;
; 1.122  ; 74193:inst1|23~_emulated ; 74193:inst4|24~_emulated ; DNclk        ; UPclk       ; 0.000        ; 2.739      ; 4.059      ;
; 1.128  ; 74193:inst1|26~_emulated ; 74193:inst1|24~_emulated ; DNclk        ; UPclk       ; 0.000        ; 3.943      ; 5.269      ;
; 1.136  ; 74193:inst1|25~_emulated ; 74193:inst1|25~_emulated ; UPclk        ; UPclk       ; -0.500       ; 4.404      ; 5.228      ;
; 1.169  ; 74193:inst1|26~_emulated ; 74193:inst1|25~_emulated ; UPclk        ; UPclk       ; -0.500       ; 4.412      ; 5.269      ;
; 1.198  ; 74193:inst4|23~_emulated ; 74193:inst4|25~_emulated ; DNclk        ; UPclk       ; -0.500       ; 2.531      ; 3.427      ;
; 1.199  ; 74193:inst4|23~_emulated ; 74193:inst1|25~_emulated ; UPclk        ; UPclk       ; -0.500       ; 2.541      ; 3.428      ;
; 1.207  ; 74193:inst1|25~_emulated ; 74193:inst1|24~_emulated ; DNclk        ; UPclk       ; 0.000        ; 3.823      ; 5.228      ;
; 1.211  ; 74193:inst4|23~_emulated ; 74193:inst4|26~_emulated ; DNclk        ; UPclk       ; -0.500       ; 2.518      ; 3.427      ;
; 1.262  ; 74193:inst4|24~_emulated ; 74193:inst1|25~_emulated ; UPclk        ; UPclk       ; -0.500       ; 2.821      ; 3.771      ;
; 1.283  ; 74193:inst1|24~_emulated ; 74193:inst1|24~_emulated ; UPclk        ; UPclk       ; 0.000        ; 4.105      ; 5.556      ;
; 1.294  ; 74193:inst1|26~_emulated ; 74193:inst4|24~_emulated ; DNclk        ; UPclk       ; 0.000        ; 3.775      ; 5.267      ;
; 1.322  ; 74193:inst1|23~_emulated ; 74193:inst4|25~_emulated ; UPclk        ; UPclk       ; -0.500       ; 3.050      ; 4.060      ;
; 1.335  ; 74193:inst1|23~_emulated ; 74193:inst4|26~_emulated ; UPclk        ; UPclk       ; -0.500       ; 3.037      ; 4.060      ;
; 1.373  ; 74193:inst1|25~_emulated ; 74193:inst4|24~_emulated ; DNclk        ; UPclk       ; 0.000        ; 3.655      ; 5.226      ;
; 1.375  ; 74193:inst1|23~_emulated ; 74193:inst1|25~_emulated ; DNclk        ; UPclk       ; -0.500       ; 2.988      ; 4.061      ;
; 1.391  ; 74193:inst4|24~1         ; 74193:inst1|23~_emulated ; UPclk        ; UPclk       ; 0.000        ; 2.190      ; 3.749      ;
+--------+--------------------------+--------------------------+--------------+-------------+--------------+------------+------------+


+-----------------------------------------------------------------------------------------------------------------------------------+
; Slow 1200mV -40C Model Removal: 'DNclk'                                                                                           ;
+-------+--------------------------+--------------------------+--------------+-------------+--------------+------------+------------+
; Slack ; From Node                ; To Node                  ; Launch Clock ; Latch Clock ; Relationship ; Clock Skew ; Data Delay ;
+-------+--------------------------+--------------------------+--------------+-------------+--------------+------------+------------+
; 1.503 ; UPclk                    ; 74193:inst4|23~_emulated ; UPclk        ; DNclk       ; 0.000        ; 3.596      ; 5.297      ;
; 1.517 ; UPclk                    ; 74193:inst1|23~_emulated ; UPclk        ; DNclk       ; 0.000        ; 3.581      ; 5.296      ;
; 1.936 ; UPclk                    ; 74193:inst4|24~_emulated ; UPclk        ; DNclk       ; 0.000        ; 3.162      ; 5.296      ;
; 2.123 ; UPclk                    ; 74193:inst4|25~_emulated ; UPclk        ; DNclk       ; 0.000        ; 2.976      ; 5.297      ;
; 2.219 ; UPclk                    ; 74193:inst1|24~_emulated ; UPclk        ; DNclk       ; 0.000        ; 2.881      ; 5.298      ;
; 2.221 ; UPclk                    ; 74193:inst4|23~_emulated ; UPclk        ; DNclk       ; -0.500       ; 3.596      ; 5.515      ;
; 2.235 ; UPclk                    ; 74193:inst1|23~_emulated ; UPclk        ; DNclk       ; -0.500       ; 3.581      ; 5.514      ;
; 2.314 ; UPclk                    ; 74193:inst4|26~_emulated ; UPclk        ; DNclk       ; 0.000        ; 2.785      ; 5.297      ;
; 2.411 ; UPclk                    ; 74193:inst1|25~_emulated ; UPclk        ; DNclk       ; 0.000        ; 2.689      ; 5.298      ;
; 2.596 ; UPclk                    ; 74193:inst1|26~_emulated ; UPclk        ; DNclk       ; 0.000        ; 2.504      ; 5.298      ;
; 2.652 ; 74193:inst4|26~_emulated ; 74193:inst4|23~_emulated ; DNclk        ; DNclk       ; 0.000        ; 0.921      ; 3.741      ;
; 2.654 ; UPclk                    ; 74193:inst4|24~_emulated ; UPclk        ; DNclk       ; -0.500       ; 3.162      ; 5.514      ;
; 2.666 ; 74193:inst4|26~_emulated ; 74193:inst1|23~_emulated ; DNclk        ; DNclk       ; 0.000        ; 0.906      ; 3.740      ;
; 2.829 ; 74193:inst4|25~_emulated ; 74193:inst4|23~_emulated ; DNclk        ; DNclk       ; 0.000        ; 0.758      ; 3.755      ;
; 2.840 ; UPclk                    ; 74193:inst4|25~_emulated ; UPclk        ; DNclk       ; -0.500       ; 2.976      ; 5.514      ;
; 2.843 ; 74193:inst4|25~_emulated ; 74193:inst1|23~_emulated ; DNclk        ; DNclk       ; 0.000        ; 0.743      ; 3.754      ;
; 2.877 ; 74193:inst4|26~_emulated ; 74193:inst4|23~_emulated ; UPclk        ; DNclk       ; 0.000        ; 0.666      ; 3.741      ;
; 2.891 ; 74193:inst4|26~_emulated ; 74193:inst1|23~_emulated ; UPclk        ; DNclk       ; 0.000        ; 0.651      ; 3.740      ;
; 2.936 ; UPclk                    ; 74193:inst1|24~_emulated ; UPclk        ; DNclk       ; -0.500       ; 2.881      ; 5.515      ;
; 2.996 ; 74193:inst4|24~_emulated ; 74193:inst4|23~_emulated ; DNclk        ; DNclk       ; 0.000        ; 0.606      ; 3.770      ;
; 3.010 ; 74193:inst4|24~_emulated ; 74193:inst1|23~_emulated ; DNclk        ; DNclk       ; 0.000        ; 0.591      ; 3.769      ;
; 3.031 ; UPclk                    ; 74193:inst4|26~_emulated ; UPclk        ; DNclk       ; -0.500       ; 2.785      ; 5.514      ;
; 3.085 ; 74193:inst4|26~_emulated ; 74193:inst4|24~_emulated ; DNclk        ; DNclk       ; 0.000        ; 0.487      ; 3.740      ;
; 3.120 ; 74193:inst4|23~_emulated ; 74193:inst4|23~_emulated ; DNclk        ; DNclk       ; 0.000        ; 0.139      ; 3.427      ;
; 3.128 ; UPclk                    ; 74193:inst1|25~_emulated ; UPclk        ; DNclk       ; -0.500       ; 2.689      ; 5.515      ;
; 3.134 ; 74193:inst4|23~_emulated ; 74193:inst1|23~_emulated ; DNclk        ; DNclk       ; 0.000        ; 0.124      ; 3.426      ;
; 3.179 ; 74193:inst1|23~_emulated ; 74193:inst4|23~_emulated ; UPclk        ; DNclk       ; 0.000        ; 0.683      ; 4.060      ;
; 3.193 ; 74193:inst1|23~_emulated ; 74193:inst1|23~_emulated ; UPclk        ; DNclk       ; 0.000        ; 0.668      ; 4.059      ;
; 3.262 ; 74193:inst4|25~_emulated ; 74193:inst4|24~_emulated ; DNclk        ; DNclk       ; 0.000        ; 0.324      ; 3.754      ;
; 3.272 ; 74193:inst4|26~_emulated ; 74193:inst4|25~_emulated ; DNclk        ; DNclk       ; 0.000        ; 0.301      ; 3.741      ;
; 3.310 ; 74193:inst4|26~_emulated ; 74193:inst4|24~_emulated ; UPclk        ; DNclk       ; 0.000        ; 0.232      ; 3.740      ;
; 3.313 ; UPclk                    ; 74193:inst1|26~_emulated ; UPclk        ; DNclk       ; -0.500       ; 2.504      ; 5.515      ;
; 3.343 ; 74193:inst4|25~_emulated ; 74193:inst4|23~_emulated ; UPclk        ; DNclk       ; 0.000        ; 0.214      ; 3.755      ;
; 3.357 ; 74193:inst4|25~_emulated ; 74193:inst1|23~_emulated ; UPclk        ; DNclk       ; 0.000        ; 0.199      ; 3.754      ;
; 3.368 ; 74193:inst4|26~_emulated ; 74193:inst1|24~_emulated ; DNclk        ; DNclk       ; 0.000        ; 0.206      ; 3.742      ;
; 3.429 ; 74193:inst4|24~_emulated ; 74193:inst4|24~_emulated ; DNclk        ; DNclk       ; 0.000        ; 0.172      ; 3.769      ;
; 3.449 ; 74193:inst4|25~_emulated ; 74193:inst4|25~_emulated ; DNclk        ; DNclk       ; 0.000        ; 0.138      ; 3.755      ;
; 3.460 ; 74193:inst1|25~_emulated ; 74193:inst4|23~_emulated ; UPclk        ; DNclk       ; 0.000        ; 1.569      ; 5.227      ;
; 3.463 ; 74193:inst4|26~_emulated ; 74193:inst4|26~_emulated ; DNclk        ; DNclk       ; 0.000        ; 0.110      ; 3.741      ;
; 3.474 ; 74193:inst1|25~_emulated ; 74193:inst1|23~_emulated ; UPclk        ; DNclk       ; 0.000        ; 1.554      ; 5.226      ;
; 3.493 ; 74193:inst1|26~_emulated ; 74193:inst4|23~_emulated ; UPclk        ; DNclk       ; 0.000        ; 1.577      ; 5.268      ;
; 3.497 ; 74193:inst4|26~_emulated ; 74193:inst4|25~_emulated ; UPclk        ; DNclk       ; 0.000        ; 0.046      ; 3.741      ;
; 3.498 ; 74193:inst4|23~_emulated ; 74193:inst4|23~_emulated ; UPclk        ; DNclk       ; 0.000        ; -0.269     ; 3.427      ;
; 3.507 ; 74193:inst1|26~_emulated ; 74193:inst1|23~_emulated ; UPclk        ; DNclk       ; 0.000        ; 1.562      ; 5.267      ;
; 3.512 ; 74193:inst4|23~_emulated ; 74193:inst1|23~_emulated ; UPclk        ; DNclk       ; 0.000        ; -0.284     ; 3.426      ;
; 3.545 ; 74193:inst4|25~_emulated ; 74193:inst1|24~_emulated ; DNclk        ; DNclk       ; 0.000        ; 0.043      ; 3.756      ;
; 3.553 ; 74193:inst4|23~_emulated ; 74193:inst4|24~_emulated ; DNclk        ; DNclk       ; 0.000        ; -0.295     ; 3.426      ;
; 3.560 ; 74193:inst4|26~_emulated ; 74193:inst1|25~_emulated ; DNclk        ; DNclk       ; 0.000        ; 0.014      ; 3.742      ;
; 3.561 ; 74193:inst4|24~_emulated ; 74193:inst4|23~_emulated ; UPclk        ; DNclk       ; 0.000        ; 0.011      ; 3.770      ;
; 3.575 ; 74193:inst4|24~_emulated ; 74193:inst1|23~_emulated ; UPclk        ; DNclk       ; 0.000        ; -0.004     ; 3.769      ;
; 3.593 ; 74193:inst4|26~_emulated ; 74193:inst1|24~_emulated ; UPclk        ; DNclk       ; 0.000        ; -0.049     ; 3.742      ;
; 3.612 ; 74193:inst1|23~_emulated ; 74193:inst4|24~_emulated ; UPclk        ; DNclk       ; 0.000        ; 0.249      ; 4.059      ;
; 3.616 ; 74193:inst4|24~_emulated ; 74193:inst4|25~_emulated ; DNclk        ; DNclk       ; 0.000        ; -0.014     ; 3.770      ;
; 3.640 ; 74193:inst4|25~_emulated ; 74193:inst4|26~_emulated ; DNclk        ; DNclk       ; 0.000        ; -0.053     ; 3.755      ;
; 3.688 ; 74193:inst4|26~_emulated ; 74193:inst4|26~_emulated ; UPclk        ; DNclk       ; 0.000        ; -0.145     ; 3.741      ;
; 3.712 ; 74193:inst4|24~_emulated ; 74193:inst1|24~_emulated ; DNclk        ; DNclk       ; 0.000        ; -0.109     ; 3.771      ;
; 3.737 ; 74193:inst4|25~_emulated ; 74193:inst1|25~_emulated ; DNclk        ; DNclk       ; 0.000        ; -0.149     ; 3.756      ;
; 3.739 ; 74193:inst1|23~_emulated ; 74193:inst4|23~_emulated ; DNclk        ; DNclk       ; 0.000        ; 0.153      ; 4.060      ;
; 3.740 ; 74193:inst4|23~_emulated ; 74193:inst4|25~_emulated ; DNclk        ; DNclk       ; 0.000        ; -0.481     ; 3.427      ;
; 3.745 ; 74193:inst4|26~_emulated ; 74193:inst1|26~_emulated ; DNclk        ; DNclk       ; 0.000        ; -0.171     ; 3.742      ;
; 3.753 ; 74193:inst1|23~_emulated ; 74193:inst1|23~_emulated ; DNclk        ; DNclk       ; 0.000        ; 0.138      ; 4.059      ;
; 3.776 ; 74193:inst4|25~_emulated ; 74193:inst4|24~_emulated ; UPclk        ; DNclk       ; 0.000        ; -0.220     ; 3.754      ;
; 3.785 ; 74193:inst4|26~_emulated ; 74193:inst1|25~_emulated ; UPclk        ; DNclk       ; 0.000        ; -0.241     ; 3.742      ;
; 3.799 ; 74193:inst1|23~_emulated ; 74193:inst4|25~_emulated ; UPclk        ; DNclk       ; 0.000        ; 0.063      ; 4.060      ;
; 3.807 ; 74193:inst4|24~_emulated ; 74193:inst4|26~_emulated ; DNclk        ; DNclk       ; 0.000        ; -0.205     ; 3.770      ;
; 3.836 ; 74193:inst4|23~_emulated ; 74193:inst1|24~_emulated ; DNclk        ; DNclk       ; 0.000        ; -0.576     ; 3.428      ;
; 3.893 ; 74193:inst1|25~_emulated ; 74193:inst4|24~_emulated ; UPclk        ; DNclk       ; 0.000        ; 1.135      ; 5.226      ;
; 3.895 ; 74193:inst1|23~_emulated ; 74193:inst1|24~_emulated ; UPclk        ; DNclk       ; 0.000        ; -0.032     ; 4.061      ;
; 3.904 ; 74193:inst4|24~_emulated ; 74193:inst1|25~_emulated ; DNclk        ; DNclk       ; 0.000        ; -0.301     ; 3.771      ;
; 3.911 ; 74193:inst1|26~_emulated ; 74193:inst4|23~_emulated ; DNclk        ; DNclk       ; 0.000        ; 1.189      ; 5.268      ;
; 3.922 ; 74193:inst4|25~_emulated ; 74193:inst1|26~_emulated ; DNclk        ; DNclk       ; 0.000        ; -0.334     ; 3.756      ;
; 3.925 ; 74193:inst1|26~_emulated ; 74193:inst1|23~_emulated ; DNclk        ; DNclk       ; 0.000        ; 1.174      ; 5.267      ;
; 3.926 ; 74193:inst1|26~_emulated ; 74193:inst4|24~_emulated ; UPclk        ; DNclk       ; 0.000        ; 1.143      ; 5.267      ;
; 3.931 ; 74193:inst4|23~_emulated ; 74193:inst4|26~_emulated ; DNclk        ; DNclk       ; 0.000        ; -0.672     ; 3.427      ;
; 3.931 ; 74193:inst4|23~_emulated ; 74193:inst4|24~_emulated ; UPclk        ; DNclk       ; 0.000        ; -0.703     ; 3.426      ;
; 3.963 ; 74193:inst4|25~_emulated ; 74193:inst4|25~_emulated ; UPclk        ; DNclk       ; 0.000        ; -0.406     ; 3.755      ;
; 3.970 ; 74193:inst4|26~_emulated ; 74193:inst1|26~_emulated ; UPclk        ; DNclk       ; 0.000        ; -0.426     ; 3.742      ;
; 3.990 ; 74193:inst1|25~_emulated ; 74193:inst4|23~_emulated ; DNclk        ; DNclk       ; 0.000        ; 1.069      ; 5.227      ;
; 3.990 ; 74193:inst1|23~_emulated ; 74193:inst4|26~_emulated ; UPclk        ; DNclk       ; 0.000        ; -0.128     ; 4.060      ;
; 3.994 ; 74193:inst4|24~_emulated ; 74193:inst4|24~_emulated ; UPclk        ; DNclk       ; 0.000        ; -0.423     ; 3.769      ;
; 4.004 ; 74193:inst1|25~_emulated ; 74193:inst1|23~_emulated ; DNclk        ; DNclk       ; 0.000        ; 1.054      ; 5.226      ;
; 4.006 ; 74193:inst1|24~_emulated ; 74193:inst4|23~_emulated ; UPclk        ; DNclk       ; 0.000        ; 1.351      ; 5.555      ;
; 4.020 ; 74193:inst1|24~_emulated ; 74193:inst1|23~_emulated ; UPclk        ; DNclk       ; 0.000        ; 1.336      ; 5.554      ;
; 4.028 ; 74193:inst4|23~_emulated ; 74193:inst1|25~_emulated ; DNclk        ; DNclk       ; 0.000        ; -0.768     ; 3.428      ;
; 4.059 ; 74193:inst4|25~_emulated ; 74193:inst1|24~_emulated ; UPclk        ; DNclk       ; 0.000        ; -0.501     ; 3.756      ;
; 4.080 ; 74193:inst1|25~_emulated ; 74193:inst4|25~_emulated ; UPclk        ; DNclk       ; 0.000        ; 0.949      ; 5.227      ;
; 4.087 ; 74193:inst1|23~_emulated ; 74193:inst1|25~_emulated ; UPclk        ; DNclk       ; 0.000        ; -0.224     ; 4.061      ;
; 4.089 ; 74193:inst4|24~_emulated ; 74193:inst1|26~_emulated ; DNclk        ; DNclk       ; 0.000        ; -0.486     ; 3.771      ;
; 4.113 ; 74193:inst1|26~_emulated ; 74193:inst4|25~_emulated ; UPclk        ; DNclk       ; 0.000        ; 0.957      ; 5.268      ;
; 4.118 ; 74193:inst4|23~_emulated ; 74193:inst4|25~_emulated ; UPclk        ; DNclk       ; 0.000        ; -0.889     ; 3.427      ;
; 4.154 ; 74193:inst4|25~_emulated ; 74193:inst4|26~_emulated ; UPclk        ; DNclk       ; 0.000        ; -0.597     ; 3.755      ;
; 4.172 ; 74193:inst1|23~_emulated ; 74193:inst4|24~_emulated ; DNclk        ; DNclk       ; 0.000        ; -0.281     ; 4.059      ;
; 4.176 ; 74193:inst1|25~_emulated ; 74193:inst1|24~_emulated ; UPclk        ; DNclk       ; 0.000        ; 0.854      ; 5.228      ;
; 4.181 ; 74193:inst4|24~_emulated ; 74193:inst4|25~_emulated ; UPclk        ; DNclk       ; 0.000        ; -0.609     ; 3.770      ;
; 4.209 ; 74193:inst1|26~_emulated ; 74193:inst1|24~_emulated ; UPclk        ; DNclk       ; 0.000        ; 0.862      ; 5.269      ;
; 4.213 ; 74193:inst4|23~_emulated ; 74193:inst1|26~_emulated ; DNclk        ; DNclk       ; 0.000        ; -0.953     ; 3.428      ;
; 4.214 ; 74193:inst4|23~_emulated ; 74193:inst1|24~_emulated ; UPclk        ; DNclk       ; 0.000        ; -0.984     ; 3.428      ;
; 4.251 ; 74193:inst4|25~_emulated ; 74193:inst1|25~_emulated ; UPclk        ; DNclk       ; 0.000        ; -0.693     ; 3.756      ;
; 4.271 ; 74193:inst1|25~_emulated ; 74193:inst4|26~_emulated ; UPclk        ; DNclk       ; 0.000        ; 0.758      ; 5.227      ;
; 4.272 ; 74193:inst1|23~_emulated ; 74193:inst1|26~_emulated ; UPclk        ; DNclk       ; 0.000        ; -0.409     ; 4.061      ;
+-------+--------------------------+--------------------------+--------------+-------------+--------------+------------+------------+


------------------------------------------------
; Slow 1200mV -40C Model Metastability Summary ;
------------------------------------------------
No synchronizer chains to report.


+--------------------------------------+
; Fast 1200mV -40C Model Setup Summary ;
+-------+--------+---------------------+
; Clock ; Slack  ; End Point TNS       ;
+-------+--------+---------------------+
; UPclk ; -6.582 ; -47.812             ;
; DNclk ; -6.355 ; -48.305             ;
+-------+--------+---------------------+


+-------------------------------------+
; Fast 1200mV -40C Model Hold Summary ;
+-------+--------+--------------------+
; Clock ; Slack  ; End Point TNS      ;
+-------+--------+--------------------+
; UPclk ; -0.680 ; -2.457             ;
; DNclk ; 1.092  ; 0.000              ;
+-------+--------+--------------------+


+-----------------------------------------+
; Fast 1200mV -40C Model Recovery Summary ;
+-------+--------+------------------------+
; Clock ; Slack  ; End Point TNS          ;
+-------+--------+------------------------+
; UPclk ; -5.251 ; -38.086                ;
; DNclk ; -5.065 ; -38.579                ;
+-------+--------+------------------------+


+----------------------------------------+
; Fast 1200mV -40C Model Removal Summary ;
+-------+--------+-----------------------+
; Clock ; Slack  ; End Point TNS         ;
+-------+--------+-----------------------+
; UPclk ; -1.071 ; -3.834                ;
; DNclk ; 1.033  ; 0.000                 ;
+-------+--------+-----------------------+


+----------------------------------------------------+
; Fast 1200mV -40C Model Minimum Pulse Width Summary ;
+-------+--------+-----------------------------------+
; Clock ; Slack  ; End Point TNS                     ;
+-------+--------+-----------------------------------+
; UPclk ; -3.000 ; -47.951                           ;
; DNclk ; -3.000 ; -12.039                           ;
+-------+--------+-----------------------------------+


+------------------------------------------------------------------------------------------------------------------------------------+
; Fast 1200mV -40C Model Setup: 'UPclk'                                                                                              ;
+--------+--------------------------+--------------------------+--------------+-------------+--------------+------------+------------+
; Slack  ; From Node                ; To Node                  ; Launch Clock ; Latch Clock ; Relationship ; Clock Skew ; Data Delay ;
+--------+--------------------------+--------------------------+--------------+-------------+--------------+------------+------------+
; -6.582 ; 74193:inst1|25~_emulated ; 74193:inst1|24~_emulated ; UPclk        ; UPclk       ; 0.500        ; -2.518     ; 4.552      ;
; -6.244 ; 74193:inst1|25~_emulated ; 74193:inst1|26~_emulated ; UPclk        ; UPclk       ; 0.500        ; -2.613     ; 4.119      ;
; -6.134 ; 74193:inst1|25~_emulated ; 74193:inst1|23~_emulated ; UPclk        ; UPclk       ; 0.500        ; -2.130     ; 4.492      ;
; -6.004 ; 74193:inst1|24~_emulated ; 74193:inst1|25~_emulated ; UPclk        ; UPclk       ; 1.000        ; -2.417     ; 4.575      ;
; -5.832 ; 74193:inst1|25~_emulated ; 74193:inst4|26~_emulated ; UPclk        ; UPclk       ; 0.500        ; -2.060     ; 4.260      ;
; -5.803 ; 74193:inst1|25~_emulated ; 74193:inst4|23~_emulated ; UPclk        ; UPclk       ; 0.500        ; -1.574     ; 4.717      ;
; -5.773 ; 74193:inst1|24~_emulated ; 74193:inst1|26~_emulated ; UPclk        ; UPclk       ; 1.000        ; -2.462     ; 4.299      ;
; -5.678 ; 74193:inst1|24~_emulated ; 74193:inst1|23~_emulated ; UPclk        ; UPclk       ; 1.000        ; -1.994     ; 4.672      ;
; -5.677 ; 74193:inst1|23~_emulated ; 74193:inst1|24~_emulated ; UPclk        ; UPclk       ; 1.000        ; -2.825     ; 3.840      ;
; -5.666 ; 74193:inst1|25~_emulated ; 74193:inst4|24~_emulated ; UPclk        ; UPclk       ; 0.500        ; -1.734     ; 4.420      ;
; -5.653 ; 74193:inst1|26~1         ; 74193:inst1|24~_emulated ; UPclk        ; UPclk       ; 1.000        ; -1.518     ; 5.123      ;
; -5.570 ; 74193:inst1|23~_emulated ; 74193:inst1|25~_emulated ; UPclk        ; UPclk       ; 1.000        ; -2.875     ; 3.683      ;
; -5.547 ; 74193:inst1|25~_emulated ; 74193:inst4|25~_emulated ; UPclk        ; UPclk       ; 0.500        ; -1.792     ; 4.243      ;
; -5.546 ; 74193:inst1|26~1         ; 74193:inst1|25~_emulated ; UPclk        ; UPclk       ; 1.000        ; -1.568     ; 4.966      ;
; -5.518 ; 74193:inst1|25~1         ; 74193:inst1|24~_emulated ; UPclk        ; UPclk       ; 1.000        ; -1.853     ; 4.653      ;
; -5.432 ; 74193:inst4|25~_emulated ; 74193:inst1|24~_emulated ; UPclk        ; UPclk       ; 0.500        ; -2.267     ; 3.653      ;
; -5.399 ; 74193:inst4|26~_emulated ; 74193:inst1|24~_emulated ; UPclk        ; UPclk       ; 0.500        ; -2.239     ; 3.648      ;
; -5.376 ; 74193:inst1|24~_emulated ; 74193:inst4|26~_emulated ; UPclk        ; UPclk       ; 1.000        ; -1.924     ; 4.440      ;
; -5.363 ; 74193:inst1|24~1         ; 74193:inst1|25~_emulated ; UPclk        ; UPclk       ; 1.000        ; -1.906     ; 4.445      ;
; -5.347 ; 74193:inst1|24~_emulated ; 74193:inst4|23~_emulated ; UPclk        ; UPclk       ; 1.000        ; -1.438     ; 4.897      ;
; -5.339 ; 74193:inst1|23~_emulated ; 74193:inst1|26~_emulated ; UPclk        ; UPclk       ; 1.000        ; -2.920     ; 3.407      ;
; -5.325 ; 74193:inst4|25~_emulated ; 74193:inst1|25~_emulated ; UPclk        ; UPclk       ; 0.500        ; -2.317     ; 3.496      ;
; -5.292 ; 74193:inst4|26~_emulated ; 74193:inst1|25~_emulated ; UPclk        ; UPclk       ; 0.500        ; -2.289     ; 3.491      ;
; -5.210 ; 74193:inst1|24~_emulated ; 74193:inst4|24~_emulated ; UPclk        ; UPclk       ; 1.000        ; -1.598     ; 4.600      ;
; -5.205 ; 74193:inst1|26~1         ; 74193:inst1|23~_emulated ; UPclk        ; UPclk       ; 1.000        ; -1.130     ; 5.063      ;
; -5.180 ; 74193:inst1|25~1         ; 74193:inst1|26~_emulated ; UPclk        ; UPclk       ; 1.000        ; -1.948     ; 4.220      ;
; -5.132 ; 74193:inst1|24~1         ; 74193:inst1|26~_emulated ; UPclk        ; UPclk       ; 1.000        ; -1.951     ; 4.169      ;
; -5.094 ; 74193:inst4|25~_emulated ; 74193:inst1|26~_emulated ; UPclk        ; UPclk       ; 0.500        ; -2.362     ; 3.220      ;
; -5.091 ; 74193:inst1|24~_emulated ; 74193:inst4|25~_emulated ; UPclk        ; UPclk       ; 1.000        ; -1.656     ; 4.423      ;
; -5.070 ; 74193:inst1|25~1         ; 74193:inst1|23~_emulated ; UPclk        ; UPclk       ; 1.000        ; -1.465     ; 4.593      ;
; -5.061 ; 74193:inst4|26~_emulated ; 74193:inst1|26~_emulated ; UPclk        ; UPclk       ; 0.500        ; -2.334     ; 3.215      ;
; -5.022 ; 74193:inst1|24~1         ; 74193:inst1|23~_emulated ; UPclk        ; UPclk       ; 1.000        ; -1.468     ; 4.542      ;
; -4.984 ; 74193:inst4|25~_emulated ; 74193:inst1|23~_emulated ; UPclk        ; UPclk       ; 0.500        ; -1.879     ; 3.593      ;
; -4.951 ; 74193:inst4|26~_emulated ; 74193:inst1|23~_emulated ; UPclk        ; UPclk       ; 0.500        ; -1.851     ; 3.588      ;
; -4.927 ; 74193:inst1|23~_emulated ; 74193:inst4|26~_emulated ; UPclk        ; UPclk       ; 1.000        ; -2.367     ; 3.548      ;
; -4.918 ; 74193:inst4|23~_emulated ; 74193:inst1|24~_emulated ; UPclk        ; UPclk       ; 1.000        ; -2.444     ; 3.462      ;
; -4.903 ; 74193:inst1|26~1         ; 74193:inst4|26~_emulated ; UPclk        ; UPclk       ; 1.000        ; -1.060     ; 4.831      ;
; -4.898 ; 74193:inst1|23~_emulated ; 74193:inst4|23~_emulated ; UPclk        ; UPclk       ; 1.000        ; -1.881     ; 4.005      ;
; -4.892 ; 74193:inst4|24~_emulated ; 74193:inst1|24~_emulated ; UPclk        ; UPclk       ; 1.000        ; -2.219     ; 3.661      ;
; -4.874 ; 74193:inst1|26~1         ; 74193:inst4|23~_emulated ; UPclk        ; UPclk       ; 1.000        ; -0.574     ; 5.288      ;
; -4.811 ; 74193:inst4|23~_emulated ; 74193:inst1|25~_emulated ; UPclk        ; UPclk       ; 1.000        ; -2.494     ; 3.305      ;
; -4.785 ; 74193:inst4|24~_emulated ; 74193:inst1|25~_emulated ; UPclk        ; UPclk       ; 1.000        ; -2.269     ; 3.504      ;
; -4.768 ; 74193:inst1|25~1         ; 74193:inst4|26~_emulated ; UPclk        ; UPclk       ; 1.000        ; -1.395     ; 4.361      ;
; -4.761 ; 74193:inst1|23~_emulated ; 74193:inst4|24~_emulated ; UPclk        ; UPclk       ; 1.000        ; -2.041     ; 3.708      ;
; -4.739 ; 74193:inst1|25~1         ; 74193:inst4|23~_emulated ; UPclk        ; UPclk       ; 1.000        ; -0.909     ; 4.818      ;
; -4.737 ; 74193:inst1|26~1         ; 74193:inst4|24~_emulated ; UPclk        ; UPclk       ; 1.000        ; -0.734     ; 4.991      ;
; -4.732 ; 74193:inst1|23~1         ; 74193:inst1|24~_emulated ; UPclk        ; UPclk       ; 1.000        ; -1.851     ; 3.869      ;
; -4.720 ; 74193:inst1|24~1         ; 74193:inst4|26~_emulated ; UPclk        ; UPclk       ; 1.000        ; -1.398     ; 4.310      ;
; -4.713 ; 74193:inst4|25~1         ; 74193:inst1|24~_emulated ; UPclk        ; UPclk       ; 1.000        ; -1.852     ; 3.849      ;
; -4.691 ; 74193:inst1|24~1         ; 74193:inst4|23~_emulated ; UPclk        ; UPclk       ; 1.000        ; -0.912     ; 4.767      ;
; -4.682 ; 74193:inst4|25~_emulated ; 74193:inst4|26~_emulated ; UPclk        ; UPclk       ; 0.500        ; -1.809     ; 3.361      ;
; -4.653 ; 74193:inst4|25~_emulated ; 74193:inst4|23~_emulated ; UPclk        ; UPclk       ; 0.500        ; -1.323     ; 3.818      ;
; -4.642 ; 74193:inst1|23~_emulated ; 74193:inst4|25~_emulated ; UPclk        ; UPclk       ; 1.000        ; -2.099     ; 3.531      ;
; -4.625 ; 74193:inst1|23~1         ; 74193:inst1|25~_emulated ; UPclk        ; UPclk       ; 1.000        ; -1.901     ; 3.712      ;
; -4.620 ; 74193:inst4|26~_emulated ; 74193:inst4|23~_emulated ; UPclk        ; UPclk       ; 0.500        ; -1.295     ; 3.813      ;
; -4.618 ; 74193:inst1|26~1         ; 74193:inst4|25~_emulated ; UPclk        ; UPclk       ; 1.000        ; -0.792     ; 4.814      ;
; -4.606 ; 74193:inst4|25~1         ; 74193:inst1|25~_emulated ; UPclk        ; UPclk       ; 1.000        ; -1.902     ; 3.692      ;
; -4.602 ; 74193:inst1|25~1         ; 74193:inst4|24~_emulated ; UPclk        ; UPclk       ; 1.000        ; -1.069     ; 4.521      ;
; -4.580 ; 74193:inst4|23~_emulated ; 74193:inst1|26~_emulated ; UPclk        ; UPclk       ; 1.000        ; -2.539     ; 3.029      ;
; -4.554 ; 74193:inst4|24~_emulated ; 74193:inst1|26~_emulated ; UPclk        ; UPclk       ; 1.000        ; -2.314     ; 3.228      ;
; -4.554 ; 74193:inst1|24~1         ; 74193:inst4|24~_emulated ; UPclk        ; UPclk       ; 1.000        ; -1.072     ; 4.470      ;
; -4.548 ; 74193:inst4|24~1         ; 74193:inst1|24~_emulated ; UPclk        ; UPclk       ; 1.000        ; -1.852     ; 3.684      ;
; -4.521 ; 74193:inst4|26~1         ; 74193:inst1|24~_emulated ; UPclk        ; UPclk       ; 1.000        ; -1.852     ; 3.657      ;
; -4.516 ; 74193:inst4|25~_emulated ; 74193:inst4|24~_emulated ; UPclk        ; UPclk       ; 0.500        ; -1.483     ; 3.521      ;
; -4.483 ; 74193:inst1|25~1         ; 74193:inst4|25~_emulated ; UPclk        ; UPclk       ; 1.000        ; -1.127     ; 4.344      ;
; -4.483 ; 74193:inst4|26~_emulated ; 74193:inst4|24~_emulated ; UPclk        ; UPclk       ; 0.500        ; -1.455     ; 3.516      ;
; -4.470 ; 74193:inst4|23~_emulated ; 74193:inst1|23~_emulated ; UPclk        ; UPclk       ; 1.000        ; -2.056     ; 3.402      ;
; -4.444 ; 74193:inst4|24~_emulated ; 74193:inst1|23~_emulated ; UPclk        ; UPclk       ; 1.000        ; -1.831     ; 3.601      ;
; -4.441 ; 74193:inst4|24~1         ; 74193:inst1|25~_emulated ; UPclk        ; UPclk       ; 1.000        ; -1.902     ; 3.527      ;
; -4.435 ; 74193:inst1|24~1         ; 74193:inst4|25~_emulated ; UPclk        ; UPclk       ; 1.000        ; -1.130     ; 4.293      ;
; -4.414 ; 74193:inst4|26~1         ; 74193:inst1|25~_emulated ; UPclk        ; UPclk       ; 1.000        ; -1.902     ; 3.500      ;
; -4.394 ; 74193:inst1|23~1         ; 74193:inst1|26~_emulated ; UPclk        ; UPclk       ; 1.000        ; -1.946     ; 3.436      ;
; -4.375 ; 74193:inst4|25~1         ; 74193:inst1|26~_emulated ; UPclk        ; UPclk       ; 1.000        ; -1.947     ; 3.416      ;
; -4.364 ; 74193:inst4|26~_emulated ; 74193:inst4|25~_emulated ; UPclk        ; UPclk       ; 0.500        ; -1.513     ; 3.339      ;
; -4.265 ; 74193:inst4|25~1         ; 74193:inst1|23~_emulated ; UPclk        ; UPclk       ; 1.000        ; -1.464     ; 3.789      ;
; -4.210 ; 74193:inst4|24~1         ; 74193:inst1|26~_emulated ; UPclk        ; UPclk       ; 1.000        ; -1.947     ; 3.251      ;
; -4.205 ; 74193:inst1|24~_emulated ; 74193:inst4|26~_emulated ; UPclk        ; UPclk       ; 0.500        ; -0.253     ; 4.440      ;
; -4.191 ; 74193:inst4|23~1         ; 74193:inst1|24~_emulated ; UPclk        ; UPclk       ; 1.000        ; -1.918     ; 3.261      ;
; -4.183 ; 74193:inst4|26~1         ; 74193:inst1|26~_emulated ; UPclk        ; UPclk       ; 1.000        ; -1.947     ; 3.224      ;
; -4.177 ; 74193:inst1|24~_emulated ; 74193:inst4|25~_emulated ; UPclk        ; UPclk       ; 0.500        ; -0.242     ; 4.423      ;
; -4.168 ; 74193:inst4|23~_emulated ; 74193:inst4|26~_emulated ; UPclk        ; UPclk       ; 1.000        ; -1.986     ; 3.170      ;
; -4.142 ; 74193:inst4|24~_emulated ; 74193:inst4|26~_emulated ; UPclk        ; UPclk       ; 1.000        ; -1.761     ; 3.369      ;
; -4.113 ; 74193:inst4|24~_emulated ; 74193:inst4|23~_emulated ; UPclk        ; UPclk       ; 1.000        ; -1.275     ; 3.826      ;
; -4.100 ; 74193:inst4|24~1         ; 74193:inst1|23~_emulated ; UPclk        ; UPclk       ; 1.000        ; -1.464     ; 3.624      ;
; -4.084 ; 74193:inst4|23~1         ; 74193:inst1|25~_emulated ; UPclk        ; UPclk       ; 1.000        ; -1.968     ; 3.104      ;
; -4.081 ; 74193:inst1|24~_emulated ; 74193:inst1|25~_emulated ; UPclk        ; UPclk       ; 0.500        ; 0.006      ; 4.575      ;
; -4.073 ; 74193:inst4|26~1         ; 74193:inst1|23~_emulated ; UPclk        ; UPclk       ; 1.000        ; -1.464     ; 3.597      ;
; -4.002 ; 74193:inst4|23~_emulated ; 74193:inst4|24~_emulated ; UPclk        ; UPclk       ; 1.000        ; -1.660     ; 3.330      ;
; -3.982 ; 74193:inst1|23~1         ; 74193:inst4|26~_emulated ; UPclk        ; UPclk       ; 1.000        ; -1.393     ; 3.577      ;
; -3.969 ; 74193:inst1|24~_emulated ; 74193:inst1|25~_emulated ; DNclk        ; UPclk       ; 1.000        ; -0.372     ; 4.575      ;
; -3.963 ; 74193:inst4|25~1         ; 74193:inst4|26~_emulated ; UPclk        ; UPclk       ; 1.000        ; -1.394     ; 3.557      ;
; -3.963 ; 74193:inst1|25~_emulated ; 74193:inst1|25~_emulated ; UPclk        ; UPclk       ; 0.500        ; -2.568     ; 1.883      ;
; -3.953 ; 74193:inst1|23~1         ; 74193:inst4|23~_emulated ; UPclk        ; UPclk       ; 1.000        ; -0.907     ; 4.034      ;
; -3.934 ; 74193:inst4|25~1         ; 74193:inst4|23~_emulated ; UPclk        ; UPclk       ; 1.000        ; -0.908     ; 4.014      ;
; -3.883 ; 74193:inst4|23~_emulated ; 74193:inst4|25~_emulated ; UPclk        ; UPclk       ; 1.000        ; -1.718     ; 3.153      ;
; -3.857 ; 74193:inst4|24~_emulated ; 74193:inst4|25~_emulated ; UPclk        ; UPclk       ; 1.000        ; -1.493     ; 3.352      ;
; -3.853 ; 74193:inst4|23~1         ; 74193:inst1|26~_emulated ; UPclk        ; UPclk       ; 1.000        ; -2.013     ; 2.828      ;
; -3.849 ; 74193:inst1|25~_emulated ; 74193:inst1|24~_emulated ; DNclk        ; UPclk       ; 1.000        ; -0.275     ; 4.552      ;
; -3.816 ; 74193:inst1|23~1         ; 74193:inst4|24~_emulated ; UPclk        ; UPclk       ; 1.000        ; -1.067     ; 3.737      ;
; -3.798 ; 74193:inst4|24~1         ; 74193:inst4|26~_emulated ; UPclk        ; UPclk       ; 1.000        ; -1.394     ; 3.392      ;
+--------+--------------------------+--------------------------+--------------+-------------+--------------+------------+------------+


+------------------------------------------------------------------------------------------------------------------------------------+
; Fast 1200mV -40C Model Setup: 'DNclk'                                                                                              ;
+--------+--------------------------+--------------------------+--------------+-------------+--------------+------------+------------+
; Slack  ; From Node                ; To Node                  ; Launch Clock ; Latch Clock ; Relationship ; Clock Skew ; Data Delay ;
+--------+--------------------------+--------------------------+--------------+-------------+--------------+------------+------------+
; -6.355 ; 74193:inst1|25~_emulated ; 74193:inst1|24~_emulated ; UPclk        ; DNclk       ; 0.500        ; -2.281     ; 4.552      ;
; -6.137 ; 74193:inst1|25~_emulated ; 74193:inst4|23~_emulated ; UPclk        ; DNclk       ; 0.500        ; -1.898     ; 4.717      ;
; -6.079 ; 74193:inst1|25~_emulated ; 74193:inst4|24~_emulated ; UPclk        ; DNclk       ; 0.500        ; -2.137     ; 4.420      ;
; -6.058 ; 74193:inst1|25~_emulated ; 74193:inst4|26~_emulated ; UPclk        ; DNclk       ; 0.500        ; -2.276     ; 4.260      ;
; -6.058 ; 74193:inst1|25~_emulated ; 74193:inst1|26~_emulated ; UPclk        ; DNclk       ; 0.500        ; -2.417     ; 4.119      ;
; -5.928 ; 74193:inst1|25~_emulated ; 74193:inst4|25~_emulated ; UPclk        ; DNclk       ; 0.500        ; -2.163     ; 4.243      ;
; -5.918 ; 74193:inst1|25~_emulated ; 74193:inst1|23~_emulated ; UPclk        ; DNclk       ; 0.500        ; -1.904     ; 4.492      ;
; -5.772 ; 74193:inst1|24~_emulated ; 74193:inst1|25~_emulated ; UPclk        ; DNclk       ; 1.000        ; -2.175     ; 4.575      ;
; -5.666 ; 74193:inst1|24~_emulated ; 74193:inst4|23~_emulated ; UPclk        ; DNclk       ; 1.000        ; -1.747     ; 4.897      ;
; -5.608 ; 74193:inst1|24~_emulated ; 74193:inst4|24~_emulated ; UPclk        ; DNclk       ; 1.000        ; -1.986     ; 4.600      ;
; -5.587 ; 74193:inst1|24~_emulated ; 74193:inst4|26~_emulated ; UPclk        ; DNclk       ; 1.000        ; -2.125     ; 4.440      ;
; -5.587 ; 74193:inst1|24~_emulated ; 74193:inst1|26~_emulated ; UPclk        ; DNclk       ; 1.000        ; -2.266     ; 4.299      ;
; -5.457 ; 74193:inst1|24~_emulated ; 74193:inst4|25~_emulated ; UPclk        ; DNclk       ; 1.000        ; -2.012     ; 4.423      ;
; -5.450 ; 74193:inst1|23~_emulated ; 74193:inst1|24~_emulated ; UPclk        ; DNclk       ; 1.000        ; -2.588     ; 3.840      ;
; -5.447 ; 74193:inst1|24~_emulated ; 74193:inst1|23~_emulated ; UPclk        ; DNclk       ; 1.000        ; -1.753     ; 4.672      ;
; -5.426 ; 74193:inst1|26~1         ; 74193:inst1|24~_emulated ; UPclk        ; DNclk       ; 1.000        ; -1.281     ; 5.123      ;
; -5.338 ; 74193:inst1|23~_emulated ; 74193:inst1|25~_emulated ; UPclk        ; DNclk       ; 1.000        ; -2.633     ; 3.683      ;
; -5.314 ; 74193:inst1|26~1         ; 74193:inst1|25~_emulated ; UPclk        ; DNclk       ; 1.000        ; -1.326     ; 4.966      ;
; -5.291 ; 74193:inst1|25~1         ; 74193:inst1|24~_emulated ; UPclk        ; DNclk       ; 1.000        ; -1.616     ; 4.653      ;
; -5.232 ; 74193:inst1|23~_emulated ; 74193:inst4|23~_emulated ; UPclk        ; DNclk       ; 1.000        ; -2.205     ; 4.005      ;
; -5.208 ; 74193:inst1|26~1         ; 74193:inst4|23~_emulated ; UPclk        ; DNclk       ; 1.000        ; -0.898     ; 5.288      ;
; -5.205 ; 74193:inst4|25~_emulated ; 74193:inst1|24~_emulated ; UPclk        ; DNclk       ; 0.500        ; -2.030     ; 3.653      ;
; -5.174 ; 74193:inst1|23~_emulated ; 74193:inst4|24~_emulated ; UPclk        ; DNclk       ; 1.000        ; -2.444     ; 3.708      ;
; -5.172 ; 74193:inst4|26~_emulated ; 74193:inst1|24~_emulated ; UPclk        ; DNclk       ; 0.500        ; -2.002     ; 3.648      ;
; -5.153 ; 74193:inst1|23~_emulated ; 74193:inst4|26~_emulated ; UPclk        ; DNclk       ; 1.000        ; -2.583     ; 3.548      ;
; -5.153 ; 74193:inst1|23~_emulated ; 74193:inst1|26~_emulated ; UPclk        ; DNclk       ; 1.000        ; -2.724     ; 3.407      ;
; -5.150 ; 74193:inst1|26~1         ; 74193:inst4|24~_emulated ; UPclk        ; DNclk       ; 1.000        ; -1.137     ; 4.991      ;
; -5.131 ; 74193:inst1|24~1         ; 74193:inst1|25~_emulated ; UPclk        ; DNclk       ; 1.000        ; -1.664     ; 4.445      ;
; -5.129 ; 74193:inst1|26~1         ; 74193:inst4|26~_emulated ; UPclk        ; DNclk       ; 1.000        ; -1.276     ; 4.831      ;
; -5.093 ; 74193:inst4|25~_emulated ; 74193:inst1|25~_emulated ; UPclk        ; DNclk       ; 0.500        ; -2.075     ; 3.496      ;
; -5.073 ; 74193:inst1|25~1         ; 74193:inst4|23~_emulated ; UPclk        ; DNclk       ; 1.000        ; -1.233     ; 4.818      ;
; -5.060 ; 74193:inst4|26~_emulated ; 74193:inst1|25~_emulated ; UPclk        ; DNclk       ; 0.500        ; -2.047     ; 3.491      ;
; -5.025 ; 74193:inst1|24~1         ; 74193:inst4|23~_emulated ; UPclk        ; DNclk       ; 1.000        ; -1.236     ; 4.767      ;
; -5.023 ; 74193:inst1|23~_emulated ; 74193:inst4|25~_emulated ; UPclk        ; DNclk       ; 1.000        ; -2.470     ; 3.531      ;
; -5.015 ; 74193:inst1|25~1         ; 74193:inst4|24~_emulated ; UPclk        ; DNclk       ; 1.000        ; -1.472     ; 4.521      ;
; -4.999 ; 74193:inst1|26~1         ; 74193:inst4|25~_emulated ; UPclk        ; DNclk       ; 1.000        ; -1.163     ; 4.814      ;
; -4.994 ; 74193:inst1|25~1         ; 74193:inst4|26~_emulated ; UPclk        ; DNclk       ; 1.000        ; -1.611     ; 4.361      ;
; -4.994 ; 74193:inst1|25~1         ; 74193:inst1|26~_emulated ; UPclk        ; DNclk       ; 1.000        ; -1.752     ; 4.220      ;
; -4.989 ; 74193:inst1|26~1         ; 74193:inst1|23~_emulated ; UPclk        ; DNclk       ; 1.000        ; -0.904     ; 5.063      ;
; -4.987 ; 74193:inst4|25~_emulated ; 74193:inst4|23~_emulated ; UPclk        ; DNclk       ; 0.500        ; -1.647     ; 3.818      ;
; -4.967 ; 74193:inst1|24~1         ; 74193:inst4|24~_emulated ; UPclk        ; DNclk       ; 1.000        ; -1.475     ; 4.470      ;
; -4.954 ; 74193:inst4|26~_emulated ; 74193:inst4|23~_emulated ; UPclk        ; DNclk       ; 0.500        ; -1.619     ; 3.813      ;
; -4.946 ; 74193:inst1|24~1         ; 74193:inst4|26~_emulated ; UPclk        ; DNclk       ; 1.000        ; -1.614     ; 4.310      ;
; -4.946 ; 74193:inst1|24~1         ; 74193:inst1|26~_emulated ; UPclk        ; DNclk       ; 1.000        ; -1.755     ; 4.169      ;
; -4.929 ; 74193:inst4|25~_emulated ; 74193:inst4|24~_emulated ; UPclk        ; DNclk       ; 0.500        ; -1.886     ; 3.521      ;
; -4.908 ; 74193:inst4|25~_emulated ; 74193:inst4|26~_emulated ; UPclk        ; DNclk       ; 0.500        ; -2.025     ; 3.361      ;
; -4.908 ; 74193:inst4|25~_emulated ; 74193:inst1|26~_emulated ; UPclk        ; DNclk       ; 0.500        ; -2.166     ; 3.220      ;
; -4.896 ; 74193:inst4|26~_emulated ; 74193:inst4|24~_emulated ; UPclk        ; DNclk       ; 0.500        ; -1.858     ; 3.516      ;
; -4.875 ; 74193:inst4|26~_emulated ; 74193:inst1|26~_emulated ; UPclk        ; DNclk       ; 0.500        ; -2.138     ; 3.215      ;
; -4.864 ; 74193:inst1|25~1         ; 74193:inst4|25~_emulated ; UPclk        ; DNclk       ; 1.000        ; -1.498     ; 4.344      ;
; -4.854 ; 74193:inst1|25~1         ; 74193:inst1|23~_emulated ; UPclk        ; DNclk       ; 1.000        ; -1.239     ; 4.593      ;
; -4.816 ; 74193:inst1|24~1         ; 74193:inst4|25~_emulated ; UPclk        ; DNclk       ; 1.000        ; -1.501     ; 4.293      ;
; -4.806 ; 74193:inst1|24~1         ; 74193:inst1|23~_emulated ; UPclk        ; DNclk       ; 1.000        ; -1.242     ; 4.542      ;
; -4.768 ; 74193:inst4|25~_emulated ; 74193:inst1|23~_emulated ; UPclk        ; DNclk       ; 0.500        ; -1.653     ; 3.593      ;
; -4.745 ; 74193:inst4|26~_emulated ; 74193:inst4|25~_emulated ; UPclk        ; DNclk       ; 0.500        ; -1.884     ; 3.339      ;
; -4.735 ; 74193:inst4|26~_emulated ; 74193:inst1|23~_emulated ; UPclk        ; DNclk       ; 0.500        ; -1.625     ; 3.588      ;
; -4.691 ; 74193:inst4|23~_emulated ; 74193:inst1|24~_emulated ; UPclk        ; DNclk       ; 1.000        ; -2.207     ; 3.462      ;
; -4.665 ; 74193:inst4|24~_emulated ; 74193:inst1|24~_emulated ; UPclk        ; DNclk       ; 1.000        ; -1.982     ; 3.661      ;
; -4.579 ; 74193:inst4|23~_emulated ; 74193:inst1|25~_emulated ; UPclk        ; DNclk       ; 1.000        ; -2.252     ; 3.305      ;
; -4.553 ; 74193:inst4|24~_emulated ; 74193:inst1|25~_emulated ; UPclk        ; DNclk       ; 1.000        ; -2.027     ; 3.504      ;
; -4.505 ; 74193:inst1|23~1         ; 74193:inst1|24~_emulated ; UPclk        ; DNclk       ; 1.000        ; -1.614     ; 3.869      ;
; -4.486 ; 74193:inst4|25~1         ; 74193:inst1|24~_emulated ; UPclk        ; DNclk       ; 1.000        ; -1.615     ; 3.849      ;
; -4.447 ; 74193:inst4|24~_emulated ; 74193:inst4|23~_emulated ; UPclk        ; DNclk       ; 1.000        ; -1.599     ; 3.826      ;
; -4.415 ; 74193:inst4|23~_emulated ; 74193:inst4|24~_emulated ; UPclk        ; DNclk       ; 1.000        ; -2.063     ; 3.330      ;
; -4.394 ; 74193:inst4|23~_emulated ; 74193:inst4|26~_emulated ; UPclk        ; DNclk       ; 1.000        ; -2.202     ; 3.170      ;
; -4.394 ; 74193:inst4|23~_emulated ; 74193:inst1|26~_emulated ; UPclk        ; DNclk       ; 1.000        ; -2.343     ; 3.029      ;
; -4.393 ; 74193:inst1|23~1         ; 74193:inst1|25~_emulated ; UPclk        ; DNclk       ; 1.000        ; -1.659     ; 3.712      ;
; -4.374 ; 74193:inst4|25~1         ; 74193:inst1|25~_emulated ; UPclk        ; DNclk       ; 1.000        ; -1.660     ; 3.692      ;
; -4.368 ; 74193:inst4|24~_emulated ; 74193:inst4|26~_emulated ; UPclk        ; DNclk       ; 1.000        ; -1.977     ; 3.369      ;
; -4.368 ; 74193:inst4|24~_emulated ; 74193:inst1|26~_emulated ; UPclk        ; DNclk       ; 1.000        ; -2.118     ; 3.228      ;
; -4.321 ; 74193:inst4|24~1         ; 74193:inst1|24~_emulated ; UPclk        ; DNclk       ; 1.000        ; -1.615     ; 3.684      ;
; -4.294 ; 74193:inst4|26~1         ; 74193:inst1|24~_emulated ; UPclk        ; DNclk       ; 1.000        ; -1.615     ; 3.657      ;
; -4.287 ; 74193:inst1|23~1         ; 74193:inst4|23~_emulated ; UPclk        ; DNclk       ; 1.000        ; -1.231     ; 4.034      ;
; -4.268 ; 74193:inst4|25~1         ; 74193:inst4|23~_emulated ; UPclk        ; DNclk       ; 1.000        ; -1.232     ; 4.014      ;
; -4.264 ; 74193:inst4|23~_emulated ; 74193:inst4|25~_emulated ; UPclk        ; DNclk       ; 1.000        ; -2.089     ; 3.153      ;
; -4.254 ; 74193:inst4|23~_emulated ; 74193:inst1|23~_emulated ; UPclk        ; DNclk       ; 1.000        ; -1.830     ; 3.402      ;
; -4.238 ; 74193:inst4|24~_emulated ; 74193:inst4|25~_emulated ; UPclk        ; DNclk       ; 1.000        ; -1.864     ; 3.352      ;
; -4.229 ; 74193:inst1|23~1         ; 74193:inst4|24~_emulated ; UPclk        ; DNclk       ; 1.000        ; -1.470     ; 3.737      ;
; -4.228 ; 74193:inst4|24~_emulated ; 74193:inst1|23~_emulated ; UPclk        ; DNclk       ; 1.000        ; -1.605     ; 3.601      ;
; -4.210 ; 74193:inst4|25~1         ; 74193:inst4|24~_emulated ; UPclk        ; DNclk       ; 1.000        ; -1.471     ; 3.717      ;
; -4.209 ; 74193:inst4|24~1         ; 74193:inst1|25~_emulated ; UPclk        ; DNclk       ; 1.000        ; -1.660     ; 3.527      ;
; -4.208 ; 74193:inst1|23~1         ; 74193:inst4|26~_emulated ; UPclk        ; DNclk       ; 1.000        ; -1.609     ; 3.577      ;
; -4.208 ; 74193:inst1|23~1         ; 74193:inst1|26~_emulated ; UPclk        ; DNclk       ; 1.000        ; -1.750     ; 3.436      ;
; -4.189 ; 74193:inst4|25~1         ; 74193:inst4|26~_emulated ; UPclk        ; DNclk       ; 1.000        ; -1.610     ; 3.557      ;
; -4.189 ; 74193:inst4|25~1         ; 74193:inst1|26~_emulated ; UPclk        ; DNclk       ; 1.000        ; -1.751     ; 3.416      ;
; -4.182 ; 74193:inst4|26~1         ; 74193:inst1|25~_emulated ; UPclk        ; DNclk       ; 1.000        ; -1.660     ; 3.500      ;
; -4.103 ; 74193:inst4|24~1         ; 74193:inst4|23~_emulated ; UPclk        ; DNclk       ; 1.000        ; -1.232     ; 3.849      ;
; -4.078 ; 74193:inst1|23~1         ; 74193:inst4|25~_emulated ; UPclk        ; DNclk       ; 1.000        ; -1.496     ; 3.560      ;
; -4.076 ; 74193:inst4|26~1         ; 74193:inst4|23~_emulated ; UPclk        ; DNclk       ; 1.000        ; -1.232     ; 3.822      ;
; -4.049 ; 74193:inst4|25~1         ; 74193:inst1|23~_emulated ; UPclk        ; DNclk       ; 1.000        ; -1.238     ; 3.789      ;
; -4.024 ; 74193:inst4|24~1         ; 74193:inst4|26~_emulated ; UPclk        ; DNclk       ; 1.000        ; -1.610     ; 3.392      ;
; -4.024 ; 74193:inst4|24~1         ; 74193:inst1|26~_emulated ; UPclk        ; DNclk       ; 1.000        ; -1.751     ; 3.251      ;
; -4.018 ; 74193:inst4|26~1         ; 74193:inst4|24~_emulated ; UPclk        ; DNclk       ; 1.000        ; -1.471     ; 3.525      ;
; -3.997 ; 74193:inst4|26~1         ; 74193:inst1|26~_emulated ; UPclk        ; DNclk       ; 1.000        ; -1.751     ; 3.224      ;
; -3.964 ; 74193:inst4|23~1         ; 74193:inst1|24~_emulated ; UPclk        ; DNclk       ; 1.000        ; -1.681     ; 3.261      ;
; -3.894 ; 74193:inst4|24~1         ; 74193:inst4|25~_emulated ; UPclk        ; DNclk       ; 1.000        ; -1.497     ; 3.375      ;
; -3.884 ; 74193:inst4|24~1         ; 74193:inst1|23~_emulated ; UPclk        ; DNclk       ; 1.000        ; -1.238     ; 3.624      ;
; -3.867 ; 74193:inst4|26~1         ; 74193:inst4|25~_emulated ; UPclk        ; DNclk       ; 1.000        ; -1.497     ; 3.348      ;
; -3.857 ; 74193:inst4|26~1         ; 74193:inst1|23~_emulated ; UPclk        ; DNclk       ; 1.000        ; -1.238     ; 3.597      ;
; -3.852 ; 74193:inst4|23~1         ; 74193:inst1|25~_emulated ; UPclk        ; DNclk       ; 1.000        ; -1.726     ; 3.104      ;
+--------+--------------------------+--------------------------+--------------+-------------+--------------+------------+------------+


+------------------------------------------------------------------------------------------------------------------------------------+
; Fast 1200mV -40C Model Hold: 'UPclk'                                                                                               ;
+--------+--------------------------+--------------------------+--------------+-------------+--------------+------------+------------+
; Slack  ; From Node                ; To Node                  ; Launch Clock ; Latch Clock ; Relationship ; Clock Skew ; Data Delay ;
+--------+--------------------------+--------------------------+--------------+-------------+--------------+------------+------------+
; -0.680 ; 74193:inst1|23~1         ; 74193:inst1|23~_emulated ; UPclk        ; UPclk       ; 0.000        ; 1.084      ; 0.486      ;
; -0.668 ; 74193:inst1|24~_emulated ; 74193:inst1|24~_emulated ; UPclk        ; UPclk       ; 0.000        ; 2.367      ; 1.781      ;
; -0.623 ; 74193:inst1|23~_emulated ; 74193:inst1|23~_emulated ; UPclk        ; UPclk       ; 0.000        ; 2.437      ; 1.896      ;
; -0.571 ; 74193:inst1|25~_emulated ; 74193:inst1|25~_emulated ; UPclk        ; UPclk       ; -0.500       ; 2.568      ; 1.599      ;
; -0.461 ; 74193:inst1|24~_emulated ; 74193:inst1|24~_emulated ; DNclk        ; UPclk       ; 0.000        ; 2.130      ; 1.781      ;
; -0.453 ; 74193:inst1|24~1         ; 74193:inst1|24~_emulated ; UPclk        ; UPclk       ; 0.000        ; 0.636      ; 0.265      ;
; -0.427 ; 74193:inst1|23~_emulated ; 74193:inst1|23~_emulated ; DNclk        ; UPclk       ; 0.000        ; 2.211      ; 1.896      ;
; -0.339 ; 74193:inst1|25~_emulated ; 74193:inst1|25~_emulated ; DNclk        ; UPclk       ; -0.500       ; 2.326      ; 1.599      ;
; -0.281 ; 74193:inst4|24~1         ; 74193:inst4|24~_emulated ; UPclk        ; UPclk       ; 0.000        ; 0.477      ; 0.278      ;
; -0.257 ; 74193:inst4|23~1         ; 74193:inst4|23~_emulated ; UPclk        ; UPclk       ; 0.000        ; 0.639      ; 0.464      ;
; -0.187 ; 74193:inst1|25~1         ; 74193:inst1|25~_emulated ; UPclk        ; UPclk       ; -0.500       ; 0.775      ; 0.190      ;
; -0.089 ; 74193:inst4|24~_emulated ; 74193:inst4|24~_emulated ; DNclk        ; UPclk       ; 0.000        ; 1.838      ; 1.861      ;
; -0.002 ; UPclk                    ; 74193:inst1|23~_emulated ; UPclk        ; UPclk       ; 0.000        ; 3.909      ; 3.989      ;
; 0.051  ; 74193:inst4|26~_emulated ; 74193:inst4|26~_emulated ; DNclk        ; UPclk       ; -0.500       ; 1.997      ; 1.660      ;
; 0.113  ; 74193:inst4|25~1         ; 74193:inst4|25~_emulated ; UPclk        ; UPclk       ; -0.500       ; 0.525      ; 0.240      ;
; 0.118  ; 74193:inst4|23~_emulated ; 74193:inst4|23~_emulated ; DNclk        ; UPclk       ; 0.000        ; 1.824      ; 2.054      ;
; 0.187  ; 74193:inst4|25~_emulated ; 74193:inst4|25~_emulated ; DNclk        ; UPclk       ; -0.500       ; 1.912      ; 1.711      ;
; 0.242  ; 74193:inst4|26~1         ; 74193:inst4|26~_emulated ; UPclk        ; UPclk       ; -0.500       ; 0.497      ; 0.341      ;
; 0.277  ; 74193:inst4|26~_emulated ; 74193:inst4|26~_emulated ; UPclk        ; UPclk       ; -0.500       ; 1.781      ; 1.660      ;
; 0.324  ; 74193:inst4|26~_emulated ; 74193:inst1|23~_emulated ; DNclk        ; UPclk       ; 0.000        ; 2.583      ; 3.019      ;
; 0.344  ; 74193:inst4|24~_emulated ; 74193:inst4|24~_emulated ; UPclk        ; UPclk       ; 0.000        ; 1.435      ; 1.861      ;
; 0.438  ; UPclk                    ; 74193:inst1|25~_emulated ; UPclk        ; UPclk       ; 0.000        ; 3.602      ; 4.122      ;
; 0.439  ; 74193:inst4|25~_emulated ; 74193:inst1|23~_emulated ; DNclk        ; UPclk       ; 0.000        ; 2.470      ; 3.021      ;
; 0.472  ; 74193:inst4|23~_emulated ; 74193:inst4|23~_emulated ; UPclk        ; UPclk       ; 0.000        ; 1.500      ; 2.054      ;
; 0.485  ; 74193:inst4|24~_emulated ; 74193:inst1|23~_emulated ; DNclk        ; UPclk       ; 0.000        ; 2.444      ; 3.041      ;
; 0.519  ; UPclk                    ; 74193:inst1|24~_emulated ; UPclk        ; UPclk       ; 0.000        ; 3.451      ; 4.052      ;
; 0.533  ; UPclk                    ; 74193:inst4|23~_emulated ; UPclk        ; UPclk       ; 0.000        ; 3.528      ; 4.143      ;
; 0.548  ; 74193:inst4|23~_emulated ; 74193:inst1|23~_emulated ; DNclk        ; UPclk       ; 0.000        ; 2.205      ; 2.865      ;
; 0.568  ; UPclk                    ; 74193:inst4|24~_emulated ; UPclk        ; UPclk       ; 0.000        ; 3.303      ; 3.953      ;
; 0.568  ; 74193:inst4|25~_emulated ; 74193:inst4|25~_emulated ; UPclk        ; UPclk       ; -0.500       ; 1.541      ; 1.711      ;
; 0.570  ; 74193:inst4|26~_emulated ; 74193:inst1|23~_emulated ; UPclk        ; UPclk       ; 0.000        ; 2.367      ; 3.019      ;
; 0.585  ; UPclk                    ; 74193:inst4|25~_emulated ; UPclk        ; UPclk       ; 0.000        ; 3.351      ; 4.018      ;
; 0.602  ; UPclk                    ; 74193:inst4|26~_emulated ; UPclk        ; UPclk       ; 0.000        ; 3.323      ; 4.007      ;
; 0.706  ; UPclk                    ; 74193:inst1|23~_emulated ; UPclk        ; UPclk       ; -0.500       ; 3.909      ; 4.217      ;
; 0.729  ; UPclk                    ; 74193:inst1|25~_emulated ; UPclk        ; UPclk       ; -0.500       ; 3.602      ; 3.933      ;
; 0.806  ; 74193:inst4|26~_emulated ; 74193:inst1|24~_emulated ; DNclk        ; UPclk       ; 0.000        ; 2.125      ; 3.043      ;
; 0.822  ; 74193:inst1|26~_emulated ; 74193:inst1|23~_emulated ; UPclk        ; UPclk       ; 0.000        ; 2.920      ; 3.824      ;
; 0.825  ; UPclk                    ; 74193:inst4|25~_emulated ; UPclk        ; UPclk       ; -0.500       ; 3.351      ; 3.778      ;
; 0.840  ; 74193:inst4|25~_emulated ; 74193:inst1|23~_emulated ; UPclk        ; UPclk       ; 0.000        ; 2.099      ; 3.021      ;
; 0.842  ; 74193:inst1|25~_emulated ; 74193:inst1|23~_emulated ; UPclk        ; UPclk       ; 0.000        ; 2.875      ; 3.799      ;
; 0.843  ; 74193:inst4|26~_emulated ; 74193:inst4|23~_emulated ; DNclk        ; UPclk       ; 0.000        ; 2.202      ; 3.157      ;
; 0.869  ; UPclk                    ; 74193:inst4|26~_emulated ; UPclk        ; UPclk       ; -0.500       ; 3.323      ; 3.794      ;
; 0.894  ; 74193:inst4|26~_emulated ; 74193:inst4|24~_emulated ; DNclk        ; UPclk       ; 0.000        ; 1.977      ; 2.983      ;
; 0.902  ; 74193:inst4|23~_emulated ; 74193:inst1|23~_emulated ; UPclk        ; UPclk       ; 0.000        ; 1.881      ; 2.865      ;
; 0.918  ; 74193:inst4|24~_emulated ; 74193:inst1|23~_emulated ; UPclk        ; UPclk       ; 0.000        ; 2.041      ; 3.041      ;
; 0.921  ; 74193:inst4|25~_emulated ; 74193:inst1|24~_emulated ; DNclk        ; UPclk       ; 0.000        ; 2.012      ; 3.045      ;
; 0.958  ; 74193:inst4|25~_emulated ; 74193:inst4|23~_emulated ; DNclk        ; UPclk       ; 0.000        ; 2.089      ; 3.159      ;
; 0.967  ; 74193:inst4|24~_emulated ; 74193:inst1|24~_emulated ; DNclk        ; UPclk       ; 0.000        ; 1.986      ; 3.065      ;
; 0.988  ; 74193:inst1|26~_emulated ; 74193:inst1|23~_emulated ; DNclk        ; UPclk       ; 0.000        ; 2.724      ; 3.824      ;
; 1.004  ; 74193:inst4|24~_emulated ; 74193:inst4|23~_emulated ; DNclk        ; UPclk       ; 0.000        ; 2.063      ; 3.179      ;
; 1.009  ; 74193:inst4|25~_emulated ; 74193:inst4|24~_emulated ; DNclk        ; UPclk       ; 0.000        ; 1.864      ; 2.985      ;
; 1.030  ; 74193:inst4|23~_emulated ; 74193:inst1|24~_emulated ; DNclk        ; UPclk       ; 0.000        ; 1.747      ; 2.889      ;
; 1.036  ; 74193:inst4|26~_emulated ; 74193:inst1|25~_emulated ; DNclk        ; UPclk       ; -0.500       ; 2.276      ; 2.924      ;
; 1.037  ; 74193:inst4|26~_emulated ; 74193:inst1|24~_emulated ; UPclk        ; UPclk       ; 0.000        ; 1.924      ; 3.043      ;
; 1.047  ; 74193:inst1|24~_emulated ; 74193:inst1|23~_emulated ; UPclk        ; UPclk       ; 0.000        ; 2.825      ; 3.954      ;
; 1.054  ; 74193:inst1|25~_emulated ; 74193:inst1|23~_emulated ; DNclk        ; UPclk       ; 0.000        ; 2.633      ; 3.799      ;
; 1.089  ; 74193:inst4|26~_emulated ; 74193:inst4|23~_emulated ; UPclk        ; UPclk       ; 0.000        ; 1.986      ; 3.157      ;
; 1.095  ; 74193:inst4|25~1         ; 74193:inst4|25~_emulated ; UPclk        ; UPclk       ; 0.000        ; -0.937     ; 0.240      ;
; 1.118  ; 74193:inst4|23~_emulated ; 74193:inst4|24~_emulated ; DNclk        ; UPclk       ; 0.000        ; 1.599      ; 2.829      ;
; 1.140  ; 74193:inst4|26~_emulated ; 74193:inst4|24~_emulated ; UPclk        ; UPclk       ; 0.000        ; 1.761      ; 2.983      ;
; 1.149  ; 74193:inst4|25~_emulated ; 74193:inst4|25~_emulated ; DNclk        ; UPclk       ; 0.000        ; 0.450      ; 1.711      ;
; 1.151  ; 74193:inst4|25~_emulated ; 74193:inst1|25~_emulated ; DNclk        ; UPclk       ; -0.500       ; 2.163      ; 2.926      ;
; 1.155  ; 74193:inst1|23~_emulated ; 74193:inst1|24~_emulated ; UPclk        ; UPclk       ; 0.000        ; 1.994      ; 3.231      ;
; 1.183  ; 74193:inst4|26~_emulated ; 74193:inst4|25~_emulated ; DNclk        ; UPclk       ; -0.500       ; 2.025      ; 2.820      ;
; 1.188  ; UPclk                    ; 74193:inst1|24~_emulated ; UPclk        ; UPclk       ; -0.500       ; 3.451      ; 4.241      ;
; 1.197  ; 74193:inst4|24~_emulated ; 74193:inst1|25~_emulated ; DNclk        ; UPclk       ; -0.500       ; 2.137      ; 2.946      ;
; 1.207  ; 74193:inst1|23~_emulated ; 74193:inst4|23~_emulated ; UPclk        ; UPclk       ; 0.000        ; 2.056      ; 3.345      ;
; 1.225  ; UPclk                    ; 74193:inst4|23~_emulated ; UPclk        ; UPclk       ; -0.500       ; 3.528      ; 4.355      ;
; 1.254  ; 74193:inst1|24~_emulated ; 74193:inst1|23~_emulated ; DNclk        ; UPclk       ; 0.000        ; 2.588      ; 3.954      ;
; 1.258  ; 74193:inst1|23~_emulated ; 74193:inst4|24~_emulated ; UPclk        ; UPclk       ; 0.000        ; 1.831      ; 3.171      ;
; 1.260  ; 74193:inst4|23~_emulated ; 74193:inst1|25~_emulated ; DNclk        ; UPclk       ; -0.500       ; 1.898      ; 2.770      ;
; 1.262  ; 74193:inst4|26~_emulated ; 74193:inst4|26~_emulated ; DNclk        ; UPclk       ; 0.000        ; 0.286      ; 1.660      ;
; 1.262  ; 74193:inst4|26~_emulated ; 74193:inst1|25~_emulated ; UPclk        ; UPclk       ; -0.500       ; 2.060      ; 2.924      ;
; 1.276  ; UPclk                    ; 74193:inst4|24~_emulated ; UPclk        ; UPclk       ; -0.500       ; 3.303      ; 4.181      ;
; 1.304  ; 74193:inst1|26~_emulated ; 74193:inst1|24~_emulated ; UPclk        ; UPclk       ; 0.000        ; 2.462      ; 3.848      ;
; 1.307  ; 74193:inst4|25~_emulated ; 74193:inst1|24~_emulated ; UPclk        ; UPclk       ; 0.000        ; 1.656      ; 3.045      ;
; 1.315  ; 74193:inst4|25~_emulated ; 74193:inst4|26~_emulated ; DNclk        ; UPclk       ; -0.500       ; 1.884      ; 2.811      ;
; 1.324  ; 74193:inst1|25~_emulated ; 74193:inst1|24~_emulated ; UPclk        ; UPclk       ; 0.000        ; 2.417      ; 3.823      ;
; 1.326  ; 74193:inst1|26~_emulated ; 74193:inst1|26~_emulated ; UPclk        ; UPclk       ; 0.000        ; 0.042      ; 1.450      ;
; 1.341  ; 74193:inst1|26~_emulated ; 74193:inst4|23~_emulated ; UPclk        ; UPclk       ; 0.000        ; 2.539      ; 3.962      ;
; 1.344  ; 74193:inst4|24~_emulated ; 74193:inst4|25~_emulated ; DNclk        ; UPclk       ; -0.500       ; 1.886      ; 2.842      ;
; 1.359  ; 74193:inst4|25~_emulated ; 74193:inst4|23~_emulated ; UPclk        ; UPclk       ; 0.000        ; 1.718      ; 3.159      ;
; 1.361  ; 74193:inst1|25~_emulated ; 74193:inst4|23~_emulated ; UPclk        ; UPclk       ; 0.000        ; 2.494      ; 3.937      ;
; 1.361  ; 74193:inst4|24~_emulated ; 74193:inst4|26~_emulated ; DNclk        ; UPclk       ; -0.500       ; 1.858      ; 2.831      ;
; 1.366  ; 74193:inst1|23~_emulated ; 74193:inst1|24~_emulated ; DNclk        ; UPclk       ; 0.000        ; 1.753      ; 3.231      ;
; 1.369  ; 74193:inst4|23~_emulated ; 74193:inst1|24~_emulated ; UPclk        ; UPclk       ; 0.000        ; 1.438      ; 2.889      ;
; 1.380  ; 74193:inst1|23~_emulated ; 74193:inst1|25~_emulated ; UPclk        ; UPclk       ; -0.500       ; 2.130      ; 3.112      ;
; 1.385  ; 74193:inst4|24~_emulated ; 74193:inst1|24~_emulated ; UPclk        ; UPclk       ; 0.000        ; 1.598      ; 3.065      ;
; 1.392  ; 74193:inst1|26~_emulated ; 74193:inst4|24~_emulated ; UPclk        ; UPclk       ; 0.000        ; 2.314      ; 3.788      ;
; 1.403  ; 74193:inst1|23~_emulated ; 74193:inst4|23~_emulated ; DNclk        ; UPclk       ; 0.000        ; 1.830      ; 3.345      ;
; 1.407  ; 74193:inst4|23~_emulated ; 74193:inst4|25~_emulated ; DNclk        ; UPclk       ; -0.500       ; 1.647      ; 2.666      ;
; 1.409  ; 74193:inst4|26~_emulated ; 74193:inst4|25~_emulated ; UPclk        ; UPclk       ; -0.500       ; 1.809      ; 2.820      ;
; 1.410  ; 74193:inst4|25~_emulated ; 74193:inst4|24~_emulated ; UPclk        ; UPclk       ; 0.000        ; 1.493      ; 2.985      ;
; 1.412  ; 74193:inst1|25~_emulated ; 74193:inst4|24~_emulated ; UPclk        ; UPclk       ; 0.000        ; 2.269      ; 3.763      ;
; 1.424  ; 74193:inst4|23~_emulated ; 74193:inst4|26~_emulated ; DNclk        ; UPclk       ; -0.500       ; 1.619      ; 2.655      ;
; 1.437  ; 74193:inst4|24~_emulated ; 74193:inst4|23~_emulated ; UPclk        ; UPclk       ; 0.000        ; 1.660      ; 3.179      ;
; 1.454  ; 74193:inst1|23~_emulated ; 74193:inst4|24~_emulated ; DNclk        ; UPclk       ; 0.000        ; 1.605      ; 3.171      ;
; 1.468  ; 74193:inst4|26~_emulated ; 74193:inst4|26~_emulated ; UPclk        ; UPclk       ; 0.000        ; 0.110      ; 1.660      ;
; 1.468  ; 74193:inst1|25~_emulated ; 74193:inst1|25~_emulated ; UPclk        ; UPclk       ; 0.000        ; 0.049      ; 1.599      ;
; 1.470  ; 74193:inst1|26~_emulated ; 74193:inst1|24~_emulated ; DNclk        ; UPclk       ; 0.000        ; 2.266      ; 3.848      ;
+--------+--------------------------+--------------------------+--------------+-------------+--------------+------------+------------+


+-----------------------------------------------------------------------------------------------------------------------------------+
; Fast 1200mV -40C Model Hold: 'DNclk'                                                                                              ;
+-------+--------------------------+--------------------------+--------------+-------------+--------------+------------+------------+
; Slack ; From Node                ; To Node                  ; Launch Clock ; Latch Clock ; Relationship ; Clock Skew ; Data Delay ;
+-------+--------------------------+--------------------------+--------------+-------------+--------------+------------+------------+
; 1.092 ; 74193:inst1|26~_emulated ; 74193:inst1|26~_emulated ; UPclk        ; DNclk       ; 0.000        ; 0.246      ; 1.450      ;
; 1.162 ; 74193:inst1|25~_emulated ; 74193:inst1|25~_emulated ; UPclk        ; DNclk       ; 0.000        ; 0.325      ; 1.599      ;
; 1.318 ; 74193:inst1|26~_emulated ; 74193:inst1|26~_emulated ; DNclk        ; DNclk       ; 0.000        ; 0.050      ; 1.450      ;
; 1.347 ; 74193:inst1|24~_emulated ; 74193:inst1|24~_emulated ; UPclk        ; DNclk       ; 0.000        ; 0.322      ; 1.781      ;
; 1.414 ; 74193:inst1|23~1         ; 74193:inst1|23~_emulated ; UPclk        ; DNclk       ; 0.000        ; -1.040     ; 0.486      ;
; 1.420 ; 74193:inst4|25~1         ; 74193:inst4|25~_emulated ; UPclk        ; DNclk       ; 0.000        ; -1.292     ; 0.240      ;
; 1.423 ; 74193:inst4|24~1         ; 74193:inst4|24~_emulated ; UPclk        ; DNclk       ; 0.000        ; -1.257     ; 0.278      ;
; 1.434 ; 74193:inst1|25~_emulated ; 74193:inst1|25~_emulated ; DNclk        ; DNclk       ; 0.000        ; 0.083      ; 1.599      ;
; 1.449 ; 74193:inst4|23~1         ; 74193:inst4|23~_emulated ; UPclk        ; DNclk       ; 0.000        ; -1.097     ; 0.464      ;
; 1.471 ; 74193:inst1|23~_emulated ; 74193:inst1|23~_emulated ; UPclk        ; DNclk       ; 0.000        ; 0.313      ; 1.896      ;
; 1.482 ; 74193:inst1|26~1         ; 74193:inst1|26~_emulated ; UPclk        ; DNclk       ; 0.000        ; -1.256     ; 0.338      ;
; 1.523 ; 74193:inst4|26~_emulated ; 74193:inst4|26~_emulated ; DNclk        ; DNclk       ; 0.000        ; 0.055      ; 1.660      ;
; 1.531 ; 74193:inst1|25~1         ; 74193:inst1|25~_emulated ; UPclk        ; DNclk       ; 0.000        ; -1.453     ; 0.190      ;
; 1.549 ; 74193:inst4|25~_emulated ; 74193:inst4|25~_emulated ; DNclk        ; DNclk       ; 0.000        ; 0.080      ; 1.711      ;
; 1.562 ; 74193:inst1|24~1         ; 74193:inst1|24~_emulated ; UPclk        ; DNclk       ; 0.000        ; -1.409     ; 0.265      ;
; 1.614 ; 74193:inst1|24~_emulated ; 74193:inst1|24~_emulated ; DNclk        ; DNclk       ; 0.000        ; 0.085      ; 1.781      ;
; 1.659 ; 74193:inst4|26~1         ; 74193:inst4|26~_emulated ; UPclk        ; DNclk       ; 0.000        ; -1.430     ; 0.341      ;
; 1.690 ; 74193:inst4|24~_emulated ; 74193:inst4|24~_emulated ; DNclk        ; DNclk       ; 0.000        ; 0.089      ; 1.861      ;
; 1.694 ; 74193:inst4|26~_emulated ; 74193:inst4|26~_emulated ; UPclk        ; DNclk       ; 0.000        ; -0.146     ; 1.660      ;
; 1.742 ; 74193:inst1|23~_emulated ; 74193:inst1|23~_emulated ; DNclk        ; DNclk       ; 0.000        ; 0.072      ; 1.896      ;
; 1.875 ; 74193:inst4|25~_emulated ; 74193:inst4|25~_emulated ; UPclk        ; DNclk       ; 0.000        ; -0.276     ; 1.711      ;
; 1.899 ; 74193:inst4|23~_emulated ; 74193:inst4|23~_emulated ; DNclk        ; DNclk       ; 0.000        ; 0.073      ; 2.054      ;
; 2.048 ; 74193:inst4|24~_emulated ; 74193:inst4|24~_emulated ; UPclk        ; DNclk       ; 0.000        ; -0.299     ; 1.861      ;
; 2.107 ; UPclk                    ; 74193:inst1|23~_emulated ; UPclk        ; DNclk       ; 0.000        ; 1.770      ; 3.989      ;
; 2.147 ; UPclk                    ; 74193:inst4|25~_emulated ; UPclk        ; DNclk       ; 0.000        ; 1.519      ; 3.778      ;
; 2.178 ; 74193:inst4|23~_emulated ; 74193:inst4|23~_emulated ; UPclk        ; DNclk       ; 0.000        ; -0.236     ; 2.054      ;
; 2.254 ; UPclk                    ; 74193:inst4|23~_emulated ; UPclk        ; DNclk       ; 0.000        ; 1.777      ; 4.143      ;
; 2.287 ; UPclk                    ; 74193:inst4|24~_emulated ; UPclk        ; DNclk       ; 0.000        ; 1.554      ; 3.953      ;
; 2.301 ; UPclk                    ; 74193:inst4|26~_emulated ; UPclk        ; DNclk       ; 0.000        ; 1.381      ; 3.794      ;
; 2.335 ; UPclk                    ; 74193:inst1|26~_emulated ; UPclk        ; DNclk       ; 0.000        ; 1.235      ; 3.682      ;
; 2.462 ; UPclk                    ; 74193:inst1|25~_emulated ; UPclk        ; DNclk       ; 0.000        ; 1.359      ; 3.933      ;
; 2.493 ; 74193:inst4|26~_emulated ; 74193:inst1|23~_emulated ; DNclk        ; DNclk       ; 0.000        ; 0.444      ; 3.019      ;
; 2.534 ; UPclk                    ; 74193:inst1|24~_emulated ; UPclk        ; DNclk       ; 0.000        ; 1.406      ; 4.052      ;
; 2.545 ; 74193:inst4|26~_emulated ; 74193:inst4|25~_emulated ; DNclk        ; DNclk       ; 0.000        ; 0.193      ; 2.820      ;
; 2.608 ; 74193:inst4|25~_emulated ; 74193:inst1|23~_emulated ; DNclk        ; DNclk       ; 0.000        ; 0.331      ; 3.021      ;
; 2.624 ; 74193:inst4|26~_emulated ; 74193:inst4|23~_emulated ; DNclk        ; DNclk       ; 0.000        ; 0.451      ; 3.157      ;
; 2.654 ; 74193:inst4|24~_emulated ; 74193:inst1|23~_emulated ; DNclk        ; DNclk       ; 0.000        ; 0.305      ; 3.041      ;
; 2.664 ; 74193:inst4|26~_emulated ; 74193:inst1|23~_emulated ; UPclk        ; DNclk       ; 0.000        ; 0.243      ; 3.019      ;
; 2.673 ; 74193:inst4|26~_emulated ; 74193:inst4|24~_emulated ; DNclk        ; DNclk       ; 0.000        ; 0.228      ; 2.983      ;
; 2.706 ; 74193:inst4|24~_emulated ; 74193:inst4|25~_emulated ; DNclk        ; DNclk       ; 0.000        ; 0.054      ; 2.842      ;
; 2.716 ; 74193:inst4|26~_emulated ; 74193:inst4|25~_emulated ; UPclk        ; DNclk       ; 0.000        ; -0.008     ; 2.820      ;
; 2.717 ; 74193:inst4|26~_emulated ; 74193:inst1|26~_emulated ; DNclk        ; DNclk       ; 0.000        ; -0.091     ; 2.708      ;
; 2.717 ; 74193:inst4|23~_emulated ; 74193:inst1|23~_emulated ; DNclk        ; DNclk       ; 0.000        ; 0.066      ; 2.865      ;
; 2.739 ; 74193:inst4|25~_emulated ; 74193:inst4|23~_emulated ; DNclk        ; DNclk       ; 0.000        ; 0.338      ; 3.159      ;
; 2.769 ; 74193:inst4|23~_emulated ; 74193:inst4|25~_emulated ; DNclk        ; DNclk       ; 0.000        ; -0.185     ; 2.666      ;
; 2.785 ; 74193:inst4|24~_emulated ; 74193:inst4|23~_emulated ; DNclk        ; DNclk       ; 0.000        ; 0.312      ; 3.179      ;
; 2.787 ; 74193:inst4|25~_emulated ; 74193:inst4|26~_emulated ; DNclk        ; DNclk       ; 0.000        ; -0.058     ; 2.811      ;
; 2.788 ; 74193:inst4|25~_emulated ; 74193:inst4|24~_emulated ; DNclk        ; DNclk       ; 0.000        ; 0.115      ; 2.985      ;
; 2.795 ; 74193:inst4|26~_emulated ; 74193:inst4|23~_emulated ; UPclk        ; DNclk       ; 0.000        ; 0.250      ; 3.157      ;
; 2.809 ; 74193:inst4|26~_emulated ; 74193:inst1|25~_emulated ; DNclk        ; DNclk       ; 0.000        ; 0.033      ; 2.924      ;
; 2.832 ; 74193:inst4|25~_emulated ; 74193:inst1|26~_emulated ; DNclk        ; DNclk       ; 0.000        ; -0.204     ; 2.710      ;
; 2.833 ; 74193:inst4|24~_emulated ; 74193:inst4|26~_emulated ; DNclk        ; DNclk       ; 0.000        ; -0.084     ; 2.831      ;
; 2.834 ; 74193:inst1|23~_emulated ; 74193:inst4|25~_emulated ; UPclk        ; DNclk       ; 0.000        ; 0.062      ; 3.008      ;
; 2.835 ; UPclk                    ; 74193:inst1|23~_emulated ; UPclk        ; DNclk       ; -0.500       ; 1.770      ; 4.217      ;
; 2.844 ; 74193:inst4|26~_emulated ; 74193:inst4|24~_emulated ; UPclk        ; DNclk       ; 0.000        ; 0.027      ; 2.983      ;
; 2.878 ; 74193:inst4|24~_emulated ; 74193:inst1|26~_emulated ; DNclk        ; DNclk       ; 0.000        ; -0.230     ; 2.730      ;
; 2.881 ; 74193:inst4|26~_emulated ; 74193:inst1|24~_emulated ; DNclk        ; DNclk       ; 0.000        ; 0.080      ; 3.043      ;
; 2.887 ; UPclk                    ; 74193:inst4|25~_emulated ; UPclk        ; DNclk       ; -0.500       ; 1.519      ; 4.018      ;
; 2.888 ; 74193:inst4|26~_emulated ; 74193:inst1|26~_emulated ; UPclk        ; DNclk       ; 0.000        ; -0.292     ; 2.708      ;
; 2.896 ; 74193:inst4|23~_emulated ; 74193:inst4|26~_emulated ; DNclk        ; DNclk       ; 0.000        ; -0.323     ; 2.655      ;
; 2.897 ; 74193:inst4|23~_emulated ; 74193:inst4|24~_emulated ; DNclk        ; DNclk       ; 0.000        ; -0.150     ; 2.829      ;
; 2.913 ; 74193:inst1|23~_emulated ; 74193:inst4|23~_emulated ; UPclk        ; DNclk       ; 0.000        ; 0.320      ; 3.345      ;
; 2.924 ; 74193:inst4|25~_emulated ; 74193:inst1|25~_emulated ; DNclk        ; DNclk       ; 0.000        ; -0.080     ; 2.926      ;
; 2.931 ; 74193:inst1|26~_emulated ; 74193:inst1|23~_emulated ; UPclk        ; DNclk       ; 0.000        ; 0.781      ; 3.824      ;
; 2.934 ; 74193:inst4|25~_emulated ; 74193:inst1|23~_emulated ; UPclk        ; DNclk       ; 0.000        ; -0.025     ; 3.021      ;
; 2.941 ; 74193:inst4|23~_emulated ; 74193:inst1|26~_emulated ; DNclk        ; DNclk       ; 0.000        ; -0.469     ; 2.554      ;
; 2.951 ; 74193:inst1|25~_emulated ; 74193:inst1|23~_emulated ; UPclk        ; DNclk       ; 0.000        ; 0.736      ; 3.799      ;
; 2.961 ; 74193:inst1|23~_emulated ; 74193:inst4|26~_emulated ; UPclk        ; DNclk       ; 0.000        ; -0.076     ; 2.997      ;
; 2.962 ; 74193:inst1|23~_emulated ; 74193:inst4|24~_emulated ; UPclk        ; DNclk       ; 0.000        ; 0.097      ; 3.171      ;
; 2.966 ; UPclk                    ; 74193:inst4|23~_emulated ; UPclk        ; DNclk       ; -0.500       ; 1.777      ; 4.355      ;
; 2.970 ; 74193:inst4|24~_emulated ; 74193:inst1|25~_emulated ; DNclk        ; DNclk       ; 0.000        ; -0.106     ; 2.946      ;
; 2.980 ; 74193:inst4|26~_emulated ; 74193:inst1|25~_emulated ; UPclk        ; DNclk       ; 0.000        ; -0.168     ; 2.924      ;
; 2.983 ; 74193:inst1|26~_emulated ; 74193:inst4|25~_emulated ; UPclk        ; DNclk       ; 0.000        ; 0.530      ; 3.625      ;
; 2.996 ; 74193:inst4|25~_emulated ; 74193:inst1|24~_emulated ; DNclk        ; DNclk       ; 0.000        ; -0.033     ; 3.045      ;
; 2.996 ; 74193:inst4|23~_emulated ; 74193:inst1|23~_emulated ; UPclk        ; DNclk       ; 0.000        ; -0.243     ; 2.865      ;
; 3.003 ; 74193:inst1|25~_emulated ; 74193:inst4|25~_emulated ; UPclk        ; DNclk       ; 0.000        ; 0.485      ; 3.600      ;
; 3.006 ; 74193:inst1|23~_emulated ; 74193:inst1|26~_emulated ; UPclk        ; DNclk       ; 0.000        ; -0.222     ; 2.896      ;
; 3.012 ; 74193:inst4|24~_emulated ; 74193:inst1|23~_emulated ; UPclk        ; DNclk       ; 0.000        ; -0.083     ; 3.041      ;
; 3.014 ; UPclk                    ; 74193:inst4|26~_emulated ; UPclk        ; DNclk       ; -0.500       ; 1.381      ; 4.007      ;
; 3.015 ; UPclk                    ; 74193:inst4|24~_emulated ; UPclk        ; DNclk       ; -0.500       ; 1.554      ; 4.181      ;
; 3.033 ; 74193:inst4|23~_emulated ; 74193:inst1|25~_emulated ; DNclk        ; DNclk       ; 0.000        ; -0.345     ; 2.770      ;
; 3.042 ; 74193:inst4|24~_emulated ; 74193:inst1|24~_emulated ; DNclk        ; DNclk       ; 0.000        ; -0.059     ; 3.065      ;
; 3.048 ; 74193:inst4|23~_emulated ; 74193:inst4|25~_emulated ; UPclk        ; DNclk       ; 0.000        ; -0.494     ; 2.666      ;
; 3.052 ; 74193:inst4|26~_emulated ; 74193:inst1|24~_emulated ; UPclk        ; DNclk       ; 0.000        ; -0.121     ; 3.043      ;
; 3.059 ; UPclk                    ; 74193:inst1|26~_emulated ; UPclk        ; DNclk       ; -0.500       ; 1.235      ; 3.906      ;
; 3.062 ; 74193:inst1|26~_emulated ; 74193:inst4|23~_emulated ; UPclk        ; DNclk       ; 0.000        ; 0.788      ; 3.962      ;
; 3.064 ; 74193:inst4|24~_emulated ; 74193:inst4|25~_emulated ; UPclk        ; DNclk       ; 0.000        ; -0.334     ; 2.842      ;
; 3.065 ; 74193:inst4|25~_emulated ; 74193:inst4|23~_emulated ; UPclk        ; DNclk       ; 0.000        ; -0.018     ; 3.159      ;
; 3.082 ; 74193:inst1|25~_emulated ; 74193:inst4|23~_emulated ; UPclk        ; DNclk       ; 0.000        ; 0.743      ; 3.937      ;
; 3.098 ; 74193:inst1|23~_emulated ; 74193:inst1|25~_emulated ; UPclk        ; DNclk       ; 0.000        ; -0.098     ; 3.112      ;
; 3.105 ; 74193:inst1|23~_emulated ; 74193:inst4|25~_emulated ; DNclk        ; DNclk       ; 0.000        ; -0.179     ; 3.008      ;
; 3.105 ; 74193:inst4|23~_emulated ; 74193:inst1|24~_emulated ; DNclk        ; DNclk       ; 0.000        ; -0.298     ; 2.889      ;
; 3.110 ; 74193:inst1|26~_emulated ; 74193:inst4|26~_emulated ; UPclk        ; DNclk       ; 0.000        ; 0.392      ; 3.614      ;
; 3.111 ; 74193:inst1|26~_emulated ; 74193:inst4|24~_emulated ; UPclk        ; DNclk       ; 0.000        ; 0.565      ; 3.788      ;
; 3.113 ; 74193:inst4|25~_emulated ; 74193:inst4|26~_emulated ; UPclk        ; DNclk       ; 0.000        ; -0.414     ; 2.811      ;
; 3.114 ; 74193:inst4|25~_emulated ; 74193:inst4|24~_emulated ; UPclk        ; DNclk       ; 0.000        ; -0.241     ; 2.985      ;
; 3.130 ; 74193:inst1|25~_emulated ; 74193:inst4|26~_emulated ; UPclk        ; DNclk       ; 0.000        ; 0.347      ; 3.589      ;
; 3.131 ; 74193:inst1|25~_emulated ; 74193:inst4|24~_emulated ; UPclk        ; DNclk       ; 0.000        ; 0.520      ; 3.763      ;
; 3.143 ; 74193:inst4|24~_emulated ; 74193:inst4|23~_emulated ; UPclk        ; DNclk       ; 0.000        ; -0.076     ; 3.179      ;
; 3.151 ; UPclk                    ; 74193:inst1|25~_emulated ; UPclk        ; DNclk       ; -0.500       ; 1.359      ; 4.122      ;
+-------+--------------------------+--------------------------+--------------+-------------+--------------+------------+------------+


+------------------------------------------------------------------------------------------------------------------------------------+
; Fast 1200mV -40C Model Recovery: 'UPclk'                                                                                           ;
+--------+--------------------------+--------------------------+--------------+-------------+--------------+------------+------------+
; Slack  ; From Node                ; To Node                  ; Launch Clock ; Latch Clock ; Relationship ; Clock Skew ; Data Delay ;
+--------+--------------------------+--------------------------+--------------+-------------+--------------+------------+------------+
; -5.251 ; 74193:inst1|25~_emulated ; 74193:inst1|26~_emulated ; UPclk        ; UPclk       ; 0.500        ; -2.613     ; 3.126      ;
; -5.206 ; 74193:inst1|25~_emulated ; 74193:inst1|25~_emulated ; UPclk        ; UPclk       ; 0.500        ; -2.568     ; 3.126      ;
; -5.157 ; 74193:inst1|25~_emulated ; 74193:inst1|24~_emulated ; UPclk        ; UPclk       ; 0.500        ; -2.518     ; 3.127      ;
; -4.780 ; 74193:inst1|24~_emulated ; 74193:inst1|26~_emulated ; UPclk        ; UPclk       ; 1.000        ; -2.462     ; 3.306      ;
; -4.766 ; 74193:inst1|25~_emulated ; 74193:inst1|23~_emulated ; UPclk        ; UPclk       ; 0.500        ; -2.130     ; 3.124      ;
; -4.735 ; 74193:inst1|24~_emulated ; 74193:inst1|25~_emulated ; UPclk        ; UPclk       ; 1.000        ; -2.417     ; 3.306      ;
; -4.696 ; 74193:inst1|25~_emulated ; 74193:inst4|26~_emulated ; UPclk        ; UPclk       ; 0.500        ; -2.060     ; 3.124      ;
; -4.686 ; 74193:inst1|24~_emulated ; 74193:inst1|24~_emulated ; UPclk        ; UPclk       ; 1.000        ; -2.367     ; 3.307      ;
; -4.428 ; 74193:inst1|25~_emulated ; 74193:inst4|25~_emulated ; UPclk        ; UPclk       ; 0.500        ; -1.792     ; 3.124      ;
; -4.370 ; 74193:inst1|25~_emulated ; 74193:inst4|24~_emulated ; UPclk        ; UPclk       ; 0.500        ; -1.734     ; 3.124      ;
; -4.346 ; 74193:inst1|23~_emulated ; 74193:inst1|26~_emulated ; UPclk        ; UPclk       ; 1.000        ; -2.920     ; 2.414      ;
; -4.322 ; 74193:inst1|26~1         ; 74193:inst1|26~_emulated ; UPclk        ; UPclk       ; 1.000        ; -1.613     ; 3.697      ;
; -4.310 ; 74193:inst1|24~_emulated ; 74193:inst1|23~_emulated ; UPclk        ; UPclk       ; 1.000        ; -1.994     ; 3.304      ;
; -4.301 ; 74193:inst1|23~_emulated ; 74193:inst1|25~_emulated ; UPclk        ; UPclk       ; 1.000        ; -2.875     ; 2.414      ;
; -4.277 ; 74193:inst1|26~1         ; 74193:inst1|25~_emulated ; UPclk        ; UPclk       ; 1.000        ; -1.568     ; 3.697      ;
; -4.252 ; 74193:inst1|23~_emulated ; 74193:inst1|24~_emulated ; UPclk        ; UPclk       ; 1.000        ; -2.825     ; 2.415      ;
; -4.240 ; 74193:inst1|24~_emulated ; 74193:inst4|26~_emulated ; UPclk        ; UPclk       ; 1.000        ; -1.924     ; 3.304      ;
; -4.228 ; 74193:inst1|26~1         ; 74193:inst1|24~_emulated ; UPclk        ; UPclk       ; 1.000        ; -1.518     ; 3.698      ;
; -4.212 ; 74193:inst1|25~_emulated ; 74193:inst4|23~_emulated ; UPclk        ; UPclk       ; 0.500        ; -1.574     ; 3.126      ;
; -4.187 ; 74193:inst1|25~1         ; 74193:inst1|26~_emulated ; UPclk        ; UPclk       ; 1.000        ; -1.948     ; 3.227      ;
; -4.142 ; 74193:inst1|25~1         ; 74193:inst1|25~_emulated ; UPclk        ; UPclk       ; 1.000        ; -1.903     ; 3.227      ;
; -4.139 ; 74193:inst1|24~1         ; 74193:inst1|26~_emulated ; UPclk        ; UPclk       ; 1.000        ; -1.951     ; 3.176      ;
; -4.101 ; 74193:inst4|25~_emulated ; 74193:inst1|26~_emulated ; UPclk        ; UPclk       ; 0.500        ; -2.362     ; 2.227      ;
; -4.094 ; 74193:inst1|24~1         ; 74193:inst1|25~_emulated ; UPclk        ; UPclk       ; 1.000        ; -1.906     ; 3.176      ;
; -4.093 ; 74193:inst1|25~1         ; 74193:inst1|24~_emulated ; UPclk        ; UPclk       ; 1.000        ; -1.853     ; 3.228      ;
; -4.068 ; 74193:inst4|26~_emulated ; 74193:inst1|26~_emulated ; UPclk        ; UPclk       ; 0.500        ; -2.334     ; 2.222      ;
; -4.056 ; 74193:inst4|25~_emulated ; 74193:inst1|25~_emulated ; UPclk        ; UPclk       ; 0.500        ; -2.317     ; 2.227      ;
; -4.045 ; 74193:inst1|24~1         ; 74193:inst1|24~_emulated ; UPclk        ; UPclk       ; 1.000        ; -1.856     ; 3.177      ;
; -4.023 ; 74193:inst4|26~_emulated ; 74193:inst1|25~_emulated ; UPclk        ; UPclk       ; 0.500        ; -2.289     ; 2.222      ;
; -4.007 ; 74193:inst4|25~_emulated ; 74193:inst1|24~_emulated ; UPclk        ; UPclk       ; 0.500        ; -2.267     ; 2.228      ;
; -3.974 ; 74193:inst4|26~_emulated ; 74193:inst1|24~_emulated ; UPclk        ; UPclk       ; 0.500        ; -2.239     ; 2.223      ;
; -3.972 ; 74193:inst1|24~_emulated ; 74193:inst4|25~_emulated ; UPclk        ; UPclk       ; 1.000        ; -1.656     ; 3.304      ;
; -3.914 ; 74193:inst1|24~_emulated ; 74193:inst4|24~_emulated ; UPclk        ; UPclk       ; 1.000        ; -1.598     ; 3.304      ;
; -3.861 ; 74193:inst1|23~_emulated ; 74193:inst1|23~_emulated ; UPclk        ; UPclk       ; 1.000        ; -2.437     ; 2.412      ;
; -3.837 ; 74193:inst1|26~1         ; 74193:inst1|23~_emulated ; UPclk        ; UPclk       ; 1.000        ; -1.130     ; 3.695      ;
; -3.791 ; 74193:inst1|23~_emulated ; 74193:inst4|26~_emulated ; UPclk        ; UPclk       ; 1.000        ; -2.367     ; 2.412      ;
; -3.767 ; 74193:inst1|26~1         ; 74193:inst4|26~_emulated ; UPclk        ; UPclk       ; 1.000        ; -1.060     ; 3.695      ;
; -3.756 ; 74193:inst1|24~_emulated ; 74193:inst4|23~_emulated ; UPclk        ; UPclk       ; 1.000        ; -1.438     ; 3.306      ;
; -3.702 ; 74193:inst1|25~1         ; 74193:inst1|23~_emulated ; UPclk        ; UPclk       ; 1.000        ; -1.465     ; 3.225      ;
; -3.654 ; 74193:inst1|24~1         ; 74193:inst1|23~_emulated ; UPclk        ; UPclk       ; 1.000        ; -1.468     ; 3.174      ;
; -3.632 ; 74193:inst1|25~1         ; 74193:inst4|26~_emulated ; UPclk        ; UPclk       ; 1.000        ; -1.395     ; 3.225      ;
; -3.616 ; 74193:inst4|25~_emulated ; 74193:inst1|23~_emulated ; UPclk        ; UPclk       ; 0.500        ; -1.879     ; 2.225      ;
; -3.587 ; 74193:inst4|23~_emulated ; 74193:inst1|26~_emulated ; UPclk        ; UPclk       ; 1.000        ; -2.539     ; 2.036      ;
; -3.584 ; 74193:inst1|24~1         ; 74193:inst4|26~_emulated ; UPclk        ; UPclk       ; 1.000        ; -1.398     ; 3.174      ;
; -3.583 ; 74193:inst4|26~_emulated ; 74193:inst1|23~_emulated ; UPclk        ; UPclk       ; 0.500        ; -1.851     ; 2.220      ;
; -3.561 ; 74193:inst4|24~_emulated ; 74193:inst1|26~_emulated ; UPclk        ; UPclk       ; 1.000        ; -2.314     ; 2.235      ;
; -3.546 ; 74193:inst4|25~_emulated ; 74193:inst4|26~_emulated ; UPclk        ; UPclk       ; 0.500        ; -1.809     ; 2.225      ;
; -3.542 ; 74193:inst4|23~_emulated ; 74193:inst1|25~_emulated ; UPclk        ; UPclk       ; 1.000        ; -2.494     ; 2.036      ;
; -3.523 ; 74193:inst1|23~_emulated ; 74193:inst4|25~_emulated ; UPclk        ; UPclk       ; 1.000        ; -2.099     ; 2.412      ;
; -3.516 ; 74193:inst4|24~_emulated ; 74193:inst1|25~_emulated ; UPclk        ; UPclk       ; 1.000        ; -2.269     ; 2.235      ;
; -3.513 ; 74193:inst4|26~_emulated ; 74193:inst4|26~_emulated ; UPclk        ; UPclk       ; 0.500        ; -1.781     ; 2.220      ;
; -3.499 ; 74193:inst1|26~1         ; 74193:inst4|25~_emulated ; UPclk        ; UPclk       ; 1.000        ; -0.792     ; 3.695      ;
; -3.493 ; 74193:inst4|23~_emulated ; 74193:inst1|24~_emulated ; UPclk        ; UPclk       ; 1.000        ; -2.444     ; 2.037      ;
; -3.467 ; 74193:inst4|24~_emulated ; 74193:inst1|24~_emulated ; UPclk        ; UPclk       ; 1.000        ; -2.219     ; 2.236      ;
; -3.465 ; 74193:inst1|23~_emulated ; 74193:inst4|24~_emulated ; UPclk        ; UPclk       ; 1.000        ; -2.041     ; 2.412      ;
; -3.441 ; 74193:inst1|26~1         ; 74193:inst4|24~_emulated ; UPclk        ; UPclk       ; 1.000        ; -0.734     ; 3.695      ;
; -3.401 ; 74193:inst1|23~1         ; 74193:inst1|26~_emulated ; UPclk        ; UPclk       ; 1.000        ; -1.946     ; 2.443      ;
; -3.382 ; 74193:inst4|25~1         ; 74193:inst1|26~_emulated ; UPclk        ; UPclk       ; 1.000        ; -1.947     ; 2.423      ;
; -3.364 ; 74193:inst1|25~1         ; 74193:inst4|25~_emulated ; UPclk        ; UPclk       ; 1.000        ; -1.127     ; 3.225      ;
; -3.356 ; 74193:inst1|23~1         ; 74193:inst1|25~_emulated ; UPclk        ; UPclk       ; 1.000        ; -1.901     ; 2.443      ;
; -3.337 ; 74193:inst4|25~1         ; 74193:inst1|25~_emulated ; UPclk        ; UPclk       ; 1.000        ; -1.902     ; 2.423      ;
; -3.316 ; 74193:inst1|24~1         ; 74193:inst4|25~_emulated ; UPclk        ; UPclk       ; 1.000        ; -1.130     ; 3.174      ;
; -3.307 ; 74193:inst1|23~_emulated ; 74193:inst4|23~_emulated ; UPclk        ; UPclk       ; 1.000        ; -1.881     ; 2.414      ;
; -3.307 ; 74193:inst1|23~1         ; 74193:inst1|24~_emulated ; UPclk        ; UPclk       ; 1.000        ; -1.851     ; 2.444      ;
; -3.306 ; 74193:inst1|25~1         ; 74193:inst4|24~_emulated ; UPclk        ; UPclk       ; 1.000        ; -1.069     ; 3.225      ;
; -3.288 ; 74193:inst4|25~1         ; 74193:inst1|24~_emulated ; UPclk        ; UPclk       ; 1.000        ; -1.852     ; 2.424      ;
; -3.283 ; 74193:inst1|26~1         ; 74193:inst4|23~_emulated ; UPclk        ; UPclk       ; 1.000        ; -0.574     ; 3.697      ;
; -3.278 ; 74193:inst4|25~_emulated ; 74193:inst4|25~_emulated ; UPclk        ; UPclk       ; 0.500        ; -1.541     ; 2.225      ;
; -3.258 ; 74193:inst1|24~1         ; 74193:inst4|24~_emulated ; UPclk        ; UPclk       ; 1.000        ; -1.072     ; 3.174      ;
; -3.245 ; 74193:inst4|26~_emulated ; 74193:inst4|25~_emulated ; UPclk        ; UPclk       ; 0.500        ; -1.513     ; 2.220      ;
; -3.220 ; 74193:inst4|25~_emulated ; 74193:inst4|24~_emulated ; UPclk        ; UPclk       ; 0.500        ; -1.483     ; 2.225      ;
; -3.217 ; 74193:inst4|24~1         ; 74193:inst1|26~_emulated ; UPclk        ; UPclk       ; 1.000        ; -1.947     ; 2.258      ;
; -3.190 ; 74193:inst4|26~1         ; 74193:inst1|26~_emulated ; UPclk        ; UPclk       ; 1.000        ; -1.947     ; 2.231      ;
; -3.187 ; 74193:inst4|26~_emulated ; 74193:inst4|24~_emulated ; UPclk        ; UPclk       ; 0.500        ; -1.455     ; 2.220      ;
; -3.172 ; 74193:inst4|24~1         ; 74193:inst1|25~_emulated ; UPclk        ; UPclk       ; 1.000        ; -1.902     ; 2.258      ;
; -3.148 ; 74193:inst1|25~1         ; 74193:inst4|23~_emulated ; UPclk        ; UPclk       ; 1.000        ; -0.909     ; 3.227      ;
; -3.145 ; 74193:inst4|26~1         ; 74193:inst1|25~_emulated ; UPclk        ; UPclk       ; 1.000        ; -1.902     ; 2.231      ;
; -3.123 ; 74193:inst4|24~1         ; 74193:inst1|24~_emulated ; UPclk        ; UPclk       ; 1.000        ; -1.852     ; 2.259      ;
; -3.102 ; 74193:inst4|23~_emulated ; 74193:inst1|23~_emulated ; UPclk        ; UPclk       ; 1.000        ; -2.056     ; 2.034      ;
; -3.100 ; 74193:inst1|24~1         ; 74193:inst4|23~_emulated ; UPclk        ; UPclk       ; 1.000        ; -0.912     ; 3.176      ;
; -3.096 ; 74193:inst4|26~1         ; 74193:inst1|24~_emulated ; UPclk        ; UPclk       ; 1.000        ; -1.852     ; 2.232      ;
; -3.076 ; 74193:inst4|24~_emulated ; 74193:inst1|23~_emulated ; UPclk        ; UPclk       ; 1.000        ; -1.831     ; 2.233      ;
; -3.069 ; 74193:inst1|24~_emulated ; 74193:inst4|26~_emulated ; UPclk        ; UPclk       ; 0.500        ; -0.253     ; 3.304      ;
; -3.062 ; 74193:inst4|25~_emulated ; 74193:inst4|23~_emulated ; UPclk        ; UPclk       ; 0.500        ; -1.323     ; 2.227      ;
; -3.058 ; 74193:inst1|24~_emulated ; 74193:inst4|25~_emulated ; UPclk        ; UPclk       ; 0.500        ; -0.242     ; 3.304      ;
; -3.032 ; 74193:inst4|23~_emulated ; 74193:inst4|26~_emulated ; UPclk        ; UPclk       ; 1.000        ; -1.986     ; 2.034      ;
; -3.029 ; 74193:inst4|26~_emulated ; 74193:inst4|23~_emulated ; UPclk        ; UPclk       ; 0.500        ; -1.295     ; 2.222      ;
; -3.006 ; 74193:inst4|24~_emulated ; 74193:inst4|26~_emulated ; UPclk        ; UPclk       ; 1.000        ; -1.761     ; 2.233      ;
; -2.916 ; 74193:inst1|23~1         ; 74193:inst1|23~_emulated ; UPclk        ; UPclk       ; 1.000        ; -1.463     ; 2.441      ;
; -2.897 ; 74193:inst4|25~1         ; 74193:inst1|23~_emulated ; UPclk        ; UPclk       ; 1.000        ; -1.464     ; 2.421      ;
; -2.860 ; 74193:inst4|23~1         ; 74193:inst1|26~_emulated ; UPclk        ; UPclk       ; 1.000        ; -2.013     ; 1.835      ;
; -2.846 ; 74193:inst1|23~1         ; 74193:inst4|26~_emulated ; UPclk        ; UPclk       ; 1.000        ; -1.393     ; 2.441      ;
; -2.827 ; 74193:inst4|25~1         ; 74193:inst4|26~_emulated ; UPclk        ; UPclk       ; 1.000        ; -1.394     ; 2.421      ;
; -2.815 ; 74193:inst4|23~1         ; 74193:inst1|25~_emulated ; UPclk        ; UPclk       ; 1.000        ; -1.968     ; 1.835      ;
; -2.812 ; 74193:inst1|24~_emulated ; 74193:inst1|25~_emulated ; UPclk        ; UPclk       ; 0.500        ; 0.006      ; 3.306      ;
; -2.766 ; 74193:inst4|23~1         ; 74193:inst1|24~_emulated ; UPclk        ; UPclk       ; 1.000        ; -1.918     ; 1.836      ;
; -2.764 ; 74193:inst4|23~_emulated ; 74193:inst4|25~_emulated ; UPclk        ; UPclk       ; 1.000        ; -1.718     ; 2.034      ;
; -2.745 ; 74193:inst1|24~_emulated ; 74193:inst1|26~_emulated ; DNclk        ; UPclk       ; 1.000        ; -0.417     ; 3.306      ;
; -2.738 ; 74193:inst4|24~_emulated ; 74193:inst4|25~_emulated ; UPclk        ; UPclk       ; 1.000        ; -1.493     ; 2.233      ;
; -2.732 ; 74193:inst4|24~1         ; 74193:inst1|23~_emulated ; UPclk        ; UPclk       ; 1.000        ; -1.464     ; 2.256      ;
+--------+--------------------------+--------------------------+--------------+-------------+--------------+------------+------------+


+------------------------------------------------------------------------------------------------------------------------------------+
; Fast 1200mV -40C Model Recovery: 'DNclk'                                                                                           ;
+--------+--------------------------+--------------------------+--------------+-------------+--------------+------------+------------+
; Slack  ; From Node                ; To Node                  ; Launch Clock ; Latch Clock ; Relationship ; Clock Skew ; Data Delay ;
+--------+--------------------------+--------------------------+--------------+-------------+--------------+------------+------------+
; -5.065 ; 74193:inst1|25~_emulated ; 74193:inst1|26~_emulated ; UPclk        ; DNclk       ; 0.500        ; -2.417     ; 3.126      ;
; -4.974 ; 74193:inst1|25~_emulated ; 74193:inst1|25~_emulated ; UPclk        ; DNclk       ; 0.500        ; -2.326     ; 3.126      ;
; -4.930 ; 74193:inst1|25~_emulated ; 74193:inst1|24~_emulated ; UPclk        ; DNclk       ; 0.500        ; -2.281     ; 3.127      ;
; -4.922 ; 74193:inst1|25~_emulated ; 74193:inst4|26~_emulated ; UPclk        ; DNclk       ; 0.500        ; -2.276     ; 3.124      ;
; -4.809 ; 74193:inst1|25~_emulated ; 74193:inst4|25~_emulated ; UPclk        ; DNclk       ; 0.500        ; -2.163     ; 3.124      ;
; -4.783 ; 74193:inst1|25~_emulated ; 74193:inst4|24~_emulated ; UPclk        ; DNclk       ; 0.500        ; -2.137     ; 3.124      ;
; -4.594 ; 74193:inst1|24~_emulated ; 74193:inst1|26~_emulated ; UPclk        ; DNclk       ; 1.000        ; -2.266     ; 3.306      ;
; -4.550 ; 74193:inst1|25~_emulated ; 74193:inst1|23~_emulated ; UPclk        ; DNclk       ; 0.500        ; -1.904     ; 3.124      ;
; -4.546 ; 74193:inst1|25~_emulated ; 74193:inst4|23~_emulated ; UPclk        ; DNclk       ; 0.500        ; -1.898     ; 3.126      ;
; -4.503 ; 74193:inst1|24~_emulated ; 74193:inst1|25~_emulated ; UPclk        ; DNclk       ; 1.000        ; -2.175     ; 3.306      ;
; -4.459 ; 74193:inst1|24~_emulated ; 74193:inst1|24~_emulated ; UPclk        ; DNclk       ; 1.000        ; -2.130     ; 3.307      ;
; -4.451 ; 74193:inst1|24~_emulated ; 74193:inst4|26~_emulated ; UPclk        ; DNclk       ; 1.000        ; -2.125     ; 3.304      ;
; -4.338 ; 74193:inst1|24~_emulated ; 74193:inst4|25~_emulated ; UPclk        ; DNclk       ; 1.000        ; -2.012     ; 3.304      ;
; -4.312 ; 74193:inst1|24~_emulated ; 74193:inst4|24~_emulated ; UPclk        ; DNclk       ; 1.000        ; -1.986     ; 3.304      ;
; -4.160 ; 74193:inst1|23~_emulated ; 74193:inst1|26~_emulated ; UPclk        ; DNclk       ; 1.000        ; -2.724     ; 2.414      ;
; -4.136 ; 74193:inst1|26~1         ; 74193:inst1|26~_emulated ; UPclk        ; DNclk       ; 1.000        ; -1.417     ; 3.697      ;
; -4.079 ; 74193:inst1|24~_emulated ; 74193:inst1|23~_emulated ; UPclk        ; DNclk       ; 1.000        ; -1.753     ; 3.304      ;
; -4.075 ; 74193:inst1|24~_emulated ; 74193:inst4|23~_emulated ; UPclk        ; DNclk       ; 1.000        ; -1.747     ; 3.306      ;
; -4.069 ; 74193:inst1|23~_emulated ; 74193:inst1|25~_emulated ; UPclk        ; DNclk       ; 1.000        ; -2.633     ; 2.414      ;
; -4.045 ; 74193:inst1|26~1         ; 74193:inst1|25~_emulated ; UPclk        ; DNclk       ; 1.000        ; -1.326     ; 3.697      ;
; -4.025 ; 74193:inst1|23~_emulated ; 74193:inst1|24~_emulated ; UPclk        ; DNclk       ; 1.000        ; -2.588     ; 2.415      ;
; -4.017 ; 74193:inst1|23~_emulated ; 74193:inst4|26~_emulated ; UPclk        ; DNclk       ; 1.000        ; -2.583     ; 2.412      ;
; -4.001 ; 74193:inst1|25~1         ; 74193:inst1|26~_emulated ; UPclk        ; DNclk       ; 1.000        ; -1.752     ; 3.227      ;
; -4.001 ; 74193:inst1|26~1         ; 74193:inst1|24~_emulated ; UPclk        ; DNclk       ; 1.000        ; -1.281     ; 3.698      ;
; -3.993 ; 74193:inst1|26~1         ; 74193:inst4|26~_emulated ; UPclk        ; DNclk       ; 1.000        ; -1.276     ; 3.695      ;
; -3.953 ; 74193:inst1|24~1         ; 74193:inst1|26~_emulated ; UPclk        ; DNclk       ; 1.000        ; -1.755     ; 3.176      ;
; -3.915 ; 74193:inst4|25~_emulated ; 74193:inst1|26~_emulated ; UPclk        ; DNclk       ; 0.500        ; -2.166     ; 2.227      ;
; -3.910 ; 74193:inst1|25~1         ; 74193:inst1|25~_emulated ; UPclk        ; DNclk       ; 1.000        ; -1.661     ; 3.227      ;
; -3.904 ; 74193:inst1|23~_emulated ; 74193:inst4|25~_emulated ; UPclk        ; DNclk       ; 1.000        ; -2.470     ; 2.412      ;
; -3.882 ; 74193:inst4|26~_emulated ; 74193:inst1|26~_emulated ; UPclk        ; DNclk       ; 0.500        ; -2.138     ; 2.222      ;
; -3.880 ; 74193:inst1|26~1         ; 74193:inst4|25~_emulated ; UPclk        ; DNclk       ; 1.000        ; -1.163     ; 3.695      ;
; -3.878 ; 74193:inst1|23~_emulated ; 74193:inst4|24~_emulated ; UPclk        ; DNclk       ; 1.000        ; -2.444     ; 2.412      ;
; -3.866 ; 74193:inst1|25~1         ; 74193:inst1|24~_emulated ; UPclk        ; DNclk       ; 1.000        ; -1.616     ; 3.228      ;
; -3.862 ; 74193:inst1|24~1         ; 74193:inst1|25~_emulated ; UPclk        ; DNclk       ; 1.000        ; -1.664     ; 3.176      ;
; -3.858 ; 74193:inst1|25~1         ; 74193:inst4|26~_emulated ; UPclk        ; DNclk       ; 1.000        ; -1.611     ; 3.225      ;
; -3.854 ; 74193:inst1|26~1         ; 74193:inst4|24~_emulated ; UPclk        ; DNclk       ; 1.000        ; -1.137     ; 3.695      ;
; -3.824 ; 74193:inst4|25~_emulated ; 74193:inst1|25~_emulated ; UPclk        ; DNclk       ; 0.500        ; -2.075     ; 2.227      ;
; -3.818 ; 74193:inst1|24~1         ; 74193:inst1|24~_emulated ; UPclk        ; DNclk       ; 1.000        ; -1.619     ; 3.177      ;
; -3.810 ; 74193:inst1|24~1         ; 74193:inst4|26~_emulated ; UPclk        ; DNclk       ; 1.000        ; -1.614     ; 3.174      ;
; -3.791 ; 74193:inst4|26~_emulated ; 74193:inst1|25~_emulated ; UPclk        ; DNclk       ; 0.500        ; -2.047     ; 2.222      ;
; -3.780 ; 74193:inst4|25~_emulated ; 74193:inst1|24~_emulated ; UPclk        ; DNclk       ; 0.500        ; -2.030     ; 2.228      ;
; -3.772 ; 74193:inst4|25~_emulated ; 74193:inst4|26~_emulated ; UPclk        ; DNclk       ; 0.500        ; -2.025     ; 2.225      ;
; -3.747 ; 74193:inst4|26~_emulated ; 74193:inst1|24~_emulated ; UPclk        ; DNclk       ; 0.500        ; -2.002     ; 2.223      ;
; -3.745 ; 74193:inst1|25~1         ; 74193:inst4|25~_emulated ; UPclk        ; DNclk       ; 1.000        ; -1.498     ; 3.225      ;
; -3.739 ; 74193:inst4|26~_emulated ; 74193:inst4|26~_emulated ; UPclk        ; DNclk       ; 0.500        ; -1.997     ; 2.220      ;
; -3.719 ; 74193:inst1|25~1         ; 74193:inst4|24~_emulated ; UPclk        ; DNclk       ; 1.000        ; -1.472     ; 3.225      ;
; -3.697 ; 74193:inst1|24~1         ; 74193:inst4|25~_emulated ; UPclk        ; DNclk       ; 1.000        ; -1.501     ; 3.174      ;
; -3.671 ; 74193:inst1|24~1         ; 74193:inst4|24~_emulated ; UPclk        ; DNclk       ; 1.000        ; -1.475     ; 3.174      ;
; -3.659 ; 74193:inst4|25~_emulated ; 74193:inst4|25~_emulated ; UPclk        ; DNclk       ; 0.500        ; -1.912     ; 2.225      ;
; -3.645 ; 74193:inst1|23~_emulated ; 74193:inst1|23~_emulated ; UPclk        ; DNclk       ; 1.000        ; -2.211     ; 2.412      ;
; -3.641 ; 74193:inst1|23~_emulated ; 74193:inst4|23~_emulated ; UPclk        ; DNclk       ; 1.000        ; -2.205     ; 2.414      ;
; -3.633 ; 74193:inst4|25~_emulated ; 74193:inst4|24~_emulated ; UPclk        ; DNclk       ; 0.500        ; -1.886     ; 2.225      ;
; -3.626 ; 74193:inst4|26~_emulated ; 74193:inst4|25~_emulated ; UPclk        ; DNclk       ; 0.500        ; -1.884     ; 2.220      ;
; -3.621 ; 74193:inst1|26~1         ; 74193:inst1|23~_emulated ; UPclk        ; DNclk       ; 1.000        ; -0.904     ; 3.695      ;
; -3.617 ; 74193:inst1|26~1         ; 74193:inst4|23~_emulated ; UPclk        ; DNclk       ; 1.000        ; -0.898     ; 3.697      ;
; -3.600 ; 74193:inst4|26~_emulated ; 74193:inst4|24~_emulated ; UPclk        ; DNclk       ; 0.500        ; -1.858     ; 2.220      ;
; -3.486 ; 74193:inst1|25~1         ; 74193:inst1|23~_emulated ; UPclk        ; DNclk       ; 1.000        ; -1.239     ; 3.225      ;
; -3.482 ; 74193:inst1|25~1         ; 74193:inst4|23~_emulated ; UPclk        ; DNclk       ; 1.000        ; -1.233     ; 3.227      ;
; -3.438 ; 74193:inst1|24~1         ; 74193:inst1|23~_emulated ; UPclk        ; DNclk       ; 1.000        ; -1.242     ; 3.174      ;
; -3.434 ; 74193:inst1|24~1         ; 74193:inst4|23~_emulated ; UPclk        ; DNclk       ; 1.000        ; -1.236     ; 3.176      ;
; -3.401 ; 74193:inst4|23~_emulated ; 74193:inst1|26~_emulated ; UPclk        ; DNclk       ; 1.000        ; -2.343     ; 2.036      ;
; -3.400 ; 74193:inst4|25~_emulated ; 74193:inst1|23~_emulated ; UPclk        ; DNclk       ; 0.500        ; -1.653     ; 2.225      ;
; -3.396 ; 74193:inst4|25~_emulated ; 74193:inst4|23~_emulated ; UPclk        ; DNclk       ; 0.500        ; -1.647     ; 2.227      ;
; -3.375 ; 74193:inst4|24~_emulated ; 74193:inst1|26~_emulated ; UPclk        ; DNclk       ; 1.000        ; -2.118     ; 2.235      ;
; -3.367 ; 74193:inst4|26~_emulated ; 74193:inst1|23~_emulated ; UPclk        ; DNclk       ; 0.500        ; -1.625     ; 2.220      ;
; -3.363 ; 74193:inst4|26~_emulated ; 74193:inst4|23~_emulated ; UPclk        ; DNclk       ; 0.500        ; -1.619     ; 2.222      ;
; -3.310 ; 74193:inst4|23~_emulated ; 74193:inst1|25~_emulated ; UPclk        ; DNclk       ; 1.000        ; -2.252     ; 2.036      ;
; -3.284 ; 74193:inst4|24~_emulated ; 74193:inst1|25~_emulated ; UPclk        ; DNclk       ; 1.000        ; -2.027     ; 2.235      ;
; -3.266 ; 74193:inst4|23~_emulated ; 74193:inst1|24~_emulated ; UPclk        ; DNclk       ; 1.000        ; -2.207     ; 2.037      ;
; -3.258 ; 74193:inst4|23~_emulated ; 74193:inst4|26~_emulated ; UPclk        ; DNclk       ; 1.000        ; -2.202     ; 2.034      ;
; -3.240 ; 74193:inst4|24~_emulated ; 74193:inst1|24~_emulated ; UPclk        ; DNclk       ; 1.000        ; -1.982     ; 2.236      ;
; -3.232 ; 74193:inst4|24~_emulated ; 74193:inst4|26~_emulated ; UPclk        ; DNclk       ; 1.000        ; -1.977     ; 2.233      ;
; -3.215 ; 74193:inst1|23~1         ; 74193:inst1|26~_emulated ; UPclk        ; DNclk       ; 1.000        ; -1.750     ; 2.443      ;
; -3.196 ; 74193:inst4|25~1         ; 74193:inst1|26~_emulated ; UPclk        ; DNclk       ; 1.000        ; -1.751     ; 2.423      ;
; -3.145 ; 74193:inst4|23~_emulated ; 74193:inst4|25~_emulated ; UPclk        ; DNclk       ; 1.000        ; -2.089     ; 2.034      ;
; -3.124 ; 74193:inst1|23~1         ; 74193:inst1|25~_emulated ; UPclk        ; DNclk       ; 1.000        ; -1.659     ; 2.443      ;
; -3.119 ; 74193:inst4|24~_emulated ; 74193:inst4|25~_emulated ; UPclk        ; DNclk       ; 1.000        ; -1.864     ; 2.233      ;
; -3.119 ; 74193:inst4|23~_emulated ; 74193:inst4|24~_emulated ; UPclk        ; DNclk       ; 1.000        ; -2.063     ; 2.034      ;
; -3.105 ; 74193:inst4|25~1         ; 74193:inst1|25~_emulated ; UPclk        ; DNclk       ; 1.000        ; -1.660     ; 2.423      ;
; -3.093 ; 74193:inst4|24~_emulated ; 74193:inst4|24~_emulated ; UPclk        ; DNclk       ; 1.000        ; -1.838     ; 2.233      ;
; -3.080 ; 74193:inst1|23~1         ; 74193:inst1|24~_emulated ; UPclk        ; DNclk       ; 1.000        ; -1.614     ; 2.444      ;
; -3.072 ; 74193:inst1|23~1         ; 74193:inst4|26~_emulated ; UPclk        ; DNclk       ; 1.000        ; -1.609     ; 2.441      ;
; -3.061 ; 74193:inst4|25~1         ; 74193:inst1|24~_emulated ; UPclk        ; DNclk       ; 1.000        ; -1.615     ; 2.424      ;
; -3.053 ; 74193:inst4|25~1         ; 74193:inst4|26~_emulated ; UPclk        ; DNclk       ; 1.000        ; -1.610     ; 2.421      ;
; -3.031 ; 74193:inst4|24~1         ; 74193:inst1|26~_emulated ; UPclk        ; DNclk       ; 1.000        ; -1.751     ; 2.258      ;
; -3.004 ; 74193:inst4|26~1         ; 74193:inst1|26~_emulated ; UPclk        ; DNclk       ; 1.000        ; -1.751     ; 2.231      ;
; -2.959 ; 74193:inst1|23~1         ; 74193:inst4|25~_emulated ; UPclk        ; DNclk       ; 1.000        ; -1.496     ; 2.441      ;
; -2.940 ; 74193:inst4|24~1         ; 74193:inst1|25~_emulated ; UPclk        ; DNclk       ; 1.000        ; -1.660     ; 2.258      ;
; -2.940 ; 74193:inst4|25~1         ; 74193:inst4|25~_emulated ; UPclk        ; DNclk       ; 1.000        ; -1.497     ; 2.421      ;
; -2.933 ; 74193:inst1|23~1         ; 74193:inst4|24~_emulated ; UPclk        ; DNclk       ; 1.000        ; -1.470     ; 2.441      ;
; -2.914 ; 74193:inst4|25~1         ; 74193:inst4|24~_emulated ; UPclk        ; DNclk       ; 1.000        ; -1.471     ; 2.421      ;
; -2.913 ; 74193:inst4|26~1         ; 74193:inst1|25~_emulated ; UPclk        ; DNclk       ; 1.000        ; -1.660     ; 2.231      ;
; -2.896 ; 74193:inst4|24~1         ; 74193:inst1|24~_emulated ; UPclk        ; DNclk       ; 1.000        ; -1.615     ; 2.259      ;
; -2.888 ; 74193:inst4|24~1         ; 74193:inst4|26~_emulated ; UPclk        ; DNclk       ; 1.000        ; -1.610     ; 2.256      ;
; -2.886 ; 74193:inst4|23~_emulated ; 74193:inst1|23~_emulated ; UPclk        ; DNclk       ; 1.000        ; -1.830     ; 2.034      ;
; -2.882 ; 74193:inst4|23~_emulated ; 74193:inst4|23~_emulated ; UPclk        ; DNclk       ; 1.000        ; -1.824     ; 2.036      ;
; -2.869 ; 74193:inst4|26~1         ; 74193:inst1|24~_emulated ; UPclk        ; DNclk       ; 1.000        ; -1.615     ; 2.232      ;
; -2.861 ; 74193:inst4|26~1         ; 74193:inst4|26~_emulated ; UPclk        ; DNclk       ; 1.000        ; -1.610     ; 2.229      ;
; -2.860 ; 74193:inst4|24~_emulated ; 74193:inst1|23~_emulated ; UPclk        ; DNclk       ; 1.000        ; -1.605     ; 2.233      ;
; -2.856 ; 74193:inst4|24~_emulated ; 74193:inst4|23~_emulated ; UPclk        ; DNclk       ; 1.000        ; -1.599     ; 2.235      ;
+--------+--------------------------+--------------------------+--------------+-------------+--------------+------------+------------+


+------------------------------------------------------------------------------------------------------------------------------------+
; Fast 1200mV -40C Model Removal: 'UPclk'                                                                                            ;
+--------+--------------------------+--------------------------+--------------+-------------+--------------+------------+------------+
; Slack  ; From Node                ; To Node                  ; Launch Clock ; Latch Clock ; Relationship ; Clock Skew ; Data Delay ;
+--------+--------------------------+--------------------------+--------------+-------------+--------------+------------+------------+
; -1.071 ; UPclk                    ; 74193:inst1|23~_emulated ; UPclk        ; UPclk       ; 0.000        ; 3.909      ; 2.920      ;
; -0.719 ; 74193:inst4|26~_emulated ; 74193:inst1|23~_emulated ; DNclk        ; UPclk       ; 0.000        ; 2.583      ; 1.976      ;
; -0.688 ; UPclk                    ; 74193:inst4|23~_emulated ; UPclk        ; UPclk       ; 0.000        ; 3.528      ; 2.922      ;
; -0.611 ; UPclk                    ; 74193:inst1|24~_emulated ; UPclk        ; UPclk       ; 0.000        ; 3.451      ; 2.922      ;
; -0.604 ; 74193:inst4|25~_emulated ; 74193:inst1|23~_emulated ; DNclk        ; UPclk       ; 0.000        ; 2.470      ; 1.978      ;
; -0.558 ; 74193:inst4|24~_emulated ; 74193:inst1|23~_emulated ; DNclk        ; UPclk       ; 0.000        ; 2.444      ; 1.998      ;
; -0.509 ; UPclk                    ; 74193:inst1|25~_emulated ; UPclk        ; UPclk       ; 0.000        ; 3.602      ; 3.175      ;
; -0.495 ; 74193:inst4|23~_emulated ; 74193:inst1|23~_emulated ; DNclk        ; UPclk       ; 0.000        ; 2.205      ; 1.822      ;
; -0.473 ; 74193:inst4|26~_emulated ; 74193:inst1|23~_emulated ; UPclk        ; UPclk       ; 0.000        ; 2.367      ; 1.976      ;
; -0.465 ; UPclk                    ; 74193:inst4|24~_emulated ; UPclk        ; UPclk       ; 0.000        ; 3.303      ; 2.920      ;
; -0.355 ; 74193:inst1|23~_emulated ; 74193:inst1|23~_emulated ; UPclk        ; UPclk       ; 0.000        ; 2.437      ; 2.164      ;
; -0.337 ; 74193:inst4|26~_emulated ; 74193:inst4|23~_emulated ; DNclk        ; UPclk       ; 0.000        ; 2.202      ; 1.977      ;
; -0.337 ; UPclk                    ; 74193:inst1|23~_emulated ; UPclk        ; UPclk       ; -0.500       ; 3.909      ; 3.174      ;
; -0.282 ; UPclk                    ; 74193:inst1|25~_emulated ; UPclk        ; UPclk       ; -0.500       ; 3.602      ; 2.922      ;
; -0.259 ; 74193:inst4|26~_emulated ; 74193:inst1|24~_emulated ; DNclk        ; UPclk       ; 0.000        ; 2.125      ; 1.978      ;
; -0.259 ; UPclk                    ; 74193:inst4|25~_emulated ; UPclk        ; UPclk       ; 0.000        ; 3.351      ; 3.174      ;
; -0.231 ; UPclk                    ; 74193:inst4|26~_emulated ; UPclk        ; UPclk       ; 0.000        ; 3.323      ; 3.174      ;
; -0.222 ; 74193:inst4|25~_emulated ; 74193:inst4|23~_emulated ; DNclk        ; UPclk       ; 0.000        ; 2.089      ; 1.979      ;
; -0.221 ; 74193:inst1|26~_emulated ; 74193:inst1|23~_emulated ; UPclk        ; UPclk       ; 0.000        ; 2.920      ; 2.781      ;
; -0.203 ; 74193:inst4|25~_emulated ; 74193:inst1|23~_emulated ; UPclk        ; UPclk       ; 0.000        ; 2.099      ; 1.978      ;
; -0.201 ; 74193:inst1|25~_emulated ; 74193:inst1|23~_emulated ; UPclk        ; UPclk       ; 0.000        ; 2.875      ; 2.756      ;
; -0.176 ; 74193:inst4|24~_emulated ; 74193:inst4|23~_emulated ; DNclk        ; UPclk       ; 0.000        ; 2.063      ; 1.999      ;
; -0.159 ; 74193:inst1|23~_emulated ; 74193:inst1|23~_emulated ; DNclk        ; UPclk       ; 0.000        ; 2.211      ; 2.164      ;
; -0.144 ; 74193:inst4|25~_emulated ; 74193:inst1|24~_emulated ; DNclk        ; UPclk       ; 0.000        ; 2.012      ; 1.980      ;
; -0.141 ; 74193:inst4|23~_emulated ; 74193:inst1|23~_emulated ; UPclk        ; UPclk       ; 0.000        ; 1.881      ; 1.822      ;
; -0.125 ; 74193:inst4|24~_emulated ; 74193:inst1|23~_emulated ; UPclk        ; UPclk       ; 0.000        ; 2.041      ; 1.998      ;
; -0.113 ; 74193:inst4|26~_emulated ; 74193:inst4|24~_emulated ; DNclk        ; UPclk       ; 0.000        ; 1.977      ; 1.976      ;
; -0.113 ; 74193:inst4|23~_emulated ; 74193:inst4|23~_emulated ; DNclk        ; UPclk       ; 0.000        ; 1.824      ; 1.823      ;
; -0.098 ; 74193:inst4|24~_emulated ; 74193:inst1|24~_emulated ; DNclk        ; UPclk       ; 0.000        ; 1.986      ; 2.000      ;
; -0.091 ; 74193:inst4|26~_emulated ; 74193:inst4|23~_emulated ; UPclk        ; UPclk       ; 0.000        ; 1.986      ; 1.977      ;
; -0.055 ; 74193:inst1|26~_emulated ; 74193:inst1|23~_emulated ; DNclk        ; UPclk       ; 0.000        ; 2.724      ; 2.781      ;
; -0.035 ; 74193:inst4|23~_emulated ; 74193:inst1|24~_emulated ; DNclk        ; UPclk       ; 0.000        ; 1.747      ; 1.824      ;
; -0.033 ; UPclk                    ; 74193:inst4|25~_emulated ; UPclk        ; UPclk       ; -0.500       ; 3.351      ; 2.920      ;
; -0.028 ; 74193:inst4|26~_emulated ; 74193:inst1|24~_emulated ; UPclk        ; UPclk       ; 0.000        ; 1.924      ; 1.978      ;
; -0.005 ; UPclk                    ; 74193:inst4|26~_emulated ; UPclk        ; UPclk       ; -0.500       ; 3.323      ; 2.920      ;
; 0.002  ; 74193:inst4|25~_emulated ; 74193:inst4|24~_emulated ; DNclk        ; UPclk       ; 0.000        ; 1.864      ; 1.978      ;
; 0.004  ; 74193:inst1|24~_emulated ; 74193:inst1|23~_emulated ; UPclk        ; UPclk       ; 0.000        ; 2.825      ; 2.911      ;
; 0.011  ; 74193:inst1|25~_emulated ; 74193:inst1|23~_emulated ; DNclk        ; UPclk       ; 0.000        ; 2.633      ; 2.756      ;
; 0.027  ; 74193:inst1|23~_emulated ; 74193:inst4|23~_emulated ; UPclk        ; UPclk       ; 0.000        ; 2.056      ; 2.165      ;
; 0.045  ; UPclk                    ; 74193:inst4|23~_emulated ; UPclk        ; UPclk       ; -0.500       ; 3.528      ; 3.175      ;
; 0.048  ; 74193:inst4|24~_emulated ; 74193:inst4|24~_emulated ; DNclk        ; UPclk       ; 0.000        ; 1.838      ; 1.998      ;
; 0.089  ; 74193:inst4|26~_emulated ; 74193:inst1|25~_emulated ; DNclk        ; UPclk       ; -0.500       ; 2.276      ; 1.977      ;
; 0.090  ; 74193:inst1|23~_emulated ; 74193:inst1|24~_emulated ; UPclk        ; UPclk       ; 0.000        ; 1.994      ; 2.166      ;
; 0.111  ; 74193:inst4|23~_emulated ; 74193:inst4|24~_emulated ; DNclk        ; UPclk       ; 0.000        ; 1.599      ; 1.822      ;
; 0.123  ; UPclk                    ; 74193:inst1|24~_emulated ; UPclk        ; UPclk       ; -0.500       ; 3.451      ; 3.176      ;
; 0.133  ; 74193:inst4|26~_emulated ; 74193:inst4|24~_emulated ; UPclk        ; UPclk       ; 0.000        ; 1.761      ; 1.976      ;
; 0.161  ; 74193:inst1|26~_emulated ; 74193:inst4|23~_emulated ; UPclk        ; UPclk       ; 0.000        ; 2.539      ; 2.782      ;
; 0.179  ; 74193:inst4|25~_emulated ; 74193:inst4|23~_emulated ; UPclk        ; UPclk       ; 0.000        ; 1.718      ; 1.979      ;
; 0.181  ; 74193:inst1|25~_emulated ; 74193:inst4|23~_emulated ; UPclk        ; UPclk       ; 0.000        ; 2.494      ; 2.757      ;
; 0.204  ; 74193:inst4|25~_emulated ; 74193:inst1|25~_emulated ; DNclk        ; UPclk       ; -0.500       ; 2.163      ; 1.979      ;
; 0.211  ; 74193:inst1|24~_emulated ; 74193:inst1|23~_emulated ; DNclk        ; UPclk       ; 0.000        ; 2.588      ; 2.911      ;
; 0.223  ; 74193:inst1|23~_emulated ; 74193:inst4|23~_emulated ; DNclk        ; UPclk       ; 0.000        ; 1.830      ; 2.165      ;
; 0.239  ; 74193:inst1|26~_emulated ; 74193:inst1|24~_emulated ; UPclk        ; UPclk       ; 0.000        ; 2.462      ; 2.783      ;
; 0.241  ; 74193:inst4|23~_emulated ; 74193:inst4|23~_emulated ; UPclk        ; UPclk       ; 0.000        ; 1.500      ; 1.823      ;
; 0.242  ; 74193:inst4|25~_emulated ; 74193:inst1|24~_emulated ; UPclk        ; UPclk       ; 0.000        ; 1.656      ; 1.980      ;
; 0.250  ; 74193:inst4|24~_emulated ; 74193:inst1|25~_emulated ; DNclk        ; UPclk       ; -0.500       ; 2.137      ; 1.999      ;
; 0.251  ; 74193:inst1|23~_emulated ; 74193:inst4|24~_emulated ; UPclk        ; UPclk       ; 0.000        ; 1.831      ; 2.164      ;
; 0.257  ; 74193:inst4|24~_emulated ; 74193:inst4|23~_emulated ; UPclk        ; UPclk       ; 0.000        ; 1.660      ; 1.999      ;
; 0.259  ; 74193:inst1|25~_emulated ; 74193:inst1|24~_emulated ; UPclk        ; UPclk       ; 0.000        ; 2.417      ; 2.758      ;
; 0.269  ; UPclk                    ; 74193:inst4|24~_emulated ; UPclk        ; UPclk       ; -0.500       ; 3.303      ; 3.174      ;
; 0.301  ; 74193:inst1|23~_emulated ; 74193:inst1|24~_emulated ; DNclk        ; UPclk       ; 0.000        ; 1.753      ; 2.166      ;
; 0.304  ; 74193:inst4|23~_emulated ; 74193:inst1|24~_emulated ; UPclk        ; UPclk       ; 0.000        ; 1.438      ; 1.824      ;
; 0.313  ; 74193:inst4|23~_emulated ; 74193:inst1|25~_emulated ; DNclk        ; UPclk       ; -0.500       ; 1.898      ; 1.823      ;
; 0.315  ; 74193:inst4|26~_emulated ; 74193:inst1|25~_emulated ; UPclk        ; UPclk       ; -0.500       ; 2.060      ; 1.977      ;
; 0.320  ; 74193:inst4|24~_emulated ; 74193:inst1|24~_emulated ; UPclk        ; UPclk       ; 0.000        ; 1.598      ; 2.000      ;
; 0.327  ; 74193:inst1|26~_emulated ; 74193:inst4|23~_emulated ; DNclk        ; UPclk       ; 0.000        ; 2.343      ; 2.782      ;
; 0.339  ; 74193:inst4|26~_emulated ; 74193:inst4|25~_emulated ; DNclk        ; UPclk       ; -0.500       ; 2.025      ; 1.976      ;
; 0.367  ; 74193:inst4|26~_emulated ; 74193:inst4|26~_emulated ; DNclk        ; UPclk       ; -0.500       ; 1.997      ; 1.976      ;
; 0.385  ; 74193:inst1|26~_emulated ; 74193:inst4|24~_emulated ; UPclk        ; UPclk       ; 0.000        ; 2.314      ; 2.781      ;
; 0.386  ; 74193:inst1|24~_emulated ; 74193:inst4|23~_emulated ; UPclk        ; UPclk       ; 0.000        ; 2.444      ; 2.912      ;
; 0.393  ; 74193:inst1|25~_emulated ; 74193:inst4|23~_emulated ; DNclk        ; UPclk       ; 0.000        ; 2.252      ; 2.757      ;
; 0.403  ; 74193:inst4|25~_emulated ; 74193:inst4|24~_emulated ; UPclk        ; UPclk       ; 0.000        ; 1.493      ; 1.978      ;
; 0.405  ; 74193:inst1|26~_emulated ; 74193:inst1|24~_emulated ; DNclk        ; UPclk       ; 0.000        ; 2.266      ; 2.783      ;
; 0.405  ; 74193:inst1|25~_emulated ; 74193:inst4|24~_emulated ; UPclk        ; UPclk       ; 0.000        ; 2.269      ; 2.756      ;
; 0.433  ; 74193:inst1|23~_emulated ; 74193:inst1|25~_emulated ; UPclk        ; UPclk       ; -0.500       ; 2.130      ; 2.165      ;
; 0.447  ; 74193:inst1|23~_emulated ; 74193:inst4|24~_emulated ; DNclk        ; UPclk       ; 0.000        ; 1.605      ; 2.164      ;
; 0.454  ; 74193:inst4|25~_emulated ; 74193:inst4|25~_emulated ; DNclk        ; UPclk       ; -0.500       ; 1.912      ; 1.978      ;
; 0.464  ; 74193:inst1|24~_emulated ; 74193:inst1|24~_emulated ; UPclk        ; UPclk       ; 0.000        ; 2.367      ; 2.913      ;
; 0.465  ; 74193:inst4|23~_emulated ; 74193:inst4|24~_emulated ; UPclk        ; UPclk       ; 0.000        ; 1.275      ; 1.822      ;
; 0.471  ; 74193:inst1|25~_emulated ; 74193:inst1|24~_emulated ; DNclk        ; UPclk       ; 0.000        ; 2.175      ; 2.758      ;
; 0.481  ; 74193:inst4|24~_emulated ; 74193:inst4|24~_emulated ; UPclk        ; UPclk       ; 0.000        ; 1.435      ; 1.998      ;
; 0.482  ; 74193:inst4|25~_emulated ; 74193:inst4|26~_emulated ; DNclk        ; UPclk       ; -0.500       ; 1.884      ; 1.978      ;
; 0.500  ; 74193:inst4|24~_emulated ; 74193:inst4|25~_emulated ; DNclk        ; UPclk       ; -0.500       ; 1.886      ; 1.998      ;
; 0.528  ; 74193:inst4|24~_emulated ; 74193:inst4|26~_emulated ; DNclk        ; UPclk       ; -0.500       ; 1.858      ; 1.998      ;
; 0.551  ; 74193:inst1|26~_emulated ; 74193:inst4|24~_emulated ; DNclk        ; UPclk       ; 0.000        ; 2.118      ; 2.781      ;
; 0.553  ; 74193:inst4|23~1         ; 74193:inst1|23~_emulated ; UPclk        ; UPclk       ; 0.000        ; 1.020      ; 1.655      ;
; 0.563  ; 74193:inst4|23~_emulated ; 74193:inst4|25~_emulated ; DNclk        ; UPclk       ; -0.500       ; 1.647      ; 1.822      ;
; 0.565  ; 74193:inst4|26~_emulated ; 74193:inst4|25~_emulated ; UPclk        ; UPclk       ; -0.500       ; 1.809      ; 1.976      ;
; 0.567  ; 74193:inst1|26~_emulated ; 74193:inst1|25~_emulated ; UPclk        ; UPclk       ; -0.500       ; 2.613      ; 2.782      ;
; 0.585  ; 74193:inst4|25~_emulated ; 74193:inst1|25~_emulated ; UPclk        ; UPclk       ; -0.500       ; 1.792      ; 1.979      ;
; 0.587  ; 74193:inst1|25~_emulated ; 74193:inst1|25~_emulated ; UPclk        ; UPclk       ; -0.500       ; 2.568      ; 2.757      ;
; 0.591  ; 74193:inst4|23~_emulated ; 74193:inst4|26~_emulated ; DNclk        ; UPclk       ; -0.500       ; 1.619      ; 1.822      ;
; 0.593  ; 74193:inst1|24~_emulated ; 74193:inst4|23~_emulated ; DNclk        ; UPclk       ; 0.000        ; 2.207      ; 2.912      ;
; 0.593  ; 74193:inst4|26~_emulated ; 74193:inst4|26~_emulated ; UPclk        ; UPclk       ; -0.500       ; 1.781      ; 1.976      ;
; 0.610  ; 74193:inst1|24~_emulated ; 74193:inst4|24~_emulated ; UPclk        ; UPclk       ; 0.000        ; 2.219      ; 2.911      ;
; 0.617  ; 74193:inst1|25~_emulated ; 74193:inst4|24~_emulated ; DNclk        ; UPclk       ; 0.000        ; 2.027      ; 2.756      ;
; 0.647  ; 74193:inst4|23~_emulated ; 74193:inst1|25~_emulated ; UPclk        ; UPclk       ; -0.500       ; 1.574      ; 1.823      ;
; 0.649  ; 74193:inst1|23~_emulated ; 74193:inst1|25~_emulated ; DNclk        ; UPclk       ; -0.500       ; 1.904      ; 2.165      ;
; 0.663  ; 74193:inst4|24~_emulated ; 74193:inst1|25~_emulated ; UPclk        ; UPclk       ; -0.500       ; 1.734      ; 1.999      ;
; 0.671  ; 74193:inst1|24~_emulated ; 74193:inst1|24~_emulated ; DNclk        ; UPclk       ; 0.000        ; 2.130      ; 2.913      ;
+--------+--------------------------+--------------------------+--------------+-------------+--------------+------------+------------+


+-----------------------------------------------------------------------------------------------------------------------------------+
; Fast 1200mV -40C Model Removal: 'DNclk'                                                                                           ;
+-------+--------------------------+--------------------------+--------------+-------------+--------------+------------+------------+
; Slack ; From Node                ; To Node                  ; Launch Clock ; Latch Clock ; Relationship ; Clock Skew ; Data Delay ;
+-------+--------------------------+--------------------------+--------------+-------------+--------------+------------+------------+
; 1.033 ; UPclk                    ; 74193:inst4|23~_emulated ; UPclk        ; DNclk       ; 0.000        ; 1.777      ; 2.922      ;
; 1.038 ; UPclk                    ; 74193:inst1|23~_emulated ; UPclk        ; DNclk       ; 0.000        ; 1.770      ; 2.920      ;
; 1.254 ; UPclk                    ; 74193:inst4|24~_emulated ; UPclk        ; DNclk       ; 0.000        ; 1.554      ; 2.920      ;
; 1.289 ; UPclk                    ; 74193:inst4|25~_emulated ; UPclk        ; DNclk       ; 0.000        ; 1.519      ; 2.920      ;
; 1.404 ; UPclk                    ; 74193:inst1|24~_emulated ; UPclk        ; DNclk       ; 0.000        ; 1.406      ; 2.922      ;
; 1.427 ; UPclk                    ; 74193:inst4|26~_emulated ; UPclk        ; DNclk       ; 0.000        ; 1.381      ; 2.920      ;
; 1.444 ; 74193:inst4|26~_emulated ; 74193:inst4|23~_emulated ; DNclk        ; DNclk       ; 0.000        ; 0.451      ; 1.977      ;
; 1.450 ; 74193:inst4|26~_emulated ; 74193:inst1|23~_emulated ; DNclk        ; DNclk       ; 0.000        ; 0.444      ; 1.976      ;
; 1.451 ; UPclk                    ; 74193:inst1|25~_emulated ; UPclk        ; DNclk       ; 0.000        ; 1.359      ; 2.922      ;
; 1.559 ; 74193:inst4|25~_emulated ; 74193:inst4|23~_emulated ; DNclk        ; DNclk       ; 0.000        ; 0.338      ; 1.979      ;
; 1.565 ; 74193:inst4|25~_emulated ; 74193:inst1|23~_emulated ; DNclk        ; DNclk       ; 0.000        ; 0.331      ; 1.978      ;
; 1.575 ; UPclk                    ; 74193:inst1|26~_emulated ; UPclk        ; DNclk       ; 0.000        ; 1.235      ; 2.922      ;
; 1.605 ; 74193:inst4|24~_emulated ; 74193:inst4|23~_emulated ; DNclk        ; DNclk       ; 0.000        ; 0.312      ; 1.999      ;
; 1.611 ; 74193:inst4|24~_emulated ; 74193:inst1|23~_emulated ; DNclk        ; DNclk       ; 0.000        ; 0.305      ; 1.998      ;
; 1.615 ; 74193:inst4|26~_emulated ; 74193:inst4|23~_emulated ; UPclk        ; DNclk       ; 0.000        ; 0.250      ; 1.977      ;
; 1.621 ; 74193:inst4|26~_emulated ; 74193:inst1|23~_emulated ; UPclk        ; DNclk       ; 0.000        ; 0.243      ; 1.976      ;
; 1.666 ; 74193:inst4|26~_emulated ; 74193:inst4|24~_emulated ; DNclk        ; DNclk       ; 0.000        ; 0.228      ; 1.976      ;
; 1.668 ; 74193:inst4|23~_emulated ; 74193:inst4|23~_emulated ; DNclk        ; DNclk       ; 0.000        ; 0.073      ; 1.823      ;
; 1.674 ; 74193:inst4|23~_emulated ; 74193:inst1|23~_emulated ; DNclk        ; DNclk       ; 0.000        ; 0.066      ; 1.822      ;
; 1.701 ; 74193:inst4|26~_emulated ; 74193:inst4|25~_emulated ; DNclk        ; DNclk       ; 0.000        ; 0.193      ; 1.976      ;
; 1.733 ; 74193:inst1|23~_emulated ; 74193:inst4|23~_emulated ; UPclk        ; DNclk       ; 0.000        ; 0.320      ; 2.165      ;
; 1.739 ; 74193:inst1|23~_emulated ; 74193:inst1|23~_emulated ; UPclk        ; DNclk       ; 0.000        ; 0.313      ; 2.164      ;
; 1.781 ; 74193:inst4|25~_emulated ; 74193:inst4|24~_emulated ; DNclk        ; DNclk       ; 0.000        ; 0.115      ; 1.978      ;
; 1.786 ; UPclk                    ; 74193:inst4|23~_emulated ; UPclk        ; DNclk       ; -0.500       ; 1.777      ; 3.175      ;
; 1.792 ; UPclk                    ; 74193:inst1|23~_emulated ; UPclk        ; DNclk       ; -0.500       ; 1.770      ; 3.174      ;
; 1.816 ; 74193:inst4|26~_emulated ; 74193:inst1|24~_emulated ; DNclk        ; DNclk       ; 0.000        ; 0.080      ; 1.978      ;
; 1.816 ; 74193:inst4|25~_emulated ; 74193:inst4|25~_emulated ; DNclk        ; DNclk       ; 0.000        ; 0.080      ; 1.978      ;
; 1.827 ; 74193:inst4|24~_emulated ; 74193:inst4|24~_emulated ; DNclk        ; DNclk       ; 0.000        ; 0.089      ; 1.998      ;
; 1.837 ; 74193:inst4|26~_emulated ; 74193:inst4|24~_emulated ; UPclk        ; DNclk       ; 0.000        ; 0.027      ; 1.976      ;
; 1.839 ; 74193:inst4|26~_emulated ; 74193:inst4|26~_emulated ; DNclk        ; DNclk       ; 0.000        ; 0.055      ; 1.976      ;
; 1.862 ; 74193:inst4|26~_emulated ; 74193:inst1|25~_emulated ; DNclk        ; DNclk       ; 0.000        ; 0.033      ; 1.977      ;
; 1.862 ; 74193:inst4|24~_emulated ; 74193:inst4|25~_emulated ; DNclk        ; DNclk       ; 0.000        ; 0.054      ; 1.998      ;
; 1.872 ; 74193:inst4|26~_emulated ; 74193:inst4|25~_emulated ; UPclk        ; DNclk       ; 0.000        ; -0.008     ; 1.976      ;
; 1.882 ; 74193:inst1|26~_emulated ; 74193:inst4|23~_emulated ; UPclk        ; DNclk       ; 0.000        ; 0.788      ; 2.782      ;
; 1.885 ; 74193:inst4|25~_emulated ; 74193:inst4|23~_emulated ; UPclk        ; DNclk       ; 0.000        ; -0.018     ; 1.979      ;
; 1.888 ; 74193:inst1|26~_emulated ; 74193:inst1|23~_emulated ; UPclk        ; DNclk       ; 0.000        ; 0.781      ; 2.781      ;
; 1.890 ; 74193:inst4|23~_emulated ; 74193:inst4|24~_emulated ; DNclk        ; DNclk       ; 0.000        ; -0.150     ; 1.822      ;
; 1.891 ; 74193:inst4|25~_emulated ; 74193:inst1|23~_emulated ; UPclk        ; DNclk       ; 0.000        ; -0.025     ; 1.978      ;
; 1.902 ; 74193:inst1|25~_emulated ; 74193:inst4|23~_emulated ; UPclk        ; DNclk       ; 0.000        ; 0.743      ; 2.757      ;
; 1.908 ; 74193:inst1|25~_emulated ; 74193:inst1|23~_emulated ; UPclk        ; DNclk       ; 0.000        ; 0.736      ; 2.756      ;
; 1.925 ; 74193:inst4|23~_emulated ; 74193:inst4|25~_emulated ; DNclk        ; DNclk       ; 0.000        ; -0.185     ; 1.822      ;
; 1.931 ; 74193:inst4|25~_emulated ; 74193:inst1|24~_emulated ; DNclk        ; DNclk       ; 0.000        ; -0.033     ; 1.980      ;
; 1.947 ; 74193:inst4|23~_emulated ; 74193:inst4|23~_emulated ; UPclk        ; DNclk       ; 0.000        ; -0.236     ; 1.823      ;
; 1.953 ; 74193:inst4|23~_emulated ; 74193:inst1|23~_emulated ; UPclk        ; DNclk       ; 0.000        ; -0.243     ; 1.822      ;
; 1.954 ; 74193:inst4|25~_emulated ; 74193:inst4|26~_emulated ; DNclk        ; DNclk       ; 0.000        ; -0.058     ; 1.978      ;
; 1.955 ; 74193:inst1|23~_emulated ; 74193:inst4|24~_emulated ; UPclk        ; DNclk       ; 0.000        ; 0.097      ; 2.164      ;
; 1.963 ; 74193:inst4|24~_emulated ; 74193:inst4|23~_emulated ; UPclk        ; DNclk       ; 0.000        ; -0.076     ; 1.999      ;
; 1.969 ; 74193:inst4|24~_emulated ; 74193:inst1|23~_emulated ; UPclk        ; DNclk       ; 0.000        ; -0.083     ; 1.998      ;
; 1.977 ; 74193:inst4|24~_emulated ; 74193:inst1|24~_emulated ; DNclk        ; DNclk       ; 0.000        ; -0.059     ; 2.000      ;
; 1.977 ; 74193:inst4|25~_emulated ; 74193:inst1|25~_emulated ; DNclk        ; DNclk       ; 0.000        ; -0.080     ; 1.979      ;
; 1.986 ; 74193:inst4|26~_emulated ; 74193:inst1|26~_emulated ; DNclk        ; DNclk       ; 0.000        ; -0.091     ; 1.977      ;
; 1.987 ; 74193:inst4|26~_emulated ; 74193:inst1|24~_emulated ; UPclk        ; DNclk       ; 0.000        ; -0.121     ; 1.978      ;
; 1.990 ; 74193:inst1|23~_emulated ; 74193:inst4|25~_emulated ; UPclk        ; DNclk       ; 0.000        ; 0.062      ; 2.164      ;
; 2.000 ; 74193:inst4|24~_emulated ; 74193:inst4|26~_emulated ; DNclk        ; DNclk       ; 0.000        ; -0.084     ; 1.998      ;
; 2.004 ; 74193:inst1|23~_emulated ; 74193:inst4|23~_emulated ; DNclk        ; DNclk       ; 0.000        ; 0.079      ; 2.165      ;
; 2.008 ; UPclk                    ; 74193:inst4|24~_emulated ; UPclk        ; DNclk       ; -0.500       ; 1.554      ; 3.174      ;
; 2.010 ; 74193:inst1|23~_emulated ; 74193:inst1|23~_emulated ; DNclk        ; DNclk       ; 0.000        ; 0.072      ; 2.164      ;
; 2.010 ; 74193:inst4|26~_emulated ; 74193:inst4|26~_emulated ; UPclk        ; DNclk       ; 0.000        ; -0.146     ; 1.976      ;
; 2.023 ; 74193:inst4|24~_emulated ; 74193:inst1|25~_emulated ; DNclk        ; DNclk       ; 0.000        ; -0.106     ; 1.999      ;
; 2.033 ; 74193:inst4|26~_emulated ; 74193:inst1|25~_emulated ; UPclk        ; DNclk       ; 0.000        ; -0.168     ; 1.977      ;
; 2.040 ; 74193:inst4|23~_emulated ; 74193:inst1|24~_emulated ; DNclk        ; DNclk       ; 0.000        ; -0.298     ; 1.824      ;
; 2.043 ; UPclk                    ; 74193:inst4|25~_emulated ; UPclk        ; DNclk       ; -0.500       ; 1.519      ; 3.174      ;
; 2.063 ; 74193:inst4|23~_emulated ; 74193:inst4|26~_emulated ; DNclk        ; DNclk       ; 0.000        ; -0.323     ; 1.822      ;
; 2.086 ; 74193:inst4|23~_emulated ; 74193:inst1|25~_emulated ; DNclk        ; DNclk       ; 0.000        ; -0.345     ; 1.823      ;
; 2.101 ; 74193:inst4|25~_emulated ; 74193:inst1|26~_emulated ; DNclk        ; DNclk       ; 0.000        ; -0.204     ; 1.979      ;
; 2.104 ; 74193:inst1|26~_emulated ; 74193:inst4|24~_emulated ; UPclk        ; DNclk       ; 0.000        ; 0.565      ; 2.781      ;
; 2.105 ; 74193:inst1|23~_emulated ; 74193:inst1|24~_emulated ; UPclk        ; DNclk       ; 0.000        ; -0.051     ; 2.166      ;
; 2.107 ; 74193:inst1|24~_emulated ; 74193:inst4|23~_emulated ; UPclk        ; DNclk       ; 0.000        ; 0.693      ; 2.912      ;
; 2.107 ; 74193:inst4|25~_emulated ; 74193:inst4|24~_emulated ; UPclk        ; DNclk       ; 0.000        ; -0.241     ; 1.978      ;
; 2.108 ; 74193:inst1|26~_emulated ; 74193:inst4|23~_emulated ; DNclk        ; DNclk       ; 0.000        ; 0.592      ; 2.782      ;
; 2.113 ; 74193:inst1|24~_emulated ; 74193:inst1|23~_emulated ; UPclk        ; DNclk       ; 0.000        ; 0.686      ; 2.911      ;
; 2.114 ; 74193:inst1|26~_emulated ; 74193:inst1|23~_emulated ; DNclk        ; DNclk       ; 0.000        ; 0.585      ; 2.781      ;
; 2.124 ; 74193:inst1|25~_emulated ; 74193:inst4|24~_emulated ; UPclk        ; DNclk       ; 0.000        ; 0.520      ; 2.756      ;
; 2.128 ; 74193:inst1|23~_emulated ; 74193:inst4|26~_emulated ; UPclk        ; DNclk       ; 0.000        ; -0.076     ; 2.164      ;
; 2.139 ; 74193:inst1|26~_emulated ; 74193:inst4|25~_emulated ; UPclk        ; DNclk       ; 0.000        ; 0.530      ; 2.781      ;
; 2.142 ; 74193:inst4|25~_emulated ; 74193:inst4|25~_emulated ; UPclk        ; DNclk       ; 0.000        ; -0.276     ; 1.978      ;
; 2.147 ; 74193:inst4|24~_emulated ; 74193:inst1|26~_emulated ; DNclk        ; DNclk       ; 0.000        ; -0.230     ; 1.999      ;
; 2.151 ; 74193:inst1|23~_emulated ; 74193:inst1|25~_emulated ; UPclk        ; DNclk       ; 0.000        ; -0.098     ; 2.165      ;
; 2.157 ; 74193:inst4|26~_emulated ; 74193:inst1|26~_emulated ; UPclk        ; DNclk       ; 0.000        ; -0.292     ; 1.977      ;
; 2.158 ; UPclk                    ; 74193:inst1|24~_emulated ; UPclk        ; DNclk       ; -0.500       ; 1.406      ; 3.176      ;
; 2.159 ; 74193:inst1|25~_emulated ; 74193:inst4|25~_emulated ; UPclk        ; DNclk       ; 0.000        ; 0.485      ; 2.756      ;
; 2.169 ; 74193:inst4|23~_emulated ; 74193:inst4|24~_emulated ; UPclk        ; DNclk       ; 0.000        ; -0.459     ; 1.822      ;
; 2.174 ; 74193:inst1|25~_emulated ; 74193:inst4|23~_emulated ; DNclk        ; DNclk       ; 0.000        ; 0.501      ; 2.757      ;
; 2.180 ; 74193:inst1|25~_emulated ; 74193:inst1|23~_emulated ; DNclk        ; DNclk       ; 0.000        ; 0.494      ; 2.756      ;
; 2.181 ; UPclk                    ; 74193:inst4|26~_emulated ; UPclk        ; DNclk       ; -0.500       ; 1.381      ; 3.174      ;
; 2.185 ; 74193:inst4|24~_emulated ; 74193:inst4|24~_emulated ; UPclk        ; DNclk       ; 0.000        ; -0.299     ; 1.998      ;
; 2.204 ; 74193:inst4|23~_emulated ; 74193:inst4|25~_emulated ; UPclk        ; DNclk       ; 0.000        ; -0.494     ; 1.822      ;
; 2.204 ; UPclk                    ; 74193:inst1|25~_emulated ; UPclk        ; DNclk       ; -0.500       ; 1.359      ; 3.175      ;
; 2.210 ; 74193:inst4|23~_emulated ; 74193:inst1|26~_emulated ; DNclk        ; DNclk       ; 0.000        ; -0.469     ; 1.823      ;
; 2.220 ; 74193:inst4|24~_emulated ; 74193:inst4|25~_emulated ; UPclk        ; DNclk       ; 0.000        ; -0.334     ; 1.998      ;
; 2.226 ; 74193:inst1|23~_emulated ; 74193:inst4|24~_emulated ; DNclk        ; DNclk       ; 0.000        ; -0.144     ; 2.164      ;
; 2.254 ; 74193:inst1|26~_emulated ; 74193:inst1|24~_emulated ; UPclk        ; DNclk       ; 0.000        ; 0.417      ; 2.783      ;
; 2.257 ; 74193:inst4|25~_emulated ; 74193:inst1|24~_emulated ; UPclk        ; DNclk       ; 0.000        ; -0.389     ; 1.980      ;
; 2.261 ; 74193:inst1|23~_emulated ; 74193:inst4|25~_emulated ; DNclk        ; DNclk       ; 0.000        ; -0.179     ; 2.164      ;
; 2.274 ; 74193:inst1|25~_emulated ; 74193:inst1|24~_emulated ; UPclk        ; DNclk       ; 0.000        ; 0.372      ; 2.758      ;
; 2.275 ; 74193:inst1|23~_emulated ; 74193:inst1|26~_emulated ; UPclk        ; DNclk       ; 0.000        ; -0.222     ; 2.165      ;
; 2.277 ; 74193:inst1|26~_emulated ; 74193:inst4|26~_emulated ; UPclk        ; DNclk       ; 0.000        ; 0.392      ; 2.781      ;
; 2.280 ; 74193:inst4|25~_emulated ; 74193:inst4|26~_emulated ; UPclk        ; DNclk       ; 0.000        ; -0.414     ; 1.978      ;
; 2.297 ; 74193:inst1|25~_emulated ; 74193:inst4|26~_emulated ; UPclk        ; DNclk       ; 0.000        ; 0.347      ; 2.756      ;
; 2.300 ; 74193:inst1|26~_emulated ; 74193:inst1|25~_emulated ; UPclk        ; DNclk       ; 0.000        ; 0.370      ; 2.782      ;
+-------+--------------------------+--------------------------+--------------+-------------+--------------+------------+------------+


------------------------------------------------
; Fast 1200mV -40C Model Metastability Summary ;
------------------------------------------------
No synchronizer chains to report.


+---------------------------------------------------------------------------------+
; Multicorner Timing Analysis Summary                                             ;
+------------------+----------+--------+----------+---------+---------------------+
; Clock            ; Setup    ; Hold   ; Recovery ; Removal ; Minimum Pulse Width ;
+------------------+----------+--------+----------+---------+---------------------+
; Worst-case Slack ; -13.581  ; -1.495 ; -11.162  ; -2.377  ; -4.799              ;
;  DNclk           ; -13.047  ; 1.092  ; -10.733  ; 1.033   ; -3.000              ;
;  UPclk           ; -13.581  ; -1.495 ; -11.162  ; -2.377  ; -4.799              ;
; Design-wide TNS  ; -200.511 ; -5.26  ; -162.553 ; -8.957  ; -120.685            ;
;  DNclk           ; -100.543 ; 0.000  ; -81.564  ; 0.000   ; -14.896             ;
;  UPclk           ; -99.968  ; -5.260 ; -80.989  ; -8.957  ; -105.789            ;
+------------------+----------+--------+----------+---------+---------------------+


+------------------------------------------------------------------------------------------------------------------------------------------------------------------------------------------------------------------------------------------------------------------------------------------------------------------------------------------------------------------------------------------------------------------+
; Board Trace Model Assignments                                                                                                                                                                                                                                                                                                                                                                                    ;
+---------------+--------------+-------------------+-------------------------+-------------------------+---------------+---------------------+----------------+------------------+--------+------------------+------------------------+------------------------+--------------+---------------+-----------------+-------+---------------------+--------------------+---------------+-----------------+-------------+
; Pin           ; I/O Standard ; Near Tline Length ; Near Tline L per Length ; Near Tline C per Length ; Near Series R ; Near Differential R ; Near Pull-up R ; Near Pull-down R ; Near C ; Far Tline Length ; Far Tline L per Length ; Far Tline C per Length ; Far Series R ; Far Pull-up R ; Far Pull-down R ; Far C ; Termination Voltage ; Far Differential R ; EBD File Name ; EBD Signal Name ; EBD Far-end ;
+---------------+--------------+-------------------+-------------------------+-------------------------+---------------+---------------------+----------------+------------------+--------+------------------+------------------------+------------------------+--------------+---------------+-----------------+-------+---------------------+--------------------+---------------+-----------------+-------------+
; div_clk       ; 2.5 V        ; 0 in              ; 0 H/in                  ; 0 F/in                  ; short         ; -                   ; open           ; open             ; open   ; 0 in             ; 0 H/in                 ; 0 F/in                 ; short        ; open          ; open            ; open  ; 0 V                 ; -                  ; n/a           ; n/a             ; n/a         ;
; out[7]        ; 2.5 V        ; 0 in              ; 0 H/in                  ; 0 F/in                  ; short         ; -                   ; open           ; open             ; open   ; 0 in             ; 0 H/in                 ; 0 F/in                 ; short        ; open          ; open            ; open  ; 0 V                 ; -                  ; n/a           ; n/a             ; n/a         ;
; out[6]        ; 2.5 V        ; 0 in              ; 0 H/in                  ; 0 F/in                  ; short         ; -                   ; open           ; open             ; open   ; 0 in             ; 0 H/in                 ; 0 F/in                 ; short        ; open          ; open            ; open  ; 0 V                 ; -                  ; n/a           ; n/a             ; n/a         ;
; out[5]        ; 2.5 V        ; 0 in              ; 0 H/in                  ; 0 F/in                  ; short         ; -                   ; open           ; open             ; open   ; 0 in             ; 0 H/in                 ; 0 F/in                 ; short        ; open          ; open            ; open  ; 0 V                 ; -                  ; n/a           ; n/a             ; n/a         ;
; out[4]        ; 2.5 V        ; 0 in              ; 0 H/in                  ; 0 F/in                  ; short         ; -                   ; open           ; open             ; open   ; 0 in             ; 0 H/in                 ; 0 F/in                 ; short        ; open          ; open            ; open  ; 0 V                 ; -                  ; n/a           ; n/a             ; n/a         ;
; out[3]        ; 2.5 V        ; 0 in              ; 0 H/in                  ; 0 F/in                  ; short         ; -                   ; open           ; open             ; open   ; 0 in             ; 0 H/in                 ; 0 F/in                 ; short        ; open          ; open            ; open  ; 0 V                 ; -                  ; n/a           ; n/a             ; n/a         ;
; out[2]        ; 2.5 V        ; 0 in              ; 0 H/in                  ; 0 F/in                  ; short         ; -                   ; open           ; open             ; open   ; 0 in             ; 0 H/in                 ; 0 F/in                 ; short        ; open          ; open            ; open  ; 0 V                 ; -                  ; n/a           ; n/a             ; n/a         ;
; out[1]        ; 2.5 V        ; 0 in              ; 0 H/in                  ; 0 F/in                  ; short         ; -                   ; open           ; open             ; open   ; 0 in             ; 0 H/in                 ; 0 F/in                 ; short        ; open          ; open            ; open  ; 0 V                 ; -                  ; n/a           ; n/a             ; n/a         ;
; out[0]        ; 2.5 V        ; 0 in              ; 0 H/in                  ; 0 F/in                  ; short         ; -                   ; open           ; open             ; open   ; 0 in             ; 0 H/in                 ; 0 F/in                 ; short        ; open          ; open            ; open  ; 0 V                 ; -                  ; n/a           ; n/a             ; n/a         ;
; ~ALTERA_DCLK~ ; 2.5 V        ; 0 in              ; 0 H/in                  ; 0 F/in                  ; short         ; -                   ; open           ; open             ; open   ; 0 in             ; 0 H/in                 ; 0 F/in                 ; short        ; open          ; open            ; open  ; 0 V                 ; -                  ; n/a           ; n/a             ; n/a         ;
; ~ALTERA_nCEO~ ; 2.5 V        ; 0 in              ; 0 H/in                  ; 0 F/in                  ; short         ; -                   ; open           ; open             ; open   ; 0 in             ; 0 H/in                 ; 0 F/in                 ; short        ; open          ; open            ; open  ; 0 V                 ; -                  ; n/a           ; n/a             ; n/a         ;
+---------------+--------------+-------------------+-------------------------+-------------------------+---------------+---------------------+----------------+------------------+--------+------------------+------------------------+------------------------+--------------+---------------+-----------------+-------+---------------------+--------------------+---------------+-----------------+-------------+


+----------------------------------------------------------------------------+
; Input Transition Times                                                     ;
+-------------------------+--------------+-----------------+-----------------+
; Pin                     ; I/O Standard ; 10-90 Rise Time ; 90-10 Fall Time ;
+-------------------------+--------------+-----------------+-----------------+
; UPclk                   ; 2.5 V        ; 2000 ps         ; 2000 ps         ;
; in[6]                   ; 2.5 V        ; 2000 ps         ; 2000 ps         ;
; in[3]                   ; 2.5 V        ; 2000 ps         ; 2000 ps         ;
; in[2]                   ; 2.5 V        ; 2000 ps         ; 2000 ps         ;
; in[1]                   ; 2.5 V        ; 2000 ps         ; 2000 ps         ;
; in[0]                   ; 2.5 V        ; 2000 ps         ; 2000 ps         ;
; in[5]                   ; 2.5 V        ; 2000 ps         ; 2000 ps         ;
; in[4]                   ; 2.5 V        ; 2000 ps         ; 2000 ps         ;
; in[7]                   ; 2.5 V        ; 2000 ps         ; 2000 ps         ;
; rst                     ; 2.5 V        ; 2000 ps         ; 2000 ps         ;
; DNclk                   ; 2.5 V        ; 2000 ps         ; 2000 ps         ;
; ~ALTERA_ASDO_DATA1~     ; 2.5 V        ; 2000 ps         ; 2000 ps         ;
; ~ALTERA_FLASH_nCE_nCSO~ ; 2.5 V        ; 2000 ps         ; 2000 ps         ;
; ~ALTERA_DATA0~          ; 2.5 V        ; 2000 ps         ; 2000 ps         ;
+-------------------------+--------------+-----------------+-----------------+


+--------------------------------------------------------------------------------------------------------------------------------------------------------------------------------------------------------------------------------------------------------------------------------------------------------------------------------------------------------------------------------------------------------------------------------------------------------------------------------------------------------------------------------------------------------------------------------------------------------------------------------------------------------------------------------------------+
; Signal Integrity Metrics (Slow 1200mv n40c Model)                                                                                                                                                                                                                                                                                                                                                                                                                                                                                                                                                                                                                                          ;
+---------------+--------------+---------------------+---------------------+------------------------------+------------------------------+---------------------+---------------------+--------------------------------------+--------------------------------------+-----------------------------+-----------------------------+----------------------------+----------------------------+-----------------------------+-----------------------------+--------------------+--------------------+-------------------------------------+-------------------------------------+----------------------------+----------------------------+---------------------------+---------------------------+
; Pin           ; I/O Standard ; Board Delay on Rise ; Board Delay on Fall ; Steady State Voh at FPGA Pin ; Steady State Vol at FPGA Pin ; Voh Max at FPGA Pin ; Vol Min at FPGA Pin ; Ringback Voltage on Rise at FPGA Pin ; Ringback Voltage on Fall at FPGA Pin ; 10-90 Rise Time at FPGA Pin ; 90-10 Fall Time at FPGA Pin ; Monotonic Rise at FPGA Pin ; Monotonic Fall at FPGA Pin ; Steady State Voh at Far-end ; Steady State Vol at Far-end ; Voh Max at Far-end ; Vol Min at Far-end ; Ringback Voltage on Rise at Far-end ; Ringback Voltage on Fall at Far-end ; 10-90 Rise Time at Far-end ; 90-10 Fall Time at Far-end ; Monotonic Rise at Far-end ; Monotonic Fall at Far-end ;
+---------------+--------------+---------------------+---------------------+------------------------------+------------------------------+---------------------+---------------------+--------------------------------------+--------------------------------------+-----------------------------+-----------------------------+----------------------------+----------------------------+-----------------------------+-----------------------------+--------------------+--------------------+-------------------------------------+-------------------------------------+----------------------------+----------------------------+---------------------------+---------------------------+
; div_clk       ; 2.5 V        ; 0 s                 ; 0 s                 ; 2.32 V                       ; 1.4e-09 V                    ; 2.39 V              ; -0.0122 V           ; 0.154 V                              ; 0.017 V                              ; 4.74e-10 s                  ; 4.5e-10 s                   ; No                         ; Yes                        ; 2.32 V                      ; 1.4e-09 V                   ; 2.39 V             ; -0.0122 V          ; 0.154 V                             ; 0.017 V                             ; 4.74e-10 s                 ; 4.5e-10 s                  ; No                        ; Yes                       ;
; out[7]        ; 2.5 V        ; 0 s                 ; 0 s                 ; 2.32 V                       ; 1.4e-09 V                    ; 2.39 V              ; -0.0122 V           ; 0.154 V                              ; 0.017 V                              ; 4.74e-10 s                  ; 4.5e-10 s                   ; No                         ; Yes                        ; 2.32 V                      ; 1.4e-09 V                   ; 2.39 V             ; -0.0122 V          ; 0.154 V                             ; 0.017 V                             ; 4.74e-10 s                 ; 4.5e-10 s                  ; No                        ; Yes                       ;
; out[6]        ; 2.5 V        ; 0 s                 ; 0 s                 ; 2.32 V                       ; 1.4e-09 V                    ; 2.4 V               ; -0.0306 V           ; 0.178 V                              ; 0.087 V                              ; 2.81e-10 s                  ; 2.95e-10 s                  ; Yes                        ; Yes                        ; 2.32 V                      ; 1.4e-09 V                   ; 2.4 V              ; -0.0306 V          ; 0.178 V                             ; 0.087 V                             ; 2.81e-10 s                 ; 2.95e-10 s                 ; Yes                       ; Yes                       ;
; out[5]        ; 2.5 V        ; 0 s                 ; 0 s                 ; 2.32 V                       ; 1.4e-09 V                    ; 2.4 V               ; -0.0306 V           ; 0.178 V                              ; 0.087 V                              ; 2.81e-10 s                  ; 2.95e-10 s                  ; Yes                        ; Yes                        ; 2.32 V                      ; 1.4e-09 V                   ; 2.4 V              ; -0.0306 V          ; 0.178 V                             ; 0.087 V                             ; 2.81e-10 s                 ; 2.95e-10 s                 ; Yes                       ; Yes                       ;
; out[4]        ; 2.5 V        ; 0 s                 ; 0 s                 ; 2.32 V                       ; 1.4e-09 V                    ; 2.34 V              ; -0.00664 V          ; 0.204 V                              ; 0.106 V                              ; 2.63e-09 s                  ; 2.46e-09 s                  ; No                         ; Yes                        ; 2.32 V                      ; 1.4e-09 V                   ; 2.34 V             ; -0.00664 V         ; 0.204 V                             ; 0.106 V                             ; 2.63e-09 s                 ; 2.46e-09 s                 ; No                        ; Yes                       ;
; out[3]        ; 2.5 V        ; 0 s                 ; 0 s                 ; 2.32 V                       ; 1.74e-09 V                   ; 2.4 V               ; -0.0195 V           ; 0.196 V                              ; 0.023 V                              ; 2.87e-10 s                  ; 3.09e-10 s                  ; Yes                        ; Yes                        ; 2.32 V                      ; 1.74e-09 V                  ; 2.4 V              ; -0.0195 V          ; 0.196 V                             ; 0.023 V                             ; 2.87e-10 s                 ; 3.09e-10 s                 ; Yes                       ; Yes                       ;
; out[2]        ; 2.5 V        ; 0 s                 ; 0 s                 ; 2.32 V                       ; 1.74e-09 V                   ; 2.4 V               ; -0.0195 V           ; 0.196 V                              ; 0.023 V                              ; 2.87e-10 s                  ; 3.09e-10 s                  ; Yes                        ; Yes                        ; 2.32 V                      ; 1.74e-09 V                  ; 2.4 V              ; -0.0195 V          ; 0.196 V                             ; 0.023 V                             ; 2.87e-10 s                 ; 3.09e-10 s                 ; Yes                       ; Yes                       ;
; out[1]        ; 2.5 V        ; 0 s                 ; 0 s                 ; 2.32 V                       ; 1.74e-09 V                   ; 2.4 V               ; -0.0195 V           ; 0.196 V                              ; 0.023 V                              ; 2.87e-10 s                  ; 3.09e-10 s                  ; Yes                        ; Yes                        ; 2.32 V                      ; 1.74e-09 V                  ; 2.4 V              ; -0.0195 V          ; 0.196 V                             ; 0.023 V                             ; 2.87e-10 s                 ; 3.09e-10 s                 ; Yes                       ; Yes                       ;
; out[0]        ; 2.5 V        ; 0 s                 ; 0 s                 ; 2.32 V                       ; 1.74e-09 V                   ; 2.4 V               ; -0.0195 V           ; 0.196 V                              ; 0.023 V                              ; 2.87e-10 s                  ; 3.09e-10 s                  ; Yes                        ; Yes                        ; 2.32 V                      ; 1.74e-09 V                  ; 2.4 V              ; -0.0195 V          ; 0.196 V                             ; 0.023 V                             ; 2.87e-10 s                 ; 3.09e-10 s                 ; Yes                       ; Yes                       ;
; ~ALTERA_DCLK~ ; 2.5 V        ; 0 s                 ; 0 s                 ; 2.32 V                       ; 1.16e-09 V                   ; 2.39 V              ; -0.0798 V           ; 0.13 V                               ; 0.103 V                              ; 2.71e-10 s                  ; 2.5e-10 s                   ; Yes                        ; Yes                        ; 2.32 V                      ; 1.16e-09 V                  ; 2.39 V             ; -0.0798 V          ; 0.13 V                              ; 0.103 V                             ; 2.71e-10 s                 ; 2.5e-10 s                  ; Yes                       ; Yes                       ;
; ~ALTERA_nCEO~ ; 2.5 V        ; 0 s                 ; 0 s                 ; 2.32 V                       ; 1.64e-09 V                   ; 2.39 V              ; -0.00331 V          ; 0.132 V                              ; 0.006 V                              ; 4.59e-10 s                  ; 5.62e-10 s                  ; No                         ; Yes                        ; 2.32 V                      ; 1.64e-09 V                  ; 2.39 V             ; -0.00331 V         ; 0.132 V                             ; 0.006 V                             ; 4.59e-10 s                 ; 5.62e-10 s                 ; No                        ; Yes                       ;
+---------------+--------------+---------------------+---------------------+------------------------------+------------------------------+---------------------+---------------------+--------------------------------------+--------------------------------------+-----------------------------+-----------------------------+----------------------------+----------------------------+-----------------------------+-----------------------------+--------------------+--------------------+-------------------------------------+-------------------------------------+----------------------------+----------------------------+---------------------------+---------------------------+


+--------------------------------------------------------------------------------------------------------------------------------------------------------------------------------------------------------------------------------------------------------------------------------------------------------------------------------------------------------------------------------------------------------------------------------------------------------------------------------------------------------------------------------------------------------------------------------------------------------------------------------------------------------------------------------------------+
; Signal Integrity Metrics (Slow 1200mv 125c Model)                                                                                                                                                                                                                                                                                                                                                                                                                                                                                                                                                                                                                                          ;
+---------------+--------------+---------------------+---------------------+------------------------------+------------------------------+---------------------+---------------------+--------------------------------------+--------------------------------------+-----------------------------+-----------------------------+----------------------------+----------------------------+-----------------------------+-----------------------------+--------------------+--------------------+-------------------------------------+-------------------------------------+----------------------------+----------------------------+---------------------------+---------------------------+
; Pin           ; I/O Standard ; Board Delay on Rise ; Board Delay on Fall ; Steady State Voh at FPGA Pin ; Steady State Vol at FPGA Pin ; Voh Max at FPGA Pin ; Vol Min at FPGA Pin ; Ringback Voltage on Rise at FPGA Pin ; Ringback Voltage on Fall at FPGA Pin ; 10-90 Rise Time at FPGA Pin ; 90-10 Fall Time at FPGA Pin ; Monotonic Rise at FPGA Pin ; Monotonic Fall at FPGA Pin ; Steady State Voh at Far-end ; Steady State Vol at Far-end ; Voh Max at Far-end ; Vol Min at Far-end ; Ringback Voltage on Rise at Far-end ; Ringback Voltage on Fall at Far-end ; 10-90 Rise Time at Far-end ; 90-10 Fall Time at Far-end ; Monotonic Rise at Far-end ; Monotonic Fall at Far-end ;
+---------------+--------------+---------------------+---------------------+------------------------------+------------------------------+---------------------+---------------------+--------------------------------------+--------------------------------------+-----------------------------+-----------------------------+----------------------------+----------------------------+-----------------------------+-----------------------------+--------------------+--------------------+-------------------------------------+-------------------------------------+----------------------------+----------------------------+---------------------------+---------------------------+
; div_clk       ; 2.5 V        ; 0 s                 ; 0 s                 ; 2.32 V                       ; 2.91e-06 V                   ; 2.34 V              ; -0.0096 V           ; 0.063 V                              ; 0.023 V                              ; 6.92e-10 s                  ; 6.75e-10 s                  ; Yes                        ; Yes                        ; 2.32 V                      ; 2.91e-06 V                  ; 2.34 V             ; -0.0096 V          ; 0.063 V                             ; 0.023 V                             ; 6.92e-10 s                 ; 6.75e-10 s                 ; Yes                       ; Yes                       ;
; out[7]        ; 2.5 V        ; 0 s                 ; 0 s                 ; 2.32 V                       ; 2.91e-06 V                   ; 2.34 V              ; -0.0096 V           ; 0.063 V                              ; 0.023 V                              ; 6.92e-10 s                  ; 6.75e-10 s                  ; Yes                        ; Yes                        ; 2.32 V                      ; 2.91e-06 V                  ; 2.34 V             ; -0.0096 V          ; 0.063 V                             ; 0.023 V                             ; 6.92e-10 s                 ; 6.75e-10 s                 ; Yes                       ; Yes                       ;
; out[6]        ; 2.5 V        ; 0 s                 ; 0 s                 ; 2.32 V                       ; 2.91e-06 V                   ; 2.35 V              ; -0.00923 V          ; 0.127 V                              ; 0.041 V                              ; 4.74e-10 s                  ; 4.81e-10 s                  ; Yes                        ; Yes                        ; 2.32 V                      ; 2.91e-06 V                  ; 2.35 V             ; -0.00923 V         ; 0.127 V                             ; 0.041 V                             ; 4.74e-10 s                 ; 4.81e-10 s                 ; Yes                       ; Yes                       ;
; out[5]        ; 2.5 V        ; 0 s                 ; 0 s                 ; 2.32 V                       ; 2.91e-06 V                   ; 2.35 V              ; -0.00923 V          ; 0.127 V                              ; 0.041 V                              ; 4.74e-10 s                  ; 4.81e-10 s                  ; Yes                        ; Yes                        ; 2.32 V                      ; 2.91e-06 V                  ; 2.35 V             ; -0.00923 V         ; 0.127 V                             ; 0.041 V                             ; 4.74e-10 s                 ; 4.81e-10 s                 ; Yes                       ; Yes                       ;
; out[4]        ; 2.5 V        ; 0 s                 ; 0 s                 ; 2.32 V                       ; 2.91e-06 V                   ; 2.33 V              ; -0.00204 V          ; 0.091 V                              ; 0.053 V                              ; 3.77e-09 s                  ; 3.59e-09 s                  ; Yes                        ; Yes                        ; 2.32 V                      ; 2.91e-06 V                  ; 2.33 V             ; -0.00204 V         ; 0.091 V                             ; 0.053 V                             ; 3.77e-09 s                 ; 3.59e-09 s                 ; Yes                       ; Yes                       ;
; out[3]        ; 2.5 V        ; 0 s                 ; 0 s                 ; 2.32 V                       ; 4.32e-06 V                   ; 2.35 V              ; -0.0124 V           ; 0.057 V                              ; 0.05 V                               ; 4.87e-10 s                  ; 5.02e-10 s                  ; Yes                        ; Yes                        ; 2.32 V                      ; 4.32e-06 V                  ; 2.35 V             ; -0.0124 V          ; 0.057 V                             ; 0.05 V                              ; 4.87e-10 s                 ; 5.02e-10 s                 ; Yes                       ; Yes                       ;
; out[2]        ; 2.5 V        ; 0 s                 ; 0 s                 ; 2.32 V                       ; 4.32e-06 V                   ; 2.35 V              ; -0.0124 V           ; 0.057 V                              ; 0.05 V                               ; 4.87e-10 s                  ; 5.02e-10 s                  ; Yes                        ; Yes                        ; 2.32 V                      ; 4.32e-06 V                  ; 2.35 V             ; -0.0124 V          ; 0.057 V                             ; 0.05 V                              ; 4.87e-10 s                 ; 5.02e-10 s                 ; Yes                       ; Yes                       ;
; out[1]        ; 2.5 V        ; 0 s                 ; 0 s                 ; 2.32 V                       ; 4.32e-06 V                   ; 2.35 V              ; -0.0124 V           ; 0.057 V                              ; 0.05 V                               ; 4.87e-10 s                  ; 5.02e-10 s                  ; Yes                        ; Yes                        ; 2.32 V                      ; 4.32e-06 V                  ; 2.35 V             ; -0.0124 V          ; 0.057 V                             ; 0.05 V                              ; 4.87e-10 s                 ; 5.02e-10 s                 ; Yes                       ; Yes                       ;
; out[0]        ; 2.5 V        ; 0 s                 ; 0 s                 ; 2.32 V                       ; 4.32e-06 V                   ; 2.35 V              ; -0.0124 V           ; 0.057 V                              ; 0.05 V                               ; 4.87e-10 s                  ; 5.02e-10 s                  ; Yes                        ; Yes                        ; 2.32 V                      ; 4.32e-06 V                  ; 2.35 V             ; -0.0124 V          ; 0.057 V                             ; 0.05 V                              ; 4.87e-10 s                 ; 5.02e-10 s                 ; Yes                       ; Yes                       ;
; ~ALTERA_DCLK~ ; 2.5 V        ; 0 s                 ; 0 s                 ; 2.32 V                       ; 2.33e-06 V                   ; 2.35 V              ; -0.00598 V          ; 0.095 V                              ; 0.012 V                              ; 4.54e-10 s                  ; 3.98e-10 s                  ; Yes                        ; Yes                        ; 2.32 V                      ; 2.33e-06 V                  ; 2.35 V             ; -0.00598 V         ; 0.095 V                             ; 0.012 V                             ; 4.54e-10 s                 ; 3.98e-10 s                 ; Yes                       ; Yes                       ;
; ~ALTERA_nCEO~ ; 2.5 V        ; 0 s                 ; 0 s                 ; 2.32 V                       ; 3.86e-06 V                   ; 2.34 V              ; -0.00776 V          ; 0.107 V                              ; 0.033 V                              ; 6.63e-10 s                  ; 8.55e-10 s                  ; Yes                        ; Yes                        ; 2.32 V                      ; 3.86e-06 V                  ; 2.34 V             ; -0.00776 V         ; 0.107 V                             ; 0.033 V                             ; 6.63e-10 s                 ; 8.55e-10 s                 ; Yes                       ; Yes                       ;
+---------------+--------------+---------------------+---------------------+------------------------------+------------------------------+---------------------+---------------------+--------------------------------------+--------------------------------------+-----------------------------+-----------------------------+----------------------------+----------------------------+-----------------------------+-----------------------------+--------------------+--------------------+-------------------------------------+-------------------------------------+----------------------------+----------------------------+---------------------------+---------------------------+


+--------------------------------------------------------------------------------------------------------------------------------------------------------------------------------------------------------------------------------------------------------------------------------------------------------------------------------------------------------------------------------------------------------------------------------------------------------------------------------------------------------------------------------------------------------------------------------------------------------------------------------------------------------------------------------------------+
; Signal Integrity Metrics (Fast 1200mv n40c Model)                                                                                                                                                                                                                                                                                                                                                                                                                                                                                                                                                                                                                                          ;
+---------------+--------------+---------------------+---------------------+------------------------------+------------------------------+---------------------+---------------------+--------------------------------------+--------------------------------------+-----------------------------+-----------------------------+----------------------------+----------------------------+-----------------------------+-----------------------------+--------------------+--------------------+-------------------------------------+-------------------------------------+----------------------------+----------------------------+---------------------------+---------------------------+
; Pin           ; I/O Standard ; Board Delay on Rise ; Board Delay on Fall ; Steady State Voh at FPGA Pin ; Steady State Vol at FPGA Pin ; Voh Max at FPGA Pin ; Vol Min at FPGA Pin ; Ringback Voltage on Rise at FPGA Pin ; Ringback Voltage on Fall at FPGA Pin ; 10-90 Rise Time at FPGA Pin ; 90-10 Fall Time at FPGA Pin ; Monotonic Rise at FPGA Pin ; Monotonic Fall at FPGA Pin ; Steady State Voh at Far-end ; Steady State Vol at Far-end ; Voh Max at Far-end ; Vol Min at Far-end ; Ringback Voltage on Rise at Far-end ; Ringback Voltage on Fall at Far-end ; 10-90 Rise Time at Far-end ; 90-10 Fall Time at Far-end ; Monotonic Rise at Far-end ; Monotonic Fall at Far-end ;
+---------------+--------------+---------------------+---------------------+------------------------------+------------------------------+---------------------+---------------------+--------------------------------------+--------------------------------------+-----------------------------+-----------------------------+----------------------------+----------------------------+-----------------------------+-----------------------------+--------------------+--------------------+-------------------------------------+-------------------------------------+----------------------------+----------------------------+---------------------------+---------------------------+
; div_clk       ; 2.5 V        ; 0 s                 ; 0 s                 ; 2.62 V                       ; 2.24e-09 V                   ; 2.74 V              ; -0.0529 V           ; 0.285 V                              ; 0.071 V                              ; 2.99e-10 s                  ; 3.3e-10 s                   ; No                         ; Yes                        ; 2.62 V                      ; 2.24e-09 V                  ; 2.74 V             ; -0.0529 V          ; 0.285 V                             ; 0.071 V                             ; 2.99e-10 s                 ; 3.3e-10 s                  ; No                        ; Yes                       ;
; out[7]        ; 2.5 V        ; 0 s                 ; 0 s                 ; 2.62 V                       ; 2.24e-09 V                   ; 2.74 V              ; -0.0529 V           ; 0.285 V                              ; 0.071 V                              ; 2.99e-10 s                  ; 3.3e-10 s                   ; No                         ; Yes                        ; 2.62 V                      ; 2.24e-09 V                  ; 2.74 V             ; -0.0529 V          ; 0.285 V                             ; 0.071 V                             ; 2.99e-10 s                 ; 3.3e-10 s                  ; No                        ; Yes                       ;
; out[6]        ; 2.5 V        ; 0 s                 ; 0 s                 ; 2.62 V                       ; 2.24e-09 V                   ; 2.76 V              ; -0.0537 V           ; 0.17 V                               ; 0.079 V                              ; 2.61e-10 s                  ; 2.39e-10 s                  ; No                         ; Yes                        ; 2.62 V                      ; 2.24e-09 V                  ; 2.76 V             ; -0.0537 V          ; 0.17 V                              ; 0.079 V                             ; 2.61e-10 s                 ; 2.39e-10 s                 ; No                        ; Yes                       ;
; out[5]        ; 2.5 V        ; 0 s                 ; 0 s                 ; 2.62 V                       ; 2.24e-09 V                   ; 2.76 V              ; -0.0537 V           ; 0.17 V                               ; 0.079 V                              ; 2.61e-10 s                  ; 2.39e-10 s                  ; No                         ; Yes                        ; 2.62 V                      ; 2.24e-09 V                  ; 2.76 V             ; -0.0537 V          ; 0.17 V                              ; 0.079 V                             ; 2.61e-10 s                 ; 2.39e-10 s                 ; No                        ; Yes                       ;
; out[4]        ; 2.5 V        ; 0 s                 ; 0 s                 ; 2.62 V                       ; 2.24e-09 V                   ; 2.65 V              ; -0.0149 V           ; 0.207 V                              ; 0.176 V                              ; 2.15e-09 s                  ; 2.03e-09 s                  ; No                         ; Yes                        ; 2.62 V                      ; 2.24e-09 V                  ; 2.65 V             ; -0.0149 V          ; 0.207 V                             ; 0.176 V                             ; 2.15e-09 s                 ; 2.03e-09 s                 ; No                        ; Yes                       ;
; out[3]        ; 2.5 V        ; 0 s                 ; 0 s                 ; 2.62 V                       ; 3.18e-09 V                   ; 2.74 V              ; -0.0527 V           ; 0.162 V                              ; 0.083 V                              ; 2.61e-10 s                  ; 2.44e-10 s                  ; Yes                        ; Yes                        ; 2.62 V                      ; 3.18e-09 V                  ; 2.74 V             ; -0.0527 V          ; 0.162 V                             ; 0.083 V                             ; 2.61e-10 s                 ; 2.44e-10 s                 ; Yes                       ; Yes                       ;
; out[2]        ; 2.5 V        ; 0 s                 ; 0 s                 ; 2.62 V                       ; 3.18e-09 V                   ; 2.74 V              ; -0.0527 V           ; 0.162 V                              ; 0.083 V                              ; 2.61e-10 s                  ; 2.44e-10 s                  ; Yes                        ; Yes                        ; 2.62 V                      ; 3.18e-09 V                  ; 2.74 V             ; -0.0527 V          ; 0.162 V                             ; 0.083 V                             ; 2.61e-10 s                 ; 2.44e-10 s                 ; Yes                       ; Yes                       ;
; out[1]        ; 2.5 V        ; 0 s                 ; 0 s                 ; 2.62 V                       ; 3.18e-09 V                   ; 2.74 V              ; -0.0527 V           ; 0.162 V                              ; 0.083 V                              ; 2.61e-10 s                  ; 2.44e-10 s                  ; Yes                        ; Yes                        ; 2.62 V                      ; 3.18e-09 V                  ; 2.74 V             ; -0.0527 V          ; 0.162 V                             ; 0.083 V                             ; 2.61e-10 s                 ; 2.44e-10 s                 ; Yes                       ; Yes                       ;
; out[0]        ; 2.5 V        ; 0 s                 ; 0 s                 ; 2.62 V                       ; 3.18e-09 V                   ; 2.74 V              ; -0.0527 V           ; 0.162 V                              ; 0.083 V                              ; 2.61e-10 s                  ; 2.44e-10 s                  ; Yes                        ; Yes                        ; 2.62 V                      ; 3.18e-09 V                  ; 2.74 V             ; -0.0527 V          ; 0.162 V                             ; 0.083 V                             ; 2.61e-10 s                 ; 2.44e-10 s                 ; Yes                       ; Yes                       ;
; ~ALTERA_DCLK~ ; 2.5 V        ; 0 s                 ; 0 s                 ; 2.62 V                       ; 1.87e-09 V                   ; 2.79 V              ; -0.0524 V           ; 0.19 V                               ; 0.066 V                              ; 2.63e-10 s                  ; 1.96e-10 s                  ; No                         ; Yes                        ; 2.62 V                      ; 1.87e-09 V                  ; 2.79 V             ; -0.0524 V          ; 0.19 V                              ; 0.066 V                             ; 2.63e-10 s                 ; 1.96e-10 s                 ; No                        ; Yes                       ;
; ~ALTERA_nCEO~ ; 2.5 V        ; 0 s                 ; 0 s                 ; 2.62 V                       ; 2.91e-09 V                   ; 2.73 V              ; -0.0159 V           ; 0.231 V                              ; 0.026 V                              ; 2.89e-10 s                  ; 4.54e-10 s                  ; Yes                        ; Yes                        ; 2.62 V                      ; 2.91e-09 V                  ; 2.73 V             ; -0.0159 V          ; 0.231 V                             ; 0.026 V                             ; 2.89e-10 s                 ; 4.54e-10 s                 ; Yes                       ; Yes                       ;
+---------------+--------------+---------------------+---------------------+------------------------------+------------------------------+---------------------+---------------------+--------------------------------------+--------------------------------------+-----------------------------+-----------------------------+----------------------------+----------------------------+-----------------------------+-----------------------------+--------------------+--------------------+-------------------------------------+-------------------------------------+----------------------------+----------------------------+---------------------------+---------------------------+


+-------------------------------------------------------------------+
; Setup Transfers                                                   ;
+------------+----------+----------+----------+----------+----------+
; From Clock ; To Clock ; RR Paths ; FR Paths ; RF Paths ; FF Paths ;
+------------+----------+----------+----------+----------+----------+
; DNclk      ; DNclk    ; 64       ; 0        ; 0        ; 0        ;
; UPclk      ; DNclk    ; 144      ; 32       ; 0        ; 0        ;
; DNclk      ; UPclk    ; 88       ; 0        ; 48       ; 0        ;
; UPclk      ; UPclk    ; 198      ; 44       ; 108      ; 24       ;
+------------+----------+----------+----------+----------+----------+
Entries labeled "false path" only account for clock-to-clock false paths and not path-based false paths. As a result, actual path counts may be lower than reported.


+-------------------------------------------------------------------+
; Hold Transfers                                                    ;
+------------+----------+----------+----------+----------+----------+
; From Clock ; To Clock ; RR Paths ; FR Paths ; RF Paths ; FF Paths ;
+------------+----------+----------+----------+----------+----------+
; DNclk      ; DNclk    ; 64       ; 0        ; 0        ; 0        ;
; UPclk      ; DNclk    ; 144      ; 32       ; 0        ; 0        ;
; DNclk      ; UPclk    ; 88       ; 0        ; 48       ; 0        ;
; UPclk      ; UPclk    ; 198      ; 44       ; 108      ; 24       ;
+------------+----------+----------+----------+----------+----------+
Entries labeled "false path" only account for clock-to-clock false paths and not path-based false paths. As a result, actual path counts may be lower than reported.


+-------------------------------------------------------------------+
; Recovery Transfers                                                ;
+------------+----------+----------+----------+----------+----------+
; From Clock ; To Clock ; RR Paths ; FR Paths ; RF Paths ; FF Paths ;
+------------+----------+----------+----------+----------+----------+
; DNclk      ; DNclk    ; 64       ; 0        ; 0        ; 0        ;
; UPclk      ; DNclk    ; 136      ; 32       ; 0        ; 0        ;
; DNclk      ; UPclk    ; 88       ; 0        ; 48       ; 0        ;
; UPclk      ; UPclk    ; 187      ; 44       ; 102      ; 24       ;
+------------+----------+----------+----------+----------+----------+
Entries labeled "false path" only account for clock-to-clock false paths and not path-based false paths. As a result, actual path counts may be lower than reported.


+-------------------------------------------------------------------+
; Removal Transfers                                                 ;
+------------+----------+----------+----------+----------+----------+
; From Clock ; To Clock ; RR Paths ; FR Paths ; RF Paths ; FF Paths ;
+------------+----------+----------+----------+----------+----------+
; DNclk      ; DNclk    ; 64       ; 0        ; 0        ; 0        ;
; UPclk      ; DNclk    ; 136      ; 32       ; 0        ; 0        ;
; DNclk      ; UPclk    ; 88       ; 0        ; 48       ; 0        ;
; UPclk      ; UPclk    ; 187      ; 44       ; 102      ; 24       ;
+------------+----------+----------+----------+----------+----------+
Entries labeled "false path" only account for clock-to-clock false paths and not path-based false paths. As a result, actual path counts may be lower than reported.


---------------
; Report TCCS ;
---------------
No dedicated SERDES Transmitter circuitry present in device or used in design


---------------
; Report RSKM ;
---------------
No non-DPA dedicated SERDES Receiver circuitry present in device or used in design


+------------------------------------------------+
; Unconstrained Paths Summary                    ;
+---------------------------------+-------+------+
; Property                        ; Setup ; Hold ;
+---------------------------------+-------+------+
; Illegal Clocks                  ; 0     ; 0    ;
; Unconstrained Clocks            ; 0     ; 0    ;
; Unconstrained Input Ports       ; 10    ; 10   ;
; Unconstrained Input Port Paths  ; 170   ; 170  ;
; Unconstrained Output Ports      ; 9     ; 9    ;
; Unconstrained Output Port Paths ; 234   ; 234  ;
+---------------------------------+-------+------+


+-------------------------------------+
; Clock Status Summary                ;
+--------+-------+------+-------------+
; Target ; Clock ; Type ; Status      ;
+--------+-------+------+-------------+
; DNclk  ; DNclk ; Base ; Constrained ;
; UPclk  ; UPclk ; Base ; Constrained ;
+--------+-------+------+-------------+


+---------------------------------------------------------------------------------------------------+
; Unconstrained Input Ports                                                                         ;
+------------+--------------------------------------------------------------------------------------+
; Input Port ; Comment                                                                              ;
+------------+--------------------------------------------------------------------------------------+
; UPclk      ; No input delay, min/max delays, false-path exceptions, or max skew assignments found ;
; in[0]      ; No input delay, min/max delays, false-path exceptions, or max skew assignments found ;
; in[1]      ; No input delay, min/max delays, false-path exceptions, or max skew assignments found ;
; in[2]      ; No input delay, min/max delays, false-path exceptions, or max skew assignments found ;
; in[3]      ; No input delay, min/max delays, false-path exceptions, or max skew assignments found ;
; in[4]      ; No input delay, min/max delays, false-path exceptions, or max skew assignments found ;
; in[5]      ; No input delay, min/max delays, false-path exceptions, or max skew assignments found ;
; in[6]      ; No input delay, min/max delays, false-path exceptions, or max skew assignments found ;
; in[7]      ; No input delay, min/max delays, false-path exceptions, or max skew assignments found ;
; rst        ; No input delay, min/max delays, false-path exceptions, or max skew assignments found ;
+------------+--------------------------------------------------------------------------------------+


+-----------------------------------------------------------------------------------------------------+
; Unconstrained Output Ports                                                                          ;
+-------------+---------------------------------------------------------------------------------------+
; Output Port ; Comment                                                                               ;
+-------------+---------------------------------------------------------------------------------------+
; div_clk     ; No output delay, min/max delays, false-path exceptions, or max skew assignments found ;
; out[0]      ; No output delay, min/max delays, false-path exceptions, or max skew assignments found ;
; out[1]      ; No output delay, min/max delays, false-path exceptions, or max skew assignments found ;
; out[2]      ; No output delay, min/max delays, false-path exceptions, or max skew assignments found ;
; out[3]      ; No output delay, min/max delays, false-path exceptions, or max skew assignments found ;
; out[4]      ; No output delay, min/max delays, false-path exceptions, or max skew assignments found ;
; out[5]      ; No output delay, min/max delays, false-path exceptions, or max skew assignments found ;
; out[6]      ; No output delay, min/max delays, false-path exceptions, or max skew assignments found ;
; out[7]      ; No output delay, min/max delays, false-path exceptions, or max skew assignments found ;
+-------------+---------------------------------------------------------------------------------------+


+---------------------------------------------------------------------------------------------------+
; Unconstrained Input Ports                                                                         ;
+------------+--------------------------------------------------------------------------------------+
; Input Port ; Comment                                                                              ;
+------------+--------------------------------------------------------------------------------------+
; UPclk      ; No input delay, min/max delays, false-path exceptions, or max skew assignments found ;
; in[0]      ; No input delay, min/max delays, false-path exceptions, or max skew assignments found ;
; in[1]      ; No input delay, min/max delays, false-path exceptions, or max skew assignments found ;
; in[2]      ; No input delay, min/max delays, false-path exceptions, or max skew assignments found ;
; in[3]      ; No input delay, min/max delays, false-path exceptions, or max skew assignments found ;
; in[4]      ; No input delay, min/max delays, false-path exceptions, or max skew assignments found ;
; in[5]      ; No input delay, min/max delays, false-path exceptions, or max skew assignments found ;
; in[6]      ; No input delay, min/max delays, false-path exceptions, or max skew assignments found ;
; in[7]      ; No input delay, min/max delays, false-path exceptions, or max skew assignments found ;
; rst        ; No input delay, min/max delays, false-path exceptions, or max skew assignments found ;
+------------+--------------------------------------------------------------------------------------+


+-----------------------------------------------------------------------------------------------------+
; Unconstrained Output Ports                                                                          ;
+-------------+---------------------------------------------------------------------------------------+
; Output Port ; Comment                                                                               ;
+-------------+---------------------------------------------------------------------------------------+
; div_clk     ; No output delay, min/max delays, false-path exceptions, or max skew assignments found ;
; out[0]      ; No output delay, min/max delays, false-path exceptions, or max skew assignments found ;
; out[1]      ; No output delay, min/max delays, false-path exceptions, or max skew assignments found ;
; out[2]      ; No output delay, min/max delays, false-path exceptions, or max skew assignments found ;
; out[3]      ; No output delay, min/max delays, false-path exceptions, or max skew assignments found ;
; out[4]      ; No output delay, min/max delays, false-path exceptions, or max skew assignments found ;
; out[5]      ; No output delay, min/max delays, false-path exceptions, or max skew assignments found ;
; out[6]      ; No output delay, min/max delays, false-path exceptions, or max skew assignments found ;
; out[7]      ; No output delay, min/max delays, false-path exceptions, or max skew assignments found ;
+-------------+---------------------------------------------------------------------------------------+


+--------------------------+
; Timing Analyzer Messages ;
+--------------------------+
Info: *******************************************************************
Info: Running Quartus Prime Timing Analyzer
    Info: Version 20.1.0 Build 711 06/05/2020 SJ Lite Edition
    Info: Processing started: Mon May 25 16:36:49 2026
Info: Command: quartus_sta 3-A -c 3-A
Info: qsta_default_script.tcl version: #1
Warning (18236): Number of processors has not been specified which may cause overloading on shared machines.  Set the global assignment NUM_PARALLEL_PROCESSORS in your QSF to an appropriate value for best performance.
Info (20030): Parallel compilation is enabled and will use 12 of the 12 processors detected
Info (21077): Low junction temperature is -40 degrees C
Info (21077): High junction temperature is 125 degrees C
Warning (335093): The Timing Analyzer is analyzing 8 combinational loops as latches. For more details, run the Check Timing command in the Timing Analyzer or view the "User-Specified and Inferred Latches" table in the Analysis & Synthesis report.
Critical Warning (332012): Synopsys Design Constraints File file not found: '3-A.sdc'. A Synopsys Design Constraints File is required by the Timing Analyzer to get proper timing constraints. Without it, the Compiler will not properly optimize the design.
Info (332142): No user constrained base clocks found in the design. Calling "derive_clocks -period 1.0"
Info (332105): Deriving Clocks
    Info (332105): create_clock -period 1.000 -name DNclk DNclk
    Info (332105): create_clock -period 1.000 -name UPclk UPclk
Warning (332125): Found combinational loop of 31 nodes
    Warning (332126): Node "inst1|21~0|datac"
    Warning (332126): Node "inst1|21~0|combout"
    Warning (332126): Node "inst1|27|datab"
    Warning (332126): Node "inst1|27|combout"
    Warning (332126): Node "inst4|21~0|datad"
    Warning (332126): Node "inst4|21~0|combout"
    Warning (332126): Node "inst3|4|datad"
    Warning (332126): Node "inst3|4|combout"
    Warning (332126): Node "inst1|26~2|datac"
    Warning (332126): Node "inst1|26~2|combout"
    Warning (332126): Node "inst4|23~2|dataa"
    Warning (332126): Node "inst4|23~2|combout"
    Warning (332126): Node "inst3|4|datac"
    Warning (332126): Node "inst4|24~2|datac"
    Warning (332126): Node "inst4|24~2|combout"
    Warning (332126): Node "inst4|21~0|datac"
    Warning (332126): Node "inst4|25~2|datac"
    Warning (332126): Node "inst4|25~2|combout"
    Warning (332126): Node "inst4|21~0|dataa"
    Warning (332126): Node "inst4|26~2|dataa"
    Warning (332126): Node "inst4|26~2|combout"
    Warning (332126): Node "inst4|21~0|datab"
    Warning (332126): Node "inst1|23~2|datac"
    Warning (332126): Node "inst1|23~2|combout"
    Warning (332126): Node "inst1|27|datad"
    Warning (332126): Node "inst1|24~2|datab"
    Warning (332126): Node "inst1|24~2|combout"
    Warning (332126): Node "inst1|21~0|dataa"
    Warning (332126): Node "inst1|25~2|datab"
    Warning (332126): Node "inst1|25~2|combout"
    Warning (332126): Node "inst1|21~0|datab"
Info (332097): The following timing edges are non-unate.  The Timing Analyzer will assume pos-unate behavior for these edges in the clock network.
    Info (332098): From: inst1|21~0|datad  to: inst1|25~2|combout
    Info (332098): Cell: inst1|92  from: dataa  to: combout
    Info (332098): Cell: inst1|92  from: datac  to: combout
    Info (332098): Cell: inst1|93  from: dataa  to: combout
    Info (332098): Cell: inst4|92  from: dataa  to: combout
    Info (332098): Cell: inst4|92  from: datac  to: combout
    Info (332098): Cell: inst4|93  from: datad  to: combout
Info (332143): No user constrained clock uncertainty found in the design. Calling "derive_clock_uncertainty"
Info (332123): Deriving Clock Uncertainty. Please refer to report_sdc in the Timing Analyzer to see clock uncertainties.
Info: Found TIMING_ANALYZER_REPORT_SCRIPT_INCLUDE_DEFAULT_ANALYSIS = ON
Info: Analyzing Slow 1200mV 125C Model
Critical Warning (332148): Timing requirements not met
    Info (11105): For recommendations on closing timing, run Report Timing Closure Recommendations in the Timing Analyzer.
Info (332146): Worst-case setup slack is -13.581
    Info (332119):     Slack       End Point TNS Clock 
    Info (332119): ========= =================== =====================
    Info (332119):   -13.581             -99.968 UPclk 
    Info (332119):   -13.047            -100.543 DNclk 
Info (332146): Worst-case hold slack is -1.495
    Info (332119):     Slack       End Point TNS Clock 
    Info (332119): ========= =================== =====================
    Info (332119):    -1.495              -5.260 UPclk 
    Info (332119):     2.499               0.000 DNclk 
Info (332146): Worst-case recovery slack is -11.162
    Info (332119):     Slack       End Point TNS Clock 
    Info (332119): ========= =================== =====================
    Info (332119):   -11.162             -80.989 UPclk 
    Info (332119):   -10.733             -81.564 DNclk 
Info (332146): Worst-case removal slack is -2.377
    Info (332119):     Slack       End Point TNS Clock 
    Info (332119): ========= =================== =====================
    Info (332119):    -2.377              -8.957 UPclk 
    Info (332119):     1.982               0.000 DNclk 
Info (332146): Worst-case minimum pulse width slack is -4.799
    Info (332119):     Slack       End Point TNS Clock 
    Info (332119): ========= =================== =====================
    Info (332119):    -4.799            -105.789 UPclk 
    Info (332119):    -3.000             -14.896 DNclk 
Info: Analyzing Slow 1200mV -40C Model
Info (334003): Started post-fitting delay annotation
Info (334004): Delay annotation completed successfully
Info (332097): The following timing edges are non-unate.  The Timing Analyzer will assume pos-unate behavior for these edges in the clock network.
    Info (332098): From: inst1|21~0|datad  to: inst1|25~2|combout
    Info (332098): Cell: inst1|92  from: dataa  to: combout
    Info (332098): Cell: inst1|92  from: datac  to: combout
    Info (332098): Cell: inst1|93  from: dataa  to: combout
    Info (332098): Cell: inst4|92  from: dataa  to: combout
    Info (332098): Cell: inst4|92  from: datac  to: combout
    Info (332098): Cell: inst4|93  from: datad  to: combout
Info (332123): Deriving Clock Uncertainty. Please refer to report_sdc in the Timing Analyzer to see clock uncertainties.
Critical Warning (332148): Timing requirements not met
    Info (11105): For recommendations on closing timing, run Report Timing Closure Recommendations in the Timing Analyzer.
Info (332146): Worst-case setup slack is -11.879
    Info (332119):     Slack       End Point TNS Clock 
    Info (332119): ========= =================== =====================
    Info (332119):   -11.879             -88.669 UPclk 
    Info (332119):   -11.413             -88.782 DNclk 
Info (332146): Worst-case hold slack is -1.426
    Info (332119):     Slack       End Point TNS Clock 
    Info (332119): ========= =================== =====================
    Info (332119):    -1.426              -4.884 UPclk 
    Info (332119):     2.058               0.000 DNclk 
Info (332146): Worst-case recovery slack is -9.660
    Info (332119):     Slack       End Point TNS Clock 
    Info (332119): ========= =================== =====================
    Info (332119):    -9.660             -70.338 UPclk 
    Info (332119):    -9.282             -70.451 DNclk 
Info (332146): Worst-case removal slack is -2.157
    Info (332119):     Slack       End Point TNS Clock 
    Info (332119): ========= =================== =====================
    Info (332119):    -2.157              -8.243 UPclk 
    Info (332119):     1.503               0.000 DNclk 
Info (332146): Worst-case minimum pulse width slack is -4.142
    Info (332119):     Slack       End Point TNS Clock 
    Info (332119): ========= =================== =====================
    Info (332119):    -4.142             -91.559 UPclk 
    Info (332119):    -3.000             -13.280 DNclk 
Info: Analyzing Fast 1200mV -40C Model
Info (332097): The following timing edges are non-unate.  The Timing Analyzer will assume pos-unate behavior for these edges in the clock network.
    Info (332098): From: inst1|21~0|datad  to: inst1|25~2|combout
    Info (332098): Cell: inst1|92  from: dataa  to: combout
    Info (332098): Cell: inst1|92  from: datac  to: combout
    Info (332098): Cell: inst1|93  from: dataa  to: combout
    Info (332098): Cell: inst4|92  from: dataa  to: combout
    Info (332098): Cell: inst4|92  from: datac  to: combout
    Info (332098): Cell: inst4|93  from: datad  to: combout
Info (332123): Deriving Clock Uncertainty. Please refer to report_sdc in the Timing Analyzer to see clock uncertainties.
Critical Warning (332148): Timing requirements not met
    Info (11105): For recommendations on closing timing, run Report Timing Closure Recommendations in the Timing Analyzer.
Info (332146): Worst-case setup slack is -6.582
    Info (332119):     Slack       End Point TNS Clock 
    Info (332119): ========= =================== =====================
    Info (332119):    -6.582             -47.812 UPclk 
    Info (332119):    -6.355             -48.305 DNclk 
Info (332146): Worst-case hold slack is -0.680
    Info (332119):     Slack       End Point TNS Clock 
    Info (332119): ========= =================== =====================
    Info (332119):    -0.680              -2.457 UPclk 
    Info (332119):     1.092               0.000 DNclk 
Info (332146): Worst-case recovery slack is -5.251
    Info (332119):     Slack       End Point TNS Clock 
    Info (332119): ========= =================== =====================
    Info (332119):    -5.251             -38.086 UPclk 
    Info (332119):    -5.065             -38.579 DNclk 
Info (332146): Worst-case removal slack is -1.071
    Info (332119):     Slack       End Point TNS Clock 
    Info (332119): ========= =================== =====================
    Info (332119):    -1.071              -3.834 UPclk 
    Info (332119):     1.033               0.000 DNclk 
Info (332146): Worst-case minimum pulse width slack is -3.000
    Info (332119):     Slack       End Point TNS Clock 
    Info (332119): ========= =================== =====================
    Info (332119):    -3.000             -47.951 UPclk 
    Info (332119):    -3.000             -12.039 DNclk 
Info (332102): Design is not fully constrained for setup requirements
Info (332102): Design is not fully constrained for hold requirements
Info: Quartus Prime Timing Analyzer was successful. 0 errors, 38 warnings
    Info: Peak virtual memory: 4865 megabytes
    Info: Processing ended: Mon May 25 16:36:51 2026
    Info: Elapsed time: 00:00:02
    Info: Total CPU time (on all processors): 00:00:02


