Timing Analyzer report for 4
Sun Jun 21 22:13:20 2026
Quartus Prime Version 20.1.0 Build 711 06/05/2020 SJ Lite Edition


---------------------
; Table of Contents ;
---------------------
  1. Legal Notice
  2. Timing Analyzer Summary
  3. Parallel Compilation
  4. Clocks
  5. Slow 1200mV 125C Model Fmax Summary
  6. Timing Closure Recommendations
  7. Slow 1200mV 125C Model Setup Summary
  8. Slow 1200mV 125C Model Hold Summary
  9. Slow 1200mV 125C Model Recovery Summary
 10. Slow 1200mV 125C Model Removal Summary
 11. Slow 1200mV 125C Model Minimum Pulse Width Summary
 12. Slow 1200mV 125C Model Setup: 'clk'
 13. Slow 1200mV 125C Model Hold: 'clk'
 14. Slow 1200mV 125C Model Recovery: 'clk'
 15. Slow 1200mV 125C Model Removal: 'clk'
 16. Slow 1200mV 125C Model Metastability Summary
 17. Slow 1200mV -40C Model Fmax Summary
 18. Slow 1200mV -40C Model Setup Summary
 19. Slow 1200mV -40C Model Hold Summary
 20. Slow 1200mV -40C Model Recovery Summary
 21. Slow 1200mV -40C Model Removal Summary
 22. Slow 1200mV -40C Model Minimum Pulse Width Summary
 23. Slow 1200mV -40C Model Setup: 'clk'
 24. Slow 1200mV -40C Model Hold: 'clk'
 25. Slow 1200mV -40C Model Recovery: 'clk'
 26. Slow 1200mV -40C Model Removal: 'clk'
 27. Slow 1200mV -40C Model Metastability Summary
 28. Fast 1200mV -40C Model Setup Summary
 29. Fast 1200mV -40C Model Hold Summary
 30. Fast 1200mV -40C Model Recovery Summary
 31. Fast 1200mV -40C Model Removal Summary
 32. Fast 1200mV -40C Model Minimum Pulse Width Summary
 33. Fast 1200mV -40C Model Setup: 'clk'
 34. Fast 1200mV -40C Model Hold: 'clk'
 35. Fast 1200mV -40C Model Recovery: 'clk'
 36. Fast 1200mV -40C Model Removal: 'clk'
 37. Fast 1200mV -40C Model Metastability Summary
 38. Multicorner Timing Analysis Summary
 39. Board Trace Model Assignments
 40. Input Transition Times
 41. Signal Integrity Metrics (Slow 1200mv n40c Model)
 42. Signal Integrity Metrics (Slow 1200mv 125c Model)
 43. Signal Integrity Metrics (Fast 1200mv n40c Model)
 44. Setup Transfers
 45. Hold Transfers
 46. Recovery Transfers
 47. Removal Transfers
 48. Report TCCS
 49. Report RSKM
 50. Unconstrained Paths Summary
 51. Clock Status Summary
 52. Unconstrained Input Ports
 53. Unconstrained Output Ports
 54. Unconstrained Input Ports
 55. Unconstrained Output Ports
 56. Timing Analyzer Messages



----------------
; Legal Notice ;
----------------
Copyright (C) 2020  Intel Corporation. All rights reserved.
Your use of Intel Corporation's design tools, logic functions 
and other software and tools, and any partner logic 
functions, and any output files from any of the foregoing 
(including device programming or simulation files), and any 
associated documentation or information are expressly subject 
to the terms and conditions of the Intel Program License 
Subscription Agreement, the Intel Quartus Prime License Agreement,
the Intel FPGA IP License Agreement, or other applicable license
agreement, including, without limitation, that your use is for
the sole purpose of programming logic devices manufactured by
Intel and sold by Intel or its authorized distributors.  Please
refer to the applicable agreement for further details, at
https://fpgasoftware.intel.com/eula.



+-----------------------------------------------------------------------------+
; Timing Analyzer Summary                                                     ;
+-----------------------+-----------------------------------------------------+
; Quartus Prime Version ; Version 20.1.0 Build 711 06/05/2020 SJ Lite Edition ;
; Timing Analyzer       ; Legacy Timing Analyzer                              ;
; Revision Name         ; 4                                                   ;
; Device Family         ; Cyclone IV E                                        ;
; Device Name           ; EP4CE6E22A7                                         ;
; Timing Models         ; Final                                               ;
; Delay Model           ; Combined                                            ;
; Rise/Fall Delays      ; Enabled                                             ;
+-----------------------+-----------------------------------------------------+


+------------------------------------------+
; Parallel Compilation                     ;
+----------------------------+-------------+
; Processors                 ; Number      ;
+----------------------------+-------------+
; Number detected on machine ; 12          ;
; Maximum allowed            ; 12          ;
;                            ;             ;
; Average used               ; 1.12        ;
; Maximum used               ; 12          ;
;                            ;             ;
; Usage by Processor         ; % Time Used ;
;     Processor 1            ; 100.0%      ;
;     Processor 2            ;   1.1%      ;
;     Processors 3-12        ;   1.1%      ;
+----------------------------+-------------+


+---------------------------------------------------------------------------------------------------------------------------------------------------------------------------------+
; Clocks                                                                                                                                                                          ;
+------------+------+--------+------------+-------+-------+------------+-----------+-------------+-------+--------+-----------+------------+----------+--------+--------+---------+
; Clock Name ; Type ; Period ; Frequency  ; Rise  ; Fall  ; Duty Cycle ; Divide by ; Multiply by ; Phase ; Offset ; Edge List ; Edge Shift ; Inverted ; Master ; Source ; Targets ;
+------------+------+--------+------------+-------+-------+------------+-----------+-------------+-------+--------+-----------+------------+----------+--------+--------+---------+
; clk        ; Base ; 1.000  ; 1000.0 MHz ; 0.000 ; 0.500 ;            ;           ;             ;       ;        ;           ;            ;          ;        ;        ; { clk } ;
; rst        ; Base ; 1.000  ; 1000.0 MHz ; 0.000 ; 0.500 ;            ;           ;             ;       ;        ;           ;            ;          ;        ;        ; { rst } ;
+------------+------+--------+------------+-------+-------+------------+-----------+-------------+-------+--------+-----------+------------+----------+--------+--------+---------+


+-------------------------------------------------+
; Slow 1200mV 125C Model Fmax Summary             ;
+-----------+-----------------+------------+------+
; Fmax      ; Restricted Fmax ; Clock Name ; Note ;
+-----------+-----------------+------------+------+
; 69.42 MHz ; 69.42 MHz       ; clk        ;      ;
+-----------+-----------------+------------+------+
This panel reports FMAX for every clock in the design, regardless of the user-specified clock periods.  FMAX is only computed for paths where the source and destination registers or ports are driven by the same clock.  Paths of different clocks, including generated clocks, are ignored.  For paths between a clock and its inversion, FMAX is computed as if the rising and falling edges are scaled along with FMAX, such that the duty cycle (in terms of a percentage) is maintained. Altera recommends that you always use clock constraints and other slack reports for sign-off analysis.


----------------------------------
; Timing Closure Recommendations ;
----------------------------------
HTML report is unavailable in plain text report export.


+--------------------------------------+
; Slow 1200mV 125C Model Setup Summary ;
+-------+---------+--------------------+
; Clock ; Slack   ; End Point TNS      ;
+-------+---------+--------------------+
; clk   ; -13.406 ; -201.401           ;
+-------+---------+--------------------+


+-------------------------------------+
; Slow 1200mV 125C Model Hold Summary ;
+-------+-------+---------------------+
; Clock ; Slack ; End Point TNS       ;
+-------+-------+---------------------+
; clk   ; 0.429 ; 0.000               ;
+-------+-------+---------------------+


+-----------------------------------------+
; Slow 1200mV 125C Model Recovery Summary ;
+-------+-------+-------------------------+
; Clock ; Slack ; End Point TNS           ;
+-------+-------+-------------------------+
; clk   ; 0.072 ; 0.000                   ;
+-------+-------+-------------------------+


+----------------------------------------+
; Slow 1200mV 125C Model Removal Summary ;
+-------+--------+-----------------------+
; Clock ; Slack  ; End Point TNS         ;
+-------+--------+-----------------------+
; clk   ; -0.130 ; -2.200                ;
+-------+--------+-----------------------+


+----------------------------------------------------+
; Slow 1200mV 125C Model Minimum Pulse Width Summary ;
+-------+--------+-----------------------------------+
; Clock ; Slack  ; End Point TNS                     ;
+-------+--------+-----------------------------------+
; clk   ; -3.000 ; -78.837                           ;
; rst   ; -3.000 ; -3.000                            ;
+-------+--------+-----------------------------------+


+--------------------------------------------------------------------------------------------------------------------------------------------------------+
; Slow 1200mV 125C Model Setup: 'clk'                                                                                                                    ;
+---------+-----------------------------------+------------------------------------+--------------+-------------+--------------+------------+------------+
; Slack   ; From Node                         ; To Node                            ; Launch Clock ; Latch Clock ; Relationship ; Clock Skew ; Data Delay ;
+---------+-----------------------------------+------------------------------------+--------------+-------------+--------------+------------+------------+
; -13.406 ; Waveform_Generator:inst1|count[1] ; Waveform_Generator:inst1|OutRec[0] ; clk          ; clk         ; 1.000        ; 0.341      ; 14.744     ;
; -13.385 ; Waveform_Generator:inst1|count[0] ; Waveform_Generator:inst1|OutRec[0] ; clk          ; clk         ; 1.000        ; 0.341      ; 14.723     ;
; -13.089 ; Waveform_Generator:inst1|count[6] ; Waveform_Generator:inst1|OutRec[0] ; clk          ; clk         ; 1.000        ; 0.341      ; 14.427     ;
; -13.064 ; Waveform_Generator:inst1|count[4] ; Waveform_Generator:inst1|OutRec[0] ; clk          ; clk         ; 1.000        ; 0.341      ; 14.402     ;
; -12.970 ; Waveform_Generator:inst1|count[5] ; Waveform_Generator:inst1|OutRec[0] ; clk          ; clk         ; 1.000        ; 0.341      ; 14.308     ;
; -12.849 ; Waveform_Generator:inst1|count[7] ; Waveform_Generator:inst1|OutRec[0] ; clk          ; clk         ; 1.000        ; 0.341      ; 14.187     ;
; -12.742 ; Waveform_Generator:inst1|count[3] ; Waveform_Generator:inst1|OutRec[0] ; clk          ; clk         ; 1.000        ; 0.341      ; 14.080     ;
; -12.730 ; Waveform_Generator:inst1|count[2] ; Waveform_Generator:inst1|OutRec[0] ; clk          ; clk         ; 1.000        ; 0.341      ; 14.068     ;
; -11.094 ; Waveform_Generator:inst1|count[1] ; Waveform_Generator:inst1|OutRec[1] ; clk          ; clk         ; 1.000        ; 0.369      ; 12.460     ;
; -11.073 ; Waveform_Generator:inst1|count[0] ; Waveform_Generator:inst1|OutRec[1] ; clk          ; clk         ; 1.000        ; 0.369      ; 12.439     ;
; -10.777 ; Waveform_Generator:inst1|count[6] ; Waveform_Generator:inst1|OutRec[1] ; clk          ; clk         ; 1.000        ; 0.369      ; 12.143     ;
; -10.752 ; Waveform_Generator:inst1|count[4] ; Waveform_Generator:inst1|OutRec[1] ; clk          ; clk         ; 1.000        ; 0.369      ; 12.118     ;
; -10.658 ; Waveform_Generator:inst1|count[5] ; Waveform_Generator:inst1|OutRec[1] ; clk          ; clk         ; 1.000        ; 0.369      ; 12.024     ;
; -10.537 ; Waveform_Generator:inst1|count[7] ; Waveform_Generator:inst1|OutRec[1] ; clk          ; clk         ; 1.000        ; 0.369      ; 11.903     ;
; -10.430 ; Waveform_Generator:inst1|count[3] ; Waveform_Generator:inst1|OutRec[1] ; clk          ; clk         ; 1.000        ; 0.369      ; 11.796     ;
; -10.418 ; Waveform_Generator:inst1|count[2] ; Waveform_Generator:inst1|OutRec[1] ; clk          ; clk         ; 1.000        ; 0.369      ; 11.784     ;
; -9.058  ; Waveform_Generator:inst1|count[1] ; Waveform_Generator:inst1|OutRec[2] ; clk          ; clk         ; 1.000        ; 0.369      ; 10.424     ;
; -9.037  ; Waveform_Generator:inst1|count[0] ; Waveform_Generator:inst1|OutRec[2] ; clk          ; clk         ; 1.000        ; 0.369      ; 10.403     ;
; -8.741  ; Waveform_Generator:inst1|count[6] ; Waveform_Generator:inst1|OutRec[2] ; clk          ; clk         ; 1.000        ; 0.369      ; 10.107     ;
; -8.716  ; Waveform_Generator:inst1|count[4] ; Waveform_Generator:inst1|OutRec[2] ; clk          ; clk         ; 1.000        ; 0.369      ; 10.082     ;
; -8.622  ; Waveform_Generator:inst1|count[5] ; Waveform_Generator:inst1|OutRec[2] ; clk          ; clk         ; 1.000        ; 0.369      ; 9.988      ;
; -8.501  ; Waveform_Generator:inst1|count[7] ; Waveform_Generator:inst1|OutRec[2] ; clk          ; clk         ; 1.000        ; 0.369      ; 9.867      ;
; -8.394  ; Waveform_Generator:inst1|count[3] ; Waveform_Generator:inst1|OutRec[2] ; clk          ; clk         ; 1.000        ; 0.369      ; 9.760      ;
; -8.382  ; Waveform_Generator:inst1|count[2] ; Waveform_Generator:inst1|OutRec[2] ; clk          ; clk         ; 1.000        ; 0.369      ; 9.748      ;
; -7.278  ; Waveform_Generator:inst1|count[1] ; Waveform_Generator:inst1|OutRec[3] ; clk          ; clk         ; 1.000        ; 0.369      ; 8.644      ;
; -7.257  ; Waveform_Generator:inst1|count[0] ; Waveform_Generator:inst1|OutRec[3] ; clk          ; clk         ; 1.000        ; 0.369      ; 8.623      ;
; -6.961  ; Waveform_Generator:inst1|count[6] ; Waveform_Generator:inst1|OutRec[3] ; clk          ; clk         ; 1.000        ; 0.369      ; 8.327      ;
; -6.936  ; Waveform_Generator:inst1|count[4] ; Waveform_Generator:inst1|OutRec[3] ; clk          ; clk         ; 1.000        ; 0.369      ; 8.302      ;
; -6.842  ; Waveform_Generator:inst1|count[5] ; Waveform_Generator:inst1|OutRec[3] ; clk          ; clk         ; 1.000        ; 0.369      ; 8.208      ;
; -6.721  ; Waveform_Generator:inst1|count[7] ; Waveform_Generator:inst1|OutRec[3] ; clk          ; clk         ; 1.000        ; 0.369      ; 8.087      ;
; -6.614  ; Waveform_Generator:inst1|count[3] ; Waveform_Generator:inst1|OutRec[3] ; clk          ; clk         ; 1.000        ; 0.369      ; 7.980      ;
; -6.602  ; Waveform_Generator:inst1|count[2] ; Waveform_Generator:inst1|OutRec[3] ; clk          ; clk         ; 1.000        ; 0.369      ; 7.968      ;
; -6.074  ; Waveform_Generator:inst1|count[1] ; Waveform_Generator:inst1|OutRec[4] ; clk          ; clk         ; 1.000        ; 0.306      ; 7.377      ;
; -6.053  ; Waveform_Generator:inst1|count[0] ; Waveform_Generator:inst1|OutRec[4] ; clk          ; clk         ; 1.000        ; 0.306      ; 7.356      ;
; -5.757  ; Waveform_Generator:inst1|count[6] ; Waveform_Generator:inst1|OutRec[4] ; clk          ; clk         ; 1.000        ; 0.306      ; 7.060      ;
; -5.732  ; Waveform_Generator:inst1|count[4] ; Waveform_Generator:inst1|OutRec[4] ; clk          ; clk         ; 1.000        ; 0.306      ; 7.035      ;
; -5.638  ; Waveform_Generator:inst1|count[5] ; Waveform_Generator:inst1|OutRec[4] ; clk          ; clk         ; 1.000        ; 0.306      ; 6.941      ;
; -5.517  ; Waveform_Generator:inst1|count[7] ; Waveform_Generator:inst1|OutRec[4] ; clk          ; clk         ; 1.000        ; 0.306      ; 6.820      ;
; -5.410  ; Waveform_Generator:inst1|count[3] ; Waveform_Generator:inst1|OutRec[4] ; clk          ; clk         ; 1.000        ; 0.306      ; 6.713      ;
; -5.398  ; Waveform_Generator:inst1|count[2] ; Waveform_Generator:inst1|OutRec[4] ; clk          ; clk         ; 1.000        ; 0.306      ; 6.701      ;
; -4.149  ; freq_sel:inst|count[3]            ; freq_sel:inst|count[3]             ; clk          ; clk         ; 1.000        ; -0.075     ; 5.071      ;
; -4.140  ; freq_sel:inst|count[3]            ; freq_sel:inst|count[4]~_emulated   ; clk          ; clk         ; 1.000        ; -0.075     ; 5.062      ;
; -3.983  ; freq_sel:inst|count[5]~_emulated  ; freq_sel:inst|count[6]~_emulated   ; clk          ; clk         ; 1.000        ; -0.075     ; 4.905      ;
; -3.969  ; freq_sel:inst|count[3]            ; freq_sel:inst|count[7]~_emulated   ; clk          ; clk         ; 1.000        ; -0.074     ; 4.892      ;
; -3.968  ; freq_sel:inst|count[3]            ; freq_sel:inst|count[8]~_emulated   ; clk          ; clk         ; 1.000        ; -0.074     ; 4.891      ;
; -3.949  ; freq_sel:inst|count[5]~_emulated  ; freq_sel:inst|count[8]~_emulated   ; clk          ; clk         ; 1.000        ; -0.075     ; 4.871      ;
; -3.940  ; freq_sel:inst|count[3]            ; freq_sel:inst|count[1]             ; clk          ; clk         ; 1.000        ; -0.075     ; 4.862      ;
; -3.937  ; freq_sel:inst|count[3]            ; freq_sel:inst|count[0]             ; clk          ; clk         ; 1.000        ; -0.075     ; 4.859      ;
; -3.937  ; freq_sel:inst|count[3]            ; freq_sel:inst|count[2]             ; clk          ; clk         ; 1.000        ; -0.075     ; 4.859      ;
; -3.894  ; freq_sel:inst|count[3]            ; freq_sel:inst|count[5]~_emulated   ; clk          ; clk         ; 1.000        ; -0.074     ; 4.817      ;
; -3.894  ; freq_sel:inst|count[3]            ; freq_sel:inst|count[6]~_emulated   ; clk          ; clk         ; 1.000        ; -0.074     ; 4.817      ;
; -3.872  ; freq_sel:inst|count[2]            ; freq_sel:inst|count[3]             ; clk          ; clk         ; 1.000        ; -0.075     ; 4.794      ;
; -3.863  ; freq_sel:inst|count[2]            ; freq_sel:inst|count[4]~_emulated   ; clk          ; clk         ; 1.000        ; -0.075     ; 4.785      ;
; -3.856  ; freq_sel:inst|count[5]~_emulated  ; freq_sel:inst|count[7]~_emulated   ; clk          ; clk         ; 1.000        ; -0.075     ; 4.778      ;
; -3.706  ; Waveform_Generator:inst1|count[1] ; Waveform_Generator:inst1|OutRec[5] ; clk          ; clk         ; 1.000        ; 0.337      ; 5.040      ;
; -3.698  ; freq_sel:inst|count[5]~_emulated  ; freq_sel:inst|count[3]             ; clk          ; clk         ; 1.000        ; -0.076     ; 4.619      ;
; -3.692  ; freq_sel:inst|count[2]            ; freq_sel:inst|count[7]~_emulated   ; clk          ; clk         ; 1.000        ; -0.074     ; 4.615      ;
; -3.691  ; freq_sel:inst|count[2]            ; freq_sel:inst|count[8]~_emulated   ; clk          ; clk         ; 1.000        ; -0.074     ; 4.614      ;
; -3.689  ; freq_sel:inst|count[5]~_emulated  ; freq_sel:inst|count[4]~_emulated   ; clk          ; clk         ; 1.000        ; -0.076     ; 4.610      ;
; -3.685  ; Waveform_Generator:inst1|count[0] ; Waveform_Generator:inst1|OutRec[5] ; clk          ; clk         ; 1.000        ; 0.337      ; 5.019      ;
; -3.673  ; freq_sel:inst|count[2]            ; freq_sel:inst|count[6]~_emulated   ; clk          ; clk         ; 1.000        ; -0.074     ; 4.596      ;
; -3.672  ; freq_sel:inst|count[2]            ; freq_sel:inst|count[5]~_emulated   ; clk          ; clk         ; 1.000        ; -0.074     ; 4.595      ;
; -3.663  ; freq_sel:inst|count[2]            ; freq_sel:inst|count[1]             ; clk          ; clk         ; 1.000        ; -0.075     ; 4.585      ;
; -3.660  ; freq_sel:inst|count[2]            ; freq_sel:inst|count[0]             ; clk          ; clk         ; 1.000        ; -0.075     ; 4.582      ;
; -3.660  ; freq_sel:inst|count[2]            ; freq_sel:inst|count[2]             ; clk          ; clk         ; 1.000        ; -0.075     ; 4.582      ;
; -3.614  ; freq_sel:inst|count[1]            ; freq_sel:inst|count[3]             ; clk          ; clk         ; 1.000        ; -0.075     ; 4.536      ;
; -3.606  ; freq_sel:inst|count[5]~_emulated  ; Waveform_Generator:inst1|count[0]  ; clk          ; clk         ; 1.000        ; -0.077     ; 4.526      ;
; -3.603  ; freq_sel:inst|count[1]            ; freq_sel:inst|count[4]~_emulated   ; clk          ; clk         ; 1.000        ; -0.075     ; 4.525      ;
; -3.598  ; freq_sel:inst|count[5]~_emulated  ; Waveform_Generator:inst1|count[7]  ; clk          ; clk         ; 1.000        ; -0.077     ; 4.518      ;
; -3.598  ; freq_sel:inst|count[5]~_emulated  ; Waveform_Generator:inst1|count[6]  ; clk          ; clk         ; 1.000        ; -0.077     ; 4.518      ;
; -3.598  ; freq_sel:inst|count[5]~_emulated  ; Waveform_Generator:inst1|count[5]  ; clk          ; clk         ; 1.000        ; -0.077     ; 4.518      ;
; -3.598  ; freq_sel:inst|count[5]~_emulated  ; Waveform_Generator:inst1|count[4]  ; clk          ; clk         ; 1.000        ; -0.077     ; 4.518      ;
; -3.598  ; freq_sel:inst|count[5]~_emulated  ; Waveform_Generator:inst1|count[3]  ; clk          ; clk         ; 1.000        ; -0.077     ; 4.518      ;
; -3.598  ; freq_sel:inst|count[5]~_emulated  ; Waveform_Generator:inst1|count[2]  ; clk          ; clk         ; 1.000        ; -0.077     ; 4.518      ;
; -3.598  ; freq_sel:inst|count[5]~_emulated  ; Waveform_Generator:inst1|count[1]  ; clk          ; clk         ; 1.000        ; -0.077     ; 4.518      ;
; -3.504  ; freq_sel:inst|count[5]~_emulated  ; freq_sel:inst|count[5]~_emulated   ; clk          ; clk         ; 1.000        ; -0.075     ; 4.426      ;
; -3.489  ; freq_sel:inst|count[5]~_emulated  ; freq_sel:inst|count[1]             ; clk          ; clk         ; 1.000        ; -0.076     ; 4.410      ;
; -3.486  ; freq_sel:inst|count[5]~_emulated  ; freq_sel:inst|count[0]             ; clk          ; clk         ; 1.000        ; -0.076     ; 4.407      ;
; -3.486  ; freq_sel:inst|count[5]~_emulated  ; freq_sel:inst|count[2]             ; clk          ; clk         ; 1.000        ; -0.076     ; 4.407      ;
; -3.443  ; freq_sel:inst|count[1]            ; freq_sel:inst|count[7]~_emulated   ; clk          ; clk         ; 1.000        ; -0.074     ; 4.366      ;
; -3.442  ; freq_sel:inst|count[1]            ; freq_sel:inst|count[8]~_emulated   ; clk          ; clk         ; 1.000        ; -0.074     ; 4.365      ;
; -3.429  ; freq_sel:inst|count[1]            ; freq_sel:inst|count[6]~_emulated   ; clk          ; clk         ; 1.000        ; -0.074     ; 4.352      ;
; -3.428  ; freq_sel:inst|count[1]            ; freq_sel:inst|count[5]~_emulated   ; clk          ; clk         ; 1.000        ; -0.074     ; 4.351      ;
; -3.420  ; Waveform_Generator:inst1|count[6] ; Waveform_Generator:inst1|OutRec[5] ; clk          ; clk         ; 1.000        ; 0.337      ; 4.754      ;
; -3.409  ; Waveform_Generator:inst1|count[4] ; Waveform_Generator:inst1|OutRec[5] ; clk          ; clk         ; 1.000        ; 0.337      ; 4.743      ;
; -3.403  ; freq_sel:inst|count[1]            ; freq_sel:inst|count[1]             ; clk          ; clk         ; 1.000        ; -0.075     ; 4.325      ;
; -3.400  ; freq_sel:inst|count[1]            ; freq_sel:inst|count[0]             ; clk          ; clk         ; 1.000        ; -0.075     ; 4.322      ;
; -3.400  ; freq_sel:inst|count[1]            ; freq_sel:inst|count[2]             ; clk          ; clk         ; 1.000        ; -0.075     ; 4.322      ;
; -3.363  ; freq_sel:inst|count[0]            ; freq_sel:inst|count[3]             ; clk          ; clk         ; 1.000        ; -0.075     ; 4.285      ;
; -3.354  ; freq_sel:inst|count[0]            ; freq_sel:inst|count[4]~_emulated   ; clk          ; clk         ; 1.000        ; -0.075     ; 4.276      ;
; -3.286  ; Waveform_Generator:inst1|count[5] ; Waveform_Generator:inst1|OutRec[5] ; clk          ; clk         ; 1.000        ; 0.337      ; 4.620      ;
; -3.237  ; Waveform_Generator:inst1|count[6] ; Waveform_Generator:inst1|OutRec[7] ; clk          ; clk         ; 1.000        ; 0.306      ; 4.540      ;
; -3.226  ; Waveform_Generator:inst1|count[4] ; Waveform_Generator:inst1|OutRec[7] ; clk          ; clk         ; 1.000        ; 0.306      ; 4.529      ;
; -3.185  ; freq_sel:inst|count[5]~_emulated  ; Waveform_Generator:inst1|OutRec[0] ; clk          ; clk         ; 1.000        ; 0.339      ; 4.521      ;
; -3.183  ; freq_sel:inst|count[0]            ; freq_sel:inst|count[7]~_emulated   ; clk          ; clk         ; 1.000        ; -0.074     ; 4.106      ;
; -3.182  ; freq_sel:inst|count[0]            ; freq_sel:inst|count[8]~_emulated   ; clk          ; clk         ; 1.000        ; -0.074     ; 4.105      ;
; -3.172  ; freq_sel:inst|count[5]~_emulated  ; Waveform_Generator:inst1|OutTri[3] ; clk          ; clk         ; 1.000        ; 0.304      ; 4.473      ;
; -3.172  ; freq_sel:inst|count[5]~_emulated  ; Waveform_Generator:inst1|OutRec[4] ; clk          ; clk         ; 1.000        ; 0.304      ; 4.473      ;
; -3.172  ; freq_sel:inst|count[5]~_emulated  ; Waveform_Generator:inst1|OutRec[7] ; clk          ; clk         ; 1.000        ; 0.304      ; 4.473      ;
; -3.172  ; freq_sel:inst|count[5]~_emulated  ; Waveform_Generator:inst1|full[0]   ; clk          ; clk         ; 1.000        ; 0.304      ; 4.473      ;
+---------+-----------------------------------+------------------------------------+--------------+-------------+--------------+------------+------------+


+---------------------------------------------------------------------------------------------------------------------------------------------------------+
; Slow 1200mV 125C Model Hold: 'clk'                                                                                                                      ;
+-------+-----------------------------------+---------------------------------------+--------------+-------------+--------------+------------+------------+
; Slack ; From Node                         ; To Node                               ; Launch Clock ; Latch Clock ; Relationship ; Clock Skew ; Data Delay ;
+-------+-----------------------------------+---------------------------------------+--------------+-------------+--------------+------------+------------+
; 0.429 ; Waveform_Generator:inst1|count[0] ; Waveform_Generator:inst1|count[0]     ; clk          ; clk         ; 0.000        ; 0.075      ; 0.693      ;
; 0.471 ; Waveform_Generator:inst1|count[7] ; Waveform_Generator:inst1|count[7]     ; clk          ; clk         ; 0.000        ; 0.075      ; 0.735      ;
; 0.563 ; Waveform_Generator:inst1|count[3] ; Waveform_Generator:inst1|OutTri[4]    ; clk          ; clk         ; 0.000        ; 0.504      ; 1.256      ;
; 0.651 ; Waveform_Generator:inst1|count[7] ; Waveform_Generator:inst1|OutRec[2]    ; clk          ; clk         ; 0.000        ; 0.538      ; 1.378      ;
; 0.670 ; Waveform_Generator:inst1|count[0] ; Waveform_Generator:inst1|OutTri[1]    ; clk          ; clk         ; 0.000        ; 0.504      ; 1.363      ;
; 0.728 ; Waveform_Generator:inst1|count[1] ; Waveform_Generator:inst1|count[1]     ; clk          ; clk         ; 0.000        ; 0.075      ; 0.992      ;
; 0.785 ; Waveform_Generator:inst1|count[4] ; Waveform_Generator:inst1|OutTri[5]    ; clk          ; clk         ; 0.000        ; 0.504      ; 1.478      ;
; 0.785 ; Waveform_Generator:inst1|count[5] ; Waveform_Generator:inst1|OutTri[6]    ; clk          ; clk         ; 0.000        ; 0.504      ; 1.478      ;
; 0.801 ; Waveform_Generator:inst1|count[6] ; Waveform_Generator:inst1|OutRec[2]    ; clk          ; clk         ; 0.000        ; 0.538      ; 1.528      ;
; 0.805 ; Waveform_Generator:inst1|count[7] ; Waveform_Generator:inst1|OutRec[1]    ; clk          ; clk         ; 0.000        ; 0.538      ; 1.532      ;
; 0.814 ; Waveform_Generator:inst1|count[7] ; Waveform_Generator:inst1|OutTri[1]    ; clk          ; clk         ; 0.000        ; 0.504      ; 1.507      ;
; 0.859 ; Waveform_Generator:inst1|count[2] ; Waveform_Generator:inst1|count[2]     ; clk          ; clk         ; 0.000        ; 0.075      ; 1.123      ;
; 0.861 ; freq_sel:inst|count[5]~13         ; freq_sel:inst|count[5]~_emulated      ; rst          ; clk         ; -0.500       ; 0.006      ; 0.596      ;
; 0.862 ; Waveform_Generator:inst1|count[4] ; Waveform_Generator:inst1|count[4]     ; clk          ; clk         ; 0.000        ; 0.075      ; 1.126      ;
; 0.905 ; freq_sel:inst|count[6]~9          ; freq_sel:inst|count[6]~_emulated      ; rst          ; clk         ; -0.500       ; 0.006      ; 0.640      ;
; 1.054 ; Waveform_Generator:inst1|count[1] ; Waveform_Generator:inst1|count[2]     ; clk          ; clk         ; 0.000        ; 0.075      ; 1.318      ;
; 1.055 ; Waveform_Generator:inst1|count[1] ; Waveform_Generator:inst1|count[3]     ; clk          ; clk         ; 0.000        ; 0.075      ; 1.319      ;
; 1.064 ; Waveform_Generator:inst1|count[7] ; Waveform_Generator:inst1|OutTri[4]    ; clk          ; clk         ; 0.000        ; 0.504      ; 1.757      ;
; 1.065 ; Waveform_Generator:inst1|count[7] ; Waveform_Generator:inst1|OutTri[7]    ; clk          ; clk         ; 0.000        ; 0.504      ; 1.758      ;
; 1.065 ; Waveform_Generator:inst1|count[7] ; Waveform_Generator:inst1|OutTri[5]    ; clk          ; clk         ; 0.000        ; 0.504      ; 1.758      ;
; 1.066 ; Waveform_Generator:inst1|count[7] ; Waveform_Generator:inst1|OutTri[6]    ; clk          ; clk         ; 0.000        ; 0.504      ; 1.759      ;
; 1.088 ; Waveform_Generator:inst1|count[6] ; Waveform_Generator:inst1|OutTri[7]    ; clk          ; clk         ; 0.000        ; 0.504      ; 1.781      ;
; 1.089 ; Waveform_Generator:inst1|count[3] ; Waveform_Generator:inst1|count[3]     ; clk          ; clk         ; 0.000        ; 0.075      ; 1.353      ;
; 1.137 ; freq_sel:inst|count[8]~1          ; freq_sel:inst|count[8]~_emulated      ; rst          ; clk         ; -0.500       ; 0.006      ; 0.872      ;
; 1.138 ; Waveform_Generator:inst1|count[6] ; Waveform_Generator:inst1|count[6]     ; clk          ; clk         ; 0.000        ; 0.075      ; 1.402      ;
; 1.159 ; Waveform_Generator:inst1|count[5] ; Waveform_Generator:inst1|count[5]     ; clk          ; clk         ; 0.000        ; 0.075      ; 1.423      ;
; 1.186 ; Waveform_Generator:inst1|count[2] ; Waveform_Generator:inst1|count[3]     ; clk          ; clk         ; 0.000        ; 0.075      ; 1.450      ;
; 1.188 ; Waveform_Generator:inst1|count[1] ; Waveform_Generator:inst1|count[4]     ; clk          ; clk         ; 0.000        ; 0.075      ; 1.452      ;
; 1.189 ; Waveform_Generator:inst1|count[1] ; Waveform_Generator:inst1|count[5]     ; clk          ; clk         ; 0.000        ; 0.075      ; 1.453      ;
; 1.190 ; Waveform_Generator:inst1|count[4] ; Waveform_Generator:inst1|count[5]     ; clk          ; clk         ; 0.000        ; 0.075      ; 1.454      ;
; 1.203 ; Waveform_Generator:inst1|count[0] ; Waveform_Generator:inst1|count[1]     ; clk          ; clk         ; 0.000        ; 0.075      ; 1.467      ;
; 1.294 ; freq_sel:inst|count[4]~17         ; freq_sel:inst|count[4]~_emulated      ; rst          ; clk         ; -0.500       ; 0.035      ; 1.058      ;
; 1.304 ; rst                               ; Waveform_Generator:inst1|half[8]      ; rst          ; clk         ; 0.000        ; 2.821      ; 4.354      ;
; 1.304 ; rst                               ; Waveform_Generator:inst1|half[7]      ; rst          ; clk         ; 0.000        ; 2.821      ; 4.354      ;
; 1.304 ; rst                               ; Waveform_Generator:inst1|half[6]      ; rst          ; clk         ; 0.000        ; 2.821      ; 4.354      ;
; 1.304 ; rst                               ; Waveform_Generator:inst1|full[6]      ; rst          ; clk         ; 0.000        ; 2.821      ; 4.354      ;
; 1.304 ; rst                               ; Waveform_Generator:inst1|OutRec[5]    ; rst          ; clk         ; 0.000        ; 2.821      ; 4.354      ;
; 1.319 ; Waveform_Generator:inst1|count[2] ; Waveform_Generator:inst1|count[4]     ; clk          ; clk         ; 0.000        ; 0.075      ; 1.583      ;
; 1.320 ; Waveform_Generator:inst1|count[2] ; Waveform_Generator:inst1|count[5]     ; clk          ; clk         ; 0.000        ; 0.075      ; 1.584      ;
; 1.322 ; Waveform_Generator:inst1|count[1] ; Waveform_Generator:inst1|count[6]     ; clk          ; clk         ; 0.000        ; 0.075      ; 1.586      ;
; 1.323 ; Waveform_Generator:inst1|count[1] ; Waveform_Generator:inst1|count[7]     ; clk          ; clk         ; 0.000        ; 0.075      ; 1.587      ;
; 1.323 ; Waveform_Generator:inst1|count[4] ; Waveform_Generator:inst1|count[6]     ; clk          ; clk         ; 0.000        ; 0.075      ; 1.587      ;
; 1.324 ; Waveform_Generator:inst1|count[4] ; Waveform_Generator:inst1|count[7]     ; clk          ; clk         ; 0.000        ; 0.075      ; 1.588      ;
; 1.325 ; rst                               ; Waveform_Generator:inst1|full[8]      ; rst          ; clk         ; 0.000        ; 2.820      ; 4.374      ;
; 1.325 ; rst                               ; Waveform_Generator:inst1|full[7]      ; rst          ; clk         ; 0.000        ; 2.820      ; 4.374      ;
; 1.325 ; rst                               ; Waveform_Generator:inst1|OutTri[7]    ; rst          ; clk         ; 0.000        ; 2.820      ; 4.374      ;
; 1.325 ; rst                               ; Waveform_Generator:inst1|OutTri[6]    ; rst          ; clk         ; 0.000        ; 2.820      ; 4.374      ;
; 1.325 ; rst                               ; Waveform_Generator:inst1|OutRec[6]    ; rst          ; clk         ; 0.000        ; 2.820      ; 4.374      ;
; 1.325 ; rst                               ; Waveform_Generator:inst1|half[5]      ; rst          ; clk         ; 0.000        ; 2.820      ; 4.374      ;
; 1.325 ; rst                               ; Waveform_Generator:inst1|full[5]      ; rst          ; clk         ; 0.000        ; 2.820      ; 4.374      ;
; 1.325 ; rst                               ; Waveform_Generator:inst1|OutTri[5]    ; rst          ; clk         ; 0.000        ; 2.820      ; 4.374      ;
; 1.325 ; rst                               ; Waveform_Generator:inst1|half[4]      ; rst          ; clk         ; 0.000        ; 2.820      ; 4.374      ;
; 1.325 ; rst                               ; Waveform_Generator:inst1|full[4]      ; rst          ; clk         ; 0.000        ; 2.820      ; 4.374      ;
; 1.325 ; rst                               ; Waveform_Generator:inst1|OutTri[4]    ; rst          ; clk         ; 0.000        ; 2.820      ; 4.374      ;
; 1.325 ; rst                               ; Waveform_Generator:inst1|half[3]      ; rst          ; clk         ; 0.000        ; 2.820      ; 4.374      ;
; 1.325 ; rst                               ; Waveform_Generator:inst1|full[3]      ; rst          ; clk         ; 0.000        ; 2.820      ; 4.374      ;
; 1.325 ; rst                               ; Waveform_Generator:inst1|OutTri[2]    ; rst          ; clk         ; 0.000        ; 2.820      ; 4.374      ;
; 1.325 ; rst                               ; Waveform_Generator:inst1|OutTri[1]    ; rst          ; clk         ; 0.000        ; 2.820      ; 4.374      ;
; 1.325 ; rst                               ; Waveform_Generator:inst1|half[0]      ; rst          ; clk         ; 0.000        ; 2.820      ; 4.374      ;
; 1.379 ; freq_sel:inst|count[1]            ; freq_sel:inst|count[1]                ; clk          ; clk         ; 0.000        ; 0.075      ; 1.643      ;
; 1.384 ; Waveform_Generator:inst1|count[3] ; Waveform_Generator:inst1|OutRec[6]    ; clk          ; clk         ; 0.000        ; 0.504      ; 2.077      ;
; 1.388 ; Waveform_Generator:inst1|count[3] ; Waveform_Generator:inst1|OutRec[5]    ; clk          ; clk         ; 0.000        ; 0.505      ; 2.082      ;
; 1.399 ; rst                               ; Waveform_Generator:inst1|OutSquare[0] ; rst          ; clk         ; 0.000        ; 2.850      ; 4.478      ;
; 1.399 ; rst                               ; Waveform_Generator:inst1|half[1]      ; rst          ; clk         ; 0.000        ; 2.850      ; 4.478      ;
; 1.399 ; rst                               ; Waveform_Generator:inst1|full[1]      ; rst          ; clk         ; 0.000        ; 2.850      ; 4.478      ;
; 1.411 ; rst                               ; freq_sel:inst|count[5]~_emulated      ; rst          ; clk         ; 0.000        ; 2.393      ; 4.033      ;
; 1.412 ; rst                               ; freq_sel:inst|count[6]~_emulated      ; rst          ; clk         ; 0.000        ; 2.393      ; 4.034      ;
; 1.422 ; rst                               ; Waveform_Generator:inst1|OutRec[3]    ; rst          ; clk         ; 0.000        ; 2.854      ; 4.505      ;
; 1.422 ; rst                               ; Waveform_Generator:inst1|OutRec[2]    ; rst          ; clk         ; 0.000        ; 2.854      ; 4.505      ;
; 1.422 ; rst                               ; Waveform_Generator:inst1|OutRec[1]    ; rst          ; clk         ; 0.000        ; 2.854      ; 4.505      ;
; 1.427 ; Waveform_Generator:inst1|count[3] ; Waveform_Generator:inst1|count[4]     ; clk          ; clk         ; 0.000        ; 0.075      ; 1.691      ;
; 1.437 ; Waveform_Generator:inst1|count[3] ; Waveform_Generator:inst1|count[5]     ; clk          ; clk         ; 0.000        ; 0.075      ; 1.701      ;
; 1.452 ; rst                               ; Waveform_Generator:inst1|half[2]      ; rst          ; clk         ; 0.000        ; 2.814      ; 4.495      ;
; 1.452 ; rst                               ; Waveform_Generator:inst1|full[2]      ; rst          ; clk         ; 0.000        ; 2.814      ; 4.495      ;
; 1.453 ; Waveform_Generator:inst1|count[2] ; Waveform_Generator:inst1|count[6]     ; clk          ; clk         ; 0.000        ; 0.075      ; 1.717      ;
; 1.454 ; Waveform_Generator:inst1|count[2] ; Waveform_Generator:inst1|count[7]     ; clk          ; clk         ; 0.000        ; 0.075      ; 1.718      ;
; 1.456 ; rst                               ; Waveform_Generator:inst1|OutRec[7]    ; rst          ; clk         ; 0.000        ; 2.787      ; 4.472      ;
; 1.456 ; rst                               ; Waveform_Generator:inst1|OutRec[4]    ; rst          ; clk         ; 0.000        ; 2.787      ; 4.472      ;
; 1.456 ; rst                               ; Waveform_Generator:inst1|OutTri[3]    ; rst          ; clk         ; 0.000        ; 2.787      ; 4.472      ;
; 1.456 ; rst                               ; Waveform_Generator:inst1|full[0]      ; rst          ; clk         ; 0.000        ; 2.787      ; 4.472      ;
; 1.461 ; Waveform_Generator:inst1|count[7] ; Waveform_Generator:inst1|OutTri[2]    ; clk          ; clk         ; 0.000        ; 0.504      ; 2.154      ;
; 1.465 ; Waveform_Generator:inst1|count[6] ; Waveform_Generator:inst1|count[7]     ; clk          ; clk         ; 0.000        ; 0.075      ; 1.729      ;
; 1.472 ; rst                               ; Waveform_Generator:inst1|OutRec[0]    ; rst          ; clk         ; 0.000        ; 2.824      ; 4.525      ;
; 1.480 ; Waveform_Generator:inst1|count[6] ; Waveform_Generator:inst1|OutRec[3]    ; clk          ; clk         ; 0.000        ; 0.538      ; 2.207      ;
; 1.481 ; rst                               ; freq_sel:inst|count[0]                ; rst          ; clk         ; 0.000        ; 2.392      ; 4.102      ;
; 1.482 ; Waveform_Generator:inst1|count[7] ; Waveform_Generator:inst1|OutSquare[0] ; clk          ; clk         ; 0.000        ; 0.534      ; 2.205      ;
; 1.486 ; Waveform_Generator:inst1|count[6] ; Waveform_Generator:inst1|OutRec[1]    ; clk          ; clk         ; 0.000        ; 0.538      ; 2.213      ;
; 1.486 ; rst                               ; freq_sel:inst|count[2]                ; rst          ; clk         ; 0.000        ; 2.392      ; 4.107      ;
; 1.487 ; rst                               ; freq_sel:inst|count[1]                ; rst          ; clk         ; 0.000        ; 2.392      ; 4.108      ;
; 1.490 ; rst                               ; freq_sel:inst|count[8]~_emulated      ; rst          ; clk         ; 0.000        ; 2.393      ; 4.112      ;
; 1.491 ; rst                               ; freq_sel:inst|count[7]~_emulated      ; rst          ; clk         ; 0.000        ; 2.393      ; 4.113      ;
; 1.492 ; Waveform_Generator:inst1|count[3] ; Waveform_Generator:inst1|OutRec[0]    ; clk          ; clk         ; 0.000        ; 0.508      ; 2.189      ;
; 1.494 ; Waveform_Generator:inst1|count[5] ; Waveform_Generator:inst1|count[6]     ; clk          ; clk         ; 0.000        ; 0.075      ; 1.758      ;
; 1.498 ; Waveform_Generator:inst1|count[1] ; Waveform_Generator:inst1|OutTri[2]    ; clk          ; clk         ; 0.000        ; 0.504      ; 2.191      ;
; 1.507 ; Waveform_Generator:inst1|count[5] ; Waveform_Generator:inst1|count[7]     ; clk          ; clk         ; 0.000        ; 0.075      ; 1.771      ;
; 1.526 ; Waveform_Generator:inst1|count[0] ; Waveform_Generator:inst1|count[2]     ; clk          ; clk         ; 0.000        ; 0.075      ; 1.790      ;
; 1.538 ; Waveform_Generator:inst1|count[0] ; Waveform_Generator:inst1|count[3]     ; clk          ; clk         ; 0.000        ; 0.075      ; 1.802      ;
; 1.558 ; Waveform_Generator:inst1|count[7] ; Waveform_Generator:inst1|OutRec[3]    ; clk          ; clk         ; 0.000        ; 0.538      ; 2.285      ;
; 1.561 ; Waveform_Generator:inst1|count[3] ; Waveform_Generator:inst1|count[6]     ; clk          ; clk         ; 0.000        ; 0.075      ; 1.825      ;
; 1.571 ; Waveform_Generator:inst1|count[3] ; Waveform_Generator:inst1|count[7]     ; clk          ; clk         ; 0.000        ; 0.075      ; 1.835      ;
+-------+-----------------------------------+---------------------------------------+--------------+-------------+--------------+------------+------------+


+-----------------------------------------------------------------------------------------------------------------------------+
; Slow 1200mV 125C Model Recovery: 'clk'                                                                                      ;
+-------+-----------+-----------------------------------+--------------+-------------+--------------+------------+------------+
; Slack ; From Node ; To Node                           ; Launch Clock ; Latch Clock ; Relationship ; Clock Skew ; Data Delay ;
+-------+-----------+-----------------------------------+--------------+-------------+--------------+------------+------------+
; 0.072 ; rst       ; freq_sel:inst|count[5]~_emulated  ; rst          ; clk         ; 0.500        ; 2.303      ; 2.708      ;
; 0.072 ; rst       ; freq_sel:inst|count[6]~_emulated  ; rst          ; clk         ; 0.500        ; 2.303      ; 2.708      ;
; 0.072 ; rst       ; freq_sel:inst|count[7]~_emulated  ; rst          ; clk         ; 0.500        ; 2.303      ; 2.708      ;
; 0.072 ; rst       ; freq_sel:inst|count[8]~_emulated  ; rst          ; clk         ; 0.500        ; 2.303      ; 2.708      ;
; 0.072 ; rst       ; Waveform_Generator:inst1|count[0] ; rst          ; clk         ; 0.500        ; 2.301      ; 2.706      ;
; 0.073 ; rst       ; freq_sel:inst|count[1]            ; rst          ; clk         ; 0.500        ; 2.302      ; 2.706      ;
; 0.073 ; rst       ; freq_sel:inst|count[2]            ; rst          ; clk         ; 0.500        ; 2.302      ; 2.706      ;
; 0.073 ; rst       ; freq_sel:inst|count[3]            ; rst          ; clk         ; 0.500        ; 2.302      ; 2.706      ;
; 0.073 ; rst       ; freq_sel:inst|count[4]~_emulated  ; rst          ; clk         ; 0.500        ; 2.302      ; 2.706      ;
; 0.073 ; rst       ; freq_sel:inst|count[0]            ; rst          ; clk         ; 0.500        ; 2.302      ; 2.706      ;
; 0.073 ; rst       ; Waveform_Generator:inst1|count[1] ; rst          ; clk         ; 0.500        ; 2.301      ; 2.705      ;
; 0.073 ; rst       ; Waveform_Generator:inst1|count[2] ; rst          ; clk         ; 0.500        ; 2.301      ; 2.705      ;
; 0.073 ; rst       ; Waveform_Generator:inst1|count[3] ; rst          ; clk         ; 0.500        ; 2.301      ; 2.705      ;
; 0.073 ; rst       ; Waveform_Generator:inst1|count[4] ; rst          ; clk         ; 0.500        ; 2.301      ; 2.705      ;
; 0.073 ; rst       ; Waveform_Generator:inst1|count[5] ; rst          ; clk         ; 0.500        ; 2.301      ; 2.705      ;
; 0.073 ; rst       ; Waveform_Generator:inst1|count[6] ; rst          ; clk         ; 0.500        ; 2.301      ; 2.705      ;
; 0.073 ; rst       ; Waveform_Generator:inst1|count[7] ; rst          ; clk         ; 0.500        ; 2.301      ; 2.705      ;
; 0.702 ; rst       ; freq_sel:inst|count[1]            ; rst          ; clk         ; 1.000        ; 2.302      ; 2.577      ;
; 0.702 ; rst       ; freq_sel:inst|count[2]            ; rst          ; clk         ; 1.000        ; 2.302      ; 2.577      ;
; 0.702 ; rst       ; freq_sel:inst|count[3]            ; rst          ; clk         ; 1.000        ; 2.302      ; 2.577      ;
; 0.702 ; rst       ; freq_sel:inst|count[4]~_emulated  ; rst          ; clk         ; 1.000        ; 2.302      ; 2.577      ;
; 0.702 ; rst       ; freq_sel:inst|count[5]~_emulated  ; rst          ; clk         ; 1.000        ; 2.303      ; 2.578      ;
; 0.702 ; rst       ; freq_sel:inst|count[6]~_emulated  ; rst          ; clk         ; 1.000        ; 2.303      ; 2.578      ;
; 0.702 ; rst       ; freq_sel:inst|count[7]~_emulated  ; rst          ; clk         ; 1.000        ; 2.303      ; 2.578      ;
; 0.702 ; rst       ; freq_sel:inst|count[8]~_emulated  ; rst          ; clk         ; 1.000        ; 2.303      ; 2.578      ;
; 0.702 ; rst       ; freq_sel:inst|count[0]            ; rst          ; clk         ; 1.000        ; 2.302      ; 2.577      ;
; 0.702 ; rst       ; Waveform_Generator:inst1|count[0] ; rst          ; clk         ; 1.000        ; 2.301      ; 2.576      ;
; 0.702 ; rst       ; Waveform_Generator:inst1|count[1] ; rst          ; clk         ; 1.000        ; 2.301      ; 2.576      ;
; 0.702 ; rst       ; Waveform_Generator:inst1|count[2] ; rst          ; clk         ; 1.000        ; 2.301      ; 2.576      ;
; 0.702 ; rst       ; Waveform_Generator:inst1|count[3] ; rst          ; clk         ; 1.000        ; 2.301      ; 2.576      ;
; 0.702 ; rst       ; Waveform_Generator:inst1|count[4] ; rst          ; clk         ; 1.000        ; 2.301      ; 2.576      ;
; 0.702 ; rst       ; Waveform_Generator:inst1|count[5] ; rst          ; clk         ; 1.000        ; 2.301      ; 2.576      ;
; 0.702 ; rst       ; Waveform_Generator:inst1|count[6] ; rst          ; clk         ; 1.000        ; 2.301      ; 2.576      ;
; 0.702 ; rst       ; Waveform_Generator:inst1|count[7] ; rst          ; clk         ; 1.000        ; 2.301      ; 2.576      ;
+-------+-----------+-----------------------------------+--------------+-------------+--------------+------------+------------+


+------------------------------------------------------------------------------------------------------------------------------+
; Slow 1200mV 125C Model Removal: 'clk'                                                                                        ;
+--------+-----------+-----------------------------------+--------------+-------------+--------------+------------+------------+
; Slack  ; From Node ; To Node                           ; Launch Clock ; Latch Clock ; Relationship ; Clock Skew ; Data Delay ;
+--------+-----------+-----------------------------------+--------------+-------------+--------------+------------+------------+
; -0.130 ; rst       ; Waveform_Generator:inst1|count[1] ; rst          ; clk         ; 0.000        ; 2.391      ; 2.490      ;
; -0.130 ; rst       ; Waveform_Generator:inst1|count[2] ; rst          ; clk         ; 0.000        ; 2.391      ; 2.490      ;
; -0.130 ; rst       ; Waveform_Generator:inst1|count[3] ; rst          ; clk         ; 0.000        ; 2.391      ; 2.490      ;
; -0.130 ; rst       ; Waveform_Generator:inst1|count[4] ; rst          ; clk         ; 0.000        ; 2.391      ; 2.490      ;
; -0.130 ; rst       ; Waveform_Generator:inst1|count[5] ; rst          ; clk         ; 0.000        ; 2.391      ; 2.490      ;
; -0.130 ; rst       ; Waveform_Generator:inst1|count[6] ; rst          ; clk         ; 0.000        ; 2.391      ; 2.490      ;
; -0.130 ; rst       ; Waveform_Generator:inst1|count[7] ; rst          ; clk         ; 0.000        ; 2.391      ; 2.490      ;
; -0.129 ; rst       ; freq_sel:inst|count[1]            ; rst          ; clk         ; 0.000        ; 2.392      ; 2.492      ;
; -0.129 ; rst       ; freq_sel:inst|count[2]            ; rst          ; clk         ; 0.000        ; 2.392      ; 2.492      ;
; -0.129 ; rst       ; freq_sel:inst|count[3]            ; rst          ; clk         ; 0.000        ; 2.392      ; 2.492      ;
; -0.129 ; rst       ; freq_sel:inst|count[4]~_emulated  ; rst          ; clk         ; 0.000        ; 2.392      ; 2.492      ;
; -0.129 ; rst       ; freq_sel:inst|count[5]~_emulated  ; rst          ; clk         ; 0.000        ; 2.393      ; 2.493      ;
; -0.129 ; rst       ; freq_sel:inst|count[6]~_emulated  ; rst          ; clk         ; 0.000        ; 2.393      ; 2.493      ;
; -0.129 ; rst       ; freq_sel:inst|count[7]~_emulated  ; rst          ; clk         ; 0.000        ; 2.393      ; 2.493      ;
; -0.129 ; rst       ; freq_sel:inst|count[8]~_emulated  ; rst          ; clk         ; 0.000        ; 2.393      ; 2.493      ;
; -0.129 ; rst       ; freq_sel:inst|count[0]            ; rst          ; clk         ; 0.000        ; 2.392      ; 2.492      ;
; -0.129 ; rst       ; Waveform_Generator:inst1|count[0] ; rst          ; clk         ; 0.000        ; 2.391      ; 2.491      ;
; 0.497  ; rst       ; freq_sel:inst|count[1]            ; rst          ; clk         ; -0.500       ; 2.392      ; 2.618      ;
; 0.497  ; rst       ; freq_sel:inst|count[2]            ; rst          ; clk         ; -0.500       ; 2.392      ; 2.618      ;
; 0.497  ; rst       ; freq_sel:inst|count[3]            ; rst          ; clk         ; -0.500       ; 2.392      ; 2.618      ;
; 0.497  ; rst       ; freq_sel:inst|count[4]~_emulated  ; rst          ; clk         ; -0.500       ; 2.392      ; 2.618      ;
; 0.497  ; rst       ; freq_sel:inst|count[5]~_emulated  ; rst          ; clk         ; -0.500       ; 2.393      ; 2.619      ;
; 0.497  ; rst       ; freq_sel:inst|count[6]~_emulated  ; rst          ; clk         ; -0.500       ; 2.393      ; 2.619      ;
; 0.497  ; rst       ; freq_sel:inst|count[7]~_emulated  ; rst          ; clk         ; -0.500       ; 2.393      ; 2.619      ;
; 0.497  ; rst       ; freq_sel:inst|count[8]~_emulated  ; rst          ; clk         ; -0.500       ; 2.393      ; 2.619      ;
; 0.497  ; rst       ; freq_sel:inst|count[0]            ; rst          ; clk         ; -0.500       ; 2.392      ; 2.618      ;
; 0.497  ; rst       ; Waveform_Generator:inst1|count[1] ; rst          ; clk         ; -0.500       ; 2.391      ; 2.617      ;
; 0.497  ; rst       ; Waveform_Generator:inst1|count[2] ; rst          ; clk         ; -0.500       ; 2.391      ; 2.617      ;
; 0.497  ; rst       ; Waveform_Generator:inst1|count[3] ; rst          ; clk         ; -0.500       ; 2.391      ; 2.617      ;
; 0.497  ; rst       ; Waveform_Generator:inst1|count[4] ; rst          ; clk         ; -0.500       ; 2.391      ; 2.617      ;
; 0.497  ; rst       ; Waveform_Generator:inst1|count[5] ; rst          ; clk         ; -0.500       ; 2.391      ; 2.617      ;
; 0.497  ; rst       ; Waveform_Generator:inst1|count[6] ; rst          ; clk         ; -0.500       ; 2.391      ; 2.617      ;
; 0.497  ; rst       ; Waveform_Generator:inst1|count[7] ; rst          ; clk         ; -0.500       ; 2.391      ; 2.617      ;
; 0.498  ; rst       ; Waveform_Generator:inst1|count[0] ; rst          ; clk         ; -0.500       ; 2.391      ; 2.618      ;
+--------+-----------+-----------------------------------+--------------+-------------+--------------+------------+------------+


------------------------------------------------
; Slow 1200mV 125C Model Metastability Summary ;
------------------------------------------------
No synchronizer chains to report.


+------------------------------------------------+
; Slow 1200mV -40C Model Fmax Summary            ;
+----------+-----------------+------------+------+
; Fmax     ; Restricted Fmax ; Clock Name ; Note ;
+----------+-----------------+------------+------+
; 82.8 MHz ; 82.8 MHz        ; clk        ;      ;
+----------+-----------------+------------+------+
This panel reports FMAX for every clock in the design, regardless of the user-specified clock periods.  FMAX is only computed for paths where the source and destination registers or ports are driven by the same clock.  Paths of different clocks, including generated clocks, are ignored.  For paths between a clock and its inversion, FMAX is computed as if the rising and falling edges are scaled along with FMAX, such that the duty cycle (in terms of a percentage) is maintained. Altera recommends that you always use clock constraints and other slack reports for sign-off analysis.


+--------------------------------------+
; Slow 1200mV -40C Model Setup Summary ;
+-------+---------+--------------------+
; Clock ; Slack   ; End Point TNS      ;
+-------+---------+--------------------+
; clk   ; -11.077 ; -172.523           ;
+-------+---------+--------------------+


+-------------------------------------+
; Slow 1200mV -40C Model Hold Summary ;
+-------+-------+---------------------+
; Clock ; Slack ; End Point TNS       ;
+-------+-------+---------------------+
; clk   ; 0.358 ; 0.000               ;
+-------+-------+---------------------+


+-----------------------------------------+
; Slow 1200mV -40C Model Recovery Summary ;
+-------+-------+-------------------------+
; Clock ; Slack ; End Point TNS           ;
+-------+-------+-------------------------+
; clk   ; 0.153 ; 0.000                   ;
+-------+-------+-------------------------+


+----------------------------------------+
; Slow 1200mV -40C Model Removal Summary ;
+-------+--------+-----------------------+
; Clock ; Slack  ; End Point TNS         ;
+-------+--------+-----------------------+
; clk   ; -0.140 ; -2.380                ;
+-------+--------+-----------------------+


+----------------------------------------------------+
; Slow 1200mV -40C Model Minimum Pulse Width Summary ;
+-------+--------+-----------------------------------+
; Clock ; Slack  ; End Point TNS                     ;
+-------+--------+-----------------------------------+
; clk   ; -3.000 ; -68.535                           ;
; rst   ; -3.000 ; -3.000                            ;
+-------+--------+-----------------------------------+


+--------------------------------------------------------------------------------------------------------------------------------------------------------+
; Slow 1200mV -40C Model Setup: 'clk'                                                                                                                    ;
+---------+-----------------------------------+------------------------------------+--------------+-------------+--------------+------------+------------+
; Slack   ; From Node                         ; To Node                            ; Launch Clock ; Latch Clock ; Relationship ; Clock Skew ; Data Delay ;
+---------+-----------------------------------+------------------------------------+--------------+-------------+--------------+------------+------------+
; -11.077 ; Waveform_Generator:inst1|count[1] ; Waveform_Generator:inst1|OutRec[0] ; clk          ; clk         ; 1.000        ; 0.314      ; 12.391     ;
; -11.063 ; Waveform_Generator:inst1|count[0] ; Waveform_Generator:inst1|OutRec[0] ; clk          ; clk         ; 1.000        ; 0.313      ; 12.376     ;
; -10.847 ; Waveform_Generator:inst1|count[6] ; Waveform_Generator:inst1|OutRec[0] ; clk          ; clk         ; 1.000        ; 0.314      ; 12.161     ;
; -10.825 ; Waveform_Generator:inst1|count[4] ; Waveform_Generator:inst1|OutRec[0] ; clk          ; clk         ; 1.000        ; 0.314      ; 12.139     ;
; -10.751 ; Waveform_Generator:inst1|count[5] ; Waveform_Generator:inst1|OutRec[0] ; clk          ; clk         ; 1.000        ; 0.314      ; 12.065     ;
; -10.642 ; Waveform_Generator:inst1|count[7] ; Waveform_Generator:inst1|OutRec[0] ; clk          ; clk         ; 1.000        ; 0.314      ; 11.956     ;
; -10.540 ; Waveform_Generator:inst1|count[3] ; Waveform_Generator:inst1|OutRec[0] ; clk          ; clk         ; 1.000        ; 0.314      ; 11.854     ;
; -10.533 ; Waveform_Generator:inst1|count[2] ; Waveform_Generator:inst1|OutRec[0] ; clk          ; clk         ; 1.000        ; 0.314      ; 11.847     ;
; -9.125  ; Waveform_Generator:inst1|count[1] ; Waveform_Generator:inst1|OutRec[1] ; clk          ; clk         ; 1.000        ; 0.339      ; 10.464     ;
; -9.111  ; Waveform_Generator:inst1|count[0] ; Waveform_Generator:inst1|OutRec[1] ; clk          ; clk         ; 1.000        ; 0.338      ; 10.449     ;
; -8.895  ; Waveform_Generator:inst1|count[6] ; Waveform_Generator:inst1|OutRec[1] ; clk          ; clk         ; 1.000        ; 0.339      ; 10.234     ;
; -8.873  ; Waveform_Generator:inst1|count[4] ; Waveform_Generator:inst1|OutRec[1] ; clk          ; clk         ; 1.000        ; 0.339      ; 10.212     ;
; -8.799  ; Waveform_Generator:inst1|count[5] ; Waveform_Generator:inst1|OutRec[1] ; clk          ; clk         ; 1.000        ; 0.339      ; 10.138     ;
; -8.690  ; Waveform_Generator:inst1|count[7] ; Waveform_Generator:inst1|OutRec[1] ; clk          ; clk         ; 1.000        ; 0.339      ; 10.029     ;
; -8.588  ; Waveform_Generator:inst1|count[3] ; Waveform_Generator:inst1|OutRec[1] ; clk          ; clk         ; 1.000        ; 0.339      ; 9.927      ;
; -8.581  ; Waveform_Generator:inst1|count[2] ; Waveform_Generator:inst1|OutRec[1] ; clk          ; clk         ; 1.000        ; 0.339      ; 9.920      ;
; -7.450  ; Waveform_Generator:inst1|count[1] ; Waveform_Generator:inst1|OutRec[2] ; clk          ; clk         ; 1.000        ; 0.339      ; 8.789      ;
; -7.436  ; Waveform_Generator:inst1|count[0] ; Waveform_Generator:inst1|OutRec[2] ; clk          ; clk         ; 1.000        ; 0.338      ; 8.774      ;
; -7.220  ; Waveform_Generator:inst1|count[6] ; Waveform_Generator:inst1|OutRec[2] ; clk          ; clk         ; 1.000        ; 0.339      ; 8.559      ;
; -7.198  ; Waveform_Generator:inst1|count[4] ; Waveform_Generator:inst1|OutRec[2] ; clk          ; clk         ; 1.000        ; 0.339      ; 8.537      ;
; -7.124  ; Waveform_Generator:inst1|count[5] ; Waveform_Generator:inst1|OutRec[2] ; clk          ; clk         ; 1.000        ; 0.339      ; 8.463      ;
; -7.015  ; Waveform_Generator:inst1|count[7] ; Waveform_Generator:inst1|OutRec[2] ; clk          ; clk         ; 1.000        ; 0.339      ; 8.354      ;
; -6.913  ; Waveform_Generator:inst1|count[3] ; Waveform_Generator:inst1|OutRec[2] ; clk          ; clk         ; 1.000        ; 0.339      ; 8.252      ;
; -6.906  ; Waveform_Generator:inst1|count[2] ; Waveform_Generator:inst1|OutRec[2] ; clk          ; clk         ; 1.000        ; 0.339      ; 8.245      ;
; -6.006  ; Waveform_Generator:inst1|count[1] ; Waveform_Generator:inst1|OutRec[3] ; clk          ; clk         ; 1.000        ; 0.339      ; 7.345      ;
; -5.992  ; Waveform_Generator:inst1|count[0] ; Waveform_Generator:inst1|OutRec[3] ; clk          ; clk         ; 1.000        ; 0.338      ; 7.330      ;
; -5.776  ; Waveform_Generator:inst1|count[6] ; Waveform_Generator:inst1|OutRec[3] ; clk          ; clk         ; 1.000        ; 0.339      ; 7.115      ;
; -5.754  ; Waveform_Generator:inst1|count[4] ; Waveform_Generator:inst1|OutRec[3] ; clk          ; clk         ; 1.000        ; 0.339      ; 7.093      ;
; -5.680  ; Waveform_Generator:inst1|count[5] ; Waveform_Generator:inst1|OutRec[3] ; clk          ; clk         ; 1.000        ; 0.339      ; 7.019      ;
; -5.571  ; Waveform_Generator:inst1|count[7] ; Waveform_Generator:inst1|OutRec[3] ; clk          ; clk         ; 1.000        ; 0.339      ; 6.910      ;
; -5.469  ; Waveform_Generator:inst1|count[3] ; Waveform_Generator:inst1|OutRec[3] ; clk          ; clk         ; 1.000        ; 0.339      ; 6.808      ;
; -5.462  ; Waveform_Generator:inst1|count[2] ; Waveform_Generator:inst1|OutRec[3] ; clk          ; clk         ; 1.000        ; 0.339      ; 6.801      ;
; -5.020  ; Waveform_Generator:inst1|count[1] ; Waveform_Generator:inst1|OutRec[4] ; clk          ; clk         ; 1.000        ; 0.280      ; 6.300      ;
; -5.006  ; Waveform_Generator:inst1|count[0] ; Waveform_Generator:inst1|OutRec[4] ; clk          ; clk         ; 1.000        ; 0.279      ; 6.285      ;
; -4.790  ; Waveform_Generator:inst1|count[6] ; Waveform_Generator:inst1|OutRec[4] ; clk          ; clk         ; 1.000        ; 0.280      ; 6.070      ;
; -4.768  ; Waveform_Generator:inst1|count[4] ; Waveform_Generator:inst1|OutRec[4] ; clk          ; clk         ; 1.000        ; 0.280      ; 6.048      ;
; -4.694  ; Waveform_Generator:inst1|count[5] ; Waveform_Generator:inst1|OutRec[4] ; clk          ; clk         ; 1.000        ; 0.280      ; 5.974      ;
; -4.585  ; Waveform_Generator:inst1|count[7] ; Waveform_Generator:inst1|OutRec[4] ; clk          ; clk         ; 1.000        ; 0.280      ; 5.865      ;
; -4.483  ; Waveform_Generator:inst1|count[3] ; Waveform_Generator:inst1|OutRec[4] ; clk          ; clk         ; 1.000        ; 0.280      ; 5.763      ;
; -4.476  ; Waveform_Generator:inst1|count[2] ; Waveform_Generator:inst1|OutRec[4] ; clk          ; clk         ; 1.000        ; 0.280      ; 5.756      ;
; -3.545  ; freq_sel:inst|count[3]            ; freq_sel:inst|count[3]             ; clk          ; clk         ; 1.000        ; -0.062     ; 4.483      ;
; -3.543  ; freq_sel:inst|count[3]            ; freq_sel:inst|count[4]~_emulated   ; clk          ; clk         ; 1.000        ; -0.062     ; 4.481      ;
; -3.400  ; freq_sel:inst|count[3]            ; freq_sel:inst|count[7]~_emulated   ; clk          ; clk         ; 1.000        ; -0.063     ; 4.337      ;
; -3.399  ; freq_sel:inst|count[3]            ; freq_sel:inst|count[8]~_emulated   ; clk          ; clk         ; 1.000        ; -0.063     ; 4.336      ;
; -3.374  ; freq_sel:inst|count[3]            ; freq_sel:inst|count[1]             ; clk          ; clk         ; 1.000        ; -0.062     ; 4.312      ;
; -3.372  ; freq_sel:inst|count[3]            ; freq_sel:inst|count[2]             ; clk          ; clk         ; 1.000        ; -0.062     ; 4.310      ;
; -3.369  ; freq_sel:inst|count[3]            ; freq_sel:inst|count[0]             ; clk          ; clk         ; 1.000        ; -0.062     ; 4.307      ;
; -3.358  ; freq_sel:inst|count[2]            ; freq_sel:inst|count[3]             ; clk          ; clk         ; 1.000        ; -0.062     ; 4.296      ;
; -3.356  ; freq_sel:inst|count[2]            ; freq_sel:inst|count[4]~_emulated   ; clk          ; clk         ; 1.000        ; -0.062     ; 4.294      ;
; -3.330  ; freq_sel:inst|count[3]            ; freq_sel:inst|count[6]~_emulated   ; clk          ; clk         ; 1.000        ; -0.063     ; 4.267      ;
; -3.329  ; freq_sel:inst|count[3]            ; freq_sel:inst|count[5]~_emulated   ; clk          ; clk         ; 1.000        ; -0.063     ; 4.266      ;
; -3.275  ; freq_sel:inst|count[5]~_emulated  ; freq_sel:inst|count[6]~_emulated   ; clk          ; clk         ; 1.000        ; -0.062     ; 4.213      ;
; -3.263  ; freq_sel:inst|count[5]~_emulated  ; freq_sel:inst|count[7]~_emulated   ; clk          ; clk         ; 1.000        ; -0.062     ; 4.201      ;
; -3.214  ; freq_sel:inst|count[5]~_emulated  ; freq_sel:inst|count[3]             ; clk          ; clk         ; 1.000        ; -0.061     ; 4.153      ;
; -3.213  ; freq_sel:inst|count[2]            ; freq_sel:inst|count[7]~_emulated   ; clk          ; clk         ; 1.000        ; -0.063     ; 4.150      ;
; -3.212  ; freq_sel:inst|count[5]~_emulated  ; freq_sel:inst|count[4]~_emulated   ; clk          ; clk         ; 1.000        ; -0.061     ; 4.151      ;
; -3.212  ; freq_sel:inst|count[2]            ; freq_sel:inst|count[8]~_emulated   ; clk          ; clk         ; 1.000        ; -0.063     ; 4.149      ;
; -3.187  ; freq_sel:inst|count[2]            ; freq_sel:inst|count[1]             ; clk          ; clk         ; 1.000        ; -0.062     ; 4.125      ;
; -3.185  ; freq_sel:inst|count[5]~_emulated  ; freq_sel:inst|count[8]~_emulated   ; clk          ; clk         ; 1.000        ; -0.062     ; 4.123      ;
; -3.185  ; freq_sel:inst|count[2]            ; freq_sel:inst|count[2]             ; clk          ; clk         ; 1.000        ; -0.062     ; 4.123      ;
; -3.182  ; freq_sel:inst|count[2]            ; freq_sel:inst|count[0]             ; clk          ; clk         ; 1.000        ; -0.062     ; 4.120      ;
; -3.159  ; freq_sel:inst|count[5]~_emulated  ; Waveform_Generator:inst1|count[7]  ; clk          ; clk         ; 1.000        ; -0.063     ; 4.096      ;
; -3.159  ; freq_sel:inst|count[5]~_emulated  ; Waveform_Generator:inst1|count[6]  ; clk          ; clk         ; 1.000        ; -0.063     ; 4.096      ;
; -3.159  ; freq_sel:inst|count[5]~_emulated  ; Waveform_Generator:inst1|count[5]  ; clk          ; clk         ; 1.000        ; -0.063     ; 4.096      ;
; -3.159  ; freq_sel:inst|count[5]~_emulated  ; Waveform_Generator:inst1|count[4]  ; clk          ; clk         ; 1.000        ; -0.063     ; 4.096      ;
; -3.159  ; freq_sel:inst|count[5]~_emulated  ; Waveform_Generator:inst1|count[3]  ; clk          ; clk         ; 1.000        ; -0.063     ; 4.096      ;
; -3.159  ; freq_sel:inst|count[5]~_emulated  ; Waveform_Generator:inst1|count[2]  ; clk          ; clk         ; 1.000        ; -0.063     ; 4.096      ;
; -3.159  ; freq_sel:inst|count[5]~_emulated  ; Waveform_Generator:inst1|count[1]  ; clk          ; clk         ; 1.000        ; -0.063     ; 4.096      ;
; -3.149  ; freq_sel:inst|count[5]~_emulated  ; Waveform_Generator:inst1|count[0]  ; clk          ; clk         ; 1.000        ; -0.062     ; 4.087      ;
; -3.143  ; freq_sel:inst|count[2]            ; freq_sel:inst|count[6]~_emulated   ; clk          ; clk         ; 1.000        ; -0.063     ; 4.080      ;
; -3.142  ; freq_sel:inst|count[2]            ; freq_sel:inst|count[5]~_emulated   ; clk          ; clk         ; 1.000        ; -0.063     ; 4.079      ;
; -3.129  ; freq_sel:inst|count[1]            ; freq_sel:inst|count[3]             ; clk          ; clk         ; 1.000        ; -0.062     ; 4.067      ;
; -3.127  ; freq_sel:inst|count[1]            ; freq_sel:inst|count[4]~_emulated   ; clk          ; clk         ; 1.000        ; -0.062     ; 4.065      ;
; -3.043  ; freq_sel:inst|count[5]~_emulated  ; freq_sel:inst|count[1]             ; clk          ; clk         ; 1.000        ; -0.061     ; 3.982      ;
; -3.041  ; freq_sel:inst|count[5]~_emulated  ; freq_sel:inst|count[2]             ; clk          ; clk         ; 1.000        ; -0.061     ; 3.980      ;
; -3.038  ; freq_sel:inst|count[5]~_emulated  ; freq_sel:inst|count[0]             ; clk          ; clk         ; 1.000        ; -0.061     ; 3.977      ;
; -2.998  ; freq_sel:inst|count[5]~_emulated  ; freq_sel:inst|count[5]~_emulated   ; clk          ; clk         ; 1.000        ; -0.062     ; 3.936      ;
; -2.984  ; freq_sel:inst|count[1]            ; freq_sel:inst|count[7]~_emulated   ; clk          ; clk         ; 1.000        ; -0.063     ; 3.921      ;
; -2.983  ; freq_sel:inst|count[1]            ; freq_sel:inst|count[8]~_emulated   ; clk          ; clk         ; 1.000        ; -0.063     ; 3.920      ;
; -2.977  ; Waveform_Generator:inst1|count[1] ; Waveform_Generator:inst1|OutRec[5] ; clk          ; clk         ; 1.000        ; 0.314      ; 4.291      ;
; -2.963  ; Waveform_Generator:inst1|count[0] ; Waveform_Generator:inst1|OutRec[5] ; clk          ; clk         ; 1.000        ; 0.313      ; 4.276      ;
; -2.958  ; freq_sel:inst|count[1]            ; freq_sel:inst|count[1]             ; clk          ; clk         ; 1.000        ; -0.062     ; 3.896      ;
; -2.956  ; freq_sel:inst|count[1]            ; freq_sel:inst|count[2]             ; clk          ; clk         ; 1.000        ; -0.062     ; 3.894      ;
; -2.953  ; freq_sel:inst|count[1]            ; freq_sel:inst|count[0]             ; clk          ; clk         ; 1.000        ; -0.062     ; 3.891      ;
; -2.935  ; Waveform_Generator:inst1|count[6] ; Waveform_Generator:inst1|OutRec[5] ; clk          ; clk         ; 1.000        ; 0.314      ; 4.249      ;
; -2.921  ; freq_sel:inst|count[0]            ; freq_sel:inst|count[3]             ; clk          ; clk         ; 1.000        ; -0.062     ; 3.859      ;
; -2.919  ; freq_sel:inst|count[0]            ; freq_sel:inst|count[4]~_emulated   ; clk          ; clk         ; 1.000        ; -0.062     ; 3.857      ;
; -2.914  ; freq_sel:inst|count[1]            ; freq_sel:inst|count[6]~_emulated   ; clk          ; clk         ; 1.000        ; -0.063     ; 3.851      ;
; -2.913  ; freq_sel:inst|count[1]            ; freq_sel:inst|count[5]~_emulated   ; clk          ; clk         ; 1.000        ; -0.063     ; 3.850      ;
; -2.913  ; Waveform_Generator:inst1|count[4] ; Waveform_Generator:inst1|OutRec[5] ; clk          ; clk         ; 1.000        ; 0.314      ; 4.227      ;
; -2.839  ; Waveform_Generator:inst1|count[5] ; Waveform_Generator:inst1|OutRec[5] ; clk          ; clk         ; 1.000        ; 0.314      ; 4.153      ;
; -2.776  ; freq_sel:inst|count[0]            ; freq_sel:inst|count[7]~_emulated   ; clk          ; clk         ; 1.000        ; -0.063     ; 3.713      ;
; -2.775  ; freq_sel:inst|count[0]            ; freq_sel:inst|count[8]~_emulated   ; clk          ; clk         ; 1.000        ; -0.063     ; 3.712      ;
; -2.772  ; freq_sel:inst|count[5]~_emulated  ; Waveform_Generator:inst1|OutRec[0] ; clk          ; clk         ; 1.000        ; 0.313      ; 4.085      ;
; -2.764  ; Waveform_Generator:inst1|count[6] ; Waveform_Generator:inst1|OutRec[7] ; clk          ; clk         ; 1.000        ; 0.280      ; 4.044      ;
; -2.763  ; freq_sel:inst|count[5]~_emulated  ; Waveform_Generator:inst1|OutTri[3] ; clk          ; clk         ; 1.000        ; 0.279      ; 4.042      ;
; -2.763  ; freq_sel:inst|count[5]~_emulated  ; Waveform_Generator:inst1|OutRec[4] ; clk          ; clk         ; 1.000        ; 0.279      ; 4.042      ;
; -2.763  ; freq_sel:inst|count[5]~_emulated  ; Waveform_Generator:inst1|OutRec[7] ; clk          ; clk         ; 1.000        ; 0.279      ; 4.042      ;
; -2.763  ; freq_sel:inst|count[5]~_emulated  ; Waveform_Generator:inst1|full[0]   ; clk          ; clk         ; 1.000        ; 0.279      ; 4.042      ;
; -2.750  ; freq_sel:inst|count[0]            ; freq_sel:inst|count[1]             ; clk          ; clk         ; 1.000        ; -0.062     ; 3.688      ;
+---------+-----------------------------------+------------------------------------+--------------+-------------+--------------+------------+------------+


+---------------------------------------------------------------------------------------------------------------------------------------------------------+
; Slow 1200mV -40C Model Hold: 'clk'                                                                                                                      ;
+-------+-----------------------------------+---------------------------------------+--------------+-------------+--------------+------------+------------+
; Slack ; From Node                         ; To Node                               ; Launch Clock ; Latch Clock ; Relationship ; Clock Skew ; Data Delay ;
+-------+-----------------------------------+---------------------------------------+--------------+-------------+--------------+------------+------------+
; 0.358 ; Waveform_Generator:inst1|count[0] ; Waveform_Generator:inst1|count[0]     ; clk          ; clk         ; 0.000        ; 0.062      ; 0.588      ;
; 0.403 ; Waveform_Generator:inst1|count[7] ; Waveform_Generator:inst1|count[7]     ; clk          ; clk         ; 0.000        ; 0.062      ; 0.633      ;
; 0.489 ; Waveform_Generator:inst1|count[3] ; Waveform_Generator:inst1|OutTri[4]    ; clk          ; clk         ; 0.000        ; 0.453      ; 1.110      ;
; 0.574 ; Waveform_Generator:inst1|count[0] ; Waveform_Generator:inst1|OutTri[1]    ; clk          ; clk         ; 0.000        ; 0.452      ; 1.194      ;
; 0.574 ; Waveform_Generator:inst1|count[7] ; Waveform_Generator:inst1|OutRec[2]    ; clk          ; clk         ; 0.000        ; 0.480      ; 1.222      ;
; 0.639 ; Waveform_Generator:inst1|count[5] ; Waveform_Generator:inst1|OutTri[6]    ; clk          ; clk         ; 0.000        ; 0.453      ; 1.260      ;
; 0.640 ; Waveform_Generator:inst1|count[1] ; Waveform_Generator:inst1|count[1]     ; clk          ; clk         ; 0.000        ; 0.062      ; 0.870      ;
; 0.646 ; Waveform_Generator:inst1|count[4] ; Waveform_Generator:inst1|OutTri[5]    ; clk          ; clk         ; 0.000        ; 0.453      ; 1.267      ;
; 0.669 ; Waveform_Generator:inst1|count[6] ; Waveform_Generator:inst1|OutRec[2]    ; clk          ; clk         ; 0.000        ; 0.480      ; 1.317      ;
; 0.682 ; Waveform_Generator:inst1|count[7] ; Waveform_Generator:inst1|OutTri[1]    ; clk          ; clk         ; 0.000        ; 0.453      ; 1.303      ;
; 0.700 ; Waveform_Generator:inst1|count[7] ; Waveform_Generator:inst1|OutRec[1]    ; clk          ; clk         ; 0.000        ; 0.480      ; 1.348      ;
; 0.751 ; freq_sel:inst|count[5]~13         ; freq_sel:inst|count[5]~_emulated      ; rst          ; clk         ; -0.500       ; 0.033      ; 0.492      ;
; 0.762 ; Waveform_Generator:inst1|count[2] ; Waveform_Generator:inst1|count[2]     ; clk          ; clk         ; 0.000        ; 0.062      ; 0.992      ;
; 0.767 ; Waveform_Generator:inst1|count[4] ; Waveform_Generator:inst1|count[4]     ; clk          ; clk         ; 0.000        ; 0.062      ; 0.997      ;
; 0.784 ; freq_sel:inst|count[6]~9          ; freq_sel:inst|count[6]~_emulated      ; rst          ; clk         ; -0.500       ; 0.034      ; 0.526      ;
; 0.893 ; Waveform_Generator:inst1|count[1] ; Waveform_Generator:inst1|count[2]     ; clk          ; clk         ; 0.000        ; 0.062      ; 1.123      ;
; 0.894 ; Waveform_Generator:inst1|count[7] ; Waveform_Generator:inst1|OutTri[5]    ; clk          ; clk         ; 0.000        ; 0.453      ; 1.515      ;
; 0.895 ; Waveform_Generator:inst1|count[7] ; Waveform_Generator:inst1|OutTri[7]    ; clk          ; clk         ; 0.000        ; 0.453      ; 1.516      ;
; 0.895 ; Waveform_Generator:inst1|count[7] ; Waveform_Generator:inst1|OutTri[4]    ; clk          ; clk         ; 0.000        ; 0.453      ; 1.516      ;
; 0.896 ; Waveform_Generator:inst1|count[7] ; Waveform_Generator:inst1|OutTri[6]    ; clk          ; clk         ; 0.000        ; 0.453      ; 1.517      ;
; 0.902 ; Waveform_Generator:inst1|count[6] ; Waveform_Generator:inst1|OutTri[7]    ; clk          ; clk         ; 0.000        ; 0.453      ; 1.523      ;
; 0.907 ; Waveform_Generator:inst1|count[1] ; Waveform_Generator:inst1|count[3]     ; clk          ; clk         ; 0.000        ; 0.062      ; 1.137      ;
; 0.927 ; Waveform_Generator:inst1|count[3] ; Waveform_Generator:inst1|count[3]     ; clk          ; clk         ; 0.000        ; 0.062      ; 1.157      ;
; 0.970 ; freq_sel:inst|count[8]~1          ; freq_sel:inst|count[8]~_emulated      ; rst          ; clk         ; -0.500       ; 0.033      ; 0.711      ;
; 0.976 ; Waveform_Generator:inst1|count[5] ; Waveform_Generator:inst1|count[5]     ; clk          ; clk         ; 0.000        ; 0.062      ; 1.206      ;
; 0.981 ; Waveform_Generator:inst1|count[6] ; Waveform_Generator:inst1|count[6]     ; clk          ; clk         ; 0.000        ; 0.062      ; 1.211      ;
; 0.997 ; Waveform_Generator:inst1|count[1] ; Waveform_Generator:inst1|count[4]     ; clk          ; clk         ; 0.000        ; 0.062      ; 1.227      ;
; 1.004 ; Waveform_Generator:inst1|count[0] ; Waveform_Generator:inst1|count[1]     ; clk          ; clk         ; 0.000        ; 0.061      ; 1.233      ;
; 1.011 ; Waveform_Generator:inst1|count[1] ; Waveform_Generator:inst1|count[5]     ; clk          ; clk         ; 0.000        ; 0.062      ; 1.241      ;
; 1.039 ; Waveform_Generator:inst1|count[2] ; Waveform_Generator:inst1|count[3]     ; clk          ; clk         ; 0.000        ; 0.062      ; 1.269      ;
; 1.045 ; Waveform_Generator:inst1|count[4] ; Waveform_Generator:inst1|count[5]     ; clk          ; clk         ; 0.000        ; 0.062      ; 1.275      ;
; 1.061 ; rst                               ; Waveform_Generator:inst1|half[8]      ; rst          ; clk         ; 0.000        ; 2.468      ; 3.737      ;
; 1.061 ; rst                               ; Waveform_Generator:inst1|half[7]      ; rst          ; clk         ; 0.000        ; 2.468      ; 3.737      ;
; 1.061 ; rst                               ; Waveform_Generator:inst1|half[6]      ; rst          ; clk         ; 0.000        ; 2.468      ; 3.737      ;
; 1.061 ; rst                               ; Waveform_Generator:inst1|full[6]      ; rst          ; clk         ; 0.000        ; 2.468      ; 3.737      ;
; 1.061 ; rst                               ; Waveform_Generator:inst1|OutRec[5]    ; rst          ; clk         ; 0.000        ; 2.468      ; 3.737      ;
; 1.079 ; rst                               ; Waveform_Generator:inst1|full[8]      ; rst          ; clk         ; 0.000        ; 2.467      ; 3.754      ;
; 1.079 ; rst                               ; Waveform_Generator:inst1|full[7]      ; rst          ; clk         ; 0.000        ; 2.467      ; 3.754      ;
; 1.079 ; rst                               ; Waveform_Generator:inst1|OutTri[7]    ; rst          ; clk         ; 0.000        ; 2.467      ; 3.754      ;
; 1.079 ; rst                               ; Waveform_Generator:inst1|OutTri[6]    ; rst          ; clk         ; 0.000        ; 2.467      ; 3.754      ;
; 1.079 ; rst                               ; Waveform_Generator:inst1|OutRec[6]    ; rst          ; clk         ; 0.000        ; 2.467      ; 3.754      ;
; 1.079 ; rst                               ; Waveform_Generator:inst1|half[5]      ; rst          ; clk         ; 0.000        ; 2.467      ; 3.754      ;
; 1.079 ; rst                               ; Waveform_Generator:inst1|full[5]      ; rst          ; clk         ; 0.000        ; 2.467      ; 3.754      ;
; 1.079 ; rst                               ; Waveform_Generator:inst1|OutTri[5]    ; rst          ; clk         ; 0.000        ; 2.467      ; 3.754      ;
; 1.079 ; rst                               ; Waveform_Generator:inst1|half[4]      ; rst          ; clk         ; 0.000        ; 2.467      ; 3.754      ;
; 1.079 ; rst                               ; Waveform_Generator:inst1|full[4]      ; rst          ; clk         ; 0.000        ; 2.467      ; 3.754      ;
; 1.079 ; rst                               ; Waveform_Generator:inst1|OutTri[4]    ; rst          ; clk         ; 0.000        ; 2.467      ; 3.754      ;
; 1.079 ; rst                               ; Waveform_Generator:inst1|half[3]      ; rst          ; clk         ; 0.000        ; 2.467      ; 3.754      ;
; 1.079 ; rst                               ; Waveform_Generator:inst1|full[3]      ; rst          ; clk         ; 0.000        ; 2.467      ; 3.754      ;
; 1.079 ; rst                               ; Waveform_Generator:inst1|OutTri[2]    ; rst          ; clk         ; 0.000        ; 2.467      ; 3.754      ;
; 1.079 ; rst                               ; Waveform_Generator:inst1|OutTri[1]    ; rst          ; clk         ; 0.000        ; 2.467      ; 3.754      ;
; 1.079 ; rst                               ; Waveform_Generator:inst1|half[0]      ; rst          ; clk         ; 0.000        ; 2.467      ; 3.754      ;
; 1.101 ; Waveform_Generator:inst1|count[1] ; Waveform_Generator:inst1|count[6]     ; clk          ; clk         ; 0.000        ; 0.062      ; 1.331      ;
; 1.105 ; Waveform_Generator:inst1|count[2] ; Waveform_Generator:inst1|count[4]     ; clk          ; clk         ; 0.000        ; 0.062      ; 1.335      ;
; 1.111 ; Waveform_Generator:inst1|count[4] ; Waveform_Generator:inst1|count[6]     ; clk          ; clk         ; 0.000        ; 0.062      ; 1.341      ;
; 1.115 ; Waveform_Generator:inst1|count[1] ; Waveform_Generator:inst1|count[7]     ; clk          ; clk         ; 0.000        ; 0.062      ; 1.345      ;
; 1.121 ; freq_sel:inst|count[4]~17         ; freq_sel:inst|count[4]~_emulated      ; rst          ; clk         ; -0.500       ; 0.059      ; 0.888      ;
; 1.134 ; rst                               ; freq_sel:inst|count[5]~_emulated      ; rst          ; clk         ; 0.000        ; 2.077      ; 3.419      ;
; 1.134 ; rst                               ; freq_sel:inst|count[6]~_emulated      ; rst          ; clk         ; 0.000        ; 2.077      ; 3.419      ;
; 1.142 ; rst                               ; Waveform_Generator:inst1|OutSquare[0] ; rst          ; clk         ; 0.000        ; 2.491      ; 3.841      ;
; 1.142 ; rst                               ; Waveform_Generator:inst1|half[1]      ; rst          ; clk         ; 0.000        ; 2.491      ; 3.841      ;
; 1.142 ; rst                               ; Waveform_Generator:inst1|full[1]      ; rst          ; clk         ; 0.000        ; 2.491      ; 3.841      ;
; 1.143 ; Waveform_Generator:inst1|count[2] ; Waveform_Generator:inst1|count[5]     ; clk          ; clk         ; 0.000        ; 0.062      ; 1.373      ;
; 1.149 ; Waveform_Generator:inst1|count[4] ; Waveform_Generator:inst1|count[7]     ; clk          ; clk         ; 0.000        ; 0.062      ; 1.379      ;
; 1.178 ; freq_sel:inst|count[1]            ; freq_sel:inst|count[1]                ; clk          ; clk         ; 0.000        ; 0.062      ; 1.408      ;
; 1.178 ; rst                               ; Waveform_Generator:inst1|OutRec[3]    ; rst          ; clk         ; 0.000        ; 2.494      ; 3.880      ;
; 1.178 ; rst                               ; Waveform_Generator:inst1|OutRec[2]    ; rst          ; clk         ; 0.000        ; 2.494      ; 3.880      ;
; 1.178 ; rst                               ; Waveform_Generator:inst1|OutRec[1]    ; rst          ; clk         ; 0.000        ; 2.494      ; 3.880      ;
; 1.183 ; Waveform_Generator:inst1|count[3] ; Waveform_Generator:inst1|count[4]     ; clk          ; clk         ; 0.000        ; 0.062      ; 1.413      ;
; 1.188 ; rst                               ; Waveform_Generator:inst1|half[2]      ; rst          ; clk         ; 0.000        ; 2.461      ; 3.857      ;
; 1.188 ; rst                               ; Waveform_Generator:inst1|full[2]      ; rst          ; clk         ; 0.000        ; 2.461      ; 3.857      ;
; 1.202 ; rst                               ; Waveform_Generator:inst1|OutRec[7]    ; rst          ; clk         ; 0.000        ; 2.433      ; 3.843      ;
; 1.202 ; rst                               ; Waveform_Generator:inst1|OutRec[4]    ; rst          ; clk         ; 0.000        ; 2.433      ; 3.843      ;
; 1.202 ; rst                               ; Waveform_Generator:inst1|OutTri[3]    ; rst          ; clk         ; 0.000        ; 2.433      ; 3.843      ;
; 1.202 ; rst                               ; Waveform_Generator:inst1|full[0]      ; rst          ; clk         ; 0.000        ; 2.433      ; 3.843      ;
; 1.209 ; Waveform_Generator:inst1|count[2] ; Waveform_Generator:inst1|count[6]     ; clk          ; clk         ; 0.000        ; 0.062      ; 1.439      ;
; 1.219 ; rst                               ; freq_sel:inst|count[0]                ; rst          ; clk         ; 0.000        ; 2.078      ; 3.505      ;
; 1.221 ; rst                               ; Waveform_Generator:inst1|OutRec[0]    ; rst          ; clk         ; 0.000        ; 2.468      ; 3.897      ;
; 1.222 ; rst                               ; freq_sel:inst|count[2]                ; rst          ; clk         ; 0.000        ; 2.078      ; 3.508      ;
; 1.224 ; rst                               ; freq_sel:inst|count[1]                ; rst          ; clk         ; 0.000        ; 2.078      ; 3.510      ;
; 1.229 ; Waveform_Generator:inst1|count[7] ; Waveform_Generator:inst1|OutTri[2]    ; clk          ; clk         ; 0.000        ; 0.453      ; 1.850      ;
; 1.232 ; Waveform_Generator:inst1|count[5] ; Waveform_Generator:inst1|count[6]     ; clk          ; clk         ; 0.000        ; 0.062      ; 1.462      ;
; 1.232 ; rst                               ; freq_sel:inst|count[8]~_emulated      ; rst          ; clk         ; 0.000        ; 2.077      ; 3.517      ;
; 1.233 ; Waveform_Generator:inst1|count[3] ; Waveform_Generator:inst1|OutRec[6]    ; clk          ; clk         ; 0.000        ; 0.453      ; 1.854      ;
; 1.233 ; rst                               ; freq_sel:inst|count[7]~_emulated      ; rst          ; clk         ; 0.000        ; 2.077      ; 3.518      ;
; 1.234 ; Waveform_Generator:inst1|count[3] ; Waveform_Generator:inst1|OutRec[5]    ; clk          ; clk         ; 0.000        ; 0.454      ; 1.856      ;
; 1.245 ; Waveform_Generator:inst1|count[7] ; Waveform_Generator:inst1|OutSquare[0] ; clk          ; clk         ; 0.000        ; 0.477      ; 1.890      ;
; 1.247 ; Waveform_Generator:inst1|count[2] ; Waveform_Generator:inst1|count[7]     ; clk          ; clk         ; 0.000        ; 0.062      ; 1.477      ;
; 1.260 ; Waveform_Generator:inst1|count[0] ; Waveform_Generator:inst1|count[2]     ; clk          ; clk         ; 0.000        ; 0.061      ; 1.489      ;
; 1.264 ; Waveform_Generator:inst1|count[3] ; Waveform_Generator:inst1|count[5]     ; clk          ; clk         ; 0.000        ; 0.062      ; 1.494      ;
; 1.279 ; Waveform_Generator:inst1|count[6] ; Waveform_Generator:inst1|OutRec[1]    ; clk          ; clk         ; 0.000        ; 0.480      ; 1.927      ;
; 1.285 ; Waveform_Generator:inst1|count[6] ; Waveform_Generator:inst1|count[7]     ; clk          ; clk         ; 0.000        ; 0.062      ; 1.515      ;
; 1.287 ; Waveform_Generator:inst1|count[6] ; Waveform_Generator:inst1|OutRec[3]    ; clk          ; clk         ; 0.000        ; 0.480      ; 1.935      ;
; 1.287 ; Waveform_Generator:inst1|count[3] ; Waveform_Generator:inst1|count[6]     ; clk          ; clk         ; 0.000        ; 0.062      ; 1.517      ;
; 1.287 ; Waveform_Generator:inst1|count[1] ; Waveform_Generator:inst1|OutTri[2]    ; clk          ; clk         ; 0.000        ; 0.453      ; 1.908      ;
; 1.296 ; Waveform_Generator:inst1|count[3] ; Waveform_Generator:inst1|OutRec[0]    ; clk          ; clk         ; 0.000        ; 0.454      ; 1.918      ;
; 1.318 ; rst                               ; freq_sel:inst|count[4]~_emulated      ; rst          ; clk         ; 0.000        ; 2.078      ; 3.604      ;
; 1.322 ; Waveform_Generator:inst1|count[5] ; Waveform_Generator:inst1|count[7]     ; clk          ; clk         ; 0.000        ; 0.062      ; 1.552      ;
; 1.333 ; Waveform_Generator:inst1|count[7] ; Waveform_Generator:inst1|OutRec[3]    ; clk          ; clk         ; 0.000        ; 0.480      ; 1.981      ;
; 1.347 ; Waveform_Generator:inst1|count[7] ; Waveform_Generator:inst1|OutRec[6]    ; clk          ; clk         ; 0.000        ; 0.453      ; 1.968      ;
+-------+-----------------------------------+---------------------------------------+--------------+-------------+--------------+------------+------------+


+-----------------------------------------------------------------------------------------------------------------------------+
; Slow 1200mV -40C Model Recovery: 'clk'                                                                                      ;
+-------+-----------+-----------------------------------+--------------+-------------+--------------+------------+------------+
; Slack ; From Node ; To Node                           ; Launch Clock ; Latch Clock ; Relationship ; Clock Skew ; Data Delay ;
+-------+-----------+-----------------------------------+--------------+-------------+--------------+------------+------------+
; 0.153 ; rst       ; Waveform_Generator:inst1|count[0] ; rst          ; clk         ; 0.500        ; 2.003      ; 2.330      ;
; 0.153 ; rst       ; Waveform_Generator:inst1|count[1] ; rst          ; clk         ; 0.500        ; 2.002      ; 2.329      ;
; 0.153 ; rst       ; Waveform_Generator:inst1|count[2] ; rst          ; clk         ; 0.500        ; 2.002      ; 2.329      ;
; 0.153 ; rst       ; Waveform_Generator:inst1|count[3] ; rst          ; clk         ; 0.500        ; 2.002      ; 2.329      ;
; 0.153 ; rst       ; Waveform_Generator:inst1|count[4] ; rst          ; clk         ; 0.500        ; 2.002      ; 2.329      ;
; 0.153 ; rst       ; Waveform_Generator:inst1|count[5] ; rst          ; clk         ; 0.500        ; 2.002      ; 2.329      ;
; 0.153 ; rst       ; Waveform_Generator:inst1|count[6] ; rst          ; clk         ; 0.500        ; 2.002      ; 2.329      ;
; 0.153 ; rst       ; Waveform_Generator:inst1|count[7] ; rst          ; clk         ; 0.500        ; 2.002      ; 2.329      ;
; 0.154 ; rst       ; freq_sel:inst|count[1]            ; rst          ; clk         ; 0.500        ; 2.004      ; 2.330      ;
; 0.154 ; rst       ; freq_sel:inst|count[2]            ; rst          ; clk         ; 0.500        ; 2.004      ; 2.330      ;
; 0.154 ; rst       ; freq_sel:inst|count[3]            ; rst          ; clk         ; 0.500        ; 2.004      ; 2.330      ;
; 0.154 ; rst       ; freq_sel:inst|count[4]~_emulated  ; rst          ; clk         ; 0.500        ; 2.004      ; 2.330      ;
; 0.154 ; rst       ; freq_sel:inst|count[5]~_emulated  ; rst          ; clk         ; 0.500        ; 2.003      ; 2.329      ;
; 0.154 ; rst       ; freq_sel:inst|count[6]~_emulated  ; rst          ; clk         ; 0.500        ; 2.003      ; 2.329      ;
; 0.154 ; rst       ; freq_sel:inst|count[7]~_emulated  ; rst          ; clk         ; 0.500        ; 2.003      ; 2.329      ;
; 0.154 ; rst       ; freq_sel:inst|count[8]~_emulated  ; rst          ; clk         ; 0.500        ; 2.003      ; 2.329      ;
; 0.154 ; rst       ; freq_sel:inst|count[0]            ; rst          ; clk         ; 0.500        ; 2.004      ; 2.330      ;
; 0.766 ; rst       ; freq_sel:inst|count[1]            ; rst          ; clk         ; 1.000        ; 2.004      ; 2.218      ;
; 0.766 ; rst       ; freq_sel:inst|count[2]            ; rst          ; clk         ; 1.000        ; 2.004      ; 2.218      ;
; 0.766 ; rst       ; freq_sel:inst|count[3]            ; rst          ; clk         ; 1.000        ; 2.004      ; 2.218      ;
; 0.766 ; rst       ; freq_sel:inst|count[4]~_emulated  ; rst          ; clk         ; 1.000        ; 2.004      ; 2.218      ;
; 0.766 ; rst       ; freq_sel:inst|count[5]~_emulated  ; rst          ; clk         ; 1.000        ; 2.003      ; 2.217      ;
; 0.766 ; rst       ; freq_sel:inst|count[6]~_emulated  ; rst          ; clk         ; 1.000        ; 2.003      ; 2.217      ;
; 0.766 ; rst       ; freq_sel:inst|count[7]~_emulated  ; rst          ; clk         ; 1.000        ; 2.003      ; 2.217      ;
; 0.766 ; rst       ; freq_sel:inst|count[8]~_emulated  ; rst          ; clk         ; 1.000        ; 2.003      ; 2.217      ;
; 0.766 ; rst       ; freq_sel:inst|count[0]            ; rst          ; clk         ; 1.000        ; 2.004      ; 2.218      ;
; 0.766 ; rst       ; Waveform_Generator:inst1|count[0] ; rst          ; clk         ; 1.000        ; 2.003      ; 2.217      ;
; 0.766 ; rst       ; Waveform_Generator:inst1|count[1] ; rst          ; clk         ; 1.000        ; 2.002      ; 2.216      ;
; 0.766 ; rst       ; Waveform_Generator:inst1|count[2] ; rst          ; clk         ; 1.000        ; 2.002      ; 2.216      ;
; 0.766 ; rst       ; Waveform_Generator:inst1|count[3] ; rst          ; clk         ; 1.000        ; 2.002      ; 2.216      ;
; 0.766 ; rst       ; Waveform_Generator:inst1|count[4] ; rst          ; clk         ; 1.000        ; 2.002      ; 2.216      ;
; 0.766 ; rst       ; Waveform_Generator:inst1|count[5] ; rst          ; clk         ; 1.000        ; 2.002      ; 2.216      ;
; 0.766 ; rst       ; Waveform_Generator:inst1|count[6] ; rst          ; clk         ; 1.000        ; 2.002      ; 2.216      ;
; 0.766 ; rst       ; Waveform_Generator:inst1|count[7] ; rst          ; clk         ; 1.000        ; 2.002      ; 2.216      ;
+-------+-----------+-----------------------------------+--------------+-------------+--------------+------------+------------+


+------------------------------------------------------------------------------------------------------------------------------+
; Slow 1200mV -40C Model Removal: 'clk'                                                                                        ;
+--------+-----------+-----------------------------------+--------------+-------------+--------------+------------+------------+
; Slack  ; From Node ; To Node                           ; Launch Clock ; Latch Clock ; Relationship ; Clock Skew ; Data Delay ;
+--------+-----------+-----------------------------------+--------------+-------------+--------------+------------+------------+
; -0.140 ; rst       ; freq_sel:inst|count[1]            ; rst          ; clk         ; 0.000        ; 2.078      ; 2.146      ;
; -0.140 ; rst       ; freq_sel:inst|count[2]            ; rst          ; clk         ; 0.000        ; 2.078      ; 2.146      ;
; -0.140 ; rst       ; freq_sel:inst|count[3]            ; rst          ; clk         ; 0.000        ; 2.078      ; 2.146      ;
; -0.140 ; rst       ; freq_sel:inst|count[4]~_emulated  ; rst          ; clk         ; 0.000        ; 2.078      ; 2.146      ;
; -0.140 ; rst       ; freq_sel:inst|count[5]~_emulated  ; rst          ; clk         ; 0.000        ; 2.077      ; 2.145      ;
; -0.140 ; rst       ; freq_sel:inst|count[6]~_emulated  ; rst          ; clk         ; 0.000        ; 2.077      ; 2.145      ;
; -0.140 ; rst       ; freq_sel:inst|count[7]~_emulated  ; rst          ; clk         ; 0.000        ; 2.077      ; 2.145      ;
; -0.140 ; rst       ; freq_sel:inst|count[8]~_emulated  ; rst          ; clk         ; 0.000        ; 2.077      ; 2.145      ;
; -0.140 ; rst       ; freq_sel:inst|count[0]            ; rst          ; clk         ; 0.000        ; 2.078      ; 2.146      ;
; -0.140 ; rst       ; Waveform_Generator:inst1|count[0] ; rst          ; clk         ; 0.000        ; 2.077      ; 2.145      ;
; -0.140 ; rst       ; Waveform_Generator:inst1|count[1] ; rst          ; clk         ; 0.000        ; 2.076      ; 2.144      ;
; -0.140 ; rst       ; Waveform_Generator:inst1|count[2] ; rst          ; clk         ; 0.000        ; 2.076      ; 2.144      ;
; -0.140 ; rst       ; Waveform_Generator:inst1|count[3] ; rst          ; clk         ; 0.000        ; 2.076      ; 2.144      ;
; -0.140 ; rst       ; Waveform_Generator:inst1|count[4] ; rst          ; clk         ; 0.000        ; 2.076      ; 2.144      ;
; -0.140 ; rst       ; Waveform_Generator:inst1|count[5] ; rst          ; clk         ; 0.000        ; 2.076      ; 2.144      ;
; -0.140 ; rst       ; Waveform_Generator:inst1|count[6] ; rst          ; clk         ; 0.000        ; 2.076      ; 2.144      ;
; -0.140 ; rst       ; Waveform_Generator:inst1|count[7] ; rst          ; clk         ; 0.000        ; 2.076      ; 2.144      ;
; 0.467  ; rst       ; freq_sel:inst|count[1]            ; rst          ; clk         ; -0.500       ; 2.078      ; 2.253      ;
; 0.467  ; rst       ; freq_sel:inst|count[2]            ; rst          ; clk         ; -0.500       ; 2.078      ; 2.253      ;
; 0.467  ; rst       ; freq_sel:inst|count[3]            ; rst          ; clk         ; -0.500       ; 2.078      ; 2.253      ;
; 0.467  ; rst       ; freq_sel:inst|count[4]~_emulated  ; rst          ; clk         ; -0.500       ; 2.078      ; 2.253      ;
; 0.467  ; rst       ; freq_sel:inst|count[5]~_emulated  ; rst          ; clk         ; -0.500       ; 2.077      ; 2.252      ;
; 0.467  ; rst       ; freq_sel:inst|count[6]~_emulated  ; rst          ; clk         ; -0.500       ; 2.077      ; 2.252      ;
; 0.467  ; rst       ; freq_sel:inst|count[7]~_emulated  ; rst          ; clk         ; -0.500       ; 2.077      ; 2.252      ;
; 0.467  ; rst       ; freq_sel:inst|count[8]~_emulated  ; rst          ; clk         ; -0.500       ; 2.077      ; 2.252      ;
; 0.467  ; rst       ; freq_sel:inst|count[0]            ; rst          ; clk         ; -0.500       ; 2.078      ; 2.253      ;
; 0.468  ; rst       ; Waveform_Generator:inst1|count[0] ; rst          ; clk         ; -0.500       ; 2.077      ; 2.253      ;
; 0.468  ; rst       ; Waveform_Generator:inst1|count[1] ; rst          ; clk         ; -0.500       ; 2.076      ; 2.252      ;
; 0.468  ; rst       ; Waveform_Generator:inst1|count[2] ; rst          ; clk         ; -0.500       ; 2.076      ; 2.252      ;
; 0.468  ; rst       ; Waveform_Generator:inst1|count[3] ; rst          ; clk         ; -0.500       ; 2.076      ; 2.252      ;
; 0.468  ; rst       ; Waveform_Generator:inst1|count[4] ; rst          ; clk         ; -0.500       ; 2.076      ; 2.252      ;
; 0.468  ; rst       ; Waveform_Generator:inst1|count[5] ; rst          ; clk         ; -0.500       ; 2.076      ; 2.252      ;
; 0.468  ; rst       ; Waveform_Generator:inst1|count[6] ; rst          ; clk         ; -0.500       ; 2.076      ; 2.252      ;
; 0.468  ; rst       ; Waveform_Generator:inst1|count[7] ; rst          ; clk         ; -0.500       ; 2.076      ; 2.252      ;
+--------+-----------+-----------------------------------+--------------+-------------+--------------+------------+------------+


------------------------------------------------
; Slow 1200mV -40C Model Metastability Summary ;
------------------------------------------------
No synchronizer chains to report.


+--------------------------------------+
; Fast 1200mV -40C Model Setup Summary ;
+-------+--------+---------------------+
; Clock ; Slack  ; End Point TNS       ;
+-------+--------+---------------------+
; clk   ; -5.296 ; -73.516             ;
+-------+--------+---------------------+


+-------------------------------------+
; Fast 1200mV -40C Model Hold Summary ;
+-------+-------+---------------------+
; Clock ; Slack ; End Point TNS       ;
+-------+-------+---------------------+
; clk   ; 0.183 ; 0.000               ;
+-------+-------+---------------------+


+-----------------------------------------+
; Fast 1200mV -40C Model Recovery Summary ;
+-------+--------+------------------------+
; Clock ; Slack  ; End Point TNS          ;
+-------+--------+------------------------+
; clk   ; -0.050 ; -0.850                 ;
+-------+--------+------------------------+


+----------------------------------------+
; Fast 1200mV -40C Model Removal Summary ;
+-------+--------+-----------------------+
; Clock ; Slack  ; End Point TNS         ;
+-------+--------+-----------------------+
; clk   ; -0.073 ; -1.234                ;
+-------+--------+-----------------------+


+----------------------------------------------------+
; Fast 1200mV -40C Model Minimum Pulse Width Summary ;
+-------+--------+-----------------------------------+
; Clock ; Slack  ; End Point TNS                     ;
+-------+--------+-----------------------------------+
; clk   ; -3.000 ; -57.914                           ;
; rst   ; -3.000 ; -3.000                            ;
+-------+--------+-----------------------------------+


+-------------------------------------------------------------------------------------------------------------------------------------------------------+
; Fast 1200mV -40C Model Setup: 'clk'                                                                                                                   ;
+--------+-----------------------------------+------------------------------------+--------------+-------------+--------------+------------+------------+
; Slack  ; From Node                         ; To Node                            ; Launch Clock ; Latch Clock ; Relationship ; Clock Skew ; Data Delay ;
+--------+-----------------------------------+------------------------------------+--------------+-------------+--------------+------------+------------+
; -5.296 ; Waveform_Generator:inst1|count[1] ; Waveform_Generator:inst1|OutRec[0] ; clk          ; clk         ; 1.000        ; 0.154      ; 6.438      ;
; -5.273 ; Waveform_Generator:inst1|count[0] ; Waveform_Generator:inst1|OutRec[0] ; clk          ; clk         ; 1.000        ; 0.153      ; 6.414      ;
; -5.144 ; Waveform_Generator:inst1|count[6] ; Waveform_Generator:inst1|OutRec[0] ; clk          ; clk         ; 1.000        ; 0.154      ; 6.286      ;
; -5.138 ; Waveform_Generator:inst1|count[4] ; Waveform_Generator:inst1|OutRec[0] ; clk          ; clk         ; 1.000        ; 0.154      ; 6.280      ;
; -5.079 ; Waveform_Generator:inst1|count[5] ; Waveform_Generator:inst1|OutRec[0] ; clk          ; clk         ; 1.000        ; 0.154      ; 6.221      ;
; -5.012 ; Waveform_Generator:inst1|count[7] ; Waveform_Generator:inst1|OutRec[0] ; clk          ; clk         ; 1.000        ; 0.154      ; 6.154      ;
; -4.975 ; Waveform_Generator:inst1|count[3] ; Waveform_Generator:inst1|OutRec[0] ; clk          ; clk         ; 1.000        ; 0.154      ; 6.117      ;
; -4.974 ; Waveform_Generator:inst1|count[2] ; Waveform_Generator:inst1|OutRec[0] ; clk          ; clk         ; 1.000        ; 0.154      ; 6.116      ;
; -4.313 ; Waveform_Generator:inst1|count[1] ; Waveform_Generator:inst1|OutRec[1] ; clk          ; clk         ; 1.000        ; 0.163      ; 5.464      ;
; -4.290 ; Waveform_Generator:inst1|count[0] ; Waveform_Generator:inst1|OutRec[1] ; clk          ; clk         ; 1.000        ; 0.162      ; 5.440      ;
; -4.161 ; Waveform_Generator:inst1|count[6] ; Waveform_Generator:inst1|OutRec[1] ; clk          ; clk         ; 1.000        ; 0.163      ; 5.312      ;
; -4.155 ; Waveform_Generator:inst1|count[4] ; Waveform_Generator:inst1|OutRec[1] ; clk          ; clk         ; 1.000        ; 0.163      ; 5.306      ;
; -4.096 ; Waveform_Generator:inst1|count[5] ; Waveform_Generator:inst1|OutRec[1] ; clk          ; clk         ; 1.000        ; 0.163      ; 5.247      ;
; -4.029 ; Waveform_Generator:inst1|count[7] ; Waveform_Generator:inst1|OutRec[1] ; clk          ; clk         ; 1.000        ; 0.163      ; 5.180      ;
; -3.992 ; Waveform_Generator:inst1|count[3] ; Waveform_Generator:inst1|OutRec[1] ; clk          ; clk         ; 1.000        ; 0.163      ; 5.143      ;
; -3.991 ; Waveform_Generator:inst1|count[2] ; Waveform_Generator:inst1|OutRec[1] ; clk          ; clk         ; 1.000        ; 0.163      ; 5.142      ;
; -3.425 ; Waveform_Generator:inst1|count[1] ; Waveform_Generator:inst1|OutRec[2] ; clk          ; clk         ; 1.000        ; 0.163      ; 4.576      ;
; -3.402 ; Waveform_Generator:inst1|count[0] ; Waveform_Generator:inst1|OutRec[2] ; clk          ; clk         ; 1.000        ; 0.162      ; 4.552      ;
; -3.273 ; Waveform_Generator:inst1|count[6] ; Waveform_Generator:inst1|OutRec[2] ; clk          ; clk         ; 1.000        ; 0.163      ; 4.424      ;
; -3.267 ; Waveform_Generator:inst1|count[4] ; Waveform_Generator:inst1|OutRec[2] ; clk          ; clk         ; 1.000        ; 0.163      ; 4.418      ;
; -3.208 ; Waveform_Generator:inst1|count[5] ; Waveform_Generator:inst1|OutRec[2] ; clk          ; clk         ; 1.000        ; 0.163      ; 4.359      ;
; -3.141 ; Waveform_Generator:inst1|count[7] ; Waveform_Generator:inst1|OutRec[2] ; clk          ; clk         ; 1.000        ; 0.163      ; 4.292      ;
; -3.104 ; Waveform_Generator:inst1|count[3] ; Waveform_Generator:inst1|OutRec[2] ; clk          ; clk         ; 1.000        ; 0.163      ; 4.255      ;
; -3.103 ; Waveform_Generator:inst1|count[2] ; Waveform_Generator:inst1|OutRec[2] ; clk          ; clk         ; 1.000        ; 0.163      ; 4.254      ;
; -2.629 ; Waveform_Generator:inst1|count[1] ; Waveform_Generator:inst1|OutRec[3] ; clk          ; clk         ; 1.000        ; 0.163      ; 3.780      ;
; -2.606 ; Waveform_Generator:inst1|count[0] ; Waveform_Generator:inst1|OutRec[3] ; clk          ; clk         ; 1.000        ; 0.162      ; 3.756      ;
; -2.477 ; Waveform_Generator:inst1|count[6] ; Waveform_Generator:inst1|OutRec[3] ; clk          ; clk         ; 1.000        ; 0.163      ; 3.628      ;
; -2.471 ; Waveform_Generator:inst1|count[4] ; Waveform_Generator:inst1|OutRec[3] ; clk          ; clk         ; 1.000        ; 0.163      ; 3.622      ;
; -2.412 ; Waveform_Generator:inst1|count[5] ; Waveform_Generator:inst1|OutRec[3] ; clk          ; clk         ; 1.000        ; 0.163      ; 3.563      ;
; -2.345 ; Waveform_Generator:inst1|count[7] ; Waveform_Generator:inst1|OutRec[3] ; clk          ; clk         ; 1.000        ; 0.163      ; 3.496      ;
; -2.308 ; Waveform_Generator:inst1|count[3] ; Waveform_Generator:inst1|OutRec[3] ; clk          ; clk         ; 1.000        ; 0.163      ; 3.459      ;
; -2.307 ; Waveform_Generator:inst1|count[2] ; Waveform_Generator:inst1|OutRec[3] ; clk          ; clk         ; 1.000        ; 0.163      ; 3.458      ;
; -2.106 ; Waveform_Generator:inst1|count[1] ; Waveform_Generator:inst1|OutRec[4] ; clk          ; clk         ; 1.000        ; 0.141      ; 3.235      ;
; -2.083 ; Waveform_Generator:inst1|count[0] ; Waveform_Generator:inst1|OutRec[4] ; clk          ; clk         ; 1.000        ; 0.140      ; 3.211      ;
; -1.980 ; Waveform_Generator:inst1|count[6] ; Waveform_Generator:inst1|OutRec[4] ; clk          ; clk         ; 1.000        ; 0.141      ; 3.109      ;
; -1.974 ; Waveform_Generator:inst1|count[4] ; Waveform_Generator:inst1|OutRec[4] ; clk          ; clk         ; 1.000        ; 0.141      ; 3.103      ;
; -1.915 ; Waveform_Generator:inst1|count[5] ; Waveform_Generator:inst1|OutRec[4] ; clk          ; clk         ; 1.000        ; 0.141      ; 3.044      ;
; -1.848 ; Waveform_Generator:inst1|count[7] ; Waveform_Generator:inst1|OutRec[4] ; clk          ; clk         ; 1.000        ; 0.141      ; 2.977      ;
; -1.811 ; Waveform_Generator:inst1|count[3] ; Waveform_Generator:inst1|OutRec[4] ; clk          ; clk         ; 1.000        ; 0.141      ; 2.940      ;
; -1.810 ; Waveform_Generator:inst1|count[2] ; Waveform_Generator:inst1|OutRec[4] ; clk          ; clk         ; 1.000        ; 0.141      ; 2.939      ;
; -1.410 ; freq_sel:inst|count[6]~9          ; freq_sel:inst|count[3]             ; rst          ; clk         ; 0.500        ; -0.405     ; 1.473      ;
; -1.408 ; freq_sel:inst|count[7]~5          ; freq_sel:inst|count[3]             ; rst          ; clk         ; 0.500        ; -0.407     ; 1.469      ;
; -1.405 ; freq_sel:inst|count[6]~9          ; freq_sel:inst|count[4]~_emulated   ; rst          ; clk         ; 0.500        ; -0.405     ; 1.468      ;
; -1.403 ; freq_sel:inst|count[7]~5          ; freq_sel:inst|count[4]~_emulated   ; rst          ; clk         ; 0.500        ; -0.407     ; 1.464      ;
; -1.400 ; freq_sel:inst|count[7]~5          ; freq_sel:inst|count[8]~_emulated   ; rst          ; clk         ; 0.500        ; -0.408     ; 1.460      ;
; -1.398 ; freq_sel:inst|count[6]~9          ; Waveform_Generator:inst1|count[1]  ; rst          ; clk         ; 0.500        ; -0.407     ; 1.459      ;
; -1.398 ; freq_sel:inst|count[6]~9          ; Waveform_Generator:inst1|count[2]  ; rst          ; clk         ; 0.500        ; -0.407     ; 1.459      ;
; -1.398 ; freq_sel:inst|count[6]~9          ; Waveform_Generator:inst1|count[3]  ; rst          ; clk         ; 0.500        ; -0.407     ; 1.459      ;
; -1.398 ; freq_sel:inst|count[6]~9          ; Waveform_Generator:inst1|count[4]  ; rst          ; clk         ; 0.500        ; -0.407     ; 1.459      ;
; -1.398 ; freq_sel:inst|count[6]~9          ; Waveform_Generator:inst1|count[5]  ; rst          ; clk         ; 0.500        ; -0.407     ; 1.459      ;
; -1.398 ; freq_sel:inst|count[6]~9          ; Waveform_Generator:inst1|count[6]  ; rst          ; clk         ; 0.500        ; -0.407     ; 1.459      ;
; -1.398 ; freq_sel:inst|count[6]~9          ; Waveform_Generator:inst1|count[7]  ; rst          ; clk         ; 0.500        ; -0.407     ; 1.459      ;
; -1.396 ; freq_sel:inst|count[7]~5          ; Waveform_Generator:inst1|count[1]  ; rst          ; clk         ; 0.500        ; -0.409     ; 1.455      ;
; -1.396 ; freq_sel:inst|count[7]~5          ; Waveform_Generator:inst1|count[2]  ; rst          ; clk         ; 0.500        ; -0.409     ; 1.455      ;
; -1.396 ; freq_sel:inst|count[7]~5          ; Waveform_Generator:inst1|count[3]  ; rst          ; clk         ; 0.500        ; -0.409     ; 1.455      ;
; -1.396 ; freq_sel:inst|count[7]~5          ; Waveform_Generator:inst1|count[4]  ; rst          ; clk         ; 0.500        ; -0.409     ; 1.455      ;
; -1.396 ; freq_sel:inst|count[7]~5          ; Waveform_Generator:inst1|count[5]  ; rst          ; clk         ; 0.500        ; -0.409     ; 1.455      ;
; -1.396 ; freq_sel:inst|count[7]~5          ; Waveform_Generator:inst1|count[6]  ; rst          ; clk         ; 0.500        ; -0.409     ; 1.455      ;
; -1.396 ; freq_sel:inst|count[7]~5          ; Waveform_Generator:inst1|count[7]  ; rst          ; clk         ; 0.500        ; -0.409     ; 1.455      ;
; -1.394 ; freq_sel:inst|count[6]~9          ; Waveform_Generator:inst1|count[0]  ; rst          ; clk         ; 0.500        ; -0.407     ; 1.455      ;
; -1.392 ; freq_sel:inst|count[7]~5          ; Waveform_Generator:inst1|count[0]  ; rst          ; clk         ; 0.500        ; -0.409     ; 1.451      ;
; -1.382 ; freq_sel:inst|count[5]~13         ; freq_sel:inst|count[6]~_emulated   ; rst          ; clk         ; 0.500        ; -0.407     ; 1.443      ;
; -1.361 ; freq_sel:inst|count[4]~17         ; freq_sel:inst|count[6]~_emulated   ; rst          ; clk         ; 0.500        ; -0.390     ; 1.439      ;
; -1.360 ; freq_sel:inst|count[5]~13         ; freq_sel:inst|count[8]~_emulated   ; rst          ; clk         ; 0.500        ; -0.407     ; 1.421      ;
; -1.358 ; freq_sel:inst|count[6]~9          ; freq_sel:inst|count[7]~_emulated   ; rst          ; clk         ; 0.500        ; -0.406     ; 1.420      ;
; -1.357 ; freq_sel:inst|count[4]~17         ; freq_sel:inst|count[5]~_emulated   ; rst          ; clk         ; 0.500        ; -0.390     ; 1.435      ;
; -1.350 ; freq_sel:inst|count[8]~1          ; freq_sel:inst|count[3]             ; rst          ; clk         ; 0.500        ; -0.406     ; 1.412      ;
; -1.349 ; freq_sel:inst|count[3]            ; freq_sel:inst|count[3]             ; clk          ; clk         ; 1.000        ; -0.035     ; 2.302      ;
; -1.345 ; freq_sel:inst|count[8]~1          ; freq_sel:inst|count[4]~_emulated   ; rst          ; clk         ; 0.500        ; -0.406     ; 1.407      ;
; -1.345 ; freq_sel:inst|count[4]~17         ; freq_sel:inst|count[7]~_emulated   ; rst          ; clk         ; 0.500        ; -0.390     ; 1.423      ;
; -1.344 ; freq_sel:inst|count[3]            ; freq_sel:inst|count[4]~_emulated   ; clk          ; clk         ; 1.000        ; -0.035     ; 2.297      ;
; -1.343 ; freq_sel:inst|count[5]~13         ; freq_sel:inst|count[7]~_emulated   ; rst          ; clk         ; 0.500        ; -0.407     ; 1.404      ;
; -1.339 ; freq_sel:inst|count[4]~17         ; freq_sel:inst|count[8]~_emulated   ; rst          ; clk         ; 0.500        ; -0.390     ; 1.417      ;
; -1.338 ; freq_sel:inst|count[8]~1          ; Waveform_Generator:inst1|count[1]  ; rst          ; clk         ; 0.500        ; -0.408     ; 1.398      ;
; -1.338 ; freq_sel:inst|count[8]~1          ; Waveform_Generator:inst1|count[2]  ; rst          ; clk         ; 0.500        ; -0.408     ; 1.398      ;
; -1.338 ; freq_sel:inst|count[8]~1          ; Waveform_Generator:inst1|count[3]  ; rst          ; clk         ; 0.500        ; -0.408     ; 1.398      ;
; -1.338 ; freq_sel:inst|count[8]~1          ; Waveform_Generator:inst1|count[4]  ; rst          ; clk         ; 0.500        ; -0.408     ; 1.398      ;
; -1.338 ; freq_sel:inst|count[8]~1          ; Waveform_Generator:inst1|count[5]  ; rst          ; clk         ; 0.500        ; -0.408     ; 1.398      ;
; -1.338 ; freq_sel:inst|count[8]~1          ; Waveform_Generator:inst1|count[6]  ; rst          ; clk         ; 0.500        ; -0.408     ; 1.398      ;
; -1.338 ; freq_sel:inst|count[8]~1          ; Waveform_Generator:inst1|count[7]  ; rst          ; clk         ; 0.500        ; -0.408     ; 1.398      ;
; -1.335 ; freq_sel:inst|count[6]~9          ; freq_sel:inst|count[8]~_emulated   ; rst          ; clk         ; 0.500        ; -0.406     ; 1.397      ;
; -1.334 ; freq_sel:inst|count[5]~_emulated  ; freq_sel:inst|count[6]~_emulated   ; clk          ; clk         ; 1.000        ; -0.035     ; 2.287      ;
; -1.334 ; freq_sel:inst|count[8]~1          ; Waveform_Generator:inst1|count[0]  ; rst          ; clk         ; 0.500        ; -0.408     ; 1.394      ;
; -1.330 ; freq_sel:inst|count[7]~5          ; freq_sel:inst|count[7]~_emulated   ; rst          ; clk         ; 0.500        ; -0.408     ; 1.390      ;
; -1.313 ; freq_sel:inst|count[6]~9          ; freq_sel:inst|count[6]~_emulated   ; rst          ; clk         ; 0.500        ; -0.406     ; 1.375      ;
; -1.312 ; freq_sel:inst|count[5]~_emulated  ; freq_sel:inst|count[8]~_emulated   ; clk          ; clk         ; 1.000        ; -0.035     ; 2.265      ;
; -1.312 ; freq_sel:inst|count[6]~9          ; freq_sel:inst|count[5]~_emulated   ; rst          ; clk         ; 0.500        ; -0.406     ; 1.374      ;
; -1.311 ; freq_sel:inst|count[7]~5          ; freq_sel:inst|count[6]~_emulated   ; rst          ; clk         ; 0.500        ; -0.408     ; 1.371      ;
; -1.310 ; freq_sel:inst|count[7]~5          ; freq_sel:inst|count[5]~_emulated   ; rst          ; clk         ; 0.500        ; -0.408     ; 1.370      ;
; -1.308 ; freq_sel:inst|count[2]            ; freq_sel:inst|count[3]             ; clk          ; clk         ; 1.000        ; -0.035     ; 2.261      ;
; -1.307 ; freq_sel:inst|count[6]~9          ; freq_sel:inst|count[1]             ; rst          ; clk         ; 0.500        ; -0.405     ; 1.370      ;
; -1.305 ; freq_sel:inst|count[6]~9          ; freq_sel:inst|count[2]             ; rst          ; clk         ; 0.500        ; -0.405     ; 1.368      ;
; -1.305 ; freq_sel:inst|count[7]~5          ; freq_sel:inst|count[1]             ; rst          ; clk         ; 0.500        ; -0.407     ; 1.366      ;
; -1.303 ; freq_sel:inst|count[2]            ; freq_sel:inst|count[4]~_emulated   ; clk          ; clk         ; 1.000        ; -0.035     ; 2.256      ;
; -1.303 ; freq_sel:inst|count[7]~5          ; freq_sel:inst|count[2]             ; rst          ; clk         ; 0.500        ; -0.407     ; 1.364      ;
; -1.302 ; freq_sel:inst|count[6]~9          ; freq_sel:inst|count[0]             ; rst          ; clk         ; 0.500        ; -0.405     ; 1.365      ;
; -1.301 ; freq_sel:inst|count[4]~17         ; freq_sel:inst|count[4]~_emulated   ; rst          ; clk         ; 0.500        ; -0.389     ; 1.380      ;
; -1.300 ; freq_sel:inst|count[7]~5          ; freq_sel:inst|count[0]             ; rst          ; clk         ; 0.500        ; -0.407     ; 1.361      ;
; -1.295 ; freq_sel:inst|count[5]~_emulated  ; freq_sel:inst|count[7]~_emulated   ; clk          ; clk         ; 1.000        ; -0.035     ; 2.248      ;
; -1.295 ; freq_sel:inst|count[4]~17         ; Waveform_Generator:inst1|count[1]  ; rst          ; clk         ; 0.500        ; -0.391     ; 1.372      ;
+--------+-----------------------------------+------------------------------------+--------------+-------------+--------------+------------+------------+


+---------------------------------------------------------------------------------------------------------------------------------------------------------+
; Fast 1200mV -40C Model Hold: 'clk'                                                                                                                      ;
+-------+-----------------------------------+---------------------------------------+--------------+-------------+--------------+------------+------------+
; Slack ; From Node                         ; To Node                               ; Launch Clock ; Latch Clock ; Relationship ; Clock Skew ; Data Delay ;
+-------+-----------------------------------+---------------------------------------+--------------+-------------+--------------+------------+------------+
; 0.183 ; Waveform_Generator:inst1|count[0] ; Waveform_Generator:inst1|count[0]     ; clk          ; clk         ; 0.000        ; 0.035      ; 0.300      ;
; 0.200 ; Waveform_Generator:inst1|count[7] ; Waveform_Generator:inst1|count[7]     ; clk          ; clk         ; 0.000        ; 0.034      ; 0.316      ;
; 0.246 ; Waveform_Generator:inst1|count[3] ; Waveform_Generator:inst1|OutTri[4]    ; clk          ; clk         ; 0.000        ; 0.230      ; 0.558      ;
; 0.276 ; Waveform_Generator:inst1|count[7] ; Waveform_Generator:inst1|OutRec[2]    ; clk          ; clk         ; 0.000        ; 0.239      ; 0.597      ;
; 0.283 ; Waveform_Generator:inst1|count[0] ; Waveform_Generator:inst1|OutTri[1]    ; clk          ; clk         ; 0.000        ; 0.230      ; 0.595      ;
; 0.310 ; Waveform_Generator:inst1|count[1] ; Waveform_Generator:inst1|count[1]     ; clk          ; clk         ; 0.000        ; 0.034      ; 0.426      ;
; 0.331 ; Waveform_Generator:inst1|count[4] ; Waveform_Generator:inst1|OutTri[5]    ; clk          ; clk         ; 0.000        ; 0.230      ; 0.643      ;
; 0.331 ; Waveform_Generator:inst1|count[5] ; Waveform_Generator:inst1|OutTri[6]    ; clk          ; clk         ; 0.000        ; 0.230      ; 0.643      ;
; 0.340 ; Waveform_Generator:inst1|count[6] ; Waveform_Generator:inst1|OutRec[2]    ; clk          ; clk         ; 0.000        ; 0.239      ; 0.661      ;
; 0.344 ; Waveform_Generator:inst1|count[7] ; Waveform_Generator:inst1|OutRec[1]    ; clk          ; clk         ; 0.000        ; 0.239      ; 0.665      ;
; 0.347 ; Waveform_Generator:inst1|count[7] ; Waveform_Generator:inst1|OutTri[1]    ; clk          ; clk         ; 0.000        ; 0.230      ; 0.659      ;
; 0.365 ; Waveform_Generator:inst1|count[4] ; Waveform_Generator:inst1|count[4]     ; clk          ; clk         ; 0.000        ; 0.034      ; 0.481      ;
; 0.365 ; Waveform_Generator:inst1|count[2] ; Waveform_Generator:inst1|count[2]     ; clk          ; clk         ; 0.000        ; 0.034      ; 0.481      ;
; 0.451 ; Waveform_Generator:inst1|count[7] ; Waveform_Generator:inst1|OutTri[7]    ; clk          ; clk         ; 0.000        ; 0.230      ; 0.763      ;
; 0.451 ; Waveform_Generator:inst1|count[7] ; Waveform_Generator:inst1|OutTri[5]    ; clk          ; clk         ; 0.000        ; 0.230      ; 0.763      ;
; 0.452 ; Waveform_Generator:inst1|count[7] ; Waveform_Generator:inst1|OutTri[6]    ; clk          ; clk         ; 0.000        ; 0.230      ; 0.764      ;
; 0.453 ; Waveform_Generator:inst1|count[7] ; Waveform_Generator:inst1|OutTri[4]    ; clk          ; clk         ; 0.000        ; 0.230      ; 0.765      ;
; 0.456 ; Waveform_Generator:inst1|count[1] ; Waveform_Generator:inst1|count[2]     ; clk          ; clk         ; 0.000        ; 0.034      ; 0.572      ;
; 0.458 ; Waveform_Generator:inst1|count[3] ; Waveform_Generator:inst1|count[3]     ; clk          ; clk         ; 0.000        ; 0.034      ; 0.574      ;
; 0.458 ; Waveform_Generator:inst1|count[1] ; Waveform_Generator:inst1|count[3]     ; clk          ; clk         ; 0.000        ; 0.034      ; 0.574      ;
; 0.478 ; Waveform_Generator:inst1|count[6] ; Waveform_Generator:inst1|count[6]     ; clk          ; clk         ; 0.000        ; 0.034      ; 0.594      ;
; 0.480 ; Waveform_Generator:inst1|count[5] ; Waveform_Generator:inst1|count[5]     ; clk          ; clk         ; 0.000        ; 0.034      ; 0.596      ;
; 0.481 ; Waveform_Generator:inst1|count[6] ; Waveform_Generator:inst1|OutTri[7]    ; clk          ; clk         ; 0.000        ; 0.230      ; 0.793      ;
; 0.502 ; Waveform_Generator:inst1|count[0] ; Waveform_Generator:inst1|count[1]     ; clk          ; clk         ; 0.000        ; 0.034      ; 0.618      ;
; 0.509 ; Waveform_Generator:inst1|count[2] ; Waveform_Generator:inst1|count[3]     ; clk          ; clk         ; 0.000        ; 0.034      ; 0.625      ;
; 0.509 ; Waveform_Generator:inst1|count[4] ; Waveform_Generator:inst1|count[5]     ; clk          ; clk         ; 0.000        ; 0.034      ; 0.625      ;
; 0.516 ; Waveform_Generator:inst1|count[1] ; Waveform_Generator:inst1|count[4]     ; clk          ; clk         ; 0.000        ; 0.034      ; 0.632      ;
; 0.518 ; Waveform_Generator:inst1|count[1] ; Waveform_Generator:inst1|count[5]     ; clk          ; clk         ; 0.000        ; 0.034      ; 0.634      ;
; 0.541 ; rst                               ; Waveform_Generator:inst1|half[8]      ; rst          ; clk         ; 0.000        ; 1.325      ; 1.988      ;
; 0.541 ; rst                               ; Waveform_Generator:inst1|half[7]      ; rst          ; clk         ; 0.000        ; 1.325      ; 1.988      ;
; 0.541 ; rst                               ; Waveform_Generator:inst1|half[6]      ; rst          ; clk         ; 0.000        ; 1.325      ; 1.988      ;
; 0.541 ; rst                               ; Waveform_Generator:inst1|full[6]      ; rst          ; clk         ; 0.000        ; 1.325      ; 1.988      ;
; 0.541 ; rst                               ; Waveform_Generator:inst1|OutRec[5]    ; rst          ; clk         ; 0.000        ; 1.325      ; 1.988      ;
; 0.547 ; rst                               ; Waveform_Generator:inst1|full[8]      ; rst          ; clk         ; 0.000        ; 1.324      ; 1.993      ;
; 0.547 ; rst                               ; Waveform_Generator:inst1|full[7]      ; rst          ; clk         ; 0.000        ; 1.324      ; 1.993      ;
; 0.547 ; rst                               ; Waveform_Generator:inst1|OutTri[7]    ; rst          ; clk         ; 0.000        ; 1.324      ; 1.993      ;
; 0.547 ; rst                               ; Waveform_Generator:inst1|OutTri[6]    ; rst          ; clk         ; 0.000        ; 1.324      ; 1.993      ;
; 0.547 ; rst                               ; Waveform_Generator:inst1|OutRec[6]    ; rst          ; clk         ; 0.000        ; 1.324      ; 1.993      ;
; 0.547 ; rst                               ; Waveform_Generator:inst1|half[5]      ; rst          ; clk         ; 0.000        ; 1.324      ; 1.993      ;
; 0.547 ; rst                               ; Waveform_Generator:inst1|full[5]      ; rst          ; clk         ; 0.000        ; 1.324      ; 1.993      ;
; 0.547 ; rst                               ; Waveform_Generator:inst1|OutTri[5]    ; rst          ; clk         ; 0.000        ; 1.324      ; 1.993      ;
; 0.547 ; rst                               ; Waveform_Generator:inst1|half[4]      ; rst          ; clk         ; 0.000        ; 1.324      ; 1.993      ;
; 0.547 ; rst                               ; Waveform_Generator:inst1|full[4]      ; rst          ; clk         ; 0.000        ; 1.324      ; 1.993      ;
; 0.547 ; rst                               ; Waveform_Generator:inst1|OutTri[4]    ; rst          ; clk         ; 0.000        ; 1.324      ; 1.993      ;
; 0.547 ; rst                               ; Waveform_Generator:inst1|half[3]      ; rst          ; clk         ; 0.000        ; 1.324      ; 1.993      ;
; 0.547 ; rst                               ; Waveform_Generator:inst1|full[3]      ; rst          ; clk         ; 0.000        ; 1.324      ; 1.993      ;
; 0.547 ; rst                               ; Waveform_Generator:inst1|OutTri[2]    ; rst          ; clk         ; 0.000        ; 1.324      ; 1.993      ;
; 0.547 ; rst                               ; Waveform_Generator:inst1|OutTri[1]    ; rst          ; clk         ; 0.000        ; 1.324      ; 1.993      ;
; 0.547 ; rst                               ; Waveform_Generator:inst1|half[0]      ; rst          ; clk         ; 0.000        ; 1.324      ; 1.993      ;
; 0.567 ; Waveform_Generator:inst1|count[4] ; Waveform_Generator:inst1|count[6]     ; clk          ; clk         ; 0.000        ; 0.034      ; 0.683      ;
; 0.567 ; Waveform_Generator:inst1|count[2] ; Waveform_Generator:inst1|count[4]     ; clk          ; clk         ; 0.000        ; 0.034      ; 0.683      ;
; 0.569 ; Waveform_Generator:inst1|count[4] ; Waveform_Generator:inst1|count[7]     ; clk          ; clk         ; 0.000        ; 0.034      ; 0.685      ;
; 0.569 ; Waveform_Generator:inst1|count[2] ; Waveform_Generator:inst1|count[5]     ; clk          ; clk         ; 0.000        ; 0.034      ; 0.685      ;
; 0.571 ; freq_sel:inst|count[1]            ; freq_sel:inst|count[1]                ; clk          ; clk         ; 0.000        ; 0.035      ; 0.688      ;
; 0.576 ; Waveform_Generator:inst1|count[1] ; Waveform_Generator:inst1|count[6]     ; clk          ; clk         ; 0.000        ; 0.034      ; 0.692      ;
; 0.578 ; Waveform_Generator:inst1|count[1] ; Waveform_Generator:inst1|count[7]     ; clk          ; clk         ; 0.000        ; 0.034      ; 0.694      ;
; 0.580 ; rst                               ; Waveform_Generator:inst1|OutSquare[0] ; rst          ; clk         ; 0.000        ; 1.333      ; 2.035      ;
; 0.580 ; rst                               ; Waveform_Generator:inst1|half[1]      ; rst          ; clk         ; 0.000        ; 1.333      ; 2.035      ;
; 0.580 ; rst                               ; Waveform_Generator:inst1|full[1]      ; rst          ; clk         ; 0.000        ; 1.333      ; 2.035      ;
; 0.583 ; Waveform_Generator:inst1|count[3] ; Waveform_Generator:inst1|OutRec[5]    ; clk          ; clk         ; 0.000        ; 0.231      ; 0.896      ;
; 0.583 ; Waveform_Generator:inst1|count[3] ; Waveform_Generator:inst1|OutRec[6]    ; clk          ; clk         ; 0.000        ; 0.230      ; 0.895      ;
; 0.589 ; rst                               ; freq_sel:inst|count[5]~_emulated      ; rst          ; clk         ; 0.000        ; 1.130      ; 1.841      ;
; 0.598 ; rst                               ; Waveform_Generator:inst1|OutRec[7]    ; rst          ; clk         ; 0.000        ; 1.311      ; 2.031      ;
; 0.598 ; rst                               ; Waveform_Generator:inst1|OutRec[4]    ; rst          ; clk         ; 0.000        ; 1.311      ; 2.031      ;
; 0.598 ; rst                               ; Waveform_Generator:inst1|OutTri[3]    ; rst          ; clk         ; 0.000        ; 1.311      ; 2.031      ;
; 0.598 ; rst                               ; Waveform_Generator:inst1|full[0]      ; rst          ; clk         ; 0.000        ; 1.311      ; 2.031      ;
; 0.610 ; Waveform_Generator:inst1|count[7] ; Waveform_Generator:inst1|OutTri[2]    ; clk          ; clk         ; 0.000        ; 0.230      ; 0.922      ;
; 0.611 ; Waveform_Generator:inst1|count[3] ; Waveform_Generator:inst1|count[4]     ; clk          ; clk         ; 0.000        ; 0.034      ; 0.727      ;
; 0.611 ; rst                               ; Waveform_Generator:inst1|OutRec[3]    ; rst          ; clk         ; 0.000        ; 1.333      ; 2.066      ;
; 0.611 ; rst                               ; Waveform_Generator:inst1|OutRec[2]    ; rst          ; clk         ; 0.000        ; 1.333      ; 2.066      ;
; 0.611 ; rst                               ; Waveform_Generator:inst1|OutRec[1]    ; rst          ; clk         ; 0.000        ; 1.333      ; 2.066      ;
; 0.613 ; Waveform_Generator:inst1|count[3] ; Waveform_Generator:inst1|count[5]     ; clk          ; clk         ; 0.000        ; 0.034      ; 0.729      ;
; 0.619 ; rst                               ; Waveform_Generator:inst1|half[2]      ; rst          ; clk         ; 0.000        ; 1.317      ; 2.058      ;
; 0.619 ; rst                               ; Waveform_Generator:inst1|full[2]      ; rst          ; clk         ; 0.000        ; 1.317      ; 2.058      ;
; 0.622 ; Waveform_Generator:inst1|count[6] ; Waveform_Generator:inst1|count[7]     ; clk          ; clk         ; 0.000        ; 0.034      ; 0.738      ;
; 0.625 ; rst                               ; freq_sel:inst|count[6]~_emulated      ; rst          ; clk         ; 0.000        ; 1.130      ; 1.877      ;
; 0.626 ; rst                               ; Waveform_Generator:inst1|OutRec[0]    ; rst          ; clk         ; 0.000        ; 1.325      ; 2.073      ;
; 0.627 ; Waveform_Generator:inst1|count[2] ; Waveform_Generator:inst1|count[6]     ; clk          ; clk         ; 0.000        ; 0.034      ; 0.743      ;
; 0.629 ; Waveform_Generator:inst1|count[3] ; Waveform_Generator:inst1|OutRec[0]    ; clk          ; clk         ; 0.000        ; 0.231      ; 0.942      ;
; 0.629 ; Waveform_Generator:inst1|count[2] ; Waveform_Generator:inst1|count[7]     ; clk          ; clk         ; 0.000        ; 0.034      ; 0.745      ;
; 0.630 ; rst                               ; freq_sel:inst|count[7]~_emulated      ; rst          ; clk         ; 0.000        ; 1.130      ; 1.882      ;
; 0.631 ; Waveform_Generator:inst1|count[6] ; Waveform_Generator:inst1|OutRec[3]    ; clk          ; clk         ; 0.000        ; 0.239      ; 0.952      ;
; 0.633 ; Waveform_Generator:inst1|count[5] ; Waveform_Generator:inst1|count[6]     ; clk          ; clk         ; 0.000        ; 0.034      ; 0.749      ;
; 0.635 ; Waveform_Generator:inst1|count[5] ; Waveform_Generator:inst1|count[7]     ; clk          ; clk         ; 0.000        ; 0.034      ; 0.751      ;
; 0.638 ; Waveform_Generator:inst1|count[7] ; Waveform_Generator:inst1|OutSquare[0] ; clk          ; clk         ; 0.000        ; 0.239      ; 0.959      ;
; 0.640 ; Waveform_Generator:inst1|count[1] ; Waveform_Generator:inst1|OutTri[2]    ; clk          ; clk         ; 0.000        ; 0.230      ; 0.952      ;
; 0.643 ; Waveform_Generator:inst1|count[6] ; Waveform_Generator:inst1|OutRec[1]    ; clk          ; clk         ; 0.000        ; 0.239      ; 0.964      ;
; 0.650 ; Waveform_Generator:inst1|count[0] ; Waveform_Generator:inst1|count[2]     ; clk          ; clk         ; 0.000        ; 0.034      ; 0.766      ;
; 0.652 ; Waveform_Generator:inst1|count[0] ; Waveform_Generator:inst1|count[3]     ; clk          ; clk         ; 0.000        ; 0.034      ; 0.768      ;
; 0.654 ; rst                               ; freq_sel:inst|count[8]~_emulated      ; rst          ; clk         ; 0.000        ; 1.130      ; 1.906      ;
; 0.662 ; Waveform_Generator:inst1|count[7] ; Waveform_Generator:inst1|OutRec[6]    ; clk          ; clk         ; 0.000        ; 0.230      ; 0.974      ;
; 0.664 ; rst                               ; freq_sel:inst|count[0]                ; rst          ; clk         ; 0.000        ; 1.131      ; 1.917      ;
; 0.665 ; Waveform_Generator:inst1|count[7] ; Waveform_Generator:inst1|OutRec[3]    ; clk          ; clk         ; 0.000        ; 0.239      ; 0.986      ;
; 0.665 ; rst                               ; freq_sel:inst|count[2]                ; rst          ; clk         ; 0.000        ; 1.131      ; 1.918      ;
; 0.668 ; rst                               ; freq_sel:inst|count[1]                ; rst          ; clk         ; 0.000        ; 1.131      ; 1.921      ;
; 0.671 ; Waveform_Generator:inst1|count[3] ; Waveform_Generator:inst1|count[6]     ; clk          ; clk         ; 0.000        ; 0.034      ; 0.787      ;
; 0.673 ; Waveform_Generator:inst1|count[3] ; Waveform_Generator:inst1|count[7]     ; clk          ; clk         ; 0.000        ; 0.034      ; 0.789      ;
; 0.692 ; Waveform_Generator:inst1|count[2] ; Waveform_Generator:inst1|OutTri[3]    ; clk          ; clk         ; 0.000        ; 0.217      ; 0.991      ;
; 0.692 ; Waveform_Generator:inst1|count[3] ; Waveform_Generator:inst1|OutRec[3]    ; clk          ; clk         ; 0.000        ; 0.239      ; 1.013      ;
; 0.694 ; Waveform_Generator:inst1|count[3] ; Waveform_Generator:inst1|OutRec[1]    ; clk          ; clk         ; 0.000        ; 0.239      ; 1.015      ;
+-------+-----------------------------------+---------------------------------------+--------------+-------------+--------------+------------+------------+


+------------------------------------------------------------------------------------------------------------------------------+
; Fast 1200mV -40C Model Recovery: 'clk'                                                                                       ;
+--------+-----------+-----------------------------------+--------------+-------------+--------------+------------+------------+
; Slack  ; From Node ; To Node                           ; Launch Clock ; Latch Clock ; Relationship ; Clock Skew ; Data Delay ;
+--------+-----------+-----------------------------------+--------------+-------------+--------------+------------+------------+
; -0.050 ; rst       ; freq_sel:inst|count[1]            ; rst          ; clk         ; 0.500        ; 1.088      ; 1.606      ;
; -0.050 ; rst       ; freq_sel:inst|count[2]            ; rst          ; clk         ; 0.500        ; 1.088      ; 1.606      ;
; -0.050 ; rst       ; freq_sel:inst|count[3]            ; rst          ; clk         ; 0.500        ; 1.088      ; 1.606      ;
; -0.050 ; rst       ; freq_sel:inst|count[4]~_emulated  ; rst          ; clk         ; 0.500        ; 1.088      ; 1.606      ;
; -0.050 ; rst       ; freq_sel:inst|count[5]~_emulated  ; rst          ; clk         ; 0.500        ; 1.087      ; 1.605      ;
; -0.050 ; rst       ; freq_sel:inst|count[6]~_emulated  ; rst          ; clk         ; 0.500        ; 1.087      ; 1.605      ;
; -0.050 ; rst       ; freq_sel:inst|count[7]~_emulated  ; rst          ; clk         ; 0.500        ; 1.087      ; 1.605      ;
; -0.050 ; rst       ; freq_sel:inst|count[8]~_emulated  ; rst          ; clk         ; 0.500        ; 1.087      ; 1.605      ;
; -0.050 ; rst       ; freq_sel:inst|count[0]            ; rst          ; clk         ; 0.500        ; 1.088      ; 1.606      ;
; -0.050 ; rst       ; Waveform_Generator:inst1|count[0] ; rst          ; clk         ; 0.500        ; 1.086      ; 1.604      ;
; -0.050 ; rst       ; Waveform_Generator:inst1|count[1] ; rst          ; clk         ; 0.500        ; 1.086      ; 1.604      ;
; -0.050 ; rst       ; Waveform_Generator:inst1|count[2] ; rst          ; clk         ; 0.500        ; 1.086      ; 1.604      ;
; -0.050 ; rst       ; Waveform_Generator:inst1|count[3] ; rst          ; clk         ; 0.500        ; 1.086      ; 1.604      ;
; -0.050 ; rst       ; Waveform_Generator:inst1|count[4] ; rst          ; clk         ; 0.500        ; 1.086      ; 1.604      ;
; -0.050 ; rst       ; Waveform_Generator:inst1|count[5] ; rst          ; clk         ; 0.500        ; 1.086      ; 1.604      ;
; -0.050 ; rst       ; Waveform_Generator:inst1|count[6] ; rst          ; clk         ; 0.500        ; 1.086      ; 1.604      ;
; -0.050 ; rst       ; Waveform_Generator:inst1|count[7] ; rst          ; clk         ; 0.500        ; 1.086      ; 1.604      ;
; 0.834  ; rst       ; freq_sel:inst|count[1]            ; rst          ; clk         ; 1.000        ; 1.088      ; 1.222      ;
; 0.834  ; rst       ; freq_sel:inst|count[2]            ; rst          ; clk         ; 1.000        ; 1.088      ; 1.222      ;
; 0.834  ; rst       ; freq_sel:inst|count[3]            ; rst          ; clk         ; 1.000        ; 1.088      ; 1.222      ;
; 0.834  ; rst       ; freq_sel:inst|count[4]~_emulated  ; rst          ; clk         ; 1.000        ; 1.088      ; 1.222      ;
; 0.834  ; rst       ; freq_sel:inst|count[5]~_emulated  ; rst          ; clk         ; 1.000        ; 1.087      ; 1.221      ;
; 0.834  ; rst       ; freq_sel:inst|count[6]~_emulated  ; rst          ; clk         ; 1.000        ; 1.087      ; 1.221      ;
; 0.834  ; rst       ; freq_sel:inst|count[7]~_emulated  ; rst          ; clk         ; 1.000        ; 1.087      ; 1.221      ;
; 0.834  ; rst       ; freq_sel:inst|count[8]~_emulated  ; rst          ; clk         ; 1.000        ; 1.087      ; 1.221      ;
; 0.834  ; rst       ; freq_sel:inst|count[0]            ; rst          ; clk         ; 1.000        ; 1.088      ; 1.222      ;
; 0.834  ; rst       ; Waveform_Generator:inst1|count[0] ; rst          ; clk         ; 1.000        ; 1.086      ; 1.220      ;
; 0.835  ; rst       ; Waveform_Generator:inst1|count[1] ; rst          ; clk         ; 1.000        ; 1.086      ; 1.219      ;
; 0.835  ; rst       ; Waveform_Generator:inst1|count[2] ; rst          ; clk         ; 1.000        ; 1.086      ; 1.219      ;
; 0.835  ; rst       ; Waveform_Generator:inst1|count[3] ; rst          ; clk         ; 1.000        ; 1.086      ; 1.219      ;
; 0.835  ; rst       ; Waveform_Generator:inst1|count[4] ; rst          ; clk         ; 1.000        ; 1.086      ; 1.219      ;
; 0.835  ; rst       ; Waveform_Generator:inst1|count[5] ; rst          ; clk         ; 1.000        ; 1.086      ; 1.219      ;
; 0.835  ; rst       ; Waveform_Generator:inst1|count[6] ; rst          ; clk         ; 1.000        ; 1.086      ; 1.219      ;
; 0.835  ; rst       ; Waveform_Generator:inst1|count[7] ; rst          ; clk         ; 1.000        ; 1.086      ; 1.219      ;
+--------+-----------+-----------------------------------+--------------+-------------+--------------+------------+------------+


+------------------------------------------------------------------------------------------------------------------------------+
; Fast 1200mV -40C Model Removal: 'clk'                                                                                        ;
+--------+-----------+-----------------------------------+--------------+-------------+--------------+------------+------------+
; Slack  ; From Node ; To Node                           ; Launch Clock ; Latch Clock ; Relationship ; Clock Skew ; Data Delay ;
+--------+-----------+-----------------------------------+--------------+-------------+--------------+------------+------------+
; -0.073 ; rst       ; freq_sel:inst|count[1]            ; rst          ; clk         ; 0.000        ; 1.131      ; 1.180      ;
; -0.073 ; rst       ; freq_sel:inst|count[2]            ; rst          ; clk         ; 0.000        ; 1.131      ; 1.180      ;
; -0.073 ; rst       ; freq_sel:inst|count[3]            ; rst          ; clk         ; 0.000        ; 1.131      ; 1.180      ;
; -0.073 ; rst       ; freq_sel:inst|count[4]~_emulated  ; rst          ; clk         ; 0.000        ; 1.131      ; 1.180      ;
; -0.073 ; rst       ; freq_sel:inst|count[5]~_emulated  ; rst          ; clk         ; 0.000        ; 1.130      ; 1.179      ;
; -0.073 ; rst       ; freq_sel:inst|count[6]~_emulated  ; rst          ; clk         ; 0.000        ; 1.130      ; 1.179      ;
; -0.073 ; rst       ; freq_sel:inst|count[7]~_emulated  ; rst          ; clk         ; 0.000        ; 1.130      ; 1.179      ;
; -0.073 ; rst       ; freq_sel:inst|count[8]~_emulated  ; rst          ; clk         ; 0.000        ; 1.130      ; 1.179      ;
; -0.073 ; rst       ; freq_sel:inst|count[0]            ; rst          ; clk         ; 0.000        ; 1.131      ; 1.180      ;
; -0.073 ; rst       ; Waveform_Generator:inst1|count[0] ; rst          ; clk         ; 0.000        ; 1.129      ; 1.178      ;
; -0.072 ; rst       ; Waveform_Generator:inst1|count[1] ; rst          ; clk         ; 0.000        ; 1.128      ; 1.178      ;
; -0.072 ; rst       ; Waveform_Generator:inst1|count[2] ; rst          ; clk         ; 0.000        ; 1.128      ; 1.178      ;
; -0.072 ; rst       ; Waveform_Generator:inst1|count[3] ; rst          ; clk         ; 0.000        ; 1.128      ; 1.178      ;
; -0.072 ; rst       ; Waveform_Generator:inst1|count[4] ; rst          ; clk         ; 0.000        ; 1.128      ; 1.178      ;
; -0.072 ; rst       ; Waveform_Generator:inst1|count[5] ; rst          ; clk         ; 0.000        ; 1.128      ; 1.178      ;
; -0.072 ; rst       ; Waveform_Generator:inst1|count[6] ; rst          ; clk         ; 0.000        ; 1.128      ; 1.178      ;
; -0.072 ; rst       ; Waveform_Generator:inst1|count[7] ; rst          ; clk         ; 0.000        ; 1.128      ; 1.178      ;
; 0.805  ; rst       ; freq_sel:inst|count[1]            ; rst          ; clk         ; -0.500       ; 1.131      ; 1.558      ;
; 0.805  ; rst       ; freq_sel:inst|count[2]            ; rst          ; clk         ; -0.500       ; 1.131      ; 1.558      ;
; 0.805  ; rst       ; freq_sel:inst|count[3]            ; rst          ; clk         ; -0.500       ; 1.131      ; 1.558      ;
; 0.805  ; rst       ; freq_sel:inst|count[4]~_emulated  ; rst          ; clk         ; -0.500       ; 1.131      ; 1.558      ;
; 0.805  ; rst       ; freq_sel:inst|count[5]~_emulated  ; rst          ; clk         ; -0.500       ; 1.130      ; 1.557      ;
; 0.805  ; rst       ; freq_sel:inst|count[6]~_emulated  ; rst          ; clk         ; -0.500       ; 1.130      ; 1.557      ;
; 0.805  ; rst       ; freq_sel:inst|count[7]~_emulated  ; rst          ; clk         ; -0.500       ; 1.130      ; 1.557      ;
; 0.805  ; rst       ; freq_sel:inst|count[8]~_emulated  ; rst          ; clk         ; -0.500       ; 1.130      ; 1.557      ;
; 0.805  ; rst       ; freq_sel:inst|count[0]            ; rst          ; clk         ; -0.500       ; 1.131      ; 1.558      ;
; 0.806  ; rst       ; Waveform_Generator:inst1|count[0] ; rst          ; clk         ; -0.500       ; 1.129      ; 1.557      ;
; 0.806  ; rst       ; Waveform_Generator:inst1|count[1] ; rst          ; clk         ; -0.500       ; 1.128      ; 1.556      ;
; 0.806  ; rst       ; Waveform_Generator:inst1|count[2] ; rst          ; clk         ; -0.500       ; 1.128      ; 1.556      ;
; 0.806  ; rst       ; Waveform_Generator:inst1|count[3] ; rst          ; clk         ; -0.500       ; 1.128      ; 1.556      ;
; 0.806  ; rst       ; Waveform_Generator:inst1|count[4] ; rst          ; clk         ; -0.500       ; 1.128      ; 1.556      ;
; 0.806  ; rst       ; Waveform_Generator:inst1|count[5] ; rst          ; clk         ; -0.500       ; 1.128      ; 1.556      ;
; 0.806  ; rst       ; Waveform_Generator:inst1|count[6] ; rst          ; clk         ; -0.500       ; 1.128      ; 1.556      ;
; 0.806  ; rst       ; Waveform_Generator:inst1|count[7] ; rst          ; clk         ; -0.500       ; 1.128      ; 1.556      ;
+--------+-----------+-----------------------------------+--------------+-------------+--------------+------------+------------+


------------------------------------------------
; Fast 1200mV -40C Model Metastability Summary ;
------------------------------------------------
No synchronizer chains to report.


+--------------------------------------------------------------------------------+
; Multicorner Timing Analysis Summary                                            ;
+------------------+----------+-------+----------+---------+---------------------+
; Clock            ; Setup    ; Hold  ; Recovery ; Removal ; Minimum Pulse Width ;
+------------------+----------+-------+----------+---------+---------------------+
; Worst-case Slack ; -13.406  ; 0.183 ; -0.050   ; -0.140  ; -3.000              ;
;  clk             ; -13.406  ; 0.183 ; -0.050   ; -0.140  ; -3.000              ;
;  rst             ; N/A      ; N/A   ; N/A      ; N/A     ; -3.000              ;
; Design-wide TNS  ; -201.401 ; 0.0   ; -0.85    ; -2.38   ; -81.837             ;
;  clk             ; -201.401 ; 0.000 ; -0.850   ; -2.380  ; -78.837             ;
;  rst             ; N/A      ; N/A   ; N/A      ; N/A     ; -3.000              ;
+------------------+----------+-------+----------+---------+---------------------+


+------------------------------------------------------------------------------------------------------------------------------------------------------------------------------------------------------------------------------------------------------------------------------------------------------------------------------------------------------------------------------------------------------------------+
; Board Trace Model Assignments                                                                                                                                                                                                                                                                                                                                                                                    ;
+---------------+--------------+-------------------+-------------------------+-------------------------+---------------+---------------------+----------------+------------------+--------+------------------+------------------------+------------------------+--------------+---------------+-----------------+-------+---------------------+--------------------+---------------+-----------------+-------------+
; Pin           ; I/O Standard ; Near Tline Length ; Near Tline L per Length ; Near Tline C per Length ; Near Series R ; Near Differential R ; Near Pull-up R ; Near Pull-down R ; Near C ; Far Tline Length ; Far Tline L per Length ; Far Tline C per Length ; Far Series R ; Far Pull-up R ; Far Pull-down R ; Far C ; Termination Voltage ; Far Differential R ; EBD File Name ; EBD Signal Name ; EBD Far-end ;
+---------------+--------------+-------------------+-------------------------+-------------------------+---------------+---------------------+----------------+------------------+--------+------------------+------------------------+------------------------+--------------+---------------+-----------------+-------+---------------------+--------------------+---------------+-----------------+-------------+
; clken         ; 2.5 V        ; 0 in              ; 0 H/in                  ; 0 F/in                  ; short         ; -                   ; open           ; open             ; open   ; 0 in             ; 0 H/in                 ; 0 F/in                 ; short        ; open          ; open            ; open  ; 0 V                 ; -                  ; n/a           ; n/a             ; n/a         ;
; AmpWave[8]    ; 2.5 V        ; 0 in              ; 0 H/in                  ; 0 F/in                  ; short         ; -                   ; open           ; open             ; open   ; 0 in             ; 0 H/in                 ; 0 F/in                 ; short        ; open          ; open            ; open  ; 0 V                 ; -                  ; n/a           ; n/a             ; n/a         ;
; AmpWave[7]    ; 2.5 V        ; 0 in              ; 0 H/in                  ; 0 F/in                  ; short         ; -                   ; open           ; open             ; open   ; 0 in             ; 0 H/in                 ; 0 F/in                 ; short        ; open          ; open            ; open  ; 0 V                 ; -                  ; n/a           ; n/a             ; n/a         ;
; AmpWave[6]    ; 2.5 V        ; 0 in              ; 0 H/in                  ; 0 F/in                  ; short         ; -                   ; open           ; open             ; open   ; 0 in             ; 0 H/in                 ; 0 F/in                 ; short        ; open          ; open            ; open  ; 0 V                 ; -                  ; n/a           ; n/a             ; n/a         ;
; AmpWave[5]    ; 2.5 V        ; 0 in              ; 0 H/in                  ; 0 F/in                  ; short         ; -                   ; open           ; open             ; open   ; 0 in             ; 0 H/in                 ; 0 F/in                 ; short        ; open          ; open            ; open  ; 0 V                 ; -                  ; n/a           ; n/a             ; n/a         ;
; AmpWave[4]    ; 2.5 V        ; 0 in              ; 0 H/in                  ; 0 F/in                  ; short         ; -                   ; open           ; open             ; open   ; 0 in             ; 0 H/in                 ; 0 F/in                 ; short        ; open          ; open            ; open  ; 0 V                 ; -                  ; n/a           ; n/a             ; n/a         ;
; AmpWave[3]    ; 2.5 V        ; 0 in              ; 0 H/in                  ; 0 F/in                  ; short         ; -                   ; open           ; open             ; open   ; 0 in             ; 0 H/in                 ; 0 F/in                 ; short        ; open          ; open            ; open  ; 0 V                 ; -                  ; n/a           ; n/a             ; n/a         ;
; AmpWave[2]    ; 2.5 V        ; 0 in              ; 0 H/in                  ; 0 F/in                  ; short         ; -                   ; open           ; open             ; open   ; 0 in             ; 0 H/in                 ; 0 F/in                 ; short        ; open          ; open            ; open  ; 0 V                 ; -                  ; n/a           ; n/a             ; n/a         ;
; AmpWave[1]    ; 2.5 V        ; 0 in              ; 0 H/in                  ; 0 F/in                  ; short         ; -                   ; open           ; open             ; open   ; 0 in             ; 0 H/in                 ; 0 F/in                 ; short        ; open          ; open            ; open  ; 0 V                 ; -                  ; n/a           ; n/a             ; n/a         ;
; AmpWave[0]    ; 2.5 V        ; 0 in              ; 0 H/in                  ; 0 F/in                  ; short         ; -                   ; open           ; open             ; open   ; 0 in             ; 0 H/in                 ; 0 F/in                 ; short        ; open          ; open            ; open  ; 0 V                 ; -                  ; n/a           ; n/a             ; n/a         ;
; ~ALTERA_DCLK~ ; 2.5 V        ; 0 in              ; 0 H/in                  ; 0 F/in                  ; short         ; -                   ; open           ; open             ; open   ; 0 in             ; 0 H/in                 ; 0 F/in                 ; short        ; open          ; open            ; open  ; 0 V                 ; -                  ; n/a           ; n/a             ; n/a         ;
; ~ALTERA_nCEO~ ; 2.5 V        ; 0 in              ; 0 H/in                  ; 0 F/in                  ; short         ; -                   ; open           ; open             ; open   ; 0 in             ; 0 H/in                 ; 0 F/in                 ; short        ; open          ; open            ; open  ; 0 V                 ; -                  ; n/a           ; n/a             ; n/a         ;
+---------------+--------------+-------------------+-------------------------+-------------------------+---------------+---------------------+----------------+------------------+--------+------------------+------------------------+------------------------+--------------+---------------+-----------------+-------+---------------------+--------------------+---------------+-----------------+-------------+


+----------------------------------------------------------------------------+
; Input Transition Times                                                     ;
+-------------------------+--------------+-----------------+-----------------+
; Pin                     ; I/O Standard ; 10-90 Rise Time ; 90-10 Fall Time ;
+-------------------------+--------------+-----------------+-----------------+
; sel[0]                  ; 2.5 V        ; 2000 ps         ; 2000 ps         ;
; sel[1]                  ; 2.5 V        ; 2000 ps         ; 2000 ps         ;
; DDS[8]                  ; 2.5 V        ; 2000 ps         ; 2000 ps         ;
; sel[2]                  ; 2.5 V        ; 2000 ps         ; 2000 ps         ;
; AmpSel[0]               ; 2.5 V        ; 2000 ps         ; 2000 ps         ;
; AmpSel[1]               ; 2.5 V        ; 2000 ps         ; 2000 ps         ;
; DDS[7]                  ; 2.5 V        ; 2000 ps         ; 2000 ps         ;
; DDS[6]                  ; 2.5 V        ; 2000 ps         ; 2000 ps         ;
; DDS[5]                  ; 2.5 V        ; 2000 ps         ; 2000 ps         ;
; DDS[4]                  ; 2.5 V        ; 2000 ps         ; 2000 ps         ;
; DDS[3]                  ; 2.5 V        ; 2000 ps         ; 2000 ps         ;
; DDS[2]                  ; 2.5 V        ; 2000 ps         ; 2000 ps         ;
; DDS[1]                  ; 2.5 V        ; 2000 ps         ; 2000 ps         ;
; DDS[0]                  ; 2.5 V        ; 2000 ps         ; 2000 ps         ;
; init                    ; 2.5 V        ; 2000 ps         ; 2000 ps         ;
; clk                     ; 2.5 V        ; 2000 ps         ; 2000 ps         ;
; rst                     ; 2.5 V        ; 2000 ps         ; 2000 ps         ;
; PI[0]                   ; 2.5 V        ; 2000 ps         ; 2000 ps         ;
; PI[4]                   ; 2.5 V        ; 2000 ps         ; 2000 ps         ;
; PI[3]                   ; 2.5 V        ; 2000 ps         ; 2000 ps         ;
; PI[2]                   ; 2.5 V        ; 2000 ps         ; 2000 ps         ;
; PI[1]                   ; 2.5 V        ; 2000 ps         ; 2000 ps         ;
; ~ALTERA_ASDO_DATA1~     ; 2.5 V        ; 2000 ps         ; 2000 ps         ;
; ~ALTERA_FLASH_nCE_nCSO~ ; 2.5 V        ; 2000 ps         ; 2000 ps         ;
; ~ALTERA_DATA0~          ; 2.5 V        ; 2000 ps         ; 2000 ps         ;
+-------------------------+--------------+-----------------+-----------------+


+--------------------------------------------------------------------------------------------------------------------------------------------------------------------------------------------------------------------------------------------------------------------------------------------------------------------------------------------------------------------------------------------------------------------------------------------------------------------------------------------------------------------------------------------------------------------------------------------------------------------------------------------------------------------------------------------+
; Signal Integrity Metrics (Slow 1200mv n40c Model)                                                                                                                                                                                                                                                                                                                                                                                                                                                                                                                                                                                                                                          ;
+---------------+--------------+---------------------+---------------------+------------------------------+------------------------------+---------------------+---------------------+--------------------------------------+--------------------------------------+-----------------------------+-----------------------------+----------------------------+----------------------------+-----------------------------+-----------------------------+--------------------+--------------------+-------------------------------------+-------------------------------------+----------------------------+----------------------------+---------------------------+---------------------------+
; Pin           ; I/O Standard ; Board Delay on Rise ; Board Delay on Fall ; Steady State Voh at FPGA Pin ; Steady State Vol at FPGA Pin ; Voh Max at FPGA Pin ; Vol Min at FPGA Pin ; Ringback Voltage on Rise at FPGA Pin ; Ringback Voltage on Fall at FPGA Pin ; 10-90 Rise Time at FPGA Pin ; 90-10 Fall Time at FPGA Pin ; Monotonic Rise at FPGA Pin ; Monotonic Fall at FPGA Pin ; Steady State Voh at Far-end ; Steady State Vol at Far-end ; Voh Max at Far-end ; Vol Min at Far-end ; Ringback Voltage on Rise at Far-end ; Ringback Voltage on Fall at Far-end ; 10-90 Rise Time at Far-end ; 90-10 Fall Time at Far-end ; Monotonic Rise at Far-end ; Monotonic Fall at Far-end ;
+---------------+--------------+---------------------+---------------------+------------------------------+------------------------------+---------------------+---------------------+--------------------------------------+--------------------------------------+-----------------------------+-----------------------------+----------------------------+----------------------------+-----------------------------+-----------------------------+--------------------+--------------------+-------------------------------------+-------------------------------------+----------------------------+----------------------------+---------------------------+---------------------------+
; clken         ; 2.5 V        ; 0 s                 ; 0 s                 ; 2.32 V                       ; 1.74e-09 V                   ; 2.4 V               ; -0.0195 V           ; 0.196 V                              ; 0.023 V                              ; 2.87e-10 s                  ; 3.09e-10 s                  ; Yes                        ; Yes                        ; 2.32 V                      ; 1.74e-09 V                  ; 2.4 V              ; -0.0195 V          ; 0.196 V                             ; 0.023 V                             ; 2.87e-10 s                 ; 3.09e-10 s                 ; Yes                       ; Yes                       ;
; AmpWave[8]    ; 2.5 V        ; 0 s                 ; 0 s                 ; 2.32 V                       ; 1.4e-09 V                    ; 2.39 V              ; -0.0122 V           ; 0.154 V                              ; 0.017 V                              ; 4.74e-10 s                  ; 4.5e-10 s                   ; No                         ; Yes                        ; 2.32 V                      ; 1.4e-09 V                   ; 2.39 V             ; -0.0122 V          ; 0.154 V                             ; 0.017 V                             ; 4.74e-10 s                 ; 4.5e-10 s                  ; No                        ; Yes                       ;
; AmpWave[7]    ; 2.5 V        ; 0 s                 ; 0 s                 ; 2.32 V                       ; 1.74e-09 V                   ; 2.4 V               ; -0.0195 V           ; 0.196 V                              ; 0.023 V                              ; 2.87e-10 s                  ; 3.09e-10 s                  ; Yes                        ; Yes                        ; 2.32 V                      ; 1.74e-09 V                  ; 2.4 V              ; -0.0195 V          ; 0.196 V                             ; 0.023 V                             ; 2.87e-10 s                 ; 3.09e-10 s                 ; Yes                       ; Yes                       ;
; AmpWave[6]    ; 2.5 V        ; 0 s                 ; 0 s                 ; 2.32 V                       ; 1.4e-09 V                    ; 2.34 V              ; -0.00664 V          ; 0.204 V                              ; 0.106 V                              ; 2.63e-09 s                  ; 2.46e-09 s                  ; No                         ; Yes                        ; 2.32 V                      ; 1.4e-09 V                   ; 2.34 V             ; -0.00664 V         ; 0.204 V                             ; 0.106 V                             ; 2.63e-09 s                 ; 2.46e-09 s                 ; No                        ; Yes                       ;
; AmpWave[5]    ; 2.5 V        ; 0 s                 ; 0 s                 ; 2.32 V                       ; 1.74e-09 V                   ; 2.4 V               ; -0.0195 V           ; 0.196 V                              ; 0.023 V                              ; 2.87e-10 s                  ; 3.09e-10 s                  ; Yes                        ; Yes                        ; 2.32 V                      ; 1.74e-09 V                  ; 2.4 V              ; -0.0195 V          ; 0.196 V                             ; 0.023 V                             ; 2.87e-10 s                 ; 3.09e-10 s                 ; Yes                       ; Yes                       ;
; AmpWave[4]    ; 2.5 V        ; 0 s                 ; 0 s                 ; 2.32 V                       ; 1.74e-09 V                   ; 2.4 V               ; -0.0195 V           ; 0.196 V                              ; 0.023 V                              ; 2.87e-10 s                  ; 3.09e-10 s                  ; Yes                        ; Yes                        ; 2.32 V                      ; 1.74e-09 V                  ; 2.4 V              ; -0.0195 V          ; 0.196 V                             ; 0.023 V                             ; 2.87e-10 s                 ; 3.09e-10 s                 ; Yes                       ; Yes                       ;
; AmpWave[3]    ; 2.5 V        ; 0 s                 ; 0 s                 ; 2.32 V                       ; 1.74e-09 V                   ; 2.4 V               ; -0.0195 V           ; 0.196 V                              ; 0.023 V                              ; 2.87e-10 s                  ; 3.09e-10 s                  ; Yes                        ; Yes                        ; 2.32 V                      ; 1.74e-09 V                  ; 2.4 V              ; -0.0195 V          ; 0.196 V                             ; 0.023 V                             ; 2.87e-10 s                 ; 3.09e-10 s                 ; Yes                       ; Yes                       ;
; AmpWave[2]    ; 2.5 V        ; 0 s                 ; 0 s                 ; 2.32 V                       ; 1.4e-09 V                    ; 2.39 V              ; -0.0122 V           ; 0.154 V                              ; 0.017 V                              ; 4.74e-10 s                  ; 4.5e-10 s                   ; No                         ; Yes                        ; 2.32 V                      ; 1.4e-09 V                   ; 2.39 V             ; -0.0122 V          ; 0.154 V                             ; 0.017 V                             ; 4.74e-10 s                 ; 4.5e-10 s                  ; No                        ; Yes                       ;
; AmpWave[1]    ; 2.5 V        ; 0 s                 ; 0 s                 ; 2.32 V                       ; 1.74e-09 V                   ; 2.4 V               ; -0.0195 V           ; 0.196 V                              ; 0.023 V                              ; 2.87e-10 s                  ; 3.09e-10 s                  ; Yes                        ; Yes                        ; 2.32 V                      ; 1.74e-09 V                  ; 2.4 V              ; -0.0195 V          ; 0.196 V                             ; 0.023 V                             ; 2.87e-10 s                 ; 3.09e-10 s                 ; Yes                       ; Yes                       ;
; AmpWave[0]    ; 2.5 V        ; 0 s                 ; 0 s                 ; 2.32 V                       ; 1.74e-09 V                   ; 2.4 V               ; -0.0195 V           ; 0.196 V                              ; 0.023 V                              ; 2.87e-10 s                  ; 3.09e-10 s                  ; Yes                        ; Yes                        ; 2.32 V                      ; 1.74e-09 V                  ; 2.4 V              ; -0.0195 V          ; 0.196 V                             ; 0.023 V                             ; 2.87e-10 s                 ; 3.09e-10 s                 ; Yes                       ; Yes                       ;
; ~ALTERA_DCLK~ ; 2.5 V        ; 0 s                 ; 0 s                 ; 2.32 V                       ; 1.16e-09 V                   ; 2.39 V              ; -0.0798 V           ; 0.13 V                               ; 0.103 V                              ; 2.71e-10 s                  ; 2.5e-10 s                   ; Yes                        ; Yes                        ; 2.32 V                      ; 1.16e-09 V                  ; 2.39 V             ; -0.0798 V          ; 0.13 V                              ; 0.103 V                             ; 2.71e-10 s                 ; 2.5e-10 s                  ; Yes                       ; Yes                       ;
; ~ALTERA_nCEO~ ; 2.5 V        ; 0 s                 ; 0 s                 ; 2.32 V                       ; 1.64e-09 V                   ; 2.39 V              ; -0.00331 V          ; 0.132 V                              ; 0.006 V                              ; 4.59e-10 s                  ; 5.62e-10 s                  ; No                         ; Yes                        ; 2.32 V                      ; 1.64e-09 V                  ; 2.39 V             ; -0.00331 V         ; 0.132 V                             ; 0.006 V                             ; 4.59e-10 s                 ; 5.62e-10 s                 ; No                        ; Yes                       ;
+---------------+--------------+---------------------+---------------------+------------------------------+------------------------------+---------------------+---------------------+--------------------------------------+--------------------------------------+-----------------------------+-----------------------------+----------------------------+----------------------------+-----------------------------+-----------------------------+--------------------+--------------------+-------------------------------------+-------------------------------------+----------------------------+----------------------------+---------------------------+---------------------------+


+--------------------------------------------------------------------------------------------------------------------------------------------------------------------------------------------------------------------------------------------------------------------------------------------------------------------------------------------------------------------------------------------------------------------------------------------------------------------------------------------------------------------------------------------------------------------------------------------------------------------------------------------------------------------------------------------+
; Signal Integrity Metrics (Slow 1200mv 125c Model)                                                                                                                                                                                                                                                                                                                                                                                                                                                                                                                                                                                                                                          ;
+---------------+--------------+---------------------+---------------------+------------------------------+------------------------------+---------------------+---------------------+--------------------------------------+--------------------------------------+-----------------------------+-----------------------------+----------------------------+----------------------------+-----------------------------+-----------------------------+--------------------+--------------------+-------------------------------------+-------------------------------------+----------------------------+----------------------------+---------------------------+---------------------------+
; Pin           ; I/O Standard ; Board Delay on Rise ; Board Delay on Fall ; Steady State Voh at FPGA Pin ; Steady State Vol at FPGA Pin ; Voh Max at FPGA Pin ; Vol Min at FPGA Pin ; Ringback Voltage on Rise at FPGA Pin ; Ringback Voltage on Fall at FPGA Pin ; 10-90 Rise Time at FPGA Pin ; 90-10 Fall Time at FPGA Pin ; Monotonic Rise at FPGA Pin ; Monotonic Fall at FPGA Pin ; Steady State Voh at Far-end ; Steady State Vol at Far-end ; Voh Max at Far-end ; Vol Min at Far-end ; Ringback Voltage on Rise at Far-end ; Ringback Voltage on Fall at Far-end ; 10-90 Rise Time at Far-end ; 90-10 Fall Time at Far-end ; Monotonic Rise at Far-end ; Monotonic Fall at Far-end ;
+---------------+--------------+---------------------+---------------------+------------------------------+------------------------------+---------------------+---------------------+--------------------------------------+--------------------------------------+-----------------------------+-----------------------------+----------------------------+----------------------------+-----------------------------+-----------------------------+--------------------+--------------------+-------------------------------------+-------------------------------------+----------------------------+----------------------------+---------------------------+---------------------------+
; clken         ; 2.5 V        ; 0 s                 ; 0 s                 ; 2.32 V                       ; 4.32e-06 V                   ; 2.35 V              ; -0.0124 V           ; 0.057 V                              ; 0.05 V                               ; 4.87e-10 s                  ; 5.02e-10 s                  ; Yes                        ; Yes                        ; 2.32 V                      ; 4.32e-06 V                  ; 2.35 V             ; -0.0124 V          ; 0.057 V                             ; 0.05 V                              ; 4.87e-10 s                 ; 5.02e-10 s                 ; Yes                       ; Yes                       ;
; AmpWave[8]    ; 2.5 V        ; 0 s                 ; 0 s                 ; 2.32 V                       ; 2.91e-06 V                   ; 2.34 V              ; -0.0096 V           ; 0.063 V                              ; 0.023 V                              ; 6.92e-10 s                  ; 6.75e-10 s                  ; Yes                        ; Yes                        ; 2.32 V                      ; 2.91e-06 V                  ; 2.34 V             ; -0.0096 V          ; 0.063 V                             ; 0.023 V                             ; 6.92e-10 s                 ; 6.75e-10 s                 ; Yes                       ; Yes                       ;
; AmpWave[7]    ; 2.5 V        ; 0 s                 ; 0 s                 ; 2.32 V                       ; 4.32e-06 V                   ; 2.35 V              ; -0.0124 V           ; 0.057 V                              ; 0.05 V                               ; 4.87e-10 s                  ; 5.02e-10 s                  ; Yes                        ; Yes                        ; 2.32 V                      ; 4.32e-06 V                  ; 2.35 V             ; -0.0124 V          ; 0.057 V                             ; 0.05 V                              ; 4.87e-10 s                 ; 5.02e-10 s                 ; Yes                       ; Yes                       ;
; AmpWave[6]    ; 2.5 V        ; 0 s                 ; 0 s                 ; 2.32 V                       ; 2.91e-06 V                   ; 2.33 V              ; -0.00204 V          ; 0.091 V                              ; 0.053 V                              ; 3.77e-09 s                  ; 3.59e-09 s                  ; Yes                        ; Yes                        ; 2.32 V                      ; 2.91e-06 V                  ; 2.33 V             ; -0.00204 V         ; 0.091 V                             ; 0.053 V                             ; 3.77e-09 s                 ; 3.59e-09 s                 ; Yes                       ; Yes                       ;
; AmpWave[5]    ; 2.5 V        ; 0 s                 ; 0 s                 ; 2.32 V                       ; 4.32e-06 V                   ; 2.35 V              ; -0.0124 V           ; 0.057 V                              ; 0.05 V                               ; 4.87e-10 s                  ; 5.02e-10 s                  ; Yes                        ; Yes                        ; 2.32 V                      ; 4.32e-06 V                  ; 2.35 V             ; -0.0124 V          ; 0.057 V                             ; 0.05 V                              ; 4.87e-10 s                 ; 5.02e-10 s                 ; Yes                       ; Yes                       ;
; AmpWave[4]    ; 2.5 V        ; 0 s                 ; 0 s                 ; 2.32 V                       ; 4.32e-06 V                   ; 2.35 V              ; -0.0124 V           ; 0.057 V                              ; 0.05 V                               ; 4.87e-10 s                  ; 5.02e-10 s                  ; Yes                        ; Yes                        ; 2.32 V                      ; 4.32e-06 V                  ; 2.35 V             ; -0.0124 V          ; 0.057 V                             ; 0.05 V                              ; 4.87e-10 s                 ; 5.02e-10 s                 ; Yes                       ; Yes                       ;
; AmpWave[3]    ; 2.5 V        ; 0 s                 ; 0 s                 ; 2.32 V                       ; 4.32e-06 V                   ; 2.35 V              ; -0.0124 V           ; 0.057 V                              ; 0.05 V                               ; 4.87e-10 s                  ; 5.02e-10 s                  ; Yes                        ; Yes                        ; 2.32 V                      ; 4.32e-06 V                  ; 2.35 V             ; -0.0124 V          ; 0.057 V                             ; 0.05 V                              ; 4.87e-10 s                 ; 5.02e-10 s                 ; Yes                       ; Yes                       ;
; AmpWave[2]    ; 2.5 V        ; 0 s                 ; 0 s                 ; 2.32 V                       ; 2.91e-06 V                   ; 2.34 V              ; -0.0096 V           ; 0.063 V                              ; 0.023 V                              ; 6.92e-10 s                  ; 6.75e-10 s                  ; Yes                        ; Yes                        ; 2.32 V                      ; 2.91e-06 V                  ; 2.34 V             ; -0.0096 V          ; 0.063 V                             ; 0.023 V                             ; 6.92e-10 s                 ; 6.75e-10 s                 ; Yes                       ; Yes                       ;
; AmpWave[1]    ; 2.5 V        ; 0 s                 ; 0 s                 ; 2.32 V                       ; 4.32e-06 V                   ; 2.35 V              ; -0.0124 V           ; 0.057 V                              ; 0.05 V                               ; 4.87e-10 s                  ; 5.02e-10 s                  ; Yes                        ; Yes                        ; 2.32 V                      ; 4.32e-06 V                  ; 2.35 V             ; -0.0124 V          ; 0.057 V                             ; 0.05 V                              ; 4.87e-10 s                 ; 5.02e-10 s                 ; Yes                       ; Yes                       ;
; AmpWave[0]    ; 2.5 V        ; 0 s                 ; 0 s                 ; 2.32 V                       ; 4.32e-06 V                   ; 2.35 V              ; -0.0124 V           ; 0.057 V                              ; 0.05 V                               ; 4.87e-10 s                  ; 5.02e-10 s                  ; Yes                        ; Yes                        ; 2.32 V                      ; 4.32e-06 V                  ; 2.35 V             ; -0.0124 V          ; 0.057 V                             ; 0.05 V                              ; 4.87e-10 s                 ; 5.02e-10 s                 ; Yes                       ; Yes                       ;
; ~ALTERA_DCLK~ ; 2.5 V        ; 0 s                 ; 0 s                 ; 2.32 V                       ; 2.33e-06 V                   ; 2.35 V              ; -0.00598 V          ; 0.095 V                              ; 0.012 V                              ; 4.54e-10 s                  ; 3.98e-10 s                  ; Yes                        ; Yes                        ; 2.32 V                      ; 2.33e-06 V                  ; 2.35 V             ; -0.00598 V         ; 0.095 V                             ; 0.012 V                             ; 4.54e-10 s                 ; 3.98e-10 s                 ; Yes                       ; Yes                       ;
; ~ALTERA_nCEO~ ; 2.5 V        ; 0 s                 ; 0 s                 ; 2.32 V                       ; 3.86e-06 V                   ; 2.34 V              ; -0.00776 V          ; 0.107 V                              ; 0.033 V                              ; 6.63e-10 s                  ; 8.55e-10 s                  ; Yes                        ; Yes                        ; 2.32 V                      ; 3.86e-06 V                  ; 2.34 V             ; -0.00776 V         ; 0.107 V                             ; 0.033 V                             ; 6.63e-10 s                 ; 8.55e-10 s                 ; Yes                       ; Yes                       ;
+---------------+--------------+---------------------+---------------------+------------------------------+------------------------------+---------------------+---------------------+--------------------------------------+--------------------------------------+-----------------------------+-----------------------------+----------------------------+----------------------------+-----------------------------+-----------------------------+--------------------+--------------------+-------------------------------------+-------------------------------------+----------------------------+----------------------------+---------------------------+---------------------------+


+--------------------------------------------------------------------------------------------------------------------------------------------------------------------------------------------------------------------------------------------------------------------------------------------------------------------------------------------------------------------------------------------------------------------------------------------------------------------------------------------------------------------------------------------------------------------------------------------------------------------------------------------------------------------------------------------+
; Signal Integrity Metrics (Fast 1200mv n40c Model)                                                                                                                                                                                                                                                                                                                                                                                                                                                                                                                                                                                                                                          ;
+---------------+--------------+---------------------+---------------------+------------------------------+------------------------------+---------------------+---------------------+--------------------------------------+--------------------------------------+-----------------------------+-----------------------------+----------------------------+----------------------------+-----------------------------+-----------------------------+--------------------+--------------------+-------------------------------------+-------------------------------------+----------------------------+----------------------------+---------------------------+---------------------------+
; Pin           ; I/O Standard ; Board Delay on Rise ; Board Delay on Fall ; Steady State Voh at FPGA Pin ; Steady State Vol at FPGA Pin ; Voh Max at FPGA Pin ; Vol Min at FPGA Pin ; Ringback Voltage on Rise at FPGA Pin ; Ringback Voltage on Fall at FPGA Pin ; 10-90 Rise Time at FPGA Pin ; 90-10 Fall Time at FPGA Pin ; Monotonic Rise at FPGA Pin ; Monotonic Fall at FPGA Pin ; Steady State Voh at Far-end ; Steady State Vol at Far-end ; Voh Max at Far-end ; Vol Min at Far-end ; Ringback Voltage on Rise at Far-end ; Ringback Voltage on Fall at Far-end ; 10-90 Rise Time at Far-end ; 90-10 Fall Time at Far-end ; Monotonic Rise at Far-end ; Monotonic Fall at Far-end ;
+---------------+--------------+---------------------+---------------------+------------------------------+------------------------------+---------------------+---------------------+--------------------------------------+--------------------------------------+-----------------------------+-----------------------------+----------------------------+----------------------------+-----------------------------+-----------------------------+--------------------+--------------------+-------------------------------------+-------------------------------------+----------------------------+----------------------------+---------------------------+---------------------------+
; clken         ; 2.5 V        ; 0 s                 ; 0 s                 ; 2.62 V                       ; 3.18e-09 V                   ; 2.74 V              ; -0.0527 V           ; 0.162 V                              ; 0.083 V                              ; 2.61e-10 s                  ; 2.44e-10 s                  ; Yes                        ; Yes                        ; 2.62 V                      ; 3.18e-09 V                  ; 2.74 V             ; -0.0527 V          ; 0.162 V                             ; 0.083 V                             ; 2.61e-10 s                 ; 2.44e-10 s                 ; Yes                       ; Yes                       ;
; AmpWave[8]    ; 2.5 V        ; 0 s                 ; 0 s                 ; 2.62 V                       ; 2.24e-09 V                   ; 2.74 V              ; -0.0529 V           ; 0.285 V                              ; 0.071 V                              ; 2.99e-10 s                  ; 3.3e-10 s                   ; No                         ; Yes                        ; 2.62 V                      ; 2.24e-09 V                  ; 2.74 V             ; -0.0529 V          ; 0.285 V                             ; 0.071 V                             ; 2.99e-10 s                 ; 3.3e-10 s                  ; No                        ; Yes                       ;
; AmpWave[7]    ; 2.5 V        ; 0 s                 ; 0 s                 ; 2.62 V                       ; 3.18e-09 V                   ; 2.74 V              ; -0.0527 V           ; 0.162 V                              ; 0.083 V                              ; 2.61e-10 s                  ; 2.44e-10 s                  ; Yes                        ; Yes                        ; 2.62 V                      ; 3.18e-09 V                  ; 2.74 V             ; -0.0527 V          ; 0.162 V                             ; 0.083 V                             ; 2.61e-10 s                 ; 2.44e-10 s                 ; Yes                       ; Yes                       ;
; AmpWave[6]    ; 2.5 V        ; 0 s                 ; 0 s                 ; 2.62 V                       ; 2.24e-09 V                   ; 2.65 V              ; -0.0149 V           ; 0.207 V                              ; 0.176 V                              ; 2.15e-09 s                  ; 2.03e-09 s                  ; No                         ; Yes                        ; 2.62 V                      ; 2.24e-09 V                  ; 2.65 V             ; -0.0149 V          ; 0.207 V                             ; 0.176 V                             ; 2.15e-09 s                 ; 2.03e-09 s                 ; No                        ; Yes                       ;
; AmpWave[5]    ; 2.5 V        ; 0 s                 ; 0 s                 ; 2.62 V                       ; 3.18e-09 V                   ; 2.74 V              ; -0.0527 V           ; 0.162 V                              ; 0.083 V                              ; 2.61e-10 s                  ; 2.44e-10 s                  ; Yes                        ; Yes                        ; 2.62 V                      ; 3.18e-09 V                  ; 2.74 V             ; -0.0527 V          ; 0.162 V                             ; 0.083 V                             ; 2.61e-10 s                 ; 2.44e-10 s                 ; Yes                       ; Yes                       ;
; AmpWave[4]    ; 2.5 V        ; 0 s                 ; 0 s                 ; 2.62 V                       ; 3.18e-09 V                   ; 2.74 V              ; -0.0527 V           ; 0.162 V                              ; 0.083 V                              ; 2.61e-10 s                  ; 2.44e-10 s                  ; Yes                        ; Yes                        ; 2.62 V                      ; 3.18e-09 V                  ; 2.74 V             ; -0.0527 V          ; 0.162 V                             ; 0.083 V                             ; 2.61e-10 s                 ; 2.44e-10 s                 ; Yes                       ; Yes                       ;
; AmpWave[3]    ; 2.5 V        ; 0 s                 ; 0 s                 ; 2.62 V                       ; 3.18e-09 V                   ; 2.74 V              ; -0.0527 V           ; 0.162 V                              ; 0.083 V                              ; 2.61e-10 s                  ; 2.44e-10 s                  ; Yes                        ; Yes                        ; 2.62 V                      ; 3.18e-09 V                  ; 2.74 V             ; -0.0527 V          ; 0.162 V                             ; 0.083 V                             ; 2.61e-10 s                 ; 2.44e-10 s                 ; Yes                       ; Yes                       ;
; AmpWave[2]    ; 2.5 V        ; 0 s                 ; 0 s                 ; 2.62 V                       ; 2.24e-09 V                   ; 2.74 V              ; -0.0529 V           ; 0.285 V                              ; 0.071 V                              ; 2.99e-10 s                  ; 3.3e-10 s                   ; No                         ; Yes                        ; 2.62 V                      ; 2.24e-09 V                  ; 2.74 V             ; -0.0529 V          ; 0.285 V                             ; 0.071 V                             ; 2.99e-10 s                 ; 3.3e-10 s                  ; No                        ; Yes                       ;
; AmpWave[1]    ; 2.5 V        ; 0 s                 ; 0 s                 ; 2.62 V                       ; 3.18e-09 V                   ; 2.74 V              ; -0.0527 V           ; 0.162 V                              ; 0.083 V                              ; 2.61e-10 s                  ; 2.44e-10 s                  ; Yes                        ; Yes                        ; 2.62 V                      ; 3.18e-09 V                  ; 2.74 V             ; -0.0527 V          ; 0.162 V                             ; 0.083 V                             ; 2.61e-10 s                 ; 2.44e-10 s                 ; Yes                       ; Yes                       ;
; AmpWave[0]    ; 2.5 V        ; 0 s                 ; 0 s                 ; 2.62 V                       ; 3.18e-09 V                   ; 2.74 V              ; -0.0527 V           ; 0.162 V                              ; 0.083 V                              ; 2.61e-10 s                  ; 2.44e-10 s                  ; Yes                        ; Yes                        ; 2.62 V                      ; 3.18e-09 V                  ; 2.74 V             ; -0.0527 V          ; 0.162 V                             ; 0.083 V                             ; 2.61e-10 s                 ; 2.44e-10 s                 ; Yes                       ; Yes                       ;
; ~ALTERA_DCLK~ ; 2.5 V        ; 0 s                 ; 0 s                 ; 2.62 V                       ; 1.87e-09 V                   ; 2.79 V              ; -0.0524 V           ; 0.19 V                               ; 0.066 V                              ; 2.63e-10 s                  ; 1.96e-10 s                  ; No                         ; Yes                        ; 2.62 V                      ; 1.87e-09 V                  ; 2.79 V             ; -0.0524 V          ; 0.19 V                              ; 0.066 V                             ; 2.63e-10 s                 ; 1.96e-10 s                 ; No                        ; Yes                       ;
; ~ALTERA_nCEO~ ; 2.5 V        ; 0 s                 ; 0 s                 ; 2.62 V                       ; 2.91e-09 V                   ; 2.73 V              ; -0.0159 V           ; 0.231 V                              ; 0.026 V                              ; 2.89e-10 s                  ; 4.54e-10 s                  ; Yes                        ; Yes                        ; 2.62 V                      ; 2.91e-09 V                  ; 2.73 V             ; -0.0159 V          ; 0.231 V                             ; 0.026 V                             ; 2.89e-10 s                 ; 4.54e-10 s                 ; Yes                       ; Yes                       ;
+---------------+--------------+---------------------+---------------------+------------------------------+------------------------------+---------------------+---------------------+--------------------------------------+--------------------------------------+-----------------------------+-----------------------------+----------------------------+----------------------------+-----------------------------+-----------------------------+--------------------+--------------------+-------------------------------------+-------------------------------------+----------------------------+----------------------------+---------------------------+---------------------------+


+-------------------------------------------------------------------+
; Setup Transfers                                                   ;
+------------+----------+----------+----------+----------+----------+
; From Clock ; To Clock ; RR Paths ; FR Paths ; RF Paths ; FF Paths ;
+------------+----------+----------+----------+----------+----------+
; clk        ; clk      ; 730145   ; 0        ; 0        ; 0        ;
; rst        ; clk      ; 270      ; 545      ; 0        ; 0        ;
+------------+----------+----------+----------+----------+----------+
Entries labeled "false path" only account for clock-to-clock false paths and not path-based false paths. As a result, actual path counts may be lower than reported.


+-------------------------------------------------------------------+
; Hold Transfers                                                    ;
+------------+----------+----------+----------+----------+----------+
; From Clock ; To Clock ; RR Paths ; FR Paths ; RF Paths ; FF Paths ;
+------------+----------+----------+----------+----------+----------+
; clk        ; clk      ; 730145   ; 0        ; 0        ; 0        ;
; rst        ; clk      ; 270      ; 545      ; 0        ; 0        ;
+------------+----------+----------+----------+----------+----------+
Entries labeled "false path" only account for clock-to-clock false paths and not path-based false paths. As a result, actual path counts may be lower than reported.


+-------------------------------------------------------------------+
; Recovery Transfers                                                ;
+------------+----------+----------+----------+----------+----------+
; From Clock ; To Clock ; RR Paths ; FR Paths ; RF Paths ; FF Paths ;
+------------+----------+----------+----------+----------+----------+
; rst        ; clk      ; 17       ; 17       ; 0        ; 0        ;
+------------+----------+----------+----------+----------+----------+
Entries labeled "false path" only account for clock-to-clock false paths and not path-based false paths. As a result, actual path counts may be lower than reported.


+-------------------------------------------------------------------+
; Removal Transfers                                                 ;
+------------+----------+----------+----------+----------+----------+
; From Clock ; To Clock ; RR Paths ; FR Paths ; RF Paths ; FF Paths ;
+------------+----------+----------+----------+----------+----------+
; rst        ; clk      ; 17       ; 17       ; 0        ; 0        ;
+------------+----------+----------+----------+----------+----------+
Entries labeled "false path" only account for clock-to-clock false paths and not path-based false paths. As a result, actual path counts may be lower than reported.


---------------
; Report TCCS ;
---------------
No dedicated SERDES Transmitter circuitry present in device or used in design


---------------
; Report RSKM ;
---------------
No non-DPA dedicated SERDES Receiver circuitry present in device or used in design


+------------------------------------------------+
; Unconstrained Paths Summary                    ;
+---------------------------------+-------+------+
; Property                        ; Setup ; Hold ;
+---------------------------------+-------+------+
; Illegal Clocks                  ; 0     ; 0    ;
; Unconstrained Clocks            ; 0     ; 0    ;
; Unconstrained Input Ports       ; 21    ; 21   ;
; Unconstrained Input Port Paths  ; 432   ; 432  ;
; Unconstrained Output Ports      ; 10    ; 10   ;
; Unconstrained Output Port Paths ; 214   ; 214  ;
+---------------------------------+-------+------+


+-------------------------------------+
; Clock Status Summary                ;
+--------+-------+------+-------------+
; Target ; Clock ; Type ; Status      ;
+--------+-------+------+-------------+
; clk    ; clk   ; Base ; Constrained ;
; rst    ; rst   ; Base ; Constrained ;
+--------+-------+------+-------------+


+---------------------------------------------------------------------------------------------------+
; Unconstrained Input Ports                                                                         ;
+------------+--------------------------------------------------------------------------------------+
; Input Port ; Comment                                                                              ;
+------------+--------------------------------------------------------------------------------------+
; AmpSel[0]  ; No input delay, min/max delays, false-path exceptions, or max skew assignments found ;
; AmpSel[1]  ; No input delay, min/max delays, false-path exceptions, or max skew assignments found ;
; DDS[0]     ; No input delay, min/max delays, false-path exceptions, or max skew assignments found ;
; DDS[1]     ; No input delay, min/max delays, false-path exceptions, or max skew assignments found ;
; DDS[2]     ; No input delay, min/max delays, false-path exceptions, or max skew assignments found ;
; DDS[3]     ; No input delay, min/max delays, false-path exceptions, or max skew assignments found ;
; DDS[4]     ; No input delay, min/max delays, false-path exceptions, or max skew assignments found ;
; DDS[5]     ; No input delay, min/max delays, false-path exceptions, or max skew assignments found ;
; DDS[6]     ; No input delay, min/max delays, false-path exceptions, or max skew assignments found ;
; DDS[7]     ; No input delay, min/max delays, false-path exceptions, or max skew assignments found ;
; DDS[8]     ; No input delay, min/max delays, false-path exceptions, or max skew assignments found ;
; PI[0]      ; No input delay, min/max delays, false-path exceptions, or max skew assignments found ;
; PI[1]      ; No input delay, min/max delays, false-path exceptions, or max skew assignments found ;
; PI[2]      ; No input delay, min/max delays, false-path exceptions, or max skew assignments found ;
; PI[3]      ; No input delay, min/max delays, false-path exceptions, or max skew assignments found ;
; PI[4]      ; No input delay, min/max delays, false-path exceptions, or max skew assignments found ;
; init       ; No input delay, min/max delays, false-path exceptions, or max skew assignments found ;
; rst        ; No input delay, min/max delays, false-path exceptions, or max skew assignments found ;
; sel[0]     ; No input delay, min/max delays, false-path exceptions, or max skew assignments found ;
; sel[1]     ; No input delay, min/max delays, false-path exceptions, or max skew assignments found ;
; sel[2]     ; No input delay, min/max delays, false-path exceptions, or max skew assignments found ;
+------------+--------------------------------------------------------------------------------------+


+-----------------------------------------------------------------------------------------------------+
; Unconstrained Output Ports                                                                          ;
+-------------+---------------------------------------------------------------------------------------+
; Output Port ; Comment                                                                               ;
+-------------+---------------------------------------------------------------------------------------+
; AmpWave[0]  ; No output delay, min/max delays, false-path exceptions, or max skew assignments found ;
; AmpWave[1]  ; No output delay, min/max delays, false-path exceptions, or max skew assignments found ;
; AmpWave[2]  ; No output delay, min/max delays, false-path exceptions, or max skew assignments found ;
; AmpWave[3]  ; No output delay, min/max delays, false-path exceptions, or max skew assignments found ;
; AmpWave[4]  ; No output delay, min/max delays, false-path exceptions, or max skew assignments found ;
; AmpWave[5]  ; No output delay, min/max delays, false-path exceptions, or max skew assignments found ;
; AmpWave[6]  ; No output delay, min/max delays, false-path exceptions, or max skew assignments found ;
; AmpWave[7]  ; No output delay, min/max delays, false-path exceptions, or max skew assignments found ;
; AmpWave[8]  ; No output delay, min/max delays, false-path exceptions, or max skew assignments found ;
; clken       ; No output delay, min/max delays, false-path exceptions, or max skew assignments found ;
+-------------+---------------------------------------------------------------------------------------+


+---------------------------------------------------------------------------------------------------+
; Unconstrained Input Ports                                                                         ;
+------------+--------------------------------------------------------------------------------------+
; Input Port ; Comment                                                                              ;
+------------+--------------------------------------------------------------------------------------+
; AmpSel[0]  ; No input delay, min/max delays, false-path exceptions, or max skew assignments found ;
; AmpSel[1]  ; No input delay, min/max delays, false-path exceptions, or max skew assignments found ;
; DDS[0]     ; No input delay, min/max delays, false-path exceptions, or max skew assignments found ;
; DDS[1]     ; No input delay, min/max delays, false-path exceptions, or max skew assignments found ;
; DDS[2]     ; No input delay, min/max delays, false-path exceptions, or max skew assignments found ;
; DDS[3]     ; No input delay, min/max delays, false-path exceptions, or max skew assignments found ;
; DDS[4]     ; No input delay, min/max delays, false-path exceptions, or max skew assignments found ;
; DDS[5]     ; No input delay, min/max delays, false-path exceptions, or max skew assignments found ;
; DDS[6]     ; No input delay, min/max delays, false-path exceptions, or max skew assignments found ;
; DDS[7]     ; No input delay, min/max delays, false-path exceptions, or max skew assignments found ;
; DDS[8]     ; No input delay, min/max delays, false-path exceptions, or max skew assignments found ;
; PI[0]      ; No input delay, min/max delays, false-path exceptions, or max skew assignments found ;
; PI[1]      ; No input delay, min/max delays, false-path exceptions, or max skew assignments found ;
; PI[2]      ; No input delay, min/max delays, false-path exceptions, or max skew assignments found ;
; PI[3]      ; No input delay, min/max delays, false-path exceptions, or max skew assignments found ;
; PI[4]      ; No input delay, min/max delays, false-path exceptions, or max skew assignments found ;
; init       ; No input delay, min/max delays, false-path exceptions, or max skew assignments found ;
; rst        ; No input delay, min/max delays, false-path exceptions, or max skew assignments found ;
; sel[0]     ; No input delay, min/max delays, false-path exceptions, or max skew assignments found ;
; sel[1]     ; No input delay, min/max delays, false-path exceptions, or max skew assignments found ;
; sel[2]     ; No input delay, min/max delays, false-path exceptions, or max skew assignments found ;
+------------+--------------------------------------------------------------------------------------+


+-----------------------------------------------------------------------------------------------------+
; Unconstrained Output Ports                                                                          ;
+-------------+---------------------------------------------------------------------------------------+
; Output Port ; Comment                                                                               ;
+-------------+---------------------------------------------------------------------------------------+
; AmpWave[0]  ; No output delay, min/max delays, false-path exceptions, or max skew assignments found ;
; AmpWave[1]  ; No output delay, min/max delays, false-path exceptions, or max skew assignments found ;
; AmpWave[2]  ; No output delay, min/max delays, false-path exceptions, or max skew assignments found ;
; AmpWave[3]  ; No output delay, min/max delays, false-path exceptions, or max skew assignments found ;
; AmpWave[4]  ; No output delay, min/max delays, false-path exceptions, or max skew assignments found ;
; AmpWave[5]  ; No output delay, min/max delays, false-path exceptions, or max skew assignments found ;
; AmpWave[6]  ; No output delay, min/max delays, false-path exceptions, or max skew assignments found ;
; AmpWave[7]  ; No output delay, min/max delays, false-path exceptions, or max skew assignments found ;
; AmpWave[8]  ; No output delay, min/max delays, false-path exceptions, or max skew assignments found ;
; clken       ; No output delay, min/max delays, false-path exceptions, or max skew assignments found ;
+-------------+---------------------------------------------------------------------------------------+


+--------------------------+
; Timing Analyzer Messages ;
+--------------------------+
Info: *******************************************************************
Info: Running Quartus Prime Timing Analyzer
    Info: Version 20.1.0 Build 711 06/05/2020 SJ Lite Edition
    Info: Processing started: Sun Jun 21 22:13:19 2026
Info: Command: quartus_sta 4 -c 4
Info: qsta_default_script.tcl version: #1
Warning (18236): Number of processors has not been specified which may cause overloading on shared machines.  Set the global assignment NUM_PARALLEL_PROCESSORS in your QSF to an appropriate value for best performance.
Info (20030): Parallel compilation is enabled and will use 12 of the 12 processors detected
Info (21077): Low junction temperature is -40 degrees C
Info (21077): High junction temperature is 125 degrees C
Warning (335093): The Timing Analyzer is analyzing 5 combinational loops as latches. For more details, run the Check Timing command in the Timing Analyzer or view the "User-Specified and Inferred Latches" table in the Analysis & Synthesis report.
Critical Warning (332012): Synopsys Design Constraints File file not found: '4.sdc'. A Synopsys Design Constraints File is required by the Timing Analyzer to get proper timing constraints. Without it, the Compiler will not properly optimize the design.
Info (332142): No user constrained base clocks found in the design. Calling "derive_clocks -period 1.0"
Info (332105): Deriving Clocks
    Info (332105): create_clock -period 1.000 -name clk clk
    Info (332105): create_clock -period 1.000 -name rst rst
Info (332143): No user constrained clock uncertainty found in the design. Calling "derive_clock_uncertainty"
Info (332123): Deriving Clock Uncertainty. Please refer to report_sdc in the Timing Analyzer to see clock uncertainties.
Info: Found TIMING_ANALYZER_REPORT_SCRIPT_INCLUDE_DEFAULT_ANALYSIS = ON
Info: Analyzing Slow 1200mV 125C Model
Critical Warning (332148): Timing requirements not met
    Info (11105): For recommendations on closing timing, run Report Timing Closure Recommendations in the Timing Analyzer.
Info (332146): Worst-case setup slack is -13.406
    Info (332119):     Slack       End Point TNS Clock 
    Info (332119): ========= =================== =====================
    Info (332119):   -13.406            -201.401 clk 
Info (332146): Worst-case hold slack is 0.429
    Info (332119):     Slack       End Point TNS Clock 
    Info (332119): ========= =================== =====================
    Info (332119):     0.429               0.000 clk 
Info (332146): Worst-case recovery slack is 0.072
    Info (332119):     Slack       End Point TNS Clock 
    Info (332119): ========= =================== =====================
    Info (332119):     0.072               0.000 clk 
Info (332146): Worst-case removal slack is -0.130
    Info (332119):     Slack       End Point TNS Clock 
    Info (332119): ========= =================== =====================
    Info (332119):    -0.130              -2.200 clk 
Info (332146): Worst-case minimum pulse width slack is -3.000
    Info (332119):     Slack       End Point TNS Clock 
    Info (332119): ========= =================== =====================
    Info (332119):    -3.000             -78.837 clk 
    Info (332119):    -3.000              -3.000 rst 
Info: Analyzing Slow 1200mV -40C Model
Info (334003): Started post-fitting delay annotation
Info (334004): Delay annotation completed successfully
Info (332123): Deriving Clock Uncertainty. Please refer to report_sdc in the Timing Analyzer to see clock uncertainties.
Critical Warning (332148): Timing requirements not met
    Info (11105): For recommendations on closing timing, run Report Timing Closure Recommendations in the Timing Analyzer.
Info (332146): Worst-case setup slack is -11.077
    Info (332119):     Slack       End Point TNS Clock 
    Info (332119): ========= =================== =====================
    Info (332119):   -11.077            -172.523 clk 
Info (332146): Worst-case hold slack is 0.358
    Info (332119):     Slack       End Point TNS Clock 
    Info (332119): ========= =================== =====================
    Info (332119):     0.358               0.000 clk 
Info (332146): Worst-case recovery slack is 0.153
    Info (332119):     Slack       End Point TNS Clock 
    Info (332119): ========= =================== =====================
    Info (332119):     0.153               0.000 clk 
Info (332146): Worst-case removal slack is -0.140
    Info (332119):     Slack       End Point TNS Clock 
    Info (332119): ========= =================== =====================
    Info (332119):    -0.140              -2.380 clk 
Info (332146): Worst-case minimum pulse width slack is -3.000
    Info (332119):     Slack       End Point TNS Clock 
    Info (332119): ========= =================== =====================
    Info (332119):    -3.000             -68.535 clk 
    Info (332119):    -3.000              -3.000 rst 
Info: Analyzing Fast 1200mV -40C Model
Info (332123): Deriving Clock Uncertainty. Please refer to report_sdc in the Timing Analyzer to see clock uncertainties.
Critical Warning (332148): Timing requirements not met
    Info (11105): For recommendations on closing timing, run Report Timing Closure Recommendations in the Timing Analyzer.
Info (332146): Worst-case setup slack is -5.296
    Info (332119):     Slack       End Point TNS Clock 
    Info (332119): ========= =================== =====================
    Info (332119):    -5.296             -73.516 clk 
Info (332146): Worst-case hold slack is 0.183
    Info (332119):     Slack       End Point TNS Clock 
    Info (332119): ========= =================== =====================
    Info (332119):     0.183               0.000 clk 
Info (332146): Worst-case recovery slack is -0.050
    Info (332119):     Slack       End Point TNS Clock 
    Info (332119): ========= =================== =====================
    Info (332119):    -0.050              -0.850 clk 
Info (332146): Worst-case removal slack is -0.073
    Info (332119):     Slack       End Point TNS Clock 
    Info (332119): ========= =================== =====================
    Info (332119):    -0.073              -1.234 clk 
Info (332146): Worst-case minimum pulse width slack is -3.000
    Info (332119):     Slack       End Point TNS Clock 
    Info (332119): ========= =================== =====================
    Info (332119):    -3.000             -57.914 clk 
    Info (332119):    -3.000              -3.000 rst 
Info (332102): Design is not fully constrained for setup requirements
Info (332102): Design is not fully constrained for hold requirements
Info: Quartus Prime Timing Analyzer was successful. 0 errors, 6 warnings
    Info: Peak virtual memory: 4857 megabytes
    Info: Processing ended: Sun Jun 21 22:13:20 2026
    Info: Elapsed time: 00:00:01
    Info: Total CPU time (on all processors): 00:00:02


