Timing Analyzer report for 3-C
Mon May 25 23:42:09 2026
Quartus Prime Version 20.1.0 Build 711 06/05/2020 SJ Lite Edition


---------------------
; Table of Contents ;
---------------------
  1. Legal Notice
  2. Timing Analyzer Summary
  3. Parallel Compilation
  4. Clocks
  5. Slow 1200mV 125C Model Fmax Summary
  6. Timing Closure Recommendations
  7. Slow 1200mV 125C Model Setup Summary
  8. Slow 1200mV 125C Model Hold Summary
  9. Slow 1200mV 125C Model Recovery Summary
 10. Slow 1200mV 125C Model Removal Summary
 11. Slow 1200mV 125C Model Minimum Pulse Width Summary
 12. Slow 1200mV 125C Model Setup: 'UPclk'
 13. Slow 1200mV 125C Model Setup: 'rst'
 14. Slow 1200mV 125C Model Hold: 'UPclk'
 15. Slow 1200mV 125C Model Hold: 'rst'
 16. Slow 1200mV 125C Model Recovery: 'UPclk'
 17. Slow 1200mV 125C Model Recovery: 'rst'
 18. Slow 1200mV 125C Model Removal: 'UPclk'
 19. Slow 1200mV 125C Model Removal: 'rst'
 20. Slow 1200mV 125C Model Metastability Summary
 21. Slow 1200mV -40C Model Fmax Summary
 22. Slow 1200mV -40C Model Setup Summary
 23. Slow 1200mV -40C Model Hold Summary
 24. Slow 1200mV -40C Model Recovery Summary
 25. Slow 1200mV -40C Model Removal Summary
 26. Slow 1200mV -40C Model Minimum Pulse Width Summary
 27. Slow 1200mV -40C Model Setup: 'UPclk'
 28. Slow 1200mV -40C Model Setup: 'rst'
 29. Slow 1200mV -40C Model Hold: 'UPclk'
 30. Slow 1200mV -40C Model Hold: 'rst'
 31. Slow 1200mV -40C Model Recovery: 'UPclk'
 32. Slow 1200mV -40C Model Recovery: 'rst'
 33. Slow 1200mV -40C Model Removal: 'UPclk'
 34. Slow 1200mV -40C Model Removal: 'rst'
 35. Slow 1200mV -40C Model Metastability Summary
 36. Fast 1200mV -40C Model Setup Summary
 37. Fast 1200mV -40C Model Hold Summary
 38. Fast 1200mV -40C Model Recovery Summary
 39. Fast 1200mV -40C Model Removal Summary
 40. Fast 1200mV -40C Model Minimum Pulse Width Summary
 41. Fast 1200mV -40C Model Setup: 'UPclk'
 42. Fast 1200mV -40C Model Setup: 'rst'
 43. Fast 1200mV -40C Model Hold: 'UPclk'
 44. Fast 1200mV -40C Model Hold: 'rst'
 45. Fast 1200mV -40C Model Recovery: 'UPclk'
 46. Fast 1200mV -40C Model Recovery: 'rst'
 47. Fast 1200mV -40C Model Removal: 'UPclk'
 48. Fast 1200mV -40C Model Removal: 'rst'
 49. Fast 1200mV -40C Model Metastability Summary
 50. Multicorner Timing Analysis Summary
 51. Board Trace Model Assignments
 52. Input Transition Times
 53. Signal Integrity Metrics (Slow 1200mv n40c Model)
 54. Signal Integrity Metrics (Slow 1200mv 125c Model)
 55. Signal Integrity Metrics (Fast 1200mv n40c Model)
 56. Setup Transfers
 57. Hold Transfers
 58. Recovery Transfers
 59. Removal Transfers
 60. Report TCCS
 61. Report RSKM
 62. Unconstrained Paths Summary
 63. Clock Status Summary
 64. Unconstrained Input Ports
 65. Unconstrained Output Ports
 66. Unconstrained Input Ports
 67. Unconstrained Output Ports
 68. Timing Analyzer Messages



----------------
; Legal Notice ;
----------------
Copyright (C) 2020  Intel Corporation. All rights reserved.
Your use of Intel Corporation's design tools, logic functions 
and other software and tools, and any partner logic 
functions, and any output files from any of the foregoing 
(including device programming or simulation files), and any 
associated documentation or information are expressly subject 
to the terms and conditions of the Intel Program License 
Subscription Agreement, the Intel Quartus Prime License Agreement,
the Intel FPGA IP License Agreement, or other applicable license
agreement, including, without limitation, that your use is for
the sole purpose of programming logic devices manufactured by
Intel and sold by Intel or its authorized distributors.  Please
refer to the applicable agreement for further details, at
https://fpgasoftware.intel.com/eula.



+-----------------------------------------------------------------------------+
; Timing Analyzer Summary                                                     ;
+-----------------------+-----------------------------------------------------+
; Quartus Prime Version ; Version 20.1.0 Build 711 06/05/2020 SJ Lite Edition ;
; Timing Analyzer       ; Legacy Timing Analyzer                              ;
; Revision Name         ; 3-C                                                 ;
; Device Family         ; Cyclone IV E                                        ;
; Device Name           ; EP4CE6E22A7                                         ;
; Timing Models         ; Final                                               ;
; Delay Model           ; Combined                                            ;
; Rise/Fall Delays      ; Enabled                                             ;
+-----------------------+-----------------------------------------------------+


+------------------------------------------+
; Parallel Compilation                     ;
+----------------------------+-------------+
; Processors                 ; Number      ;
+----------------------------+-------------+
; Number detected on machine ; 12          ;
; Maximum allowed            ; 12          ;
;                            ;             ;
; Average used               ; 1.16        ;
; Maximum used               ; 12          ;
;                            ;             ;
; Usage by Processor         ; % Time Used ;
;     Processor 1            ; 100.0%      ;
;     Processor 2            ;   5.2%      ;
;     Processor 3            ;   3.6%      ;
;     Processor 4            ;   2.2%      ;
;     Processors 5-12        ;   0.6%      ;
+----------------------------+-------------+


+-----------------------------------------------------------------------------------------------------------------------------------------------------------------------------------+
; Clocks                                                                                                                                                                            ;
+------------+------+--------+------------+-------+-------+------------+-----------+-------------+-------+--------+-----------+------------+----------+--------+--------+-----------+
; Clock Name ; Type ; Period ; Frequency  ; Rise  ; Fall  ; Duty Cycle ; Divide by ; Multiply by ; Phase ; Offset ; Edge List ; Edge Shift ; Inverted ; Master ; Source ; Targets   ;
+------------+------+--------+------------+-------+-------+------------+-----------+-------------+-------+--------+-----------+------------+----------+--------+--------+-----------+
; rst        ; Base ; 1.000  ; 1000.0 MHz ; 0.000 ; 0.500 ;            ;           ;             ;       ;        ;           ;            ;          ;        ;        ; { rst }   ;
; UPclk      ; Base ; 1.000  ; 1000.0 MHz ; 0.000 ; 0.500 ;            ;           ;             ;       ;        ;           ;            ;          ;        ;        ; { UPclk } ;
+------------+------+--------+------------+-------+-------+------------+-----------+-------------+-------+--------+-----------+------------+----------+--------+--------+-----------+


+-------------------------------------------------+
; Slow 1200mV 125C Model Fmax Summary             ;
+-----------+-----------------+------------+------+
; Fmax      ; Restricted Fmax ; Clock Name ; Note ;
+-----------+-----------------+------------+------+
; 31.33 MHz ; 31.33 MHz       ; UPclk      ;      ;
; 42.13 MHz ; 42.13 MHz       ; rst        ;      ;
+-----------+-----------------+------------+------+
This panel reports FMAX for every clock in the design, regardless of the user-specified clock periods.  FMAX is only computed for paths where the source and destination registers or ports are driven by the same clock.  Paths of different clocks, including generated clocks, are ignored.  For paths between a clock and its inversion, FMAX is computed as if the rising and falling edges are scaled along with FMAX, such that the duty cycle (in terms of a percentage) is maintained. Altera recommends that you always use clock constraints and other slack reports for sign-off analysis.


----------------------------------
; Timing Closure Recommendations ;
----------------------------------
HTML report is unavailable in plain text report export.


+--------------------------------------+
; Slow 1200mV 125C Model Setup Summary ;
+-------+---------+--------------------+
; Clock ; Slack   ; End Point TNS      ;
+-------+---------+--------------------+
; UPclk ; -15.460 ; -193.825           ;
; rst   ; -12.908 ; -89.012            ;
+-------+---------+--------------------+


+-------------------------------------+
; Slow 1200mV 125C Model Hold Summary ;
+-------+--------+--------------------+
; Clock ; Slack  ; End Point TNS      ;
+-------+--------+--------------------+
; UPclk ; -3.255 ; -18.106            ;
; rst   ; -2.839 ; -10.630            ;
+-------+--------+--------------------+


+-----------------------------------------+
; Slow 1200mV 125C Model Recovery Summary ;
+-------+---------+-----------------------+
; Clock ; Slack   ; End Point TNS         ;
+-------+---------+-----------------------+
; UPclk ; -12.978 ; -94.933               ;
; rst   ; -10.272 ; -67.058               ;
+-------+---------+-----------------------+


+----------------------------------------+
; Slow 1200mV 125C Model Removal Summary ;
+-------+--------+-----------------------+
; Clock ; Slack  ; End Point TNS         ;
+-------+--------+-----------------------+
; UPclk ; -4.107 ; -23.493               ;
; rst   ; -3.204 ; -13.870               ;
+-------+--------+-----------------------+


+----------------------------------------------------+
; Slow 1200mV 125C Model Minimum Pulse Width Summary ;
+-------+--------+-----------------------------------+
; Clock ; Slack  ; End Point TNS                     ;
+-------+--------+-----------------------------------+
; UPclk ; -5.484 ; -160.387                          ;
; rst   ; -3.000 ; -37.742                           ;
+-------+--------+-----------------------------------+


+-------------------------------------------------------------------------------------------------------------------------------------+
; Slow 1200mV 125C Model Setup: 'UPclk'                                                                                               ;
+---------+--------------------------+--------------------------+--------------+-------------+--------------+------------+------------+
; Slack   ; From Node                ; To Node                  ; Launch Clock ; Latch Clock ; Relationship ; Clock Skew ; Data Delay ;
+---------+--------------------------+--------------------------+--------------+-------------+--------------+------------+------------+
; -15.460 ; 74193:inst1|25~_emulated ; 74193:inst1|23~_emulated ; UPclk        ; UPclk       ; 0.500        ; -4.342     ; 11.615     ;
; -15.265 ; 74193:inst1|24~_emulated ; 74193:inst1|23~_emulated ; UPclk        ; UPclk       ; 1.000        ; -4.655     ; 11.607     ;
; -15.154 ; 74193:inst1|25~_emulated ; 74193:inst1|24~_emulated ; UPclk        ; UPclk       ; 0.500        ; -5.309     ; 10.342     ;
; -14.672 ; 74193:inst1|24~1         ; 74193:inst1|23~_emulated ; UPclk        ; UPclk       ; 1.000        ; -4.252     ; 11.417     ;
; -14.624 ; 74193:inst1|25~_emulated ; 74193:inst1|26~_emulated ; UPclk        ; UPclk       ; 0.500        ; -5.523     ; 9.598      ;
; -14.474 ; 74193:inst1|24~_emulated ; 74193:inst1|25~_emulated ; UPclk        ; UPclk       ; 1.000        ; -5.502     ; 9.969      ;
; -14.413 ; 74193:inst1|24~_emulated ; 74193:inst1|26~_emulated ; UPclk        ; UPclk       ; 1.000        ; -5.820     ; 9.590      ;
; -14.322 ; 74193:inst1|23~_emulated ; 74193:inst1|24~_emulated ; UPclk        ; UPclk       ; 1.000        ; -6.484     ; 8.835      ;
; -14.256 ; 74193:inst1|25~_emulated ; 74193:inst4|26~_emulated ; UPclk        ; UPclk       ; 0.500        ; -4.281     ; 10.472     ;
; -14.238 ; 74193:inst4|25~_emulated ; 74193:inst1|23~_emulated ; UPclk        ; UPclk       ; 0.500        ; -5.109     ; 9.626      ;
; -14.097 ; 74193:inst4|26~_emulated ; 74193:inst1|23~_emulated ; UPclk        ; UPclk       ; 0.500        ; -5.050     ; 9.544      ;
; -14.061 ; 74193:inst1|24~_emulated ; 74193:inst4|26~_emulated ; UPclk        ; UPclk       ; 1.000        ; -4.594     ; 10.464     ;
; -14.061 ; 74193:inst4|24~_emulated ; 74193:inst1|23~_emulated ; rst          ; UPclk       ; 0.500        ; -4.708     ; 9.830      ;
; -14.030 ; 74193:inst4|24~_emulated ; 74193:inst1|23~_emulated ; UPclk        ; UPclk       ; 1.000        ; -5.197     ; 9.830      ;
; -13.934 ; 74193:inst1|24~1         ; 74193:inst1|25~_emulated ; UPclk        ; UPclk       ; 1.000        ; -5.115     ; 9.816      ;
; -13.923 ; 74193:inst4|25~_emulated ; 74193:inst1|24~_emulated ; UPclk        ; UPclk       ; 0.500        ; -6.076     ; 8.344      ;
; -13.864 ; 74193:inst1|24~1         ; 74193:inst1|26~_emulated ; UPclk        ; UPclk       ; 1.000        ; -5.433     ; 9.428      ;
; -13.853 ; 74193:inst1|23~_emulated ; 74193:inst1|25~_emulated ; UPclk        ; UPclk       ; 1.000        ; -6.380     ; 8.470      ;
; -13.835 ; 74193:inst1|25~_emulated ; 74193:inst4|23~_emulated ; UPclk        ; UPclk       ; 0.500        ; -3.289     ; 11.043     ;
; -13.792 ; 74193:inst1|23~_emulated ; 74193:inst1|26~_emulated ; UPclk        ; UPclk       ; 1.000        ; -6.698     ; 8.091      ;
; -13.791 ; 74193:inst4|26~_emulated ; 74193:inst1|24~_emulated ; UPclk        ; UPclk       ; 0.500        ; -6.017     ; 8.271      ;
; -13.787 ; 74193:inst1|25~_emulated ; 74193:inst4|25~_emulated ; UPclk        ; UPclk       ; 0.500        ; -3.774     ; 10.510     ;
; -13.749 ; 74193:inst4|25~_emulated ; 74193:inst1|23~_emulated ; rst          ; UPclk       ; 0.500        ; -4.600     ; 9.626      ;
; -13.742 ; 74193:inst1|25~_emulated ; 74193:inst4|24~_emulated ; UPclk        ; UPclk       ; 0.500        ; -3.671     ; 10.568     ;
; -13.739 ; 74193:inst4|24~_emulated ; 74193:inst1|24~_emulated ; rst          ; UPclk       ; 0.500        ; -5.659     ; 8.557      ;
; -13.724 ; 74193:inst4|24~_emulated ; 74193:inst1|24~_emulated ; UPclk        ; UPclk       ; 1.000        ; -6.164     ; 8.557      ;
; -13.640 ; 74193:inst1|24~_emulated ; 74193:inst4|23~_emulated ; UPclk        ; UPclk       ; 1.000        ; -3.602     ; 11.035     ;
; -13.592 ; 74193:inst1|24~_emulated ; 74193:inst4|25~_emulated ; UPclk        ; UPclk       ; 1.000        ; -4.087     ; 10.502     ;
; -13.581 ; 74193:inst4|23~_emulated ; 74193:inst1|23~_emulated ; UPclk        ; UPclk       ; 1.000        ; -5.739     ; 8.839      ;
; -13.547 ; 74193:inst1|24~_emulated ; 74193:inst4|24~_emulated ; UPclk        ; UPclk       ; 1.000        ; -3.984     ; 10.560     ;
; -13.504 ; 74193:inst4|25~_emulated ; 74193:inst1|25~_emulated ; UPclk        ; UPclk       ; 0.500        ; -5.972     ; 8.029      ;
; -13.468 ; 74193:inst1|24~1         ; 74193:inst4|26~_emulated ; UPclk        ; UPclk       ; 1.000        ; -4.191     ; 10.274     ;
; -13.468 ; 74193:inst4|23~_emulated ; 74193:inst1|23~_emulated ; rst          ; UPclk       ; 0.500        ; -5.106     ; 8.839      ;
; -13.434 ; 74193:inst4|25~_emulated ; 74193:inst1|26~_emulated ; UPclk        ; UPclk       ; 0.500        ; -6.290     ; 7.641      ;
; -13.424 ; 74193:inst1|23~_emulated ; 74193:inst4|26~_emulated ; UPclk        ; UPclk       ; 1.000        ; -5.456     ; 8.965      ;
; -13.418 ; 74193:inst4|25~_emulated ; 74193:inst1|24~_emulated ; rst          ; UPclk       ; 0.500        ; -5.551     ; 8.344      ;
; -13.356 ; 74193:inst4|26~_emulated ; 74193:inst1|25~_emulated ; UPclk        ; UPclk       ; 0.500        ; -5.913     ; 7.940      ;
; -13.317 ; 74193:inst1|23~_emulated ; 74193:inst1|24~_emulated ; rst          ; UPclk       ; 0.500        ; -4.959     ; 8.835      ;
; -13.305 ; 74193:inst4|24~_emulated ; 74193:inst1|25~_emulated ; rst          ; UPclk       ; 0.500        ; -5.555     ; 8.227      ;
; -13.290 ; 74193:inst4|24~_emulated ; 74193:inst1|25~_emulated ; UPclk        ; UPclk       ; 1.000        ; -6.060     ; 8.227      ;
; -13.286 ; 74193:inst4|26~_emulated ; 74193:inst1|26~_emulated ; UPclk        ; UPclk       ; 0.500        ; -6.231     ; 7.552      ;
; -13.275 ; 74193:inst4|23~_emulated ; 74193:inst1|24~_emulated ; UPclk        ; UPclk       ; 1.000        ; -6.706     ; 7.566      ;
; -13.243 ; 74193:inst1|25~_emulated ; 74193:inst1|23~_emulated ; rst          ; UPclk       ; 0.500        ; -2.105     ; 11.615     ;
; -13.235 ; 74193:inst4|24~_emulated ; 74193:inst1|26~_emulated ; rst          ; UPclk       ; 0.500        ; -5.873     ; 7.839      ;
; -13.220 ; 74193:inst4|24~_emulated ; 74193:inst1|26~_emulated ; UPclk        ; UPclk       ; 1.000        ; -6.378     ; 7.839      ;
; -13.175 ; 74193:inst4|26~_emulated ; 74193:inst1|23~_emulated ; rst          ; UPclk       ; 0.500        ; -4.108     ; 9.544      ;
; -13.146 ; 74193:inst4|23~_emulated ; 74193:inst1|24~_emulated ; rst          ; UPclk       ; 0.500        ; -6.057     ; 7.566      ;
; -13.123 ; 74193:inst1|25~1         ; 74193:inst1|23~_emulated ; UPclk        ; UPclk       ; 1.000        ; -2.528     ; 11.592     ;
; -13.115 ; 74193:inst4|24~1         ; 74193:inst1|23~_emulated ; UPclk        ; UPclk       ; 1.000        ; -4.231     ; 9.881      ;
; -13.071 ; 74193:inst4|25~1         ; 74193:inst1|23~_emulated ; UPclk        ; UPclk       ; 1.000        ; -4.262     ; 9.806      ;
; -13.047 ; 74193:inst1|24~1         ; 74193:inst4|23~_emulated ; UPclk        ; UPclk       ; 1.000        ; -3.199     ; 10.845     ;
; -13.037 ; 74193:inst1|24~1         ; 74193:inst4|25~_emulated ; UPclk        ; UPclk       ; 1.000        ; -3.684     ; 10.350     ;
; -13.035 ; 74193:inst4|25~_emulated ; 74193:inst4|26~_emulated ; UPclk        ; UPclk       ; 0.500        ; -5.048     ; 8.484      ;
; -13.003 ; 74193:inst1|23~_emulated ; 74193:inst4|23~_emulated ; UPclk        ; UPclk       ; 1.000        ; -4.464     ; 9.536      ;
; -12.999 ; 74193:inst4|25~_emulated ; 74193:inst1|25~_emulated ; rst          ; UPclk       ; 0.500        ; -5.447     ; 8.029      ;
; -12.998 ; 74193:inst1|24~_emulated ; 74193:inst1|23~_emulated ; rst          ; UPclk       ; 1.000        ; -2.368     ; 11.607     ;
; -12.955 ; 74193:inst1|23~_emulated ; 74193:inst4|25~_emulated ; UPclk        ; UPclk       ; 1.000        ; -4.949     ; 9.003      ;
; -12.954 ; 74193:inst1|24~1         ; 74193:inst4|24~_emulated ; UPclk        ; UPclk       ; 1.000        ; -3.581     ; 10.370     ;
; -12.929 ; 74193:inst4|25~_emulated ; 74193:inst1|26~_emulated ; rst          ; UPclk       ; 0.500        ; -5.765     ; 7.641      ;
; -12.921 ; 74193:inst1|25~_emulated ; 74193:inst1|24~_emulated ; rst          ; UPclk       ; 0.500        ; -3.056     ; 10.342     ;
; -12.910 ; 74193:inst1|23~_emulated ; 74193:inst4|24~_emulated ; UPclk        ; UPclk       ; 1.000        ; -4.846     ; 9.061      ;
; -12.857 ; 74193:inst4|24~_emulated ; 74193:inst4|26~_emulated ; rst          ; UPclk       ; 0.500        ; -4.647     ; 8.687      ;
; -12.853 ; 74193:inst4|26~_emulated ; 74193:inst1|24~_emulated ; rst          ; UPclk       ; 0.500        ; -5.059     ; 8.271      ;
; -12.848 ; 74193:inst1|23~_emulated ; 74193:inst1|25~_emulated ; rst          ; UPclk       ; 0.500        ; -4.855     ; 8.470      ;
; -12.845 ; 74193:inst1|23~1         ; 74193:inst1|24~_emulated ; UPclk        ; UPclk       ; 1.000        ; -5.043     ; 8.799      ;
; -12.826 ; 74193:inst4|24~_emulated ; 74193:inst4|26~_emulated ; UPclk        ; UPclk       ; 1.000        ; -5.136     ; 8.687      ;
; -12.821 ; 74193:inst4|23~_emulated ; 74193:inst1|25~_emulated ; UPclk        ; UPclk       ; 1.000        ; -6.602     ; 7.216      ;
; -12.817 ; 74193:inst1|25~1         ; 74193:inst1|24~_emulated ; UPclk        ; UPclk       ; 1.000        ; -3.495     ; 10.319     ;
; -12.787 ; 74193:inst1|23~_emulated ; 74193:inst1|26~_emulated ; rst          ; UPclk       ; 0.500        ; -5.173     ; 8.091      ;
; -12.779 ; 74193:inst4|24~1         ; 74193:inst1|24~_emulated ; UPclk        ; UPclk       ; 1.000        ; -5.198     ; 8.578      ;
; -12.751 ; 74193:inst4|23~_emulated ; 74193:inst1|26~_emulated ; UPclk        ; UPclk       ; 1.000        ; -6.920     ; 6.828      ;
; -12.735 ; 74193:inst4|25~1         ; 74193:inst1|24~_emulated ; UPclk        ; UPclk       ; 1.000        ; -5.229     ; 8.503      ;
; -12.692 ; 74193:inst4|23~_emulated ; 74193:inst1|25~_emulated ; rst          ; UPclk       ; 0.500        ; -5.953     ; 7.216      ;
; -12.683 ; 74193:inst1|26~1         ; 74193:inst1|23~_emulated ; UPclk        ; UPclk       ; 1.000        ; -2.533     ; 11.147     ;
; -12.622 ; 74193:inst4|23~_emulated ; 74193:inst1|26~_emulated ; rst          ; UPclk       ; 0.500        ; -6.271     ; 6.828      ;
; -12.604 ; 74193:inst4|25~_emulated ; 74193:inst4|23~_emulated ; UPclk        ; UPclk       ; 0.500        ; -4.056     ; 9.045      ;
; -12.546 ; 74193:inst4|25~_emulated ; 74193:inst4|26~_emulated ; rst          ; UPclk       ; 0.500        ; -4.539     ; 8.484      ;
; -12.511 ; 74193:inst4|25~_emulated ; 74193:inst4|24~_emulated ; UPclk        ; UPclk       ; 0.500        ; -4.438     ; 8.570      ;
; -12.472 ; 74193:inst4|26~_emulated ; 74193:inst4|23~_emulated ; UPclk        ; UPclk       ; 0.500        ; -3.997     ; 8.972      ;
; -12.459 ; 74193:inst4|26~1         ; 74193:inst1|23~_emulated ; UPclk        ; UPclk       ; 1.000        ; -4.064     ; 9.392      ;
; -12.459 ; 74193:inst4|26~_emulated ; 74193:inst4|25~_emulated ; UPclk        ; UPclk       ; 0.500        ; -4.482     ; 8.474      ;
; -12.436 ; 74193:inst4|24~_emulated ; 74193:inst4|23~_emulated ; rst          ; UPclk       ; 0.500        ; -3.655     ; 9.258      ;
; -12.435 ; 74193:inst1|23~_emulated ; 74193:inst4|26~_emulated ; rst          ; UPclk       ; 0.500        ; -3.947     ; 8.965      ;
; -12.424 ; 74193:inst4|24~_emulated ; 74193:inst4|25~_emulated ; rst          ; UPclk       ; 0.500        ; -4.140     ; 8.761      ;
; -12.421 ; 74193:inst1|24~1         ; 74193:inst1|23~_emulated ; rst          ; UPclk       ; 1.000        ; -1.981     ; 11.417     ;
; -12.418 ; 74193:inst4|26~_emulated ; 74193:inst1|25~_emulated ; rst          ; UPclk       ; 0.500        ; -4.955     ; 7.940      ;
; -12.405 ; 74193:inst4|24~_emulated ; 74193:inst4|23~_emulated ; UPclk        ; UPclk       ; 1.000        ; -4.144     ; 9.258      ;
; -12.393 ; 74193:inst4|24~_emulated ; 74193:inst4|25~_emulated ; UPclk        ; UPclk       ; 1.000        ; -4.629     ; 8.761      ;
; -12.391 ; 74193:inst1|25~_emulated ; 74193:inst1|26~_emulated ; rst          ; UPclk       ; 0.500        ; -3.270     ; 9.598      ;
; -12.381 ; 74193:inst4|24~1         ; 74193:inst1|25~_emulated ; UPclk        ; UPclk       ; 1.000        ; -5.094     ; 8.284      ;
; -12.379 ; 74193:inst4|26~_emulated ; 74193:inst4|24~_emulated ; UPclk        ; UPclk       ; 0.500        ; -4.379     ; 8.497      ;
; -12.377 ; 74193:inst4|23~_emulated ; 74193:inst4|26~_emulated ; UPclk        ; UPclk       ; 1.000        ; -5.678     ; 7.696      ;
; -12.377 ; 74193:inst1|26~1         ; 74193:inst1|24~_emulated ; UPclk        ; UPclk       ; 1.000        ; -3.500     ; 9.874      ;
; -12.376 ; 74193:inst1|23~1         ; 74193:inst1|25~_emulated ; UPclk        ; UPclk       ; 1.000        ; -4.939     ; 8.434      ;
; -12.348 ; 74193:inst4|26~_emulated ; 74193:inst1|26~_emulated ; rst          ; UPclk       ; 0.500        ; -5.273     ; 7.552      ;
; -12.337 ; 74193:inst4|25~1         ; 74193:inst1|25~_emulated ; UPclk        ; UPclk       ; 1.000        ; -5.125     ; 8.209      ;
; -12.315 ; 74193:inst1|23~1         ; 74193:inst1|26~_emulated ; UPclk        ; UPclk       ; 1.000        ; -5.257     ; 8.055      ;
; -12.311 ; 74193:inst4|24~1         ; 74193:inst1|26~_emulated ; UPclk        ; UPclk       ; 1.000        ; -5.412     ; 7.896      ;
; -12.305 ; 74193:inst1|25~1         ; 74193:inst1|26~_emulated ; UPclk        ; UPclk       ; 1.000        ; -3.709     ; 9.593      ;
; -12.267 ; 74193:inst4|25~1         ; 74193:inst1|26~_emulated ; UPclk        ; UPclk       ; 1.000        ; -5.443     ; 7.821      ;
+---------+--------------------------+--------------------------+--------------+-------------+--------------+------------+------------+


+-------------------------------------------------------------------------------------------------------------------------------------+
; Slow 1200mV 125C Model Setup: 'rst'                                                                                                 ;
+---------+--------------------------+--------------------------+--------------+-------------+--------------+------------+------------+
; Slack   ; From Node                ; To Node                  ; Launch Clock ; Latch Clock ; Relationship ; Clock Skew ; Data Delay ;
+---------+--------------------------+--------------------------+--------------+-------------+--------------+------------+------------+
; -12.908 ; 74193:inst1|25~_emulated ; 74193:inst1|23~_emulated ; UPclk        ; rst         ; 0.500        ; -1.770     ; 11.615     ;
; -12.776 ; 74193:inst1|24~_emulated ; 74193:inst1|23~_emulated ; UPclk        ; rst         ; 0.500        ; -1.646     ; 11.607     ;
; -12.697 ; 74193:inst1|24~_emulated ; 74193:inst1|23~_emulated ; UPclk        ; rst         ; 1.000        ; -2.067     ; 11.607     ;
; -12.449 ; 74193:inst1|25~_emulated ; 74193:inst1|24~_emulated ; UPclk        ; rst         ; 0.500        ; -2.584     ; 10.342     ;
; -12.297 ; 74193:inst1|24~_emulated ; 74193:inst1|25~_emulated ; UPclk        ; rst         ; 0.500        ; -2.805     ; 9.969      ;
; -12.199 ; 74193:inst1|24~1         ; 74193:inst1|23~_emulated ; UPclk        ; rst         ; 0.500        ; -1.259     ; 11.417     ;
; -12.125 ; 74193:inst1|25~_emulated ; 74193:inst4|24~_emulated ; UPclk        ; rst         ; 0.500        ; -2.034     ; 10.568     ;
; -12.120 ; 74193:inst1|24~1         ; 74193:inst1|23~_emulated ; UPclk        ; rst         ; 1.000        ; -1.680     ; 11.417     ;
; -12.105 ; 74193:inst1|24~_emulated ; 74193:inst4|26~_emulated ; UPclk        ; rst         ; 0.500        ; -2.118     ; 10.464     ;
; -12.086 ; 74193:inst1|24~_emulated ; 74193:inst4|25~_emulated ; UPclk        ; rst         ; 0.500        ; -2.061     ; 10.502     ;
; -12.052 ; 74193:inst1|24~_emulated ; 74193:inst4|23~_emulated ; UPclk        ; rst         ; 0.500        ; -1.494     ; 11.035     ;
; -11.987 ; 74193:inst1|25~_emulated ; 74193:inst1|23~_emulated ; UPclk        ; rst         ; 1.000        ; -1.349     ; 11.615     ;
; -11.982 ; 74193:inst1|25~_emulated ; 74193:inst4|23~_emulated ; UPclk        ; rst         ; 0.500        ; -1.416     ; 11.043     ;
; -11.914 ; 74193:inst1|24~_emulated ; 74193:inst4|24~_emulated ; UPclk        ; rst         ; 1.000        ; -2.331     ; 10.560     ;
; -11.771 ; 74193:inst1|24~_emulated ; 74193:inst4|23~_emulated ; UPclk        ; rst         ; 1.000        ; -1.713     ; 11.035     ;
; -11.757 ; 74193:inst1|24~1         ; 74193:inst1|25~_emulated ; UPclk        ; rst         ; 0.500        ; -2.418     ; 9.816      ;
; -11.686 ; 74193:inst4|25~_emulated ; 74193:inst1|23~_emulated ; UPclk        ; rst         ; 0.500        ; -2.537     ; 9.626      ;
; -11.676 ; 74193:inst1|23~_emulated ; 74193:inst1|25~_emulated ; UPclk        ; rst         ; 0.500        ; -3.683     ; 8.470      ;
; -11.617 ; 74193:inst1|23~_emulated ; 74193:inst1|24~_emulated ; UPclk        ; rst         ; 1.000        ; -3.759     ; 8.835      ;
; -11.557 ; 74193:inst4|24~_emulated ; 74193:inst1|23~_emulated ; UPclk        ; rst         ; 0.500        ; -2.204     ; 9.830      ;
; -11.547 ; 74193:inst1|24~1         ; 74193:inst4|25~_emulated ; UPclk        ; rst         ; 0.500        ; -1.674     ; 10.350     ;
; -11.545 ; 74193:inst4|26~_emulated ; 74193:inst1|23~_emulated ; UPclk        ; rst         ; 0.500        ; -2.478     ; 9.544      ;
; -11.528 ; 74193:inst1|24~1         ; 74193:inst4|26~_emulated ; UPclk        ; rst         ; 0.500        ; -1.731     ; 10.274     ;
; -11.507 ; 74193:inst1|24~_emulated ; 74193:inst4|24~_emulated ; UPclk        ; rst         ; 0.500        ; -1.424     ; 10.560     ;
; -11.484 ; 74193:inst1|23~_emulated ; 74193:inst4|26~_emulated ; UPclk        ; rst         ; 0.500        ; -2.996     ; 8.965      ;
; -11.478 ; 74193:inst4|24~_emulated ; 74193:inst1|23~_emulated ; UPclk        ; rst         ; 1.000        ; -2.625     ; 9.830      ;
; -11.475 ; 74193:inst1|24~1         ; 74193:inst4|23~_emulated ; UPclk        ; rst         ; 0.500        ; -1.107     ; 10.845     ;
; -11.465 ; 74193:inst1|23~_emulated ; 74193:inst4|25~_emulated ; UPclk        ; rst         ; 0.500        ; -2.939     ; 9.003      ;
; -11.431 ; 74193:inst1|23~_emulated ; 74193:inst4|23~_emulated ; UPclk        ; rst         ; 0.500        ; -2.372     ; 9.536      ;
; -11.367 ; 74193:inst4|24~_emulated ; 74193:inst1|23~_emulated ; rst          ; rst         ; 0.500        ; -2.034     ; 9.830      ;
; -11.337 ; 74193:inst1|24~1         ; 74193:inst4|24~_emulated ; UPclk        ; rst         ; 1.000        ; -1.944     ; 10.370     ;
; -11.316 ; 74193:inst1|25~_emulated ; 74193:inst4|26~_emulated ; UPclk        ; rst         ; 1.000        ; -1.821     ; 10.472     ;
; -11.297 ; 74193:inst1|25~_emulated ; 74193:inst4|25~_emulated ; UPclk        ; rst         ; 1.000        ; -1.764     ; 10.510     ;
; -11.293 ; 74193:inst1|23~_emulated ; 74193:inst4|24~_emulated ; UPclk        ; rst         ; 1.000        ; -3.209     ; 9.061      ;
; -11.263 ; 74193:inst1|25~_emulated ; 74193:inst4|23~_emulated ; UPclk        ; rst         ; 1.000        ; -1.197     ; 11.043     ;
; -11.218 ; 74193:inst4|25~_emulated ; 74193:inst1|24~_emulated ; UPclk        ; rst         ; 0.500        ; -3.351     ; 8.344      ;
; -11.194 ; 74193:inst1|24~1         ; 74193:inst4|23~_emulated ; UPclk        ; rst         ; 1.000        ; -1.326     ; 10.845     ;
; -11.150 ; 74193:inst1|23~_emulated ; 74193:inst4|23~_emulated ; UPclk        ; rst         ; 1.000        ; -2.591     ; 9.536      ;
; -11.113 ; 74193:inst4|24~_emulated ; 74193:inst1|25~_emulated ; UPclk        ; rst         ; 0.500        ; -3.363     ; 8.227      ;
; -11.108 ; 74193:inst4|23~_emulated ; 74193:inst1|23~_emulated ; UPclk        ; rst         ; 0.500        ; -2.746     ; 8.839      ;
; -11.086 ; 74193:inst4|26~_emulated ; 74193:inst1|24~_emulated ; UPclk        ; rst         ; 0.500        ; -3.292     ; 8.271      ;
; -11.055 ; 74193:inst4|25~_emulated ; 74193:inst1|23~_emulated ; rst          ; rst         ; 0.500        ; -1.926     ; 9.626      ;
; -11.029 ; 74193:inst4|23~_emulated ; 74193:inst1|23~_emulated ; UPclk        ; rst         ; 1.000        ; -3.167     ; 8.839      ;
; -11.019 ; 74193:inst4|24~_emulated ; 74193:inst1|24~_emulated ; UPclk        ; rst         ; 1.000        ; -3.439     ; 8.557      ;
; -10.930 ; 74193:inst1|24~1         ; 74193:inst4|24~_emulated ; UPclk        ; rst         ; 0.500        ; -1.037     ; 10.370     ;
; -10.908 ; 74193:inst4|24~_emulated ; 74193:inst1|24~_emulated ; rst          ; rst         ; 0.500        ; -2.848     ; 8.557      ;
; -10.903 ; 74193:inst4|24~_emulated ; 74193:inst4|25~_emulated ; UPclk        ; rst         ; 0.500        ; -2.619     ; 8.761      ;
; -10.894 ; 74193:inst4|25~_emulated ; 74193:inst4|24~_emulated ; UPclk        ; rst         ; 0.500        ; -2.801     ; 8.570      ;
; -10.886 ; 74193:inst4|24~_emulated ; 74193:inst4|26~_emulated ; UPclk        ; rst         ; 0.500        ; -2.676     ; 8.687      ;
; -10.886 ; 74193:inst1|23~_emulated ; 74193:inst4|24~_emulated ; UPclk        ; rst         ; 0.500        ; -2.302     ; 9.061      ;
; -10.833 ; 74193:inst4|24~_emulated ; 74193:inst4|23~_emulated ; UPclk        ; rst         ; 0.500        ; -2.052     ; 9.258      ;
; -10.774 ; 74193:inst4|23~_emulated ; 74193:inst1|23~_emulated ; rst          ; rst         ; 0.500        ; -2.432     ; 8.839      ;
; -10.765 ; 74193:inst4|25~_emulated ; 74193:inst1|23~_emulated ; UPclk        ; rst         ; 1.000        ; -2.116     ; 9.626      ;
; -10.762 ; 74193:inst4|26~_emulated ; 74193:inst4|24~_emulated ; UPclk        ; rst         ; 0.500        ; -2.742     ; 8.497      ;
; -10.751 ; 74193:inst4|25~_emulated ; 74193:inst4|23~_emulated ; UPclk        ; rst         ; 0.500        ; -2.183     ; 9.045      ;
; -10.718 ; 74193:inst1|25~_emulated ; 74193:inst4|24~_emulated ; UPclk        ; rst         ; 1.000        ; -1.127     ; 10.568     ;
; -10.650 ; 74193:inst1|25~1         ; 74193:inst1|23~_emulated ; UPclk        ; rst         ; 0.500        ; 0.465      ; 11.592     ;
; -10.644 ; 74193:inst4|23~_emulated ; 74193:inst1|25~_emulated ; UPclk        ; rst         ; 0.500        ; -3.905     ; 7.216      ;
; -10.642 ; 74193:inst4|24~1         ; 74193:inst1|23~_emulated ; UPclk        ; rst         ; 0.500        ; -1.238     ; 9.881      ;
; -10.624 ; 74193:inst4|26~_emulated ; 74193:inst1|23~_emulated ; UPclk        ; rst         ; 1.000        ; -2.057     ; 9.544      ;
; -10.619 ; 74193:inst4|26~_emulated ; 74193:inst4|23~_emulated ; UPclk        ; rst         ; 0.500        ; -2.124     ; 8.972      ;
; -10.598 ; 74193:inst4|25~1         ; 74193:inst1|23~_emulated ; UPclk        ; rst         ; 0.500        ; -1.269     ; 9.806      ;
; -10.587 ; 74193:inst4|25~_emulated ; 74193:inst1|24~_emulated ; rst          ; rst         ; 0.500        ; -2.740     ; 8.344      ;
; -10.571 ; 74193:inst1|25~1         ; 74193:inst1|23~_emulated ; UPclk        ; rst         ; 1.000        ; 0.044      ; 11.592     ;
; -10.570 ; 74193:inst4|23~_emulated ; 74193:inst1|24~_emulated ; UPclk        ; rst         ; 1.000        ; -3.981     ; 7.566      ;
; -10.563 ; 74193:inst4|24~1         ; 74193:inst1|23~_emulated ; UPclk        ; rst         ; 1.000        ; -1.659     ; 9.881      ;
; -10.552 ; 74193:inst4|24~_emulated ; 74193:inst4|23~_emulated ; UPclk        ; rst         ; 1.000        ; -2.271     ; 9.258      ;
; -10.549 ; 74193:inst1|25~_emulated ; 74193:inst1|23~_emulated ; rst          ; rst         ; 0.500        ; 0.569      ; 11.615     ;
; -10.519 ; 74193:inst4|25~1         ; 74193:inst1|23~_emulated ; UPclk        ; rst         ; 1.000        ; -1.690     ; 9.806      ;
; -10.486 ; 74193:inst1|23~_emulated ; 74193:inst1|24~_emulated ; rst          ; rst         ; 0.500        ; -2.148     ; 8.835      ;
; -10.481 ; 74193:inst4|26~_emulated ; 74193:inst1|23~_emulated ; rst          ; rst         ; 0.500        ; -1.434     ; 9.544      ;
; -10.441 ; 74193:inst4|24~_emulated ; 74193:inst4|23~_emulated ; rst          ; rst         ; 0.500        ; -1.680     ; 9.258      ;
; -10.441 ; 74193:inst4|24~_emulated ; 74193:inst1|23~_emulated ; rst          ; rst         ; 1.000        ; -1.608     ; 9.830      ;
; -10.437 ; 74193:inst4|23~_emulated ; 74193:inst4|26~_emulated ; UPclk        ; rst         ; 0.500        ; -3.218     ; 7.696      ;
; -10.434 ; 74193:inst4|23~_emulated ; 74193:inst4|25~_emulated ; UPclk        ; rst         ; 0.500        ; -3.161     ; 7.750      ;
; -10.383 ; 74193:inst1|24~_emulated ; 74193:inst1|23~_emulated ; rst          ; rst         ; 0.500        ; 0.727      ; 11.607     ;
; -10.327 ; 74193:inst4|25~_emulated ; 74193:inst1|25~_emulated ; UPclk        ; rst         ; 1.000        ; -3.275     ; 8.029      ;
; -10.315 ; 74193:inst4|23~_emulated ; 74193:inst1|24~_emulated ; rst          ; rst         ; 0.500        ; -3.246     ; 7.566      ;
; -10.304 ; 74193:inst1|24~_emulated ; 74193:inst1|23~_emulated ; rst          ; rst         ; 1.000        ; 0.306      ; 11.607     ;
; -10.263 ; 74193:inst4|25~_emulated ; 74193:inst4|24~_emulated ; rst          ; rst         ; 0.500        ; -2.190     ; 8.570      ;
; -10.246 ; 74193:inst4|23~_emulated ; 74193:inst4|24~_emulated ; UPclk        ; rst         ; 1.000        ; -3.431     ; 7.792      ;
; -10.210 ; 74193:inst1|26~1         ; 74193:inst1|23~_emulated ; UPclk        ; rst         ; 0.500        ; 0.460      ; 11.147     ;
; -10.204 ; 74193:inst4|24~1         ; 74193:inst1|25~_emulated ; UPclk        ; rst         ; 0.500        ; -2.397     ; 8.284      ;
; -10.199 ; 74193:inst1|23~1         ; 74193:inst1|25~_emulated ; UPclk        ; rst         ; 0.500        ; -2.242     ; 8.434      ;
; -10.179 ; 74193:inst4|26~_emulated ; 74193:inst1|25~_emulated ; UPclk        ; rst         ; 1.000        ; -3.216     ; 7.940      ;
; -10.162 ; 74193:inst1|23~_emulated ; 74193:inst4|24~_emulated ; rst          ; rst         ; 0.500        ; -1.598     ; 9.061      ;
; -10.160 ; 74193:inst4|25~1         ; 74193:inst1|25~_emulated ; UPclk        ; rst         ; 0.500        ; -2.428     ; 8.209      ;
; -10.140 ; 74193:inst1|23~1         ; 74193:inst1|24~_emulated ; UPclk        ; rst         ; 1.000        ; -2.318     ; 8.799      ;
; -10.131 ; 74193:inst1|26~1         ; 74193:inst1|23~_emulated ; UPclk        ; rst         ; 1.000        ; 0.039      ; 11.147     ;
; -10.129 ; 74193:inst4|25~_emulated ; 74193:inst1|23~_emulated ; rst          ; rst         ; 1.000        ; -1.500     ; 9.626      ;
; -10.120 ; 74193:inst4|25~_emulated ; 74193:inst4|23~_emulated ; rst          ; rst         ; 0.500        ; -1.572     ; 9.045      ;
; -10.112 ; 74193:inst1|25~1         ; 74193:inst1|24~_emulated ; UPclk        ; rst         ; 1.000        ; -0.770     ; 10.319     ;
; -10.095 ; 74193:inst4|25~_emulated ; 74193:inst4|26~_emulated ; UPclk        ; rst         ; 1.000        ; -2.588     ; 8.484      ;
; -10.090 ; 74193:inst1|25~_emulated ; 74193:inst1|24~_emulated ; rst          ; rst         ; 0.500        ; -0.245     ; 10.342     ;
; -10.074 ; 74193:inst4|24~1         ; 74193:inst1|24~_emulated ; UPclk        ; rst         ; 1.000        ; -2.473     ; 8.578      ;
; -10.032 ; 74193:inst4|25~_emulated ; 74193:inst4|23~_emulated ; UPclk        ; rst         ; 1.000        ; -1.964     ; 9.045      ;
; -10.030 ; 74193:inst4|25~1         ; 74193:inst1|24~_emulated ; UPclk        ; rst         ; 1.000        ; -2.504     ; 8.503      ;
; -10.022 ; 74193:inst4|26~_emulated ; 74193:inst1|24~_emulated ; rst          ; rst         ; 0.500        ; -2.248     ; 8.271      ;
; -10.019 ; 74193:inst1|23~_emulated ; 74193:inst4|23~_emulated ; rst          ; rst         ; 0.500        ; -0.980     ; 9.536      ;
; -10.007 ; 74193:inst1|23~1         ; 74193:inst4|26~_emulated ; UPclk        ; rst         ; 0.500        ; -1.555     ; 8.929      ;
+---------+--------------------------+--------------------------+--------------+-------------+--------------+------------+------------+


+-----------------------------------------------------------------------------------------------------------------------------------------+
; Slow 1200mV 125C Model Hold: 'UPclk'                                                                                                    ;
+--------+---------------------------+------------------------------+--------------+-------------+--------------+------------+------------+
; Slack  ; From Node                 ; To Node                      ; Launch Clock ; Latch Clock ; Relationship ; Clock Skew ; Data Delay ;
+--------+---------------------------+------------------------------+--------------+-------------+--------------+------------+------------+
; -3.255 ; 74193:inst4|23~1          ; 74193:inst4|23~_emulated     ; rst          ; UPclk       ; 0.000        ; 4.133      ; 1.107      ;
; -3.082 ; 74193:inst4|24~1          ; 74193:inst4|24~_emulated     ; rst          ; UPclk       ; 0.000        ; 3.443      ; 0.590      ;
; -2.631 ; 74193:inst4|26~1          ; 74193:inst4|26~_emulated     ; rst          ; UPclk       ; -0.500       ; 3.457      ; 0.555      ;
; -2.489 ; 74193:inst1|24~1          ; 74193:inst1|24~_emulated     ; rst          ; UPclk       ; 0.000        ; 2.865      ; 0.605      ;
; -2.479 ; 74193:inst1|23~1          ; 74193:inst1|23~_emulated     ; rst          ; UPclk       ; 0.000        ; 3.912      ; 1.662      ;
; -2.460 ; 74193:inst4|25~1          ; 74193:inst4|25~_emulated     ; rst          ; UPclk       ; -0.500       ; 3.325      ; 0.594      ;
; -1.742 ; 74193:inst1|24~_emulated  ; 74193:inst1|24~_emulated     ; UPclk        ; UPclk       ; 0.000        ; 5.606      ; 4.053      ;
; -1.710 ; 74193:inst1|25~1          ; 74193:inst1|25~_emulated     ; rst          ; UPclk       ; -0.500       ; 4.222      ; 2.241      ;
; -1.478 ; rst                       ; 74193:inst4|23~_emulated     ; rst          ; UPclk       ; 0.000        ; 8.939      ; 7.690      ;
; -1.271 ; rst                       ; 74193:inst4|24~_emulated     ; rst          ; UPclk       ; 0.000        ; 8.397      ; 7.355      ;
; -1.092 ; 74193:inst1|25~_emulated  ; 74193:inst1|25~_emulated     ; UPclk        ; UPclk       ; -0.500       ; 5.205      ; 3.822      ;
; -1.018 ; rst                       ; 74193:inst4|26~_emulated     ; rst          ; UPclk       ; 0.000        ; 8.250      ; 7.461      ;
; -1.014 ; 74193:inst4|26~_emulated  ; 74193:inst4|26~_emulated     ; UPclk        ; UPclk       ; -0.500       ; 4.989      ; 3.684      ;
; -0.994 ; 74193:inst4|23~1          ; 74193:inst4|23~_emulated     ; UPclk        ; UPclk       ; 0.000        ; 1.912      ; 1.107      ;
; -0.986 ; rst                       ; 74193:inst4|25~_emulated     ; rst          ; UPclk       ; 0.000        ; 8.309      ; 7.552      ;
; -0.887 ; rst                       ; 74193:inst1|24~_emulated     ; rst          ; UPclk       ; 0.000        ; 7.839      ; 7.181      ;
; -0.860 ; 74193:inst1|23~_emulated  ; 74193:inst1|23~_emulated     ; UPclk        ; UPclk       ; 0.000        ; 5.517      ; 4.846      ;
; -0.821 ; 74193:inst4|24~1          ; 74193:inst4|24~_emulated     ; UPclk        ; UPclk       ; 0.000        ; 1.222      ; 0.590      ;
; -0.767 ; rst                       ; 74193:inst4|26~_emulated     ; rst          ; UPclk       ; -0.500       ; 8.250      ; 7.212      ;
; -0.764 ; rst                       ; 74193:inst1|25~_emulated     ; rst          ; UPclk       ; 0.000        ; 7.542      ; 7.007      ;
; -0.738 ; 74193:inst4|24~_emulated  ; 74193:inst4|24~_emulated     ; UPclk        ; UPclk       ; 0.000        ; 4.526      ; 3.977      ;
; -0.733 ; rst                       ; 74193:inst4|25~_emulated     ; rst          ; UPclk       ; -0.500       ; 8.309      ; 7.305      ;
; -0.711 ; rst                       ; 74193:inst4|23~_emulated     ; rst          ; UPclk       ; -0.500       ; 8.939      ; 7.957      ;
; -0.688 ; 74193:inst4|23~_emulated  ; 74193:inst4|23~_emulated     ; UPclk        ; UPclk       ; 0.000        ; 4.686      ; 4.187      ;
; -0.576 ; rst                       ; 74193:inst1|23~_emulated     ; rst          ; UPclk       ; 0.000        ; 8.717      ; 8.370      ;
; -0.521 ; rst                       ; 74193:inst4|24~_emulated     ; rst          ; UPclk       ; -0.500       ; 8.397      ; 7.605      ;
; -0.511 ; rst                       ; 74193:inst1|25~_emulated     ; rst          ; UPclk       ; -0.500       ; 7.542      ; 6.760      ;
; -0.475 ; 74193:inst4|25~_emulated  ; 74193:inst4|25~_emulated     ; UPclk        ; UPclk       ; -0.500       ; 4.541      ; 3.775      ;
; -0.390 ; 74193:inst4|26~1          ; 74193:inst4|26~_emulated     ; UPclk        ; UPclk       ; -0.500       ; 1.236      ; 0.555      ;
; -0.244 ; 74193:inst1|24~1          ; 74193:inst1|24~_emulated     ; UPclk        ; UPclk       ; 0.000        ; 0.660      ; 0.605      ;
; -0.219 ; 74193:inst4|25~1          ; 74193:inst4|25~_emulated     ; UPclk        ; UPclk       ; -0.500       ; 1.104      ; 0.594      ;
; -0.218 ; 74193:inst1|23~1          ; 74193:inst1|23~_emulated     ; UPclk        ; UPclk       ; 0.000        ; 1.691      ; 1.662      ;
; -0.106 ; rst                       ; 74193:inst1|24~_emulated     ; rst          ; UPclk       ; -0.500       ; 7.839      ; 7.462      ;
; 0.174  ; rst                       ; 74193:inst1|23~_emulated     ; rst          ; UPclk       ; -0.500       ; 8.717      ; 8.620      ;
; 0.531  ; 74193:inst1|25~1          ; 74193:inst1|25~_emulated     ; UPclk        ; UPclk       ; -0.500       ; 2.001      ; 2.241      ;
; 0.590  ; display:inst5|duration[7] ; display:inst5|duration[7]    ; UPclk        ; UPclk       ; 0.000        ; 0.091      ; 0.870      ;
; 0.663  ; display:inst5|duration[5] ; display:inst5|duration[5]    ; UPclk        ; UPclk       ; 0.000        ; 0.091      ; 0.943      ;
; 0.665  ; display:inst5|duration[3] ; display:inst5|duration[3]    ; UPclk        ; UPclk       ; 0.000        ; 0.091      ; 0.945      ;
; 0.666  ; display:inst5|duration[1] ; display:inst5|duration[1]    ; UPclk        ; UPclk       ; 0.000        ; 0.091      ; 0.946      ;
; 0.667  ; display:inst5|duration[6] ; display:inst5|duration[6]    ; UPclk        ; UPclk       ; 0.000        ; 0.091      ; 0.947      ;
; 0.668  ; display:inst5|duration[4] ; display:inst5|duration[4]    ; UPclk        ; UPclk       ; 0.000        ; 0.091      ; 0.948      ;
; 0.669  ; display:inst5|duration[2] ; display:inst5|duration[2]    ; UPclk        ; UPclk       ; 0.000        ; 0.091      ; 0.949      ;
; 0.767  ; UPclk                     ; 74193:inst4|23~_emulated     ; UPclk        ; UPclk       ; 0.000        ; 8.939      ; 9.895      ;
; 0.845  ; 7474:inst|9               ; 7474:inst|9                  ; UPclk        ; UPclk       ; 0.000        ; 0.199      ; 1.233      ;
; 0.859  ; 74193:inst4|24~_emulated  ; 74193:inst4|24~_emulated     ; rst          ; UPclk       ; 0.000        ; 2.889      ; 3.977      ;
; 0.926  ; 74193:inst4|26~_emulated  ; 74193:inst4|26~_emulated     ; rst          ; UPclk       ; 0.000        ; 2.529      ; 3.684      ;
; 0.943  ; 74193:inst1|24~_emulated  ; 74193:inst1|24~_emulated     ; rst          ; UPclk       ; 0.000        ; 2.881      ; 4.053      ;
; 0.974  ; UPclk                     ; 74193:inst4|24~_emulated     ; UPclk        ; UPclk       ; 0.000        ; 8.397      ; 9.560      ;
; 0.990  ; display:inst5|duration[5] ; display:inst5|duration[6]    ; UPclk        ; UPclk       ; 0.000        ; 0.091      ; 1.270      ;
; 0.993  ; display:inst5|duration[3] ; display:inst5|duration[4]    ; UPclk        ; UPclk       ; 0.000        ; 0.091      ; 1.273      ;
; 0.994  ; display:inst5|duration[1] ; display:inst5|duration[2]    ; UPclk        ; UPclk       ; 0.000        ; 0.091      ; 1.274      ;
; 1.002  ; display:inst5|duration[3] ; display:inst5|oldduration[3] ; UPclk        ; UPclk       ; 0.000        ; -0.306     ; 0.885      ;
; 1.004  ; display:inst5|duration[5] ; display:inst5|oldduration[5] ; UPclk        ; UPclk       ; 0.000        ; -0.306     ; 0.887      ;
; 1.005  ; display:inst5|enable      ; display:inst5|enable         ; UPclk        ; UPclk       ; 0.000        ; 0.091      ; 1.285      ;
; 1.014  ; display:inst5|duration[6] ; display:inst5|duration[7]    ; UPclk        ; UPclk       ; 0.000        ; 0.091      ; 1.294      ;
; 1.015  ; display:inst5|duration[4] ; display:inst5|duration[5]    ; UPclk        ; UPclk       ; 0.000        ; 0.091      ; 1.295      ;
; 1.015  ; display:inst5|duration[0] ; display:inst5|duration[1]    ; UPclk        ; UPclk       ; 0.000        ; 0.091      ; 1.295      ;
; 1.015  ; 74193:inst4|25~_emulated  ; 74193:inst4|25~_emulated     ; rst          ; UPclk       ; 0.000        ; 2.531      ; 3.775      ;
; 1.016  ; display:inst5|duration[2] ; display:inst5|duration[3]    ; UPclk        ; UPclk       ; 0.000        ; 0.091      ; 1.296      ;
; 1.016  ; display:inst5|duration[4] ; display:inst5|duration[6]    ; UPclk        ; UPclk       ; 0.000        ; 0.091      ; 1.296      ;
; 1.016  ; display:inst5|duration[0] ; display:inst5|duration[2]    ; UPclk        ; UPclk       ; 0.000        ; 0.091      ; 1.296      ;
; 1.017  ; display:inst5|duration[2] ; display:inst5|duration[4]    ; UPclk        ; UPclk       ; 0.000        ; 0.091      ; 1.297      ;
; 1.018  ; display:inst5|oldpsi      ; display:inst5|enable         ; UPclk        ; UPclk       ; 0.000        ; 0.091      ; 1.298      ;
; 1.022  ; display:inst5|duration[0] ; display:inst5|oldduration[0] ; UPclk        ; UPclk       ; 0.000        ; -0.306     ; 0.905      ;
; 1.029  ; display:inst5|duration[4] ; display:inst5|oldduration[4] ; UPclk        ; UPclk       ; 0.000        ; -0.306     ; 0.912      ;
; 1.045  ; display:inst5|duration[0] ; display:inst5|duration[0]    ; UPclk        ; UPclk       ; 0.000        ; 0.091      ; 1.325      ;
; 1.085  ; 74193:inst1|25~_emulated  ; 74193:inst1|25~_emulated     ; rst          ; UPclk       ; 0.000        ; 2.508      ; 3.822      ;
; 1.123  ; display:inst5|duration[5] ; display:inst5|duration[7]    ; UPclk        ; UPclk       ; 0.000        ; 0.091      ; 1.403      ;
; 1.126  ; display:inst5|duration[3] ; display:inst5|duration[5]    ; UPclk        ; UPclk       ; 0.000        ; 0.091      ; 1.406      ;
; 1.127  ; display:inst5|duration[1] ; display:inst5|duration[3]    ; UPclk        ; UPclk       ; 0.000        ; 0.091      ; 1.407      ;
; 1.127  ; display:inst5|duration[3] ; display:inst5|duration[6]    ; UPclk        ; UPclk       ; 0.000        ; 0.091      ; 1.407      ;
; 1.128  ; display:inst5|duration[1] ; display:inst5|duration[4]    ; UPclk        ; UPclk       ; 0.000        ; 0.091      ; 1.408      ;
; 1.137  ; display:inst5|oldpsi      ; display:inst5|duration[7]    ; UPclk        ; UPclk       ; 0.000        ; 0.092      ; 1.418      ;
; 1.137  ; display:inst5|oldpsi      ; display:inst5|duration[6]    ; UPclk        ; UPclk       ; 0.000        ; 0.092      ; 1.418      ;
; 1.137  ; display:inst5|oldpsi      ; display:inst5|duration[5]    ; UPclk        ; UPclk       ; 0.000        ; 0.092      ; 1.418      ;
; 1.137  ; display:inst5|oldpsi      ; display:inst5|duration[4]    ; UPclk        ; UPclk       ; 0.000        ; 0.092      ; 1.418      ;
; 1.137  ; display:inst5|oldpsi      ; display:inst5|duration[3]    ; UPclk        ; UPclk       ; 0.000        ; 0.092      ; 1.418      ;
; 1.137  ; display:inst5|oldpsi      ; display:inst5|duration[2]    ; UPclk        ; UPclk       ; 0.000        ; 0.092      ; 1.418      ;
; 1.137  ; display:inst5|oldpsi      ; display:inst5|duration[1]    ; UPclk        ; UPclk       ; 0.000        ; 0.092      ; 1.418      ;
; 1.137  ; display:inst5|oldpsi      ; display:inst5|duration[0]    ; UPclk        ; UPclk       ; 0.000        ; 0.092      ; 1.418      ;
; 1.144  ; display:inst5|duration[7] ; display:inst5|oldduration[7] ; UPclk        ; UPclk       ; 0.000        ; -0.306     ; 1.027      ;
; 1.145  ; 74193:inst4|23~_emulated  ; 74193:inst4|23~_emulated     ; rst          ; UPclk       ; 0.000        ; 2.813      ; 4.187      ;
; 1.149  ; display:inst5|duration[4] ; display:inst5|duration[7]    ; UPclk        ; UPclk       ; 0.000        ; 0.091      ; 1.429      ;
; 1.149  ; display:inst5|duration[0] ; display:inst5|duration[3]    ; UPclk        ; UPclk       ; 0.000        ; 0.091      ; 1.429      ;
; 1.150  ; display:inst5|duration[2] ; display:inst5|duration[5]    ; UPclk        ; UPclk       ; 0.000        ; 0.091      ; 1.430      ;
; 1.150  ; display:inst5|duration[0] ; display:inst5|duration[4]    ; UPclk        ; UPclk       ; 0.000        ; 0.091      ; 1.430      ;
; 1.151  ; display:inst5|duration[2] ; display:inst5|duration[6]    ; UPclk        ; UPclk       ; 0.000        ; 0.091      ; 1.431      ;
; 1.164  ; display:inst5|duration[2] ; display:inst5|oldduration[2] ; UPclk        ; UPclk       ; 0.000        ; -0.306     ; 1.047      ;
; 1.193  ; UPclk                     ; 74193:inst4|26~_emulated     ; UPclk        ; UPclk       ; 0.000        ; 8.250      ; 9.632      ;
; 1.225  ; UPclk                     ; 74193:inst4|25~_emulated     ; UPclk        ; UPclk       ; 0.000        ; 8.309      ; 9.723      ;
; 1.260  ; display:inst5|duration[3] ; display:inst5|duration[7]    ; UPclk        ; UPclk       ; 0.000        ; 0.091      ; 1.540      ;
; 1.261  ; display:inst5|duration[1] ; display:inst5|duration[5]    ; UPclk        ; UPclk       ; 0.000        ; 0.091      ; 1.541      ;
; 1.262  ; display:inst5|duration[1] ; display:inst5|duration[6]    ; UPclk        ; UPclk       ; 0.000        ; 0.091      ; 1.542      ;
; 1.283  ; display:inst5|duration[0] ; display:inst5|duration[5]    ; UPclk        ; UPclk       ; 0.000        ; 0.091      ; 1.563      ;
; 1.284  ; display:inst5|duration[2] ; display:inst5|duration[7]    ; UPclk        ; UPclk       ; 0.000        ; 0.091      ; 1.564      ;
; 1.284  ; display:inst5|duration[0] ; display:inst5|duration[6]    ; UPclk        ; UPclk       ; 0.000        ; 0.091      ; 1.564      ;
; 1.358  ; UPclk                     ; 74193:inst1|24~_emulated     ; UPclk        ; UPclk       ; 0.000        ; 7.839      ; 9.386      ;
; 1.382  ; display:inst5|duration[1] ; display:inst5|oldduration[1] ; UPclk        ; UPclk       ; 0.000        ; -0.306     ; 1.265      ;
; 1.395  ; display:inst5|duration[1] ; display:inst5|duration[7]    ; UPclk        ; UPclk       ; 0.000        ; 0.091      ; 1.675      ;
; 1.404  ; display:inst5|duration[6] ; display:inst5|oldduration[6] ; UPclk        ; UPclk       ; 0.000        ; -0.306     ; 1.287      ;
+--------+---------------------------+------------------------------+--------------+-------------+--------------+------------+------------+


+------------------------------------------------------------------------------------------------------------------------------------+
; Slow 1200mV 125C Model Hold: 'rst'                                                                                                 ;
+--------+--------------------------+--------------------------+--------------+-------------+--------------+------------+------------+
; Slack  ; From Node                ; To Node                  ; Launch Clock ; Latch Clock ; Relationship ; Clock Skew ; Data Delay ;
+--------+--------------------------+--------------------------+--------------+-------------+--------------+------------+------------+
; -2.839 ; 7474:inst|9              ; 7474:inst|9              ; UPclk        ; rst         ; 0.000        ; 3.843      ; 1.233      ;
; -2.000 ; 74193:inst4|23~1         ; 74193:inst4|23~_emulated ; rst          ; rst         ; -0.500       ; 3.398      ; 1.107      ;
; -1.971 ; 74193:inst4|24~1         ; 74193:inst4|24~_emulated ; rst          ; rst         ; -0.500       ; 2.852      ; 0.590      ;
; -1.829 ; 74193:inst4|25~1         ; 74193:inst4|25~_emulated ; rst          ; rst         ; -0.500       ; 2.714      ; 0.594      ;
; -1.573 ; 7474:inst|9              ; 7474:inst|9              ; rst          ; rst         ; 0.000        ; 2.617      ; 1.233      ;
; -1.567 ; 74193:inst4|26~1         ; 74193:inst4|26~_emulated ; rst          ; rst         ; -0.500       ; 2.413      ; 0.555      ;
; -0.842 ; 74193:inst4|23~1         ; 74193:inst4|23~_emulated ; rst          ; rst         ; 0.000        ; 1.760      ; 1.107      ;
; -0.669 ; 74193:inst4|24~1         ; 74193:inst4|24~_emulated ; rst          ; rst         ; 0.000        ; 1.070      ; 0.590      ;
; -0.522 ; rst                      ; 74193:inst4|23~_emulated ; rst          ; rst         ; 0.000        ; 8.290      ; 7.957      ;
; -0.476 ; rst                      ; 74193:inst4|24~_emulated ; rst          ; rst         ; 0.000        ; 7.892      ; 7.605      ;
; -0.421 ; rst                      ; 74193:inst4|25~_emulated ; rst          ; rst         ; 0.000        ; 7.784      ; 7.552      ;
; -0.348 ; 74193:inst1|23~1         ; 74193:inst1|23~_emulated ; rst          ; rst         ; -0.500       ; 2.301      ; 1.662      ;
; -0.309 ; rst                      ; 74193:inst4|23~_emulated ; rst          ; rst         ; -0.500       ; 8.290      ; 7.690      ;
; -0.246 ; rst                      ; 74193:inst4|24~_emulated ; rst          ; rst         ; -0.500       ; 7.892      ; 7.355      ;
; -0.188 ; rst                      ; 74193:inst4|25~_emulated ; rst          ; rst         ; -0.500       ; 7.784      ; 7.305      ;
; -0.092 ; 74193:inst4|26~_emulated ; 74193:inst4|26~_emulated ; UPclk        ; rst         ; -0.500       ; 4.047      ; 3.684      ;
; -0.076 ; 74193:inst1|24~1         ; 74193:inst1|24~_emulated ; rst          ; rst         ; 0.000        ; 0.492      ; 0.605      ;
; -0.066 ; 74193:inst1|23~1         ; 74193:inst1|23~_emulated ; rst          ; rst         ; 0.000        ; 1.539      ; 1.662      ;
; -0.020 ; rst                      ; 74193:inst4|26~_emulated ; rst          ; rst         ; 0.000        ; 7.292      ; 7.461      ;
; 0.014  ; 74193:inst4|25~_emulated ; 74193:inst4|25~_emulated ; UPclk        ; rst         ; -0.500       ; 4.032      ; 3.775      ;
; 0.099  ; 74193:inst4|23~1         ; 74193:inst4|23~_emulated ; UPclk        ; rst         ; -0.500       ; 1.279      ; 1.107      ;
; 0.128  ; 74193:inst4|24~1         ; 74193:inst4|24~_emulated ; UPclk        ; rst         ; -0.500       ; 0.733      ; 0.590      ;
; 0.211  ; 74193:inst4|24~_emulated ; 74193:inst4|24~_emulated ; UPclk        ; rst         ; -0.500       ; 4.037      ; 3.977      ;
; 0.211  ; rst                      ; 74193:inst4|26~_emulated ; rst          ; rst         ; -0.500       ; 7.292      ; 7.212      ;
; 0.270  ; 74193:inst4|25~1         ; 74193:inst4|25~_emulated ; UPclk        ; rst         ; -0.500       ; 0.595      ; 0.594      ;
; 0.405  ; 74193:inst4|23~_emulated ; 74193:inst4|23~_emulated ; UPclk        ; rst         ; -0.500       ; 4.053      ; 4.187      ;
; 0.505  ; 74193:inst1|24~_emulated ; 74193:inst1|24~_emulated ; UPclk        ; rst         ; 0.000        ; 3.319      ; 4.053      ;
; 0.532  ; 74193:inst4|26~1         ; 74193:inst4|26~_emulated ; UPclk        ; rst         ; -0.500       ; 0.294      ; 0.555      ;
; 0.649  ; 74193:inst1|25~1         ; 74193:inst1|25~_emulated ; rst          ; rst         ; -0.500       ; 1.883      ; 2.241      ;
; 0.849  ; rst                      ; 74193:inst4|23~_emulated ; rst          ; rst         ; 0.000        ; 6.652      ; 7.690      ;
; 1.056  ; rst                      ; 74193:inst4|24~_emulated ; rst          ; rst         ; 0.000        ; 6.110      ; 7.355      ;
; 1.109  ; 74193:inst1|23~_emulated ; 74193:inst1|23~_emulated ; UPclk        ; rst         ; -0.500       ; 4.008      ; 4.846      ;
; 1.141  ; 74193:inst1|25~_emulated ; 74193:inst1|25~_emulated ; UPclk        ; rst         ; -0.500       ; 2.952      ; 3.822      ;
; 1.237  ; 74193:inst4|23~1         ; 74193:inst4|23~_emulated ; UPclk        ; rst         ; 0.000        ; -0.359     ; 1.107      ;
; 1.239  ; rst                      ; 74193:inst1|23~_emulated ; rst          ; rst         ; 0.000        ; 7.192      ; 8.620      ;
; 1.371  ; 74193:inst1|23~_emulated ; 74193:inst1|23~_emulated ; UPclk        ; rst         ; 0.000        ; 3.246      ; 4.846      ;
; 1.410  ; 74193:inst4|24~1         ; 74193:inst4|24~_emulated ; UPclk        ; rst         ; 0.000        ; -1.049     ; 0.590      ;
; 1.440  ; rst                      ; 74193:inst1|24~_emulated ; rst          ; rst         ; 0.000        ; 5.552      ; 7.181      ;
; 1.469  ; rst                      ; 74193:inst1|23~_emulated ; rst          ; rst         ; -0.500       ; 7.192      ; 8.370      ;
; 1.493  ; 74193:inst4|24~_emulated ; 74193:inst4|24~_emulated ; UPclk        ; rst         ; 0.000        ; 2.255      ; 3.977      ;
; 1.529  ; rst                      ; 74193:inst1|25~_emulated ; rst          ; rst         ; 0.000        ; 5.289      ; 7.007      ;
; 1.543  ; 74193:inst4|23~_emulated ; 74193:inst4|23~_emulated ; UPclk        ; rst         ; 0.000        ; 2.415      ; 4.187      ;
; 1.596  ; rst                      ; 74193:inst4|23~_emulated ; rst          ; rst         ; -0.500       ; 6.652      ; 7.957      ;
; 1.609  ; UPclk                    ; 74193:inst4|23~_emulated ; UPclk        ; rst         ; 0.000        ; 8.290      ; 10.128     ;
; 1.655  ; UPclk                    ; 74193:inst4|24~_emulated ; UPclk        ; rst         ; 0.000        ; 7.892      ; 9.776      ;
; 1.671  ; 74193:inst4|25~_emulated ; 74193:inst4|25~_emulated ; rst          ; rst         ; 0.000        ; 1.915      ; 3.775      ;
; 1.710  ; UPclk                    ; 74193:inst4|25~_emulated ; UPclk        ; rst         ; 0.000        ; 7.784      ; 9.723      ;
; 1.751  ; rst                      ; 74193:inst1|23~_emulated ; rst          ; rst         ; 0.000        ; 6.430      ; 8.370      ;
; 1.751  ; 74193:inst1|23~1         ; 74193:inst1|23~_emulated ; UPclk        ; rst         ; -0.500       ; 0.182      ; 1.662      ;
; 1.762  ; rst                      ; 74193:inst1|25~_emulated ; rst          ; rst         ; -0.500       ; 5.289      ; 6.760      ;
; 1.786  ; rst                      ; 74193:inst4|24~_emulated ; rst          ; rst         ; -0.500       ; 6.110      ; 7.605      ;
; 1.876  ; UPclk                    ; 74193:inst4|23~_emulated ; UPclk        ; rst         ; -0.500       ; 8.290      ; 9.895      ;
; 1.939  ; UPclk                    ; 74193:inst4|24~_emulated ; UPclk        ; rst         ; -0.500       ; 7.892      ; 9.560      ;
; 1.970  ; 74193:inst4|24~_emulated ; 74193:inst4|24~_emulated ; rst          ; rst         ; -0.500       ; 2.298      ; 3.977      ;
; 1.997  ; UPclk                    ; 74193:inst4|25~_emulated ; UPclk        ; rst         ; -0.500       ; 7.784      ; 9.510      ;
; 2.003  ; 74193:inst1|24~1         ; 74193:inst1|24~_emulated ; UPclk        ; rst         ; 0.000        ; -1.627     ; 0.605      ;
; 2.013  ; 74193:inst1|23~1         ; 74193:inst1|23~_emulated ; UPclk        ; rst         ; 0.000        ; -0.580     ; 1.662      ;
; 2.015  ; 74193:inst4|26~_emulated ; 74193:inst4|26~_emulated ; rst          ; rst         ; 0.000        ; 1.480      ; 3.684      ;
; 2.111  ; UPclk                    ; 74193:inst4|26~_emulated ; UPclk        ; rst         ; 0.000        ; 7.292      ; 9.632      ;
; 2.144  ; 74193:inst4|23~_emulated ; 74193:inst4|23~_emulated ; rst          ; rst         ; 0.000        ; 1.854      ; 4.187      ;
; 2.201  ; rst                      ; 74193:inst1|24~_emulated ; rst          ; rst         ; -0.500       ; 5.552      ; 7.462      ;
; 2.396  ; UPclk                    ; 74193:inst4|26~_emulated ; UPclk        ; rst         ; -0.500       ; 7.292      ; 9.417      ;
; 2.400  ; 74193:inst4|23~_emulated ; 74193:inst4|23~_emulated ; rst          ; rst         ; -0.500       ; 2.078      ; 4.187      ;
; 2.481  ; rst                      ; 74193:inst1|23~_emulated ; rst          ; rst         ; -0.500       ; 6.430      ; 8.620      ;
; 2.748  ; 74193:inst1|25~1         ; 74193:inst1|25~_emulated ; UPclk        ; rst         ; -0.500       ; -0.236     ; 2.241      ;
; 3.014  ; UPclk                    ; 74193:inst4|23~_emulated ; UPclk        ; rst         ; 0.000        ; 6.652      ; 9.895      ;
; 3.221  ; UPclk                    ; 74193:inst4|24~_emulated ; UPclk        ; rst         ; 0.000        ; 6.110      ; 9.560      ;
; 3.272  ; 74193:inst4|24~_emulated ; 74193:inst4|24~_emulated ; rst          ; rst         ; 0.000        ; 0.516      ; 3.977      ;
; 3.356  ; 74193:inst1|24~_emulated ; 74193:inst1|24~_emulated ; rst          ; rst         ; 0.000        ; 0.508      ; 4.053      ;
; 3.370  ; UPclk                    ; 74193:inst1|23~_emulated ; UPclk        ; rst         ; 0.000        ; 7.192      ; 10.791     ;
; 3.452  ; 74193:inst4|26~_emulated ; 74193:inst4|23~_emulated ; UPclk        ; rst         ; -0.500       ; 5.045      ; 8.226      ;
; 3.513  ; 74193:inst4|26~_emulated ; 74193:inst4|24~_emulated ; UPclk        ; rst         ; -0.500       ; 4.647      ; 7.889      ;
; 3.553  ; 74193:inst1|25~_emulated ; 74193:inst1|25~_emulated ; rst          ; rst         ; 0.000        ; 0.080      ; 3.822      ;
; 3.558  ; 74193:inst4|23~_emulated ; 74193:inst4|23~_emulated ; rst          ; rst         ; 0.000        ; 0.440      ; 4.187      ;
; 3.568  ; 74193:inst4|26~_emulated ; 74193:inst4|25~_emulated ; UPclk        ; rst         ; -0.500       ; 4.539      ; 7.836      ;
; 3.605  ; UPclk                    ; 74193:inst1|24~_emulated ; UPclk        ; rst         ; 0.000        ; 5.552      ; 9.386      ;
; 3.654  ; UPclk                    ; 74193:inst1|23~_emulated ; UPclk        ; rst         ; -0.500       ; 7.192      ; 10.575     ;
; 3.660  ; UPclk                    ; 74193:inst1|25~_emulated ; UPclk        ; rst         ; 0.000        ; 5.289      ; 9.178      ;
; 3.703  ; 74193:inst4|24~_emulated ; 74193:inst4|24~_emulated ; rst          ; rst         ; 0.000        ; 0.085      ; 3.977      ;
; 3.711  ; 74193:inst4|25~_emulated ; 74193:inst4|25~_emulated ; UPclk        ; rst         ; 0.000        ; -0.165     ; 3.775      ;
; 3.747  ; UPclk                    ; 74193:inst4|23~_emulated ; UPclk        ; rst         ; -0.500       ; 6.652      ; 10.128     ;
; 3.803  ; 74193:inst1|23~_emulated ; 74193:inst1|23~_emulated ; rst          ; rst         ; -0.500       ; 1.334      ; 4.846      ;
; 3.813  ; 74193:inst4|23~_emulated ; 74193:inst4|24~_emulated ; UPclk        ; rst         ; -0.500       ; 3.655      ; 7.197      ;
; 3.846  ; 74193:inst1|23~_emulated ; 74193:inst4|23~_emulated ; UPclk        ; rst         ; -0.500       ; 5.106      ; 8.681      ;
; 3.871  ; 74193:inst4|23~_emulated ; 74193:inst4|25~_emulated ; UPclk        ; rst         ; -0.500       ; 3.547      ; 7.147      ;
; 3.875  ; 74193:inst1|26~_emulated ; 74193:inst4|23~_emulated ; UPclk        ; rst         ; -0.500       ; 6.271      ; 9.875      ;
; 3.909  ; 74193:inst1|23~_emulated ; 74193:inst4|24~_emulated ; UPclk        ; rst         ; -0.500       ; 4.708      ; 8.346      ;
; 3.916  ; UPclk                    ; 74193:inst1|23~_emulated ; UPclk        ; rst         ; 0.000        ; 6.430      ; 10.575     ;
; 3.937  ; UPclk                    ; 74193:inst4|24~_emulated ; UPclk        ; rst         ; -0.500       ; 6.110      ; 9.776      ;
; 3.938  ; 74193:inst1|26~_emulated ; 74193:inst4|24~_emulated ; UPclk        ; rst         ; -0.500       ; 5.873      ; 9.540      ;
; 3.947  ; UPclk                    ; 74193:inst1|25~_emulated ; UPclk        ; rst         ; -0.500       ; 5.289      ; 8.965      ;
; 3.967  ; 74193:inst1|23~_emulated ; 74193:inst4|25~_emulated ; UPclk        ; rst         ; -0.500       ; 4.600      ; 8.296      ;
; 3.996  ; 74193:inst1|26~_emulated ; 74193:inst4|25~_emulated ; UPclk        ; rst         ; -0.500       ; 5.765      ; 9.490      ;
; 4.046  ; 74193:inst4|25~_emulated ; 74193:inst4|23~_emulated ; UPclk        ; rst         ; -0.500       ; 4.538      ; 8.313      ;
; 4.055  ; 74193:inst4|26~_emulated ; 74193:inst4|26~_emulated ; UPclk        ; rst         ; 0.000        ; -0.600     ; 3.684      ;
; 4.085  ; 74193:inst1|23~_emulated ; 74193:inst1|23~_emulated ; rst          ; rst         ; 0.000        ; 0.572      ; 4.846      ;
; 4.092  ; 74193:inst4|25~_emulated ; 74193:inst4|24~_emulated ; UPclk        ; rst         ; -0.500       ; 4.140      ; 7.961      ;
; 4.257  ; 74193:inst4|23~_emulated ; 74193:inst4|23~_emulated ; rst          ; rst         ; -0.500       ; 0.221      ; 4.187      ;
; 4.270  ; 74193:inst4|23~_emulated ; 74193:inst4|26~_emulated ; UPclk        ; rst         ; -0.500       ; 3.055      ; 7.054      ;
; 4.338  ; 74193:inst4|24~_emulated ; 74193:inst4|23~_emulated ; UPclk        ; rst         ; -0.500       ; 4.435      ; 8.502      ;
+--------+--------------------------+--------------------------+--------------+-------------+--------------+------------+------------+


+-------------------------------------------------------------------------------------------------------------------------------------+
; Slow 1200mV 125C Model Recovery: 'UPclk'                                                                                            ;
+---------+--------------------------+--------------------------+--------------+-------------+--------------+------------+------------+
; Slack   ; From Node                ; To Node                  ; Launch Clock ; Latch Clock ; Relationship ; Clock Skew ; Data Delay ;
+---------+--------------------------+--------------------------+--------------+-------------+--------------+------------+------------+
; -12.978 ; 74193:inst1|25~_emulated ; 74193:inst1|26~_emulated ; UPclk        ; UPclk       ; 0.500        ; -5.523     ; 7.952      ;
; -12.767 ; 74193:inst1|24~_emulated ; 74193:inst1|26~_emulated ; UPclk        ; UPclk       ; 1.000        ; -5.820     ; 7.944      ;
; -12.762 ; 74193:inst1|25~_emulated ; 74193:inst1|24~_emulated ; UPclk        ; UPclk       ; 0.500        ; -5.309     ; 7.950      ;
; -12.660 ; 74193:inst1|25~_emulated ; 74193:inst1|25~_emulated ; UPclk        ; UPclk       ; 0.500        ; -5.205     ; 7.952      ;
; -12.551 ; 74193:inst1|24~_emulated ; 74193:inst1|24~_emulated ; UPclk        ; UPclk       ; 1.000        ; -5.606     ; 7.942      ;
; -12.449 ; 74193:inst1|24~_emulated ; 74193:inst1|25~_emulated ; UPclk        ; UPclk       ; 1.000        ; -5.502     ; 7.944      ;
; -12.228 ; 74193:inst1|24~1         ; 74193:inst1|26~_emulated ; UPclk        ; UPclk       ; 1.000        ; -5.433     ; 7.792      ;
; -12.146 ; 74193:inst1|23~_emulated ; 74193:inst1|26~_emulated ; UPclk        ; UPclk       ; 1.000        ; -6.698     ; 6.445      ;
; -12.013 ; 74193:inst1|24~1         ; 74193:inst1|24~_emulated ; UPclk        ; UPclk       ; 1.000        ; -5.219     ; 7.791      ;
; -11.930 ; 74193:inst1|23~_emulated ; 74193:inst1|24~_emulated ; UPclk        ; UPclk       ; 1.000        ; -6.484     ; 6.443      ;
; -11.910 ; 74193:inst1|24~1         ; 74193:inst1|25~_emulated ; UPclk        ; UPclk       ; 1.000        ; -5.115     ; 7.792      ;
; -11.828 ; 74193:inst1|23~_emulated ; 74193:inst1|25~_emulated ; UPclk        ; UPclk       ; 1.000        ; -6.380     ; 6.445      ;
; -11.798 ; 74193:inst4|25~_emulated ; 74193:inst1|26~_emulated ; UPclk        ; UPclk       ; 0.500        ; -6.290     ; 6.005      ;
; -11.778 ; 74193:inst1|25~_emulated ; 74193:inst1|23~_emulated ; UPclk        ; UPclk       ; 0.500        ; -4.342     ; 7.933      ;
; -11.716 ; 74193:inst1|25~_emulated ; 74193:inst4|26~_emulated ; UPclk        ; UPclk       ; 0.500        ; -4.281     ; 7.932      ;
; -11.650 ; 74193:inst4|26~_emulated ; 74193:inst1|26~_emulated ; UPclk        ; UPclk       ; 0.500        ; -6.231     ; 5.916      ;
; -11.599 ; 74193:inst4|24~_emulated ; 74193:inst1|26~_emulated ; rst          ; UPclk       ; 0.500        ; -5.873     ; 6.203      ;
; -11.584 ; 74193:inst4|24~_emulated ; 74193:inst1|26~_emulated ; UPclk        ; UPclk       ; 1.000        ; -6.378     ; 6.203      ;
; -11.583 ; 74193:inst1|24~_emulated ; 74193:inst1|23~_emulated ; UPclk        ; UPclk       ; 1.000        ; -4.655     ; 7.925      ;
; -11.583 ; 74193:inst4|25~_emulated ; 74193:inst1|24~_emulated ; UPclk        ; UPclk       ; 0.500        ; -6.076     ; 6.004      ;
; -11.521 ; 74193:inst1|24~_emulated ; 74193:inst4|26~_emulated ; UPclk        ; UPclk       ; 1.000        ; -4.594     ; 7.924      ;
; -11.480 ; 74193:inst4|25~_emulated ; 74193:inst1|25~_emulated ; UPclk        ; UPclk       ; 0.500        ; -5.972     ; 6.005      ;
; -11.435 ; 74193:inst4|26~_emulated ; 74193:inst1|24~_emulated ; UPclk        ; UPclk       ; 0.500        ; -6.017     ; 5.915      ;
; -11.384 ; 74193:inst4|24~_emulated ; 74193:inst1|24~_emulated ; rst          ; UPclk       ; 0.500        ; -5.659     ; 6.202      ;
; -11.369 ; 74193:inst4|24~_emulated ; 74193:inst1|24~_emulated ; UPclk        ; UPclk       ; 1.000        ; -6.164     ; 6.202      ;
; -11.332 ; 74193:inst4|26~_emulated ; 74193:inst1|25~_emulated ; UPclk        ; UPclk       ; 0.500        ; -5.913     ; 5.916      ;
; -11.293 ; 74193:inst4|25~_emulated ; 74193:inst1|26~_emulated ; rst          ; UPclk       ; 0.500        ; -5.765     ; 6.005      ;
; -11.281 ; 74193:inst4|24~_emulated ; 74193:inst1|25~_emulated ; rst          ; UPclk       ; 0.500        ; -5.555     ; 6.203      ;
; -11.266 ; 74193:inst4|24~_emulated ; 74193:inst1|25~_emulated ; UPclk        ; UPclk       ; 1.000        ; -6.060     ; 6.203      ;
; -11.209 ; 74193:inst1|25~_emulated ; 74193:inst4|25~_emulated ; UPclk        ; UPclk       ; 0.500        ; -3.774     ; 7.932      ;
; -11.141 ; 74193:inst1|23~_emulated ; 74193:inst1|26~_emulated ; rst          ; UPclk       ; 0.500        ; -5.173     ; 6.445      ;
; -11.115 ; 74193:inst4|23~_emulated ; 74193:inst1|26~_emulated ; UPclk        ; UPclk       ; 1.000        ; -6.920     ; 5.192      ;
; -11.105 ; 74193:inst1|25~_emulated ; 74193:inst4|24~_emulated ; UPclk        ; UPclk       ; 0.500        ; -3.671     ; 7.931      ;
; -11.078 ; 74193:inst4|25~_emulated ; 74193:inst1|24~_emulated ; rst          ; UPclk       ; 0.500        ; -5.551     ; 6.004      ;
; -11.026 ; 74193:inst1|24~1         ; 74193:inst1|23~_emulated ; UPclk        ; UPclk       ; 1.000        ; -4.252     ; 7.771      ;
; -11.014 ; 74193:inst1|24~_emulated ; 74193:inst4|25~_emulated ; UPclk        ; UPclk       ; 1.000        ; -4.087     ; 7.924      ;
; -10.986 ; 74193:inst4|23~_emulated ; 74193:inst1|26~_emulated ; rst          ; UPclk       ; 0.500        ; -6.271     ; 5.192      ;
; -10.975 ; 74193:inst4|25~_emulated ; 74193:inst1|25~_emulated ; rst          ; UPclk       ; 0.500        ; -5.447     ; 6.005      ;
; -10.965 ; 74193:inst1|24~1         ; 74193:inst4|26~_emulated ; UPclk        ; UPclk       ; 1.000        ; -4.191     ; 7.771      ;
; -10.946 ; 74193:inst1|23~_emulated ; 74193:inst1|23~_emulated ; UPclk        ; UPclk       ; 1.000        ; -5.517     ; 6.426      ;
; -10.925 ; 74193:inst1|23~_emulated ; 74193:inst1|24~_emulated ; rst          ; UPclk       ; 0.500        ; -4.959     ; 6.443      ;
; -10.910 ; 74193:inst1|24~_emulated ; 74193:inst4|24~_emulated ; UPclk        ; UPclk       ; 1.000        ; -3.984     ; 7.923      ;
; -10.900 ; 74193:inst4|23~_emulated ; 74193:inst1|24~_emulated ; UPclk        ; UPclk       ; 1.000        ; -6.706     ; 5.191      ;
; -10.884 ; 74193:inst1|23~_emulated ; 74193:inst4|26~_emulated ; UPclk        ; UPclk       ; 1.000        ; -5.456     ; 6.425      ;
; -10.823 ; 74193:inst1|23~_emulated ; 74193:inst1|25~_emulated ; rst          ; UPclk       ; 0.500        ; -4.855     ; 6.445      ;
; -10.797 ; 74193:inst4|23~_emulated ; 74193:inst1|25~_emulated ; UPclk        ; UPclk       ; 1.000        ; -6.602     ; 5.192      ;
; -10.771 ; 74193:inst4|23~_emulated ; 74193:inst1|24~_emulated ; rst          ; UPclk       ; 0.500        ; -6.057     ; 5.191      ;
; -10.745 ; 74193:inst1|25~_emulated ; 74193:inst1|26~_emulated ; rst          ; UPclk       ; 0.500        ; -3.270     ; 7.952      ;
; -10.725 ; 74193:inst1|25~_emulated ; 74193:inst4|23~_emulated ; UPclk        ; UPclk       ; 0.500        ; -3.289     ; 7.933      ;
; -10.712 ; 74193:inst4|26~_emulated ; 74193:inst1|26~_emulated ; rst          ; UPclk       ; 0.500        ; -5.273     ; 5.916      ;
; -10.675 ; 74193:inst4|24~1         ; 74193:inst1|26~_emulated ; UPclk        ; UPclk       ; 1.000        ; -5.412     ; 6.260      ;
; -10.669 ; 74193:inst1|25~1         ; 74193:inst1|26~_emulated ; UPclk        ; UPclk       ; 1.000        ; -3.709     ; 7.957      ;
; -10.669 ; 74193:inst1|23~1         ; 74193:inst1|26~_emulated ; UPclk        ; UPclk       ; 1.000        ; -5.257     ; 6.409      ;
; -10.668 ; 74193:inst4|23~_emulated ; 74193:inst1|25~_emulated ; rst          ; UPclk       ; 0.500        ; -5.953     ; 5.192      ;
; -10.631 ; 74193:inst4|25~1         ; 74193:inst1|26~_emulated ; UPclk        ; UPclk       ; 1.000        ; -5.443     ; 6.185      ;
; -10.596 ; 74193:inst4|25~_emulated ; 74193:inst1|23~_emulated ; UPclk        ; UPclk       ; 0.500        ; -5.109     ; 5.984      ;
; -10.535 ; 74193:inst4|25~_emulated ; 74193:inst4|26~_emulated ; UPclk        ; UPclk       ; 0.500        ; -5.048     ; 5.984      ;
; -10.530 ; 74193:inst1|24~_emulated ; 74193:inst4|23~_emulated ; UPclk        ; UPclk       ; 1.000        ; -3.602     ; 7.925      ;
; -10.529 ; 74193:inst1|25~_emulated ; 74193:inst1|24~_emulated ; rst          ; UPclk       ; 0.500        ; -3.056     ; 7.950      ;
; -10.500 ; 74193:inst1|24~_emulated ; 74193:inst1|26~_emulated ; rst          ; UPclk       ; 1.000        ; -3.533     ; 7.944      ;
; -10.497 ; 74193:inst4|26~_emulated ; 74193:inst1|24~_emulated ; rst          ; UPclk       ; 0.500        ; -5.059     ; 5.915      ;
; -10.460 ; 74193:inst4|24~1         ; 74193:inst1|24~_emulated ; UPclk        ; UPclk       ; 1.000        ; -5.198     ; 6.259      ;
; -10.458 ; 74193:inst1|24~1         ; 74193:inst4|25~_emulated ; UPclk        ; UPclk       ; 1.000        ; -3.684     ; 7.771      ;
; -10.454 ; 74193:inst1|25~1         ; 74193:inst1|24~_emulated ; UPclk        ; UPclk       ; 1.000        ; -3.495     ; 7.956      ;
; -10.453 ; 74193:inst1|23~1         ; 74193:inst1|24~_emulated ; UPclk        ; UPclk       ; 1.000        ; -5.043     ; 6.407      ;
; -10.448 ; 74193:inst4|26~_emulated ; 74193:inst1|23~_emulated ; UPclk        ; UPclk       ; 0.500        ; -5.050     ; 5.895      ;
; -10.427 ; 74193:inst1|25~_emulated ; 74193:inst1|25~_emulated ; rst          ; UPclk       ; 0.500        ; -2.952     ; 7.952      ;
; -10.416 ; 74193:inst4|25~1         ; 74193:inst1|24~_emulated ; UPclk        ; UPclk       ; 1.000        ; -5.229     ; 6.184      ;
; -10.413 ; 74193:inst4|24~_emulated ; 74193:inst1|23~_emulated ; rst          ; UPclk       ; 0.500        ; -4.708     ; 6.182      ;
; -10.394 ; 74193:inst4|26~_emulated ; 74193:inst1|25~_emulated ; rst          ; UPclk       ; 0.500        ; -4.955     ; 5.916      ;
; -10.387 ; 74193:inst4|26~_emulated ; 74193:inst4|26~_emulated ; UPclk        ; UPclk       ; 0.500        ; -4.989     ; 5.895      ;
; -10.382 ; 74193:inst4|24~_emulated ; 74193:inst1|23~_emulated ; UPclk        ; UPclk       ; 1.000        ; -5.197     ; 6.182      ;
; -10.377 ; 74193:inst1|23~_emulated ; 74193:inst4|25~_emulated ; UPclk        ; UPclk       ; 1.000        ; -4.949     ; 6.425      ;
; -10.357 ; 74193:inst4|24~1         ; 74193:inst1|25~_emulated ; UPclk        ; UPclk       ; 1.000        ; -5.094     ; 6.260      ;
; -10.354 ; 74193:inst1|24~1         ; 74193:inst4|24~_emulated ; UPclk        ; UPclk       ; 1.000        ; -3.581     ; 7.770      ;
; -10.352 ; 74193:inst4|24~_emulated ; 74193:inst4|26~_emulated ; rst          ; UPclk       ; 0.500        ; -4.647     ; 6.182      ;
; -10.351 ; 74193:inst1|25~1         ; 74193:inst1|25~_emulated ; UPclk        ; UPclk       ; 1.000        ; -3.391     ; 7.957      ;
; -10.351 ; 74193:inst1|23~1         ; 74193:inst1|25~_emulated ; UPclk        ; UPclk       ; 1.000        ; -4.939     ; 6.409      ;
; -10.321 ; 74193:inst4|24~_emulated ; 74193:inst4|26~_emulated ; UPclk        ; UPclk       ; 1.000        ; -5.136     ; 6.182      ;
; -10.313 ; 74193:inst4|25~1         ; 74193:inst1|25~_emulated ; UPclk        ; UPclk       ; 1.000        ; -5.125     ; 6.185      ;
; -10.284 ; 74193:inst1|24~_emulated ; 74193:inst1|24~_emulated ; rst          ; UPclk       ; 1.000        ; -3.319     ; 7.942      ;
; -10.273 ; 74193:inst1|23~_emulated ; 74193:inst4|24~_emulated ; UPclk        ; UPclk       ; 1.000        ; -4.846     ; 6.424      ;
; -10.219 ; 74193:inst1|26~1         ; 74193:inst1|26~_emulated ; UPclk        ; UPclk       ; 1.000        ; -3.714     ; 7.502      ;
; -10.182 ; 74193:inst1|24~_emulated ; 74193:inst1|25~_emulated ; rst          ; UPclk       ; 1.000        ; -3.215     ; 7.944      ;
; -10.107 ; 74193:inst4|25~_emulated ; 74193:inst1|23~_emulated ; rst          ; UPclk       ; 0.500        ; -4.600     ; 5.984      ;
; -10.046 ; 74193:inst4|25~_emulated ; 74193:inst4|26~_emulated ; rst          ; UPclk       ; 0.500        ; -4.539     ; 5.984      ;
; -10.028 ; 74193:inst4|25~_emulated ; 74193:inst4|25~_emulated ; UPclk        ; UPclk       ; 0.500        ; -4.541     ; 5.984      ;
; -10.019 ; 74193:inst4|26~1         ; 74193:inst1|26~_emulated ; UPclk        ; UPclk       ; 1.000        ; -5.245     ; 5.771      ;
; -10.004 ; 74193:inst1|26~1         ; 74193:inst1|24~_emulated ; UPclk        ; UPclk       ; 1.000        ; -3.500     ; 7.501      ;
; -9.973  ; 74193:inst1|24~1         ; 74193:inst4|23~_emulated ; UPclk        ; UPclk       ; 1.000        ; -3.199     ; 7.771      ;
; -9.961  ; 74193:inst1|24~1         ; 74193:inst1|26~_emulated ; rst          ; UPclk       ; 1.000        ; -3.146     ; 7.792      ;
; -9.957  ; 74193:inst1|23~_emulated ; 74193:inst1|23~_emulated ; rst          ; UPclk       ; 0.500        ; -4.008     ; 6.426      ;
; -9.924  ; 74193:inst4|25~_emulated ; 74193:inst4|24~_emulated ; UPclk        ; UPclk       ; 0.500        ; -4.438     ; 5.983      ;
; -9.913  ; 74193:inst4|23~_emulated ; 74193:inst1|23~_emulated ; UPclk        ; UPclk       ; 1.000        ; -5.739     ; 5.171      ;
; -9.901  ; 74193:inst1|26~1         ; 74193:inst1|25~_emulated ; UPclk        ; UPclk       ; 1.000        ; -3.396     ; 7.502      ;
; -9.895  ; 74193:inst1|23~_emulated ; 74193:inst4|26~_emulated ; rst          ; UPclk       ; 0.500        ; -3.947     ; 6.425      ;
; -9.893  ; 74193:inst1|23~_emulated ; 74193:inst4|23~_emulated ; UPclk        ; UPclk       ; 1.000        ; -4.464     ; 6.426      ;
; -9.880  ; 74193:inst4|26~_emulated ; 74193:inst4|25~_emulated ; UPclk        ; UPclk       ; 0.500        ; -4.482     ; 5.895      ;
; -9.879  ; 74193:inst1|23~_emulated ; 74193:inst1|26~_emulated ; rst          ; UPclk       ; 1.000        ; -4.411     ; 6.445      ;
; -9.852  ; 74193:inst4|23~_emulated ; 74193:inst4|26~_emulated ; UPclk        ; UPclk       ; 1.000        ; -5.678     ; 5.171      ;
+---------+--------------------------+--------------------------+--------------+-------------+--------------+------------+------------+


+-------------------------------------------------------------------------------------------------------------------------------------+
; Slow 1200mV 125C Model Recovery: 'rst'                                                                                              ;
+---------+--------------------------+--------------------------+--------------+-------------+--------------+------------+------------+
; Slack   ; From Node                ; To Node                  ; Launch Clock ; Latch Clock ; Relationship ; Clock Skew ; Data Delay ;
+---------+--------------------------+--------------------------+--------------+-------------+--------------+------------+------------+
; -10.272 ; 74193:inst1|24~_emulated ; 74193:inst1|25~_emulated ; UPclk        ; rst         ; 0.500        ; -2.805     ; 7.944      ;
; -10.057 ; 74193:inst1|25~_emulated ; 74193:inst1|24~_emulated ; UPclk        ; rst         ; 0.500        ; -2.584     ; 7.950      ;
; -9.846  ; 74193:inst1|24~_emulated ; 74193:inst1|24~_emulated ; UPclk        ; rst         ; 1.000        ; -2.881     ; 7.942      ;
; -9.733  ; 74193:inst1|24~1         ; 74193:inst1|25~_emulated ; UPclk        ; rst         ; 0.500        ; -2.418     ; 7.792      ;
; -9.651  ; 74193:inst1|23~_emulated ; 74193:inst1|25~_emulated ; UPclk        ; rst         ; 0.500        ; -3.683     ; 6.445      ;
; -9.565  ; 74193:inst1|24~_emulated ; 74193:inst4|26~_emulated ; UPclk        ; rst         ; 0.500        ; -2.118     ; 7.924      ;
; -9.508  ; 74193:inst1|24~_emulated ; 74193:inst4|25~_emulated ; UPclk        ; rst         ; 0.500        ; -2.061     ; 7.924      ;
; -9.488  ; 74193:inst1|25~_emulated ; 74193:inst4|24~_emulated ; UPclk        ; rst         ; 0.500        ; -2.034     ; 7.931      ;
; -9.483  ; 74193:inst1|25~_emulated ; 74193:inst1|25~_emulated ; UPclk        ; rst         ; 1.000        ; -2.508     ; 7.952      ;
; -9.308  ; 74193:inst1|24~1         ; 74193:inst1|24~_emulated ; UPclk        ; rst         ; 1.000        ; -2.494     ; 7.791      ;
; -9.277  ; 74193:inst1|24~_emulated ; 74193:inst4|24~_emulated ; UPclk        ; rst         ; 1.000        ; -2.331     ; 7.923      ;
; -9.226  ; 74193:inst1|25~_emulated ; 74193:inst1|23~_emulated ; UPclk        ; rst         ; 0.500        ; -1.770     ; 7.933      ;
; -9.225  ; 74193:inst1|23~_emulated ; 74193:inst1|24~_emulated ; UPclk        ; rst         ; 1.000        ; -3.759     ; 6.443      ;
; -9.094  ; 74193:inst1|24~_emulated ; 74193:inst1|23~_emulated ; UPclk        ; rst         ; 0.500        ; -1.646     ; 7.925      ;
; -9.089  ; 74193:inst4|24~_emulated ; 74193:inst1|25~_emulated ; UPclk        ; rst         ; 0.500        ; -3.363     ; 6.203      ;
; -9.025  ; 74193:inst1|24~1         ; 74193:inst4|26~_emulated ; UPclk        ; rst         ; 0.500        ; -1.731     ; 7.771      ;
; -9.015  ; 74193:inst1|24~_emulated ; 74193:inst1|23~_emulated ; UPclk        ; rst         ; 1.000        ; -2.067     ; 7.925      ;
; -8.968  ; 74193:inst1|24~1         ; 74193:inst4|25~_emulated ; UPclk        ; rst         ; 0.500        ; -1.674     ; 7.771      ;
; -8.944  ; 74193:inst1|23~_emulated ; 74193:inst4|26~_emulated ; UPclk        ; rst         ; 0.500        ; -2.996     ; 6.425      ;
; -8.942  ; 74193:inst1|24~_emulated ; 74193:inst4|23~_emulated ; UPclk        ; rst         ; 0.500        ; -1.494     ; 7.925      ;
; -8.887  ; 74193:inst1|23~_emulated ; 74193:inst4|25~_emulated ; UPclk        ; rst         ; 0.500        ; -2.939     ; 6.425      ;
; -8.878  ; 74193:inst4|25~_emulated ; 74193:inst1|24~_emulated ; UPclk        ; rst         ; 0.500        ; -3.351     ; 6.004      ;
; -8.872  ; 74193:inst1|25~_emulated ; 74193:inst4|23~_emulated ; UPclk        ; rst         ; 0.500        ; -1.416     ; 7.933      ;
; -8.870  ; 74193:inst1|24~_emulated ; 74193:inst4|24~_emulated ; UPclk        ; rst         ; 0.500        ; -1.424     ; 7.923      ;
; -8.776  ; 74193:inst1|25~_emulated ; 74193:inst4|26~_emulated ; UPclk        ; rst         ; 1.000        ; -1.821     ; 7.932      ;
; -8.737  ; 74193:inst1|24~1         ; 74193:inst4|24~_emulated ; UPclk        ; rst         ; 1.000        ; -1.944     ; 7.770      ;
; -8.730  ; 74193:inst4|26~_emulated ; 74193:inst1|24~_emulated ; UPclk        ; rst         ; 0.500        ; -3.292     ; 5.915      ;
; -8.719  ; 74193:inst1|25~_emulated ; 74193:inst4|25~_emulated ; UPclk        ; rst         ; 1.000        ; -1.764     ; 7.932      ;
; -8.664  ; 74193:inst4|24~_emulated ; 74193:inst1|24~_emulated ; UPclk        ; rst         ; 1.000        ; -3.439     ; 6.202      ;
; -8.661  ; 74193:inst1|24~_emulated ; 74193:inst4|23~_emulated ; UPclk        ; rst         ; 1.000        ; -1.713     ; 7.925      ;
; -8.656  ; 74193:inst1|23~_emulated ; 74193:inst4|24~_emulated ; UPclk        ; rst         ; 1.000        ; -3.209     ; 6.424      ;
; -8.620  ; 74193:inst4|23~_emulated ; 74193:inst1|25~_emulated ; UPclk        ; rst         ; 0.500        ; -3.905     ; 5.192      ;
; -8.553  ; 74193:inst4|24~_emulated ; 74193:inst1|24~_emulated ; rst          ; rst         ; 0.500        ; -2.848     ; 6.202      ;
; -8.553  ; 74193:inst1|24~1         ; 74193:inst1|23~_emulated ; UPclk        ; rst         ; 0.500        ; -1.259     ; 7.771      ;
; -8.474  ; 74193:inst1|24~1         ; 74193:inst1|23~_emulated ; UPclk        ; rst         ; 1.000        ; -1.680     ; 7.771      ;
; -8.473  ; 74193:inst1|23~_emulated ; 74193:inst1|23~_emulated ; UPclk        ; rst         ; 0.500        ; -2.524     ; 6.426      ;
; -8.401  ; 74193:inst1|24~1         ; 74193:inst4|23~_emulated ; UPclk        ; rst         ; 0.500        ; -1.107     ; 7.771      ;
; -8.394  ; 74193:inst1|23~_emulated ; 74193:inst1|23~_emulated ; UPclk        ; rst         ; 1.000        ; -2.945     ; 6.426      ;
; -8.381  ; 74193:inst4|24~_emulated ; 74193:inst4|26~_emulated ; UPclk        ; rst         ; 0.500        ; -2.676     ; 6.182      ;
; -8.330  ; 74193:inst1|24~1         ; 74193:inst4|24~_emulated ; UPclk        ; rst         ; 0.500        ; -1.037     ; 7.770      ;
; -8.324  ; 74193:inst4|24~_emulated ; 74193:inst4|25~_emulated ; UPclk        ; rst         ; 0.500        ; -2.619     ; 6.182      ;
; -8.321  ; 74193:inst1|23~_emulated ; 74193:inst4|23~_emulated ; UPclk        ; rst         ; 0.500        ; -2.372     ; 6.426      ;
; -8.307  ; 74193:inst4|25~_emulated ; 74193:inst4|24~_emulated ; UPclk        ; rst         ; 0.500        ; -2.801     ; 5.983      ;
; -8.305  ; 74193:inst1|25~_emulated ; 74193:inst1|23~_emulated ; UPclk        ; rst         ; 1.000        ; -1.349     ; 7.933      ;
; -8.303  ; 74193:inst4|25~_emulated ; 74193:inst1|25~_emulated ; UPclk        ; rst         ; 1.000        ; -3.275     ; 6.005      ;
; -8.249  ; 74193:inst1|23~_emulated ; 74193:inst4|24~_emulated ; UPclk        ; rst         ; 0.500        ; -2.302     ; 6.424      ;
; -8.247  ; 74193:inst4|25~_emulated ; 74193:inst1|24~_emulated ; rst          ; rst         ; 0.500        ; -2.740     ; 6.004      ;
; -8.195  ; 74193:inst4|23~_emulated ; 74193:inst1|24~_emulated ; UPclk        ; rst         ; 1.000        ; -3.981     ; 5.191      ;
; -8.180  ; 74193:inst4|24~1         ; 74193:inst1|25~_emulated ; UPclk        ; rst         ; 0.500        ; -2.397     ; 6.260      ;
; -8.174  ; 74193:inst1|23~1         ; 74193:inst1|25~_emulated ; UPclk        ; rst         ; 0.500        ; -2.242     ; 6.409      ;
; -8.174  ; 74193:inst1|25~1         ; 74193:inst1|25~_emulated ; UPclk        ; rst         ; 0.500        ; -0.694     ; 7.957      ;
; -8.159  ; 74193:inst4|26~_emulated ; 74193:inst4|24~_emulated ; UPclk        ; rst         ; 0.500        ; -2.742     ; 5.894      ;
; -8.155  ; 74193:inst4|26~_emulated ; 74193:inst1|25~_emulated ; UPclk        ; rst         ; 1.000        ; -3.216     ; 5.916      ;
; -8.153  ; 74193:inst1|25~_emulated ; 74193:inst4|23~_emulated ; UPclk        ; rst         ; 1.000        ; -1.197     ; 7.933      ;
; -8.136  ; 74193:inst4|25~1         ; 74193:inst1|25~_emulated ; UPclk        ; rst         ; 0.500        ; -2.428     ; 6.185      ;
; -8.120  ; 74193:inst1|24~1         ; 74193:inst4|23~_emulated ; UPclk        ; rst         ; 1.000        ; -1.326     ; 7.771      ;
; -8.094  ; 74193:inst1|23~_emulated ; 74193:inst1|24~_emulated ; rst          ; rst         ; 0.500        ; -2.148     ; 6.443      ;
; -8.093  ; 74193:inst4|24~_emulated ; 74193:inst4|24~_emulated ; UPclk        ; rst         ; 1.000        ; -2.889     ; 6.181      ;
; -8.081  ; 74193:inst1|25~_emulated ; 74193:inst4|24~_emulated ; UPclk        ; rst         ; 1.000        ; -1.127     ; 7.931      ;
; -8.044  ; 74193:inst4|25~_emulated ; 74193:inst1|23~_emulated ; UPclk        ; rst         ; 0.500        ; -2.537     ; 5.984      ;
; -8.040  ; 74193:inst1|23~_emulated ; 74193:inst4|23~_emulated ; UPclk        ; rst         ; 1.000        ; -2.591     ; 6.426      ;
; -7.982  ; 74193:inst4|24~_emulated ; 74193:inst4|24~_emulated ; rst          ; rst         ; 0.500        ; -2.298     ; 6.181      ;
; -7.973  ; 74193:inst4|24~_emulated ; 74193:inst1|25~_emulated ; rst          ; rst         ; 1.000        ; -2.767     ; 6.203      ;
; -7.940  ; 74193:inst4|23~_emulated ; 74193:inst1|24~_emulated ; rst          ; rst         ; 0.500        ; -3.246     ; 5.191      ;
; -7.912  ; 74193:inst4|23~_emulated ; 74193:inst4|26~_emulated ; UPclk        ; rst         ; 0.500        ; -3.218     ; 5.171      ;
; -7.909  ; 74193:inst4|24~_emulated ; 74193:inst1|23~_emulated ; UPclk        ; rst         ; 0.500        ; -2.204     ; 6.182      ;
; -7.896  ; 74193:inst4|26~_emulated ; 74193:inst1|23~_emulated ; UPclk        ; rst         ; 0.500        ; -2.478     ; 5.895      ;
; -7.879  ; 74193:inst1|24~_emulated ; 74193:inst1|25~_emulated ; rst          ; rst         ; 0.500        ; -0.432     ; 7.944      ;
; -7.855  ; 74193:inst4|23~_emulated ; 74193:inst4|25~_emulated ; UPclk        ; rst         ; 0.500        ; -3.161     ; 5.171      ;
; -7.830  ; 74193:inst4|24~_emulated ; 74193:inst1|23~_emulated ; UPclk        ; rst         ; 1.000        ; -2.625     ; 6.182      ;
; -7.757  ; 74193:inst4|24~_emulated ; 74193:inst4|23~_emulated ; UPclk        ; rst         ; 0.500        ; -2.052     ; 6.182      ;
; -7.755  ; 74193:inst4|24~1         ; 74193:inst1|24~_emulated ; UPclk        ; rst         ; 1.000        ; -2.473     ; 6.259      ;
; -7.749  ; 74193:inst1|25~1         ; 74193:inst1|24~_emulated ; UPclk        ; rst         ; 1.000        ; -0.770     ; 7.956      ;
; -7.748  ; 74193:inst1|23~1         ; 74193:inst1|24~_emulated ; UPclk        ; rst         ; 1.000        ; -2.318     ; 6.407      ;
; -7.724  ; 74193:inst1|26~1         ; 74193:inst1|25~_emulated ; UPclk        ; rst         ; 0.500        ; -0.699     ; 7.502      ;
; -7.719  ; 74193:inst4|24~_emulated ; 74193:inst1|23~_emulated ; rst          ; rst         ; 0.500        ; -2.034     ; 6.182      ;
; -7.711  ; 74193:inst4|25~1         ; 74193:inst1|24~_emulated ; UPclk        ; rst         ; 1.000        ; -2.504     ; 6.184      ;
; -7.698  ; 74193:inst1|25~_emulated ; 74193:inst1|24~_emulated ; rst          ; rst         ; 0.500        ; -0.245     ; 7.950      ;
; -7.690  ; 74193:inst4|25~_emulated ; 74193:inst4|23~_emulated ; UPclk        ; rst         ; 0.500        ; -2.183     ; 5.984      ;
; -7.686  ; 74193:inst4|24~_emulated ; 74193:inst4|24~_emulated ; UPclk        ; rst         ; 0.500        ; -1.982     ; 6.181      ;
; -7.676  ; 74193:inst4|25~_emulated ; 74193:inst4|24~_emulated ; rst          ; rst         ; 0.500        ; -2.190     ; 5.983      ;
; -7.667  ; 74193:inst4|25~_emulated ; 74193:inst1|25~_emulated ; rst          ; rst         ; 1.000        ; -2.659     ; 6.005      ;
; -7.666  ; 74193:inst4|26~_emulated ; 74193:inst1|24~_emulated ; rst          ; rst         ; 0.500        ; -2.248     ; 5.915      ;
; -7.624  ; 74193:inst4|23~_emulated ; 74193:inst4|24~_emulated ; UPclk        ; rst         ; 1.000        ; -3.431     ; 5.170      ;
; -7.595  ; 74193:inst4|25~_emulated ; 74193:inst4|26~_emulated ; UPclk        ; rst         ; 1.000        ; -2.588     ; 5.984      ;
; -7.542  ; 74193:inst4|26~_emulated ; 74193:inst4|23~_emulated ; UPclk        ; rst         ; 0.500        ; -2.124     ; 5.895      ;
; -7.538  ; 74193:inst4|25~_emulated ; 74193:inst4|25~_emulated ; UPclk        ; rst         ; 1.000        ; -2.531     ; 5.984      ;
; -7.525  ; 74193:inst1|23~_emulated ; 74193:inst4|24~_emulated ; rst          ; rst         ; 0.500        ; -1.598     ; 6.424      ;
; -7.524  ; 74193:inst4|26~1         ; 74193:inst1|25~_emulated ; UPclk        ; rst         ; 0.500        ; -2.230     ; 5.771      ;
; -7.515  ; 74193:inst1|23~_emulated ; 74193:inst1|25~_emulated ; rst          ; rst         ; 1.000        ; -2.067     ; 6.445      ;
; -7.476  ; 74193:inst4|24~_emulated ; 74193:inst4|23~_emulated ; UPclk        ; rst         ; 1.000        ; -2.271     ; 6.182      ;
; -7.472  ; 74193:inst4|24~1         ; 74193:inst4|26~_emulated ; UPclk        ; rst         ; 0.500        ; -1.710     ; 6.239      ;
; -7.467  ; 74193:inst1|23~1         ; 74193:inst4|26~_emulated ; UPclk        ; rst         ; 0.500        ; -1.555     ; 6.389      ;
; -7.466  ; 74193:inst1|25~1         ; 74193:inst4|26~_emulated ; UPclk        ; rst         ; 0.500        ; -0.007     ; 7.936      ;
; -7.453  ; 74193:inst1|24~_emulated ; 74193:inst1|24~_emulated ; rst          ; rst         ; 1.000        ; -0.508     ; 7.942      ;
; -7.447  ; 74193:inst4|26~_emulated ; 74193:inst4|26~_emulated ; UPclk        ; rst         ; 1.000        ; -2.529     ; 5.895      ;
; -7.440  ; 74193:inst4|23~_emulated ; 74193:inst1|23~_emulated ; UPclk        ; rst         ; 0.500        ; -2.746     ; 5.171      ;
; -7.428  ; 74193:inst4|25~1         ; 74193:inst4|26~_emulated ; UPclk        ; rst         ; 0.500        ; -1.741     ; 6.164      ;
; -7.415  ; 74193:inst4|24~1         ; 74193:inst4|25~_emulated ; UPclk        ; rst         ; 0.500        ; -1.653     ; 6.239      ;
; -7.413  ; 74193:inst4|25~_emulated ; 74193:inst1|23~_emulated ; rst          ; rst         ; 0.500        ; -1.926     ; 5.984      ;
+---------+--------------------------+--------------------------+--------------+-------------+--------------+------------+------------+


+------------------------------------------------------------------------------------------------------------------------------------+
; Slow 1200mV 125C Model Removal: 'UPclk'                                                                                            ;
+--------+--------------------------+--------------------------+--------------+-------------+--------------+------------+------------+
; Slack  ; From Node                ; To Node                  ; Launch Clock ; Latch Clock ; Relationship ; Clock Skew ; Data Delay ;
+--------+--------------------------+--------------------------+--------------+-------------+--------------+------------+------------+
; -4.107 ; rst                      ; 74193:inst4|23~_emulated ; rst          ; UPclk       ; 0.000        ; 8.939      ; 5.061      ;
; -3.885 ; rst                      ; 74193:inst1|23~_emulated ; rst          ; UPclk       ; 0.000        ; 8.717      ; 5.061      ;
; -3.566 ; rst                      ; 74193:inst4|24~_emulated ; rst          ; UPclk       ; 0.000        ; 8.397      ; 5.060      ;
; -3.393 ; rst                      ; 74193:inst4|23~_emulated ; rst          ; UPclk       ; -0.500       ; 8.939      ; 5.275      ;
; -3.264 ; rst                      ; 74193:inst4|25~_emulated ; rst          ; UPclk       ; 0.000        ; 8.309      ; 5.274      ;
; -3.205 ; rst                      ; 74193:inst4|26~_emulated ; rst          ; UPclk       ; 0.000        ; 8.250      ; 5.274      ;
; -3.171 ; rst                      ; 74193:inst1|23~_emulated ; rst          ; UPclk       ; -0.500       ; 8.717      ; 5.275      ;
; -2.988 ; rst                      ; 74193:inst1|24~_emulated ; rst          ; UPclk       ; 0.000        ; 7.839      ; 5.080      ;
; -2.978 ; rst                      ; 74193:inst4|25~_emulated ; rst          ; UPclk       ; -0.500       ; 8.309      ; 5.060      ;
; -2.919 ; rst                      ; 74193:inst4|26~_emulated ; rst          ; UPclk       ; -0.500       ; 8.250      ; 5.060      ;
; -2.853 ; rst                      ; 74193:inst4|24~_emulated ; rst          ; UPclk       ; -0.500       ; 8.397      ; 5.273      ;
; -2.478 ; rst                      ; 74193:inst1|25~_emulated ; rst          ; UPclk       ; 0.000        ; 7.542      ; 5.293      ;
; -2.277 ; rst                      ; 74193:inst1|24~_emulated ; rst          ; UPclk       ; -0.500       ; 7.839      ; 5.291      ;
; -2.189 ; rst                      ; 74193:inst1|25~_emulated ; rst          ; UPclk       ; -0.500       ; 7.542      ; 5.082      ;
; -1.862 ; UPclk                    ; 74193:inst4|23~_emulated ; UPclk        ; UPclk       ; 0.000        ; 8.939      ; 7.266      ;
; -1.640 ; UPclk                    ; 74193:inst1|23~_emulated ; UPclk        ; UPclk       ; 0.000        ; 8.717      ; 7.266      ;
; -1.321 ; UPclk                    ; 74193:inst4|24~_emulated ; UPclk        ; UPclk       ; 0.000        ; 8.397      ; 7.265      ;
; -1.202 ; UPclk                    ; 74193:inst4|23~_emulated ; UPclk        ; UPclk       ; -0.500       ; 8.939      ; 7.446      ;
; -1.053 ; UPclk                    ; 74193:inst4|25~_emulated ; UPclk        ; UPclk       ; 0.000        ; 8.309      ; 7.445      ;
; -0.994 ; UPclk                    ; 74193:inst4|26~_emulated ; UPclk        ; UPclk       ; 0.000        ; 8.250      ; 7.445      ;
; -0.980 ; UPclk                    ; 74193:inst1|23~_emulated ; UPclk        ; UPclk       ; -0.500       ; 8.717      ; 7.446      ;
; -0.753 ; UPclk                    ; 74193:inst4|25~_emulated ; UPclk        ; UPclk       ; -0.500       ; 8.309      ; 7.265      ;
; -0.743 ; UPclk                    ; 74193:inst1|24~_emulated ; UPclk        ; UPclk       ; 0.000        ; 7.839      ; 7.285      ;
; -0.694 ; UPclk                    ; 74193:inst4|26~_emulated ; UPclk        ; UPclk       ; -0.500       ; 8.250      ; 7.265      ;
; -0.662 ; UPclk                    ; 74193:inst4|24~_emulated ; UPclk        ; UPclk       ; -0.500       ; 8.397      ; 7.444      ;
; -0.308 ; 74193:inst4|26~_emulated ; 74193:inst4|23~_emulated ; UPclk        ; UPclk       ; 0.000        ; 5.678      ; 5.559      ;
; -0.267 ; UPclk                    ; 74193:inst1|25~_emulated ; UPclk        ; UPclk       ; 0.000        ; 7.542      ; 7.464      ;
; -0.086 ; 74193:inst4|26~_emulated ; 74193:inst1|23~_emulated ; UPclk        ; UPclk       ; 0.000        ; 5.456      ; 5.559      ;
; -0.086 ; UPclk                    ; 74193:inst1|24~_emulated ; UPclk        ; UPclk       ; -0.500       ; 7.839      ; 7.462      ;
; 0.007  ; 74193:inst4|23~_emulated ; 74193:inst4|23~_emulated ; UPclk        ; UPclk       ; 0.000        ; 4.686      ; 4.882      ;
; 0.036  ; UPclk                    ; 74193:inst1|25~_emulated ; UPclk        ; UPclk       ; -0.500       ; 7.542      ; 7.287      ;
; 0.124  ; 74193:inst1|23~_emulated ; 74193:inst4|23~_emulated ; UPclk        ; UPclk       ; 0.000        ; 5.739      ; 6.052      ;
; 0.137  ; 74193:inst1|26~_emulated ; 74193:inst4|23~_emulated ; UPclk        ; UPclk       ; 0.000        ; 6.920      ; 7.246      ;
; 0.229  ; 74193:inst4|23~_emulated ; 74193:inst1|23~_emulated ; UPclk        ; UPclk       ; 0.000        ; 4.464      ; 4.882      ;
; 0.232  ; 74193:inst4|26~_emulated ; 74193:inst4|24~_emulated ; UPclk        ; UPclk       ; 0.000        ; 5.136      ; 5.557      ;
; 0.271  ; 74193:inst4|25~_emulated ; 74193:inst4|23~_emulated ; UPclk        ; UPclk       ; 0.000        ; 5.171      ; 5.631      ;
; 0.346  ; 74193:inst1|23~_emulated ; 74193:inst1|23~_emulated ; UPclk        ; UPclk       ; 0.000        ; 5.517      ; 6.052      ;
; 0.359  ; 74193:inst1|26~_emulated ; 74193:inst1|23~_emulated ; UPclk        ; UPclk       ; 0.000        ; 6.698      ; 7.246      ;
; 0.493  ; 74193:inst4|25~_emulated ; 74193:inst1|23~_emulated ; UPclk        ; UPclk       ; 0.000        ; 4.949      ; 5.631      ;
; 0.546  ; 74193:inst4|23~1         ; 74193:inst4|23~_emulated ; rst          ; UPclk       ; 0.000        ; 4.133      ; 4.908      ;
; 0.547  ; 74193:inst4|23~_emulated ; 74193:inst4|24~_emulated ; UPclk        ; UPclk       ; 0.000        ; 4.144      ; 4.880      ;
; 0.578  ; 74193:inst4|24~_emulated ; 74193:inst4|23~_emulated ; UPclk        ; UPclk       ; 0.000        ; 5.068      ; 5.835      ;
; 0.639  ; 74193:inst1|24~_emulated ; 74193:inst4|23~_emulated ; UPclk        ; UPclk       ; 0.000        ; 6.706      ; 7.534      ;
; 0.665  ; 74193:inst1|23~_emulated ; 74193:inst4|24~_emulated ; UPclk        ; UPclk       ; 0.000        ; 5.197      ; 6.051      ;
; 0.678  ; 74193:inst1|26~_emulated ; 74193:inst4|24~_emulated ; UPclk        ; UPclk       ; 0.000        ; 6.378      ; 7.245      ;
; 0.729  ; 74193:inst1|25~_emulated ; 74193:inst4|23~_emulated ; UPclk        ; UPclk       ; 0.000        ; 6.602      ; 7.520      ;
; 0.768  ; 74193:inst4|23~1         ; 74193:inst1|23~_emulated ; rst          ; UPclk       ; 0.000        ; 3.911      ; 4.908      ;
; 0.792  ; 74193:inst4|26~_emulated ; 74193:inst1|24~_emulated ; UPclk        ; UPclk       ; 0.000        ; 4.594      ; 5.575      ;
; 0.800  ; 74193:inst4|24~_emulated ; 74193:inst1|23~_emulated ; UPclk        ; UPclk       ; 0.000        ; 4.846      ; 5.835      ;
; 0.801  ; 74193:inst4|26~_emulated ; 74193:inst4|25~_emulated ; UPclk        ; UPclk       ; -0.500       ; 5.048      ; 5.558      ;
; 0.811  ; 74193:inst4|25~_emulated ; 74193:inst4|24~_emulated ; UPclk        ; UPclk       ; 0.000        ; 4.629      ; 5.629      ;
; 0.860  ; 74193:inst4|26~_emulated ; 74193:inst4|26~_emulated ; UPclk        ; UPclk       ; -0.500       ; 4.989      ; 5.558      ;
; 0.861  ; 74193:inst1|24~_emulated ; 74193:inst1|23~_emulated ; UPclk        ; UPclk       ; 0.000        ; 6.484      ; 7.534      ;
; 0.929  ; rst                      ; 74193:inst4|25~_emulated ; rst          ; UPclk       ; 0.000        ; 3.902      ; 5.060      ;
; 0.951  ; 74193:inst1|25~_emulated ; 74193:inst1|23~_emulated ; UPclk        ; UPclk       ; 0.000        ; 6.380      ; 7.520      ;
; 1.042  ; 74193:inst4|26~1         ; 74193:inst4|23~_emulated ; rst          ; UPclk       ; 0.000        ; 4.146      ; 5.417      ;
; 1.086  ; 74193:inst4|23~1         ; 74193:inst4|24~_emulated ; rst          ; UPclk       ; 0.000        ; 3.591      ; 4.906      ;
; 1.107  ; 74193:inst4|23~_emulated ; 74193:inst1|24~_emulated ; UPclk        ; UPclk       ; 0.000        ; 3.602      ; 4.898      ;
; 1.116  ; 74193:inst4|23~_emulated ; 74193:inst4|25~_emulated ; UPclk        ; UPclk       ; -0.500       ; 4.056      ; 4.881      ;
; 1.118  ; 74193:inst4|24~_emulated ; 74193:inst4|24~_emulated ; UPclk        ; UPclk       ; 0.000        ; 4.526      ; 5.833      ;
; 1.175  ; 74193:inst4|23~_emulated ; 74193:inst4|26~_emulated ; UPclk        ; UPclk       ; -0.500       ; 3.997      ; 4.881      ;
; 1.180  ; 74193:inst1|24~_emulated ; 74193:inst4|24~_emulated ; UPclk        ; UPclk       ; 0.000        ; 6.164      ; 7.533      ;
; 1.227  ; 74193:inst1|23~_emulated ; 74193:inst1|24~_emulated ; UPclk        ; UPclk       ; 0.000        ; 4.655      ; 6.071      ;
; 1.233  ; 74193:inst1|23~_emulated ; 74193:inst4|25~_emulated ; UPclk        ; UPclk       ; -0.500       ; 5.109      ; 6.051      ;
; 1.246  ; 74193:inst1|26~_emulated ; 74193:inst4|25~_emulated ; UPclk        ; UPclk       ; -0.500       ; 6.290      ; 7.245      ;
; 1.256  ; 74193:inst1|26~_emulated ; 74193:inst1|24~_emulated ; UPclk        ; UPclk       ; 0.000        ; 5.820      ; 7.265      ;
; 1.264  ; 74193:inst4|26~1         ; 74193:inst1|23~_emulated ; rst          ; UPclk       ; 0.000        ; 3.924      ; 5.417      ;
; 1.270  ; 74193:inst1|25~_emulated ; 74193:inst4|24~_emulated ; UPclk        ; UPclk       ; 0.000        ; 6.060      ; 7.519      ;
; 1.270  ; 74193:inst1|26~1         ; 74193:inst4|23~_emulated ; rst          ; UPclk       ; 0.000        ; 5.616      ; 7.115      ;
; 1.292  ; 74193:inst1|23~_emulated ; 74193:inst4|26~_emulated ; UPclk        ; UPclk       ; -0.500       ; 5.050      ; 6.051      ;
; 1.305  ; 74193:inst1|26~_emulated ; 74193:inst4|26~_emulated ; UPclk        ; UPclk       ; -0.500       ; 6.231      ; 7.245      ;
; 1.371  ; 74193:inst4|25~_emulated ; 74193:inst1|24~_emulated ; UPclk        ; UPclk       ; 0.000        ; 4.087      ; 5.647      ;
; 1.380  ; 74193:inst4|25~_emulated ; 74193:inst4|25~_emulated ; UPclk        ; UPclk       ; -0.500       ; 4.541      ; 5.630      ;
; 1.421  ; rst                      ; 74193:inst4|26~_emulated ; rst          ; UPclk       ; 0.000        ; 3.410      ; 5.060      ;
; 1.439  ; 74193:inst4|25~_emulated ; 74193:inst4|26~_emulated ; UPclk        ; UPclk       ; -0.500       ; 4.482      ; 5.630      ;
; 1.492  ; 74193:inst1|26~1         ; 74193:inst1|23~_emulated ; rst          ; UPclk       ; 0.000        ; 5.394      ; 7.115      ;
; 1.582  ; 74193:inst4|26~1         ; 74193:inst4|24~_emulated ; rst          ; UPclk       ; 0.000        ; 3.604      ; 5.415      ;
; 1.587  ; 74193:inst4|26~_emulated ; 74193:inst1|25~_emulated ; UPclk        ; UPclk       ; -0.500       ; 4.281      ; 5.577      ;
; 1.599  ; 74193:inst4|25~1         ; 74193:inst4|23~_emulated ; rst          ; UPclk       ; 0.000        ; 3.955      ; 5.783      ;
; 1.634  ; 74193:inst4|24~1         ; 74193:inst4|23~_emulated ; rst          ; UPclk       ; 0.000        ; 3.985      ; 5.848      ;
; 1.643  ; rst                      ; 74193:inst4|25~_emulated ; rst          ; UPclk       ; -0.500       ; 3.902      ; 5.274      ;
; 1.662  ; 74193:inst4|23~1         ; 74193:inst1|24~_emulated ; rst          ; UPclk       ; 0.000        ; 3.033      ; 4.924      ;
; 1.668  ; 74193:inst1|25~1         ; 74193:inst4|23~_emulated ; rst          ; UPclk       ; 0.000        ; 5.619      ; 7.516      ;
; 1.675  ; 74193:inst4|23~1         ; 74193:inst4|25~_emulated ; rst          ; UPclk       ; -0.500       ; 3.503      ; 4.907      ;
; 1.678  ; 74193:inst4|24~_emulated ; 74193:inst1|24~_emulated ; UPclk        ; UPclk       ; 0.000        ; 3.984      ; 5.851      ;
; 1.687  ; 74193:inst4|24~_emulated ; 74193:inst4|25~_emulated ; UPclk        ; UPclk       ; -0.500       ; 4.438      ; 5.834      ;
; 1.712  ; 74193:inst1|23~1         ; 74193:inst4|23~_emulated ; rst          ; UPclk       ; 0.000        ; 4.134      ; 6.075      ;
; 1.734  ; 74193:inst4|23~1         ; 74193:inst4|26~_emulated ; rst          ; UPclk       ; -0.500       ; 3.444      ; 4.907      ;
; 1.746  ; 74193:inst4|24~_emulated ; 74193:inst4|26~_emulated ; UPclk        ; UPclk       ; -0.500       ; 4.379      ; 5.834      ;
; 1.748  ; 74193:inst1|24~_emulated ; 74193:inst4|25~_emulated ; UPclk        ; UPclk       ; -0.500       ; 6.076      ; 7.533      ;
; 1.758  ; 74193:inst1|24~_emulated ; 74193:inst1|24~_emulated ; UPclk        ; UPclk       ; 0.000        ; 5.606      ; 7.553      ;
; 1.807  ; 74193:inst1|24~_emulated ; 74193:inst4|26~_emulated ; UPclk        ; UPclk       ; -0.500       ; 6.017      ; 7.533      ;
; 1.811  ; 74193:inst1|26~1         ; 74193:inst4|24~_emulated ; rst          ; UPclk       ; 0.000        ; 5.074      ; 7.114      ;
; 1.821  ; 74193:inst4|25~1         ; 74193:inst1|23~_emulated ; rst          ; UPclk       ; 0.000        ; 3.733      ; 5.783      ;
; 1.838  ; 74193:inst1|25~_emulated ; 74193:inst4|25~_emulated ; UPclk        ; UPclk       ; -0.500       ; 5.972      ; 7.519      ;
; 1.840  ; 74193:inst4|23~_emulated ; 74193:inst4|23~_emulated ; rst          ; UPclk       ; 0.000        ; 2.813      ; 4.882      ;
; 1.848  ; 74193:inst1|25~_emulated ; 74193:inst1|24~_emulated ; UPclk        ; UPclk       ; 0.000        ; 5.502      ; 7.539      ;
; 1.856  ; 74193:inst4|24~1         ; 74193:inst1|23~_emulated ; rst          ; UPclk       ; 0.000        ; 3.763      ; 5.848      ;
; 1.890  ; 74193:inst1|25~1         ; 74193:inst1|23~_emulated ; rst          ; UPclk       ; 0.000        ; 5.397      ; 7.516      ;
; 1.897  ; 74193:inst1|25~_emulated ; 74193:inst4|26~_emulated ; UPclk        ; UPclk       ; -0.500       ; 5.913      ; 7.519      ;
+--------+--------------------------+--------------------------+--------------+-------------+--------------+------------+------------+


+------------------------------------------------------------------------------------------------------------------------------------+
; Slow 1200mV 125C Model Removal: 'rst'                                                                                              ;
+--------+--------------------------+--------------------------+--------------+-------------+--------------+------------+------------+
; Slack  ; From Node                ; To Node                  ; Launch Clock ; Latch Clock ; Relationship ; Clock Skew ; Data Delay ;
+--------+--------------------------+--------------------------+--------------+-------------+--------------+------------+------------+
; -3.204 ; rst                      ; 74193:inst4|23~_emulated ; rst          ; rst         ; 0.000        ; 8.290      ; 5.275      ;
; -2.938 ; rst                      ; 74193:inst4|23~_emulated ; rst          ; rst         ; -0.500       ; 8.290      ; 5.061      ;
; -2.808 ; rst                      ; 74193:inst4|24~_emulated ; rst          ; rst         ; 0.000        ; 7.892      ; 5.273      ;
; -2.699 ; rst                      ; 74193:inst4|25~_emulated ; rst          ; rst         ; 0.000        ; 7.784      ; 5.274      ;
; -2.541 ; rst                      ; 74193:inst4|24~_emulated ; rst          ; rst         ; -0.500       ; 7.892      ; 5.060      ;
; -2.433 ; rst                      ; 74193:inst4|25~_emulated ; rst          ; rst         ; -0.500       ; 7.784      ; 5.060      ;
; -2.207 ; rst                      ; 74193:inst4|26~_emulated ; rst          ; rst         ; 0.000        ; 7.292      ; 5.274      ;
; -2.106 ; rst                      ; 74193:inst1|23~_emulated ; rst          ; rst         ; 0.000        ; 7.192      ; 5.275      ;
; -1.941 ; rst                      ; 74193:inst4|26~_emulated ; rst          ; rst         ; -0.500       ; 7.292      ; 5.060      ;
; -1.840 ; rst                      ; 74193:inst1|23~_emulated ; rst          ; rst         ; -0.500       ; 7.192      ; 5.061      ;
; -1.780 ; rst                      ; 74193:inst4|23~_emulated ; rst          ; rst         ; 0.000        ; 6.652      ; 5.061      ;
; -1.558 ; rst                      ; 74193:inst1|23~_emulated ; rst          ; rst         ; 0.000        ; 6.430      ; 5.061      ;
; -1.239 ; rst                      ; 74193:inst4|24~_emulated ; rst          ; rst         ; 0.000        ; 6.110      ; 5.060      ;
; -1.086 ; rst                      ; 74193:inst4|23~_emulated ; rst          ; rst         ; -0.500       ; 6.652      ; 5.275      ;
; -1.073 ; UPclk                    ; 74193:inst4|23~_emulated ; UPclk        ; rst         ; 0.000        ; 8.290      ; 7.446      ;
; -0.864 ; rst                      ; 74193:inst1|23~_emulated ; rst          ; rst         ; -0.500       ; 6.430      ; 5.275      ;
; -0.753 ; UPclk                    ; 74193:inst4|23~_emulated ; UPclk        ; rst         ; -0.500       ; 8.290      ; 7.266      ;
; -0.677 ; UPclk                    ; 74193:inst4|24~_emulated ; UPclk        ; rst         ; 0.000        ; 7.892      ; 7.444      ;
; -0.661 ; rst                      ; 74193:inst1|24~_emulated ; rst          ; rst         ; 0.000        ; 5.552      ; 5.080      ;
; -0.568 ; UPclk                    ; 74193:inst4|25~_emulated ; UPclk        ; rst         ; 0.000        ; 7.784      ; 7.445      ;
; -0.546 ; rst                      ; 74193:inst4|24~_emulated ; rst          ; rst         ; -0.500       ; 6.110      ; 5.273      ;
; -0.356 ; UPclk                    ; 74193:inst4|24~_emulated ; UPclk        ; rst         ; -0.500       ; 7.892      ; 7.265      ;
; -0.248 ; UPclk                    ; 74193:inst4|25~_emulated ; UPclk        ; rst         ; -0.500       ; 7.784      ; 7.265      ;
; -0.185 ; rst                      ; 74193:inst1|25~_emulated ; rst          ; rst         ; 0.000        ; 5.289      ; 5.293      ;
; -0.076 ; UPclk                    ; 74193:inst4|26~_emulated ; UPclk        ; rst         ; 0.000        ; 7.292      ; 7.445      ;
; 0.025  ; UPclk                    ; 74193:inst1|23~_emulated ; UPclk        ; rst         ; 0.000        ; 7.192      ; 7.446      ;
; 0.030  ; rst                      ; 74193:inst1|24~_emulated ; rst          ; rst         ; -0.500       ; 5.552      ; 5.291      ;
; 0.084  ; rst                      ; 74193:inst1|25~_emulated ; rst          ; rst         ; -0.500       ; 5.289      ; 5.082      ;
; 0.244  ; UPclk                    ; 74193:inst4|26~_emulated ; UPclk        ; rst         ; -0.500       ; 7.292      ; 7.265      ;
; 0.345  ; UPclk                    ; 74193:inst1|23~_emulated ; UPclk        ; rst         ; -0.500       ; 7.192      ; 7.266      ;
; 0.385  ; UPclk                    ; 74193:inst4|23~_emulated ; UPclk        ; rst         ; 0.000        ; 6.652      ; 7.266      ;
; 0.607  ; UPclk                    ; 74193:inst1|23~_emulated ; UPclk        ; rst         ; 0.000        ; 6.430      ; 7.266      ;
; 0.785  ; 74193:inst4|26~_emulated ; 74193:inst4|23~_emulated ; UPclk        ; rst         ; -0.500       ; 5.045      ; 5.559      ;
; 0.926  ; UPclk                    ; 74193:inst4|24~_emulated ; UPclk        ; rst         ; 0.000        ; 6.110      ; 7.265      ;
; 1.065  ; UPclk                    ; 74193:inst4|23~_emulated ; UPclk        ; rst         ; -0.500       ; 6.652      ; 7.446      ;
; 1.100  ; 74193:inst4|23~_emulated ; 74193:inst4|23~_emulated ; UPclk        ; rst         ; -0.500       ; 4.053      ; 4.882      ;
; 1.181  ; 74193:inst4|26~_emulated ; 74193:inst4|24~_emulated ; UPclk        ; rst         ; -0.500       ; 4.647      ; 5.557      ;
; 1.217  ; 74193:inst1|23~_emulated ; 74193:inst4|23~_emulated ; UPclk        ; rst         ; -0.500       ; 5.106      ; 6.052      ;
; 1.246  ; 74193:inst1|26~_emulated ; 74193:inst4|23~_emulated ; UPclk        ; rst         ; -0.500       ; 6.271      ; 7.246      ;
; 1.287  ; UPclk                    ; 74193:inst1|23~_emulated ; UPclk        ; rst         ; -0.500       ; 6.430      ; 7.446      ;
; 1.290  ; 74193:inst4|26~_emulated ; 74193:inst4|25~_emulated ; UPclk        ; rst         ; -0.500       ; 4.539      ; 5.558      ;
; 1.364  ; 74193:inst4|25~_emulated ; 74193:inst4|23~_emulated ; UPclk        ; rst         ; -0.500       ; 4.538      ; 5.631      ;
; 1.496  ; 74193:inst4|23~_emulated ; 74193:inst4|24~_emulated ; UPclk        ; rst         ; -0.500       ; 3.655      ; 4.880      ;
; 1.504  ; UPclk                    ; 74193:inst1|24~_emulated ; UPclk        ; rst         ; 0.000        ; 5.552      ; 7.285      ;
; 1.605  ; UPclk                    ; 74193:inst4|24~_emulated ; UPclk        ; rst         ; -0.500       ; 6.110      ; 7.444      ;
; 1.605  ; 74193:inst4|23~_emulated ; 74193:inst4|25~_emulated ; UPclk        ; rst         ; -0.500       ; 3.547      ; 4.881      ;
; 1.614  ; 74193:inst1|23~_emulated ; 74193:inst4|24~_emulated ; UPclk        ; rst         ; -0.500       ; 4.708      ; 6.051      ;
; 1.643  ; 74193:inst1|26~_emulated ; 74193:inst4|24~_emulated ; UPclk        ; rst         ; -0.500       ; 5.873      ; 7.245      ;
; 1.671  ; 74193:inst4|24~_emulated ; 74193:inst4|23~_emulated ; UPclk        ; rst         ; -0.500       ; 4.435      ; 5.835      ;
; 1.722  ; 74193:inst1|23~_emulated ; 74193:inst4|25~_emulated ; UPclk        ; rst         ; -0.500       ; 4.600      ; 6.051      ;
; 1.748  ; 74193:inst1|24~_emulated ; 74193:inst4|23~_emulated ; UPclk        ; rst         ; -0.500       ; 6.057      ; 7.534      ;
; 1.751  ; 74193:inst1|26~_emulated ; 74193:inst4|25~_emulated ; UPclk        ; rst         ; -0.500       ; 5.765      ; 7.245      ;
; 1.760  ; 74193:inst4|25~_emulated ; 74193:inst4|24~_emulated ; UPclk        ; rst         ; -0.500       ; 4.140      ; 5.629      ;
; 1.782  ; 74193:inst4|26~_emulated ; 74193:inst4|26~_emulated ; UPclk        ; rst         ; -0.500       ; 4.047      ; 5.558      ;
; 1.801  ; 74193:inst4|23~1         ; 74193:inst4|23~_emulated ; rst          ; rst         ; -0.500       ; 3.398      ; 4.908      ;
; 1.838  ; 74193:inst1|25~_emulated ; 74193:inst4|23~_emulated ; UPclk        ; rst         ; -0.500       ; 5.953      ; 7.520      ;
; 1.869  ; 74193:inst4|25~_emulated ; 74193:inst4|25~_emulated ; UPclk        ; rst         ; -0.500       ; 4.032      ; 5.630      ;
; 1.883  ; 74193:inst4|26~_emulated ; 74193:inst1|23~_emulated ; UPclk        ; rst         ; -0.500       ; 3.947      ; 5.559      ;
; 1.923  ; 74193:inst4|26~_emulated ; 74193:inst4|23~_emulated ; UPclk        ; rst         ; 0.000        ; 3.407      ; 5.559      ;
; 1.946  ; UPclk                    ; 74193:inst1|25~_emulated ; UPclk        ; rst         ; 0.000        ; 5.289      ; 7.464      ;
; 2.067  ; 74193:inst4|24~_emulated ; 74193:inst4|24~_emulated ; UPclk        ; rst         ; -0.500       ; 4.037      ; 5.833      ;
; 2.097  ; 74193:inst4|23~_emulated ; 74193:inst4|26~_emulated ; UPclk        ; rst         ; -0.500       ; 3.055      ; 4.881      ;
; 2.145  ; 74193:inst4|26~_emulated ; 74193:inst1|23~_emulated ; UPclk        ; rst         ; 0.000        ; 3.185      ; 5.559      ;
; 2.145  ; 74193:inst1|24~_emulated ; 74193:inst4|24~_emulated ; UPclk        ; rst         ; -0.500       ; 5.659      ; 7.533      ;
; 2.176  ; 74193:inst4|24~_emulated ; 74193:inst4|25~_emulated ; UPclk        ; rst         ; -0.500       ; 3.929      ; 5.834      ;
; 2.181  ; UPclk                    ; 74193:inst1|24~_emulated ; UPclk        ; rst         ; -0.500       ; 5.552      ; 7.462      ;
; 2.197  ; 74193:inst4|23~1         ; 74193:inst4|24~_emulated ; rst          ; rst         ; -0.500       ; 3.000      ; 4.906      ;
; 2.198  ; 74193:inst4|23~_emulated ; 74193:inst1|23~_emulated ; UPclk        ; rst         ; -0.500       ; 2.955      ; 4.882      ;
; 2.214  ; 74193:inst1|23~_emulated ; 74193:inst4|26~_emulated ; UPclk        ; rst         ; -0.500       ; 4.108      ; 6.051      ;
; 2.235  ; 74193:inst1|25~_emulated ; 74193:inst4|24~_emulated ; UPclk        ; rst         ; -0.500       ; 5.555      ; 7.519      ;
; 2.238  ; 74193:inst4|23~_emulated ; 74193:inst4|23~_emulated ; UPclk        ; rst         ; 0.000        ; 2.415      ; 4.882      ;
; 2.243  ; 74193:inst1|26~_emulated ; 74193:inst4|26~_emulated ; UPclk        ; rst         ; -0.500       ; 5.273      ; 7.245      ;
; 2.253  ; 74193:inst1|24~_emulated ; 74193:inst4|25~_emulated ; UPclk        ; rst         ; -0.500       ; 5.551      ; 7.533      ;
; 2.269  ; UPclk                    ; 74193:inst1|25~_emulated ; UPclk        ; rst         ; -0.500       ; 5.289      ; 7.287      ;
; 2.297  ; 74193:inst4|26~1         ; 74193:inst4|23~_emulated ; rst          ; rst         ; -0.500       ; 3.411      ; 5.417      ;
; 2.306  ; 74193:inst4|23~1         ; 74193:inst4|25~_emulated ; rst          ; rst         ; -0.500       ; 2.892      ; 4.907      ;
; 2.315  ; 74193:inst1|23~_emulated ; 74193:inst1|23~_emulated ; UPclk        ; rst         ; -0.500       ; 4.008      ; 6.052      ;
; 2.343  ; 74193:inst1|25~_emulated ; 74193:inst4|25~_emulated ; UPclk        ; rst         ; -0.500       ; 5.447      ; 7.519      ;
; 2.344  ; 74193:inst1|26~_emulated ; 74193:inst1|23~_emulated ; UPclk        ; rst         ; -0.500       ; 5.173      ; 7.246      ;
; 2.355  ; 74193:inst1|23~_emulated ; 74193:inst4|23~_emulated ; UPclk        ; rst         ; 0.000        ; 3.468      ; 6.052      ;
; 2.361  ; 74193:inst4|25~_emulated ; 74193:inst4|26~_emulated ; UPclk        ; rst         ; -0.500       ; 3.540      ; 5.630      ;
; 2.384  ; 74193:inst1|26~_emulated ; 74193:inst4|23~_emulated ; UPclk        ; rst         ; 0.000        ; 4.633      ; 7.246      ;
; 2.460  ; 74193:inst4|23~_emulated ; 74193:inst1|23~_emulated ; UPclk        ; rst         ; 0.000        ; 2.193      ; 4.882      ;
; 2.462  ; 74193:inst4|25~_emulated ; 74193:inst1|23~_emulated ; UPclk        ; rst         ; -0.500       ; 3.440      ; 5.631      ;
; 2.463  ; 74193:inst4|26~_emulated ; 74193:inst4|24~_emulated ; UPclk        ; rst         ; 0.000        ; 2.865      ; 5.557      ;
; 2.502  ; 74193:inst4|25~_emulated ; 74193:inst4|23~_emulated ; UPclk        ; rst         ; 0.000        ; 2.900      ; 5.631      ;
; 2.525  ; 74193:inst1|26~1         ; 74193:inst4|23~_emulated ; rst          ; rst         ; -0.500       ; 4.881      ; 7.115      ;
; 2.577  ; 74193:inst1|23~_emulated ; 74193:inst1|23~_emulated ; UPclk        ; rst         ; 0.000        ; 3.246      ; 6.052      ;
; 2.606  ; 74193:inst1|26~_emulated ; 74193:inst1|23~_emulated ; UPclk        ; rst         ; 0.000        ; 4.411      ; 7.246      ;
; 2.668  ; 74193:inst4|24~_emulated ; 74193:inst4|26~_emulated ; UPclk        ; rst         ; -0.500       ; 3.437      ; 5.834      ;
; 2.693  ; 74193:inst4|26~1         ; 74193:inst4|24~_emulated ; rst          ; rst         ; -0.500       ; 3.013      ; 5.415      ;
; 2.724  ; 74193:inst4|25~_emulated ; 74193:inst1|23~_emulated ; UPclk        ; rst         ; 0.000        ; 2.678      ; 5.631      ;
; 2.745  ; 74193:inst1|24~_emulated ; 74193:inst4|26~_emulated ; UPclk        ; rst         ; -0.500       ; 5.059      ; 7.533      ;
; 2.769  ; 74193:inst4|24~_emulated ; 74193:inst1|23~_emulated ; UPclk        ; rst         ; -0.500       ; 3.337      ; 5.835      ;
; 2.778  ; 74193:inst4|23~_emulated ; 74193:inst4|24~_emulated ; UPclk        ; rst         ; 0.000        ; 1.873      ; 4.880      ;
; 2.798  ; 74193:inst4|23~1         ; 74193:inst4|26~_emulated ; rst          ; rst         ; -0.500       ; 2.400      ; 4.907      ;
; 2.802  ; 74193:inst4|26~1         ; 74193:inst4|25~_emulated ; rst          ; rst         ; -0.500       ; 2.905      ; 5.416      ;
; 2.809  ; 74193:inst4|24~_emulated ; 74193:inst4|23~_emulated ; UPclk        ; rst         ; 0.000        ; 2.797      ; 5.835      ;
; 2.835  ; 74193:inst1|25~_emulated ; 74193:inst4|26~_emulated ; UPclk        ; rst         ; -0.500       ; 4.955      ; 7.519      ;
; 2.839  ; 74193:inst4|23~_emulated ; 74193:inst4|23~_emulated ; rst          ; rst         ; 0.000        ; 1.854      ; 4.882      ;
+--------+--------------------------+--------------------------+--------------+-------------+--------------+------------+------------+


------------------------------------------------
; Slow 1200mV 125C Model Metastability Summary ;
------------------------------------------------
No synchronizer chains to report.


+-------------------------------------------------+
; Slow 1200mV -40C Model Fmax Summary             ;
+-----------+-----------------+------------+------+
; Fmax      ; Restricted Fmax ; Clock Name ; Note ;
+-----------+-----------------+------------+------+
; 34.95 MHz ; 34.95 MHz       ; UPclk      ;      ;
; 47.65 MHz ; 47.65 MHz       ; rst        ;      ;
+-----------+-----------------+------------+------+
This panel reports FMAX for every clock in the design, regardless of the user-specified clock periods.  FMAX is only computed for paths where the source and destination registers or ports are driven by the same clock.  Paths of different clocks, including generated clocks, are ignored.  For paths between a clock and its inversion, FMAX is computed as if the rising and falling edges are scaled along with FMAX, such that the duty cycle (in terms of a percentage) is maintained. Altera recommends that you always use clock constraints and other slack reports for sign-off analysis.


+--------------------------------------+
; Slow 1200mV -40C Model Setup Summary ;
+-------+---------+--------------------+
; Clock ; Slack   ; End Point TNS      ;
+-------+---------+--------------------+
; UPclk ; -13.807 ; -167.473           ;
; rst   ; -11.608 ; -79.460            ;
+-------+---------+--------------------+


+-------------------------------------+
; Slow 1200mV -40C Model Hold Summary ;
+-------+--------+--------------------+
; Clock ; Slack  ; End Point TNS      ;
+-------+--------+--------------------+
; UPclk ; -2.895 ; -16.485            ;
; rst   ; -2.404 ; -8.753             ;
+-------+--------+--------------------+


+-----------------------------------------+
; Slow 1200mV -40C Model Recovery Summary ;
+-------+---------+-----------------------+
; Clock ; Slack   ; End Point TNS         ;
+-------+---------+-----------------------+
; UPclk ; -11.317 ; -82.947               ;
; rst   ; -9.042  ; -58.628               ;
+-------+---------+-----------------------+


+----------------------------------------+
; Slow 1200mV -40C Model Removal Summary ;
+-------+--------+-----------------------+
; Clock ; Slack  ; End Point TNS         ;
+-------+--------+-----------------------+
; UPclk ; -3.595 ; -21.459               ;
; rst   ; -2.808 ; -12.238               ;
+-------+--------+-----------------------+


+----------------------------------------------------+
; Slow 1200mV -40C Model Minimum Pulse Width Summary ;
+-------+--------+-----------------------------------+
; Clock ; Slack  ; End Point TNS                     ;
+-------+--------+-----------------------------------+
; UPclk ; -4.751 ; -139.317                          ;
; rst   ; -3.000 ; -29.982                           ;
+-------+--------+-----------------------------------+


+-------------------------------------------------------------------------------------------------------------------------------------+
; Slow 1200mV -40C Model Setup: 'UPclk'                                                                                               ;
+---------+--------------------------+--------------------------+--------------+-------------+--------------+------------+------------+
; Slack   ; From Node                ; To Node                  ; Launch Clock ; Latch Clock ; Relationship ; Clock Skew ; Data Delay ;
+---------+--------------------------+--------------------------+--------------+-------------+--------------+------------+------------+
; -13.807 ; 74193:inst1|25~_emulated ; 74193:inst1|23~_emulated ; UPclk        ; UPclk       ; 0.500        ; -3.802     ; 10.505     ;
; -13.492 ; 74193:inst1|24~_emulated ; 74193:inst1|23~_emulated ; UPclk        ; UPclk       ; 1.000        ; -3.998     ; 10.494     ;
; -13.472 ; 74193:inst1|25~_emulated ; 74193:inst1|24~_emulated ; UPclk        ; UPclk       ; 0.500        ; -4.650     ; 9.322      ;
; -12.946 ; 74193:inst1|25~_emulated ; 74193:inst1|26~_emulated ; UPclk        ; UPclk       ; 0.500        ; -4.864     ; 8.582      ;
; -12.916 ; 74193:inst1|24~1         ; 74193:inst1|23~_emulated ; UPclk        ; UPclk       ; 1.000        ; -3.577     ; 10.339     ;
; -12.738 ; 74193:inst1|24~_emulated ; 74193:inst1|25~_emulated ; UPclk        ; UPclk       ; 1.000        ; -4.817     ; 8.921      ;
; -12.708 ; 74193:inst1|25~_emulated ; 74193:inst4|26~_emulated ; UPclk        ; UPclk       ; 0.500        ; -3.819     ; 9.389      ;
; -12.696 ; 74193:inst4|25~_emulated ; 74193:inst1|23~_emulated ; UPclk        ; UPclk       ; 0.500        ; -4.525     ; 8.671      ;
; -12.621 ; 74193:inst4|26~_emulated ; 74193:inst1|23~_emulated ; UPclk        ; UPclk       ; 0.500        ; -4.507     ; 8.614      ;
; -12.618 ; 74193:inst1|24~_emulated ; 74193:inst1|26~_emulated ; UPclk        ; UPclk       ; 1.000        ; -5.047     ; 8.571      ;
; -12.575 ; 74193:inst1|23~_emulated ; 74193:inst1|24~_emulated ; UPclk        ; UPclk       ; 1.000        ; -5.613     ; 7.962      ;
; -12.393 ; 74193:inst1|24~_emulated ; 74193:inst4|26~_emulated ; UPclk        ; UPclk       ; 1.000        ; -4.015     ; 9.378      ;
; -12.385 ; 74193:inst1|25~_emulated ; 74193:inst4|25~_emulated ; UPclk        ; UPclk       ; 0.500        ; -3.414     ; 9.471      ;
; -12.375 ; 74193:inst1|25~_emulated ; 74193:inst4|23~_emulated ; UPclk        ; UPclk       ; 0.500        ; -2.943     ; 9.932      ;
; -12.361 ; 74193:inst4|25~_emulated ; 74193:inst1|24~_emulated ; UPclk        ; UPclk       ; 0.500        ; -5.373     ; 7.488      ;
; -12.314 ; 74193:inst4|24~_emulated ; 74193:inst1|23~_emulated ; rst          ; UPclk       ; 0.500        ; -3.916     ; 8.878      ;
; -12.313 ; 74193:inst4|24~_emulated ; 74193:inst1|23~_emulated ; UPclk        ; UPclk       ; 1.000        ; -4.435     ; 8.878      ;
; -12.286 ; 74193:inst4|26~_emulated ; 74193:inst1|24~_emulated ; UPclk        ; UPclk       ; 0.500        ; -5.355     ; 7.431      ;
; -12.251 ; 74193:inst1|25~_emulated ; 74193:inst4|24~_emulated ; UPclk        ; UPclk       ; 0.500        ; -3.268     ; 9.483      ;
; -12.175 ; 74193:inst1|24~1         ; 74193:inst1|25~_emulated ; UPclk        ; UPclk       ; 1.000        ; -4.409     ; 8.766      ;
; -12.169 ; 74193:inst1|23~_emulated ; 74193:inst1|25~_emulated ; UPclk        ; UPclk       ; 1.000        ; -5.597     ; 7.572      ;
; -12.070 ; 74193:inst1|24~_emulated ; 74193:inst4|25~_emulated ; UPclk        ; UPclk       ; 1.000        ; -3.610     ; 9.460      ;
; -12.060 ; 74193:inst1|24~_emulated ; 74193:inst4|23~_emulated ; UPclk        ; UPclk       ; 1.000        ; -3.139     ; 9.921      ;
; -12.055 ; 74193:inst1|24~1         ; 74193:inst1|26~_emulated ; UPclk        ; UPclk       ; 1.000        ; -4.639     ; 8.416      ;
; -12.049 ; 74193:inst1|23~_emulated ; 74193:inst1|26~_emulated ; UPclk        ; UPclk       ; 1.000        ; -5.827     ; 7.222      ;
; -11.978 ; 74193:inst4|24~_emulated ; 74193:inst1|24~_emulated ; UPclk        ; UPclk       ; 1.000        ; -5.283     ; 7.695      ;
; -11.966 ; 74193:inst4|24~_emulated ; 74193:inst1|24~_emulated ; rst          ; UPclk       ; 0.500        ; -4.751     ; 7.695      ;
; -11.955 ; 74193:inst4|25~_emulated ; 74193:inst1|25~_emulated ; UPclk        ; UPclk       ; 0.500        ; -5.357     ; 7.098      ;
; -11.954 ; 74193:inst4|25~_emulated ; 74193:inst1|23~_emulated ; rst          ; UPclk       ; 0.500        ; -3.763     ; 8.671      ;
; -11.936 ; 74193:inst1|24~_emulated ; 74193:inst4|24~_emulated ; UPclk        ; UPclk       ; 1.000        ; -3.464     ; 9.472      ;
; -11.901 ; 74193:inst4|23~_emulated ; 74193:inst1|23~_emulated ; UPclk        ; UPclk       ; 1.000        ; -4.910     ; 7.991      ;
; -11.880 ; 74193:inst4|26~_emulated ; 74193:inst1|25~_emulated ; UPclk        ; UPclk       ; 0.500        ; -5.339     ; 7.041      ;
; -11.835 ; 74193:inst4|25~_emulated ; 74193:inst1|26~_emulated ; UPclk        ; UPclk       ; 0.500        ; -5.587     ; 6.748      ;
; -11.817 ; 74193:inst1|24~1         ; 74193:inst4|26~_emulated ; UPclk        ; UPclk       ; 1.000        ; -3.594     ; 9.223      ;
; -11.811 ; 74193:inst1|23~_emulated ; 74193:inst4|26~_emulated ; UPclk        ; UPclk       ; 1.000        ; -4.782     ; 8.029      ;
; -11.767 ; 74193:inst4|23~_emulated ; 74193:inst1|23~_emulated ; rst          ; UPclk       ; 0.500        ; -4.256     ; 7.991      ;
; -11.760 ; 74193:inst4|26~_emulated ; 74193:inst1|26~_emulated ; UPclk        ; UPclk       ; 0.500        ; -5.569     ; 6.691      ;
; -11.680 ; 74193:inst1|23~_emulated ; 74193:inst1|24~_emulated ; rst          ; UPclk       ; 0.500        ; -4.198     ; 7.962      ;
; -11.656 ; 74193:inst1|25~_emulated ; 74193:inst1|23~_emulated ; rst          ; UPclk       ; 0.500        ; -1.631     ; 10.505     ;
; -11.632 ; 74193:inst1|25~1         ; 74193:inst1|23~_emulated ; UPclk        ; UPclk       ; 1.000        ; -2.133     ; 10.499     ;
; -11.606 ; 74193:inst4|25~_emulated ; 74193:inst1|24~_emulated ; rst          ; UPclk       ; 0.500        ; -4.598     ; 7.488      ;
; -11.597 ; 74193:inst4|25~_emulated ; 74193:inst4|26~_emulated ; UPclk        ; UPclk       ; 0.500        ; -4.542     ; 7.555      ;
; -11.572 ; 74193:inst4|24~_emulated ; 74193:inst1|25~_emulated ; UPclk        ; UPclk       ; 1.000        ; -5.267     ; 7.305      ;
; -11.566 ; 74193:inst4|23~_emulated ; 74193:inst1|24~_emulated ; UPclk        ; UPclk       ; 1.000        ; -5.758     ; 6.808      ;
; -11.560 ; 74193:inst4|24~_emulated ; 74193:inst1|25~_emulated ; rst          ; UPclk       ; 0.500        ; -4.735     ; 7.305      ;
; -11.530 ; 74193:inst1|24~_emulated ; 74193:inst1|23~_emulated ; rst          ; UPclk       ; 1.000        ; -2.016     ; 10.494     ;
; -11.509 ; 74193:inst4|26~_emulated ; 74193:inst1|23~_emulated ; rst          ; UPclk       ; 0.500        ; -3.375     ; 8.614      ;
; -11.494 ; 74193:inst1|24~1         ; 74193:inst4|25~_emulated ; UPclk        ; UPclk       ; 1.000        ; -3.189     ; 9.305      ;
; -11.488 ; 74193:inst1|23~_emulated ; 74193:inst4|25~_emulated ; UPclk        ; UPclk       ; 1.000        ; -4.377     ; 8.111      ;
; -11.484 ; 74193:inst1|24~1         ; 74193:inst4|23~_emulated ; UPclk        ; UPclk       ; 1.000        ; -2.718     ; 9.766      ;
; -11.478 ; 74193:inst1|23~_emulated ; 74193:inst4|23~_emulated ; UPclk        ; UPclk       ; 1.000        ; -3.906     ; 8.572      ;
; -11.452 ; 74193:inst4|24~_emulated ; 74193:inst1|26~_emulated ; UPclk        ; UPclk       ; 1.000        ; -5.497     ; 6.955      ;
; -11.440 ; 74193:inst4|24~_emulated ; 74193:inst1|26~_emulated ; rst          ; UPclk       ; 0.500        ; -4.965     ; 6.955      ;
; -11.435 ; 74193:inst4|24~1         ; 74193:inst1|23~_emulated ; UPclk        ; UPclk       ; 1.000        ; -3.564     ; 8.871      ;
; -11.419 ; 74193:inst4|23~_emulated ; 74193:inst1|24~_emulated ; rst          ; UPclk       ; 0.500        ; -5.091     ; 6.808      ;
; -11.406 ; 74193:inst4|25~1         ; 74193:inst1|23~_emulated ; UPclk        ; UPclk       ; 1.000        ; -3.586     ; 8.820      ;
; -11.360 ; 74193:inst1|24~1         ; 74193:inst4|24~_emulated ; UPclk        ; UPclk       ; 1.000        ; -3.043     ; 9.317      ;
; -11.354 ; 74193:inst1|23~_emulated ; 74193:inst4|24~_emulated ; UPclk        ; UPclk       ; 1.000        ; -4.231     ; 8.123      ;
; -11.308 ; 74193:inst1|25~_emulated ; 74193:inst1|24~_emulated ; rst          ; UPclk       ; 0.500        ; -2.466     ; 9.322      ;
; -11.297 ; 74193:inst1|25~1         ; 74193:inst1|24~_emulated ; UPclk        ; UPclk       ; 1.000        ; -2.981     ; 9.316      ;
; -11.274 ; 74193:inst1|23~_emulated ; 74193:inst1|25~_emulated ; rst          ; UPclk       ; 0.500        ; -4.182     ; 7.572      ;
; -11.264 ; 74193:inst4|25~_emulated ; 74193:inst4|23~_emulated ; UPclk        ; UPclk       ; 0.500        ; -3.666     ; 8.098      ;
; -11.242 ; 74193:inst1|23~1         ; 74193:inst1|24~_emulated ; UPclk        ; UPclk       ; 1.000        ; -4.277     ; 7.965      ;
; -11.228 ; 74193:inst1|26~1         ; 74193:inst1|23~_emulated ; UPclk        ; UPclk       ; 1.000        ; -2.134     ; 10.094     ;
; -11.215 ; 74193:inst4|24~_emulated ; 74193:inst4|26~_emulated ; rst          ; UPclk       ; 0.500        ; -3.933     ; 7.762      ;
; -11.214 ; 74193:inst4|24~_emulated ; 74193:inst4|26~_emulated ; UPclk        ; UPclk       ; 1.000        ; -4.452     ; 7.762      ;
; -11.200 ; 74193:inst4|25~_emulated ; 74193:inst1|25~_emulated ; rst          ; UPclk       ; 0.500        ; -4.582     ; 7.098      ;
; -11.199 ; 74193:inst4|26~_emulated ; 74193:inst4|25~_emulated ; UPclk        ; UPclk       ; 0.500        ; -4.119     ; 7.580      ;
; -11.189 ; 74193:inst4|26~_emulated ; 74193:inst4|23~_emulated ; UPclk        ; UPclk       ; 0.500        ; -3.648     ; 8.041      ;
; -11.161 ; 74193:inst4|26~_emulated ; 74193:inst1|24~_emulated ; rst          ; UPclk       ; 0.500        ; -4.210     ; 7.431      ;
; -11.160 ; 74193:inst4|23~_emulated ; 74193:inst1|25~_emulated ; UPclk        ; UPclk       ; 1.000        ; -5.742     ; 6.418      ;
; -11.154 ; 74193:inst1|23~_emulated ; 74193:inst1|26~_emulated ; rst          ; UPclk       ; 0.500        ; -4.412     ; 7.222      ;
; -11.140 ; 74193:inst4|25~_emulated ; 74193:inst4|24~_emulated ; UPclk        ; UPclk       ; 0.500        ; -3.991     ; 7.649      ;
; -11.100 ; 74193:inst4|24~1         ; 74193:inst1|24~_emulated ; UPclk        ; UPclk       ; 1.000        ; -4.412     ; 7.688      ;
; -11.080 ; 74193:inst4|25~_emulated ; 74193:inst1|26~_emulated ; rst          ; UPclk       ; 0.500        ; -4.812     ; 6.748      ;
; -11.071 ; 74193:inst4|25~1         ; 74193:inst1|24~_emulated ; UPclk        ; UPclk       ; 1.000        ; -4.434     ; 7.637      ;
; -11.065 ; 74193:inst4|26~_emulated ; 74193:inst4|24~_emulated ; UPclk        ; UPclk       ; 0.500        ; -3.973     ; 7.592      ;
; -11.040 ; 74193:inst4|23~_emulated ; 74193:inst1|26~_emulated ; UPclk        ; UPclk       ; 1.000        ; -5.972     ; 6.068      ;
; -11.013 ; 74193:inst4|23~_emulated ; 74193:inst1|25~_emulated ; rst          ; UPclk       ; 0.500        ; -5.075     ; 6.418      ;
; -10.967 ; 74193:inst1|24~1         ; 74193:inst1|23~_emulated ; rst          ; UPclk       ; 1.000        ; -1.608     ; 10.339     ;
; -10.929 ; 74193:inst1|23~_emulated ; 74193:inst4|26~_emulated ; rst          ; UPclk       ; 0.500        ; -3.380     ; 8.029      ;
; -10.893 ; 74193:inst1|26~1         ; 74193:inst1|24~_emulated ; UPclk        ; UPclk       ; 1.000        ; -2.982     ; 8.911      ;
; -10.893 ; 74193:inst4|23~_emulated ; 74193:inst1|26~_emulated ; rst          ; UPclk       ; 0.500        ; -5.305     ; 6.068      ;
; -10.892 ; 74193:inst4|24~_emulated ; 74193:inst4|25~_emulated ; rst          ; UPclk       ; 0.500        ; -3.528     ; 7.844      ;
; -10.891 ; 74193:inst4|24~_emulated ; 74193:inst4|25~_emulated ; UPclk        ; UPclk       ; 1.000        ; -4.047     ; 7.844      ;
; -10.882 ; 74193:inst4|24~_emulated ; 74193:inst4|23~_emulated ; rst          ; UPclk       ; 0.500        ; -3.057     ; 8.305      ;
; -10.881 ; 74193:inst4|24~_emulated ; 74193:inst4|23~_emulated ; UPclk        ; UPclk       ; 1.000        ; -3.576     ; 8.305      ;
; -10.873 ; 74193:inst4|26~1         ; 74193:inst1|23~_emulated ; UPclk        ; UPclk       ; 1.000        ; -3.420     ; 8.453      ;
; -10.855 ; 74193:inst4|25~_emulated ; 74193:inst4|26~_emulated ; rst          ; UPclk       ; 0.500        ; -3.780     ; 7.555      ;
; -10.836 ; 74193:inst1|23~1         ; 74193:inst1|25~_emulated ; UPclk        ; UPclk       ; 1.000        ; -4.261     ; 7.575      ;
; -10.802 ; 74193:inst4|23~_emulated ; 74193:inst4|26~_emulated ; UPclk        ; UPclk       ; 1.000        ; -4.927     ; 6.875      ;
; -10.782 ; 74193:inst1|25~_emulated ; 74193:inst1|26~_emulated ; rst          ; UPclk       ; 0.500        ; -2.680     ; 8.582      ;
; -10.776 ; 74193:inst1|24~_emulated ; 74193:inst1|25~_emulated ; rst          ; UPclk       ; 1.000        ; -2.835     ; 8.921      ;
; -10.771 ; 74193:inst1|25~1         ; 74193:inst1|26~_emulated ; UPclk        ; UPclk       ; 1.000        ; -3.195     ; 8.576      ;
; -10.755 ; 74193:inst4|26~_emulated ; 74193:inst1|25~_emulated ; rst          ; UPclk       ; 0.500        ; -4.194     ; 7.041      ;
; -10.716 ; 74193:inst1|23~1         ; 74193:inst1|26~_emulated ; UPclk        ; UPclk       ; 1.000        ; -4.491     ; 7.225      ;
; -10.694 ; 74193:inst4|24~1         ; 74193:inst1|25~_emulated ; UPclk        ; UPclk       ; 1.000        ; -4.396     ; 7.298      ;
; -10.668 ; 74193:inst4|23~_emulated ; 74193:inst4|26~_emulated ; rst          ; UPclk       ; 0.500        ; -4.273     ; 6.875      ;
; -10.665 ; 74193:inst4|25~1         ; 74193:inst1|25~_emulated ; UPclk        ; UPclk       ; 1.000        ; -4.418     ; 7.247      ;
; -10.656 ; 74193:inst1|24~_emulated ; 74193:inst1|26~_emulated ; rst          ; UPclk       ; 1.000        ; -3.065     ; 8.571      ;
+---------+--------------------------+--------------------------+--------------+-------------+--------------+------------+------------+


+-------------------------------------------------------------------------------------------------------------------------------------+
; Slow 1200mV -40C Model Setup: 'rst'                                                                                                 ;
+---------+--------------------------+--------------------------+--------------+-------------+--------------+------------+------------+
; Slack   ; From Node                ; To Node                  ; Launch Clock ; Latch Clock ; Relationship ; Clock Skew ; Data Delay ;
+---------+--------------------------+--------------------------+--------------+-------------+--------------+------------+------------+
; -11.608 ; 74193:inst1|25~_emulated ; 74193:inst1|23~_emulated ; UPclk        ; rst         ; 0.500        ; -1.583     ; 10.505     ;
; -11.510 ; 74193:inst1|24~_emulated ; 74193:inst1|23~_emulated ; UPclk        ; rst         ; 0.500        ; -1.496     ; 10.494     ;
; -11.280 ; 74193:inst1|24~_emulated ; 74193:inst1|23~_emulated ; UPclk        ; rst         ; 1.000        ; -1.766     ; 10.494     ;
; -11.146 ; 74193:inst1|25~_emulated ; 74193:inst1|24~_emulated ; UPclk        ; rst         ; 0.500        ; -2.304     ; 9.322      ;
; -11.021 ; 74193:inst1|24~_emulated ; 74193:inst1|25~_emulated ; UPclk        ; rst         ; 0.500        ; -2.580     ; 8.921      ;
; -10.947 ; 74193:inst1|24~1         ; 74193:inst1|23~_emulated ; UPclk        ; rst         ; 0.500        ; -1.088     ; 10.339     ;
; -10.862 ; 74193:inst1|25~_emulated ; 74193:inst4|24~_emulated ; UPclk        ; rst         ; 0.500        ; -1.859     ; 9.483      ;
; -10.856 ; 74193:inst1|24~_emulated ; 74193:inst4|25~_emulated ; UPclk        ; rst         ; 0.500        ; -1.876     ; 9.460      ;
; -10.838 ; 74193:inst1|25~_emulated ; 74193:inst1|23~_emulated ; UPclk        ; rst         ; 1.000        ; -1.313     ; 10.505     ;
; -10.792 ; 74193:inst1|24~_emulated ; 74193:inst4|26~_emulated ; UPclk        ; rst         ; 0.500        ; -1.894     ; 9.378      ;
; -10.777 ; 74193:inst1|25~_emulated ; 74193:inst4|23~_emulated ; UPclk        ; rst         ; 0.500        ; -1.325     ; 9.932      ;
; -10.772 ; 74193:inst1|24~_emulated ; 74193:inst4|23~_emulated ; UPclk        ; rst         ; 0.500        ; -1.331     ; 9.921      ;
; -10.717 ; 74193:inst1|24~1         ; 74193:inst1|23~_emulated ; UPclk        ; rst         ; 1.000        ; -1.358     ; 10.339     ;
; -10.534 ; 74193:inst1|24~_emulated ; 74193:inst4|24~_emulated ; UPclk        ; rst         ; 1.000        ; -2.042     ; 9.472      ;
; -10.497 ; 74193:inst4|25~_emulated ; 74193:inst1|23~_emulated ; UPclk        ; rst         ; 0.500        ; -2.306     ; 8.671      ;
; -10.458 ; 74193:inst1|24~1         ; 74193:inst1|25~_emulated ; UPclk        ; rst         ; 0.500        ; -2.172     ; 8.766      ;
; -10.452 ; 74193:inst1|23~_emulated ; 74193:inst1|25~_emulated ; UPclk        ; rst         ; 0.500        ; -3.360     ; 7.572      ;
; -10.449 ; 74193:inst1|24~_emulated ; 74193:inst4|23~_emulated ; UPclk        ; rst         ; 1.000        ; -1.508     ; 9.921      ;
; -10.422 ; 74193:inst4|26~_emulated ; 74193:inst1|23~_emulated ; UPclk        ; rst         ; 0.500        ; -2.288     ; 8.614      ;
; -10.344 ; 74193:inst4|24~_emulated ; 74193:inst1|23~_emulated ; UPclk        ; rst         ; 0.500        ; -1.946     ; 8.878      ;
; -10.293 ; 74193:inst1|24~1         ; 74193:inst4|25~_emulated ; UPclk        ; rst         ; 0.500        ; -1.468     ; 9.305      ;
; -10.287 ; 74193:inst1|23~_emulated ; 74193:inst4|25~_emulated ; UPclk        ; rst         ; 0.500        ; -2.656     ; 8.111      ;
; -10.278 ; 74193:inst1|24~_emulated ; 74193:inst4|24~_emulated ; UPclk        ; rst         ; 0.500        ; -1.286     ; 9.472      ;
; -10.249 ; 74193:inst1|23~_emulated ; 74193:inst1|24~_emulated ; UPclk        ; rst         ; 1.000        ; -3.267     ; 7.962      ;
; -10.229 ; 74193:inst1|24~1         ; 74193:inst4|26~_emulated ; UPclk        ; rst         ; 0.500        ; -1.486     ; 9.223      ;
; -10.223 ; 74193:inst1|23~_emulated ; 74193:inst4|26~_emulated ; UPclk        ; rst         ; 0.500        ; -2.674     ; 8.029      ;
; -10.209 ; 74193:inst1|24~1         ; 74193:inst4|23~_emulated ; UPclk        ; rst         ; 0.500        ; -0.923     ; 9.766      ;
; -10.203 ; 74193:inst1|23~_emulated ; 74193:inst4|23~_emulated ; UPclk        ; rst         ; 0.500        ; -2.111     ; 8.572      ;
; -10.184 ; 74193:inst1|25~_emulated ; 74193:inst4|25~_emulated ; UPclk        ; rst         ; 1.000        ; -1.693     ; 9.471      ;
; -10.120 ; 74193:inst1|25~_emulated ; 74193:inst4|26~_emulated ; UPclk        ; rst         ; 1.000        ; -1.711     ; 9.389      ;
; -10.114 ; 74193:inst4|24~_emulated ; 74193:inst1|23~_emulated ; UPclk        ; rst         ; 1.000        ; -2.216     ; 8.878      ;
; -10.100 ; 74193:inst1|25~_emulated ; 74193:inst4|23~_emulated ; UPclk        ; rst         ; 1.000        ; -1.148     ; 9.932      ;
; -10.035 ; 74193:inst4|25~_emulated ; 74193:inst1|24~_emulated ; UPclk        ; rst         ; 0.500        ; -3.027     ; 7.488      ;
; -9.993  ; 74193:inst4|24~_emulated ; 74193:inst1|23~_emulated ; rst          ; rst         ; 0.500        ; -1.615     ; 8.878      ;
; -9.971  ; 74193:inst1|24~1         ; 74193:inst4|24~_emulated ; UPclk        ; rst         ; 1.000        ; -1.634     ; 9.317      ;
; -9.965  ; 74193:inst1|23~_emulated ; 74193:inst4|24~_emulated ; UPclk        ; rst         ; 1.000        ; -2.822     ; 8.123      ;
; -9.960  ; 74193:inst4|26~_emulated ; 74193:inst1|24~_emulated ; UPclk        ; rst         ; 0.500        ; -3.009     ; 7.431      ;
; -9.932  ; 74193:inst4|23~_emulated ; 74193:inst1|23~_emulated ; UPclk        ; rst         ; 0.500        ; -2.421     ; 7.991      ;
; -9.886  ; 74193:inst1|24~1         ; 74193:inst4|23~_emulated ; UPclk        ; rst         ; 1.000        ; -1.100     ; 9.766      ;
; -9.880  ; 74193:inst1|23~_emulated ; 74193:inst4|23~_emulated ; UPclk        ; rst         ; 1.000        ; -2.288     ; 8.572      ;
; -9.855  ; 74193:inst4|24~_emulated ; 74193:inst1|25~_emulated ; UPclk        ; rst         ; 0.500        ; -3.030     ; 7.305      ;
; -9.751  ; 74193:inst4|25~_emulated ; 74193:inst4|24~_emulated ; UPclk        ; rst         ; 0.500        ; -2.582     ; 7.649      ;
; -9.727  ; 74193:inst4|25~_emulated ; 74193:inst1|23~_emulated ; UPclk        ; rst         ; 1.000        ; -2.036     ; 8.671      ;
; -9.715  ; 74193:inst1|24~1         ; 74193:inst4|24~_emulated ; UPclk        ; rst         ; 0.500        ; -0.878     ; 9.317      ;
; -9.709  ; 74193:inst1|23~_emulated ; 74193:inst4|24~_emulated ; UPclk        ; rst         ; 0.500        ; -2.066     ; 8.123      ;
; -9.702  ; 74193:inst4|23~_emulated ; 74193:inst1|23~_emulated ; UPclk        ; rst         ; 1.000        ; -2.691     ; 7.991      ;
; -9.690  ; 74193:inst4|24~_emulated ; 74193:inst4|25~_emulated ; UPclk        ; rst         ; 0.500        ; -2.326     ; 7.844      ;
; -9.676  ; 74193:inst4|26~_emulated ; 74193:inst4|24~_emulated ; UPclk        ; rst         ; 0.500        ; -2.564     ; 7.592      ;
; -9.666  ; 74193:inst4|25~_emulated ; 74193:inst4|23~_emulated ; UPclk        ; rst         ; 0.500        ; -2.048     ; 8.098      ;
; -9.663  ; 74193:inst1|25~1         ; 74193:inst1|23~_emulated ; UPclk        ; rst         ; 0.500        ; 0.356      ; 10.499     ;
; -9.652  ; 74193:inst4|24~_emulated ; 74193:inst1|24~_emulated ; UPclk        ; rst         ; 1.000        ; -2.937     ; 7.695      ;
; -9.652  ; 74193:inst4|26~_emulated ; 74193:inst1|23~_emulated ; UPclk        ; rst         ; 1.000        ; -2.018     ; 8.614      ;
; -9.633  ; 74193:inst4|25~_emulated ; 74193:inst1|23~_emulated ; rst          ; rst         ; 0.500        ; -1.462     ; 8.671      ;
; -9.626  ; 74193:inst4|24~_emulated ; 74193:inst4|26~_emulated ; UPclk        ; rst         ; 0.500        ; -2.344     ; 7.762      ;
; -9.606  ; 74193:inst4|24~_emulated ; 74193:inst4|23~_emulated ; UPclk        ; rst         ; 0.500        ; -1.781     ; 8.305      ;
; -9.606  ; 74193:inst1|25~_emulated ; 74193:inst4|24~_emulated ; UPclk        ; rst         ; 1.000        ; -1.103     ; 9.483      ;
; -9.591  ; 74193:inst4|26~_emulated ; 74193:inst4|23~_emulated ; UPclk        ; rst         ; 0.500        ; -2.030     ; 8.041      ;
; -9.531  ; 74193:inst4|24~_emulated ; 74193:inst1|24~_emulated ; rst          ; rst         ; 0.500        ; -2.336     ; 7.695      ;
; -9.466  ; 74193:inst4|24~1         ; 74193:inst1|23~_emulated ; UPclk        ; rst         ; 0.500        ; -1.075     ; 8.871      ;
; -9.446  ; 74193:inst4|23~_emulated ; 74193:inst1|23~_emulated ; rst          ; rst         ; 0.500        ; -1.955     ; 7.991      ;
; -9.443  ; 74193:inst4|23~_emulated ; 74193:inst1|25~_emulated ; UPclk        ; rst         ; 0.500        ; -3.505     ; 6.418      ;
; -9.439  ; 74193:inst1|24~_emulated ; 74193:inst1|23~_emulated ; rst          ; rst         ; 0.500        ; 0.555      ; 10.494     ;
; -9.437  ; 74193:inst4|25~1         ; 74193:inst1|23~_emulated ; UPclk        ; rst         ; 0.500        ; -1.097     ; 8.820      ;
; -9.433  ; 74193:inst1|25~1         ; 74193:inst1|23~_emulated ; UPclk        ; rst         ; 1.000        ; 0.086      ; 10.499     ;
; -9.335  ; 74193:inst1|25~_emulated ; 74193:inst1|23~_emulated ; rst          ; rst         ; 0.500        ; 0.670      ; 10.505     ;
; -9.283  ; 74193:inst4|24~_emulated ; 74193:inst4|23~_emulated ; UPclk        ; rst         ; 1.000        ; -1.958     ; 8.305      ;
; -9.278  ; 74193:inst4|23~_emulated ; 74193:inst4|25~_emulated ; UPclk        ; rst         ; 0.500        ; -2.801     ; 6.957      ;
; -9.259  ; 74193:inst1|26~1         ; 74193:inst1|23~_emulated ; UPclk        ; rst         ; 0.500        ; 0.355      ; 10.094     ;
; -9.245  ; 74193:inst1|23~_emulated ; 74193:inst1|24~_emulated ; rst          ; rst         ; 0.500        ; -1.783     ; 7.962      ;
; -9.240  ; 74193:inst4|23~_emulated ; 74193:inst1|24~_emulated ; UPclk        ; rst         ; 1.000        ; -3.412     ; 6.808      ;
; -9.238  ; 74193:inst4|25~_emulated ; 74193:inst1|25~_emulated ; UPclk        ; rst         ; 1.000        ; -3.120     ; 7.098      ;
; -9.236  ; 74193:inst4|24~1         ; 74193:inst1|23~_emulated ; UPclk        ; rst         ; 1.000        ; -1.345     ; 8.871      ;
; -9.221  ; 74193:inst4|24~_emulated ; 74193:inst1|23~_emulated ; rst          ; rst         ; 1.000        ; -1.343     ; 8.878      ;
; -9.214  ; 74193:inst4|23~_emulated ; 74193:inst4|26~_emulated ; UPclk        ; rst         ; 0.500        ; -2.819     ; 6.875      ;
; -9.209  ; 74193:inst1|24~_emulated ; 74193:inst1|23~_emulated ; rst          ; rst         ; 1.000        ; 0.285      ; 10.494     ;
; -9.207  ; 74193:inst4|25~1         ; 74193:inst1|23~_emulated ; UPclk        ; rst         ; 1.000        ; -1.367     ; 8.820      ;
; -9.188  ; 74193:inst4|26~_emulated ; 74193:inst1|23~_emulated ; rst          ; rst         ; 0.500        ; -1.074     ; 8.614      ;
; -9.171  ; 74193:inst4|25~_emulated ; 74193:inst1|24~_emulated ; rst          ; rst         ; 0.500        ; -2.183     ; 7.488      ;
; -9.163  ; 74193:inst4|26~_emulated ; 74193:inst1|25~_emulated ; UPclk        ; rst         ; 1.000        ; -3.102     ; 7.041      ;
; -9.162  ; 74193:inst4|24~_emulated ; 74193:inst4|23~_emulated ; rst          ; rst         ; 0.500        ; -1.357     ; 8.305      ;
; -9.119  ; 74193:inst1|23~1         ; 74193:inst1|25~_emulated ; UPclk        ; rst         ; 0.500        ; -2.024     ; 7.575      ;
; -9.029  ; 74193:inst1|26~1         ; 74193:inst1|23~_emulated ; UPclk        ; rst         ; 1.000        ; 0.085      ; 10.094     ;
; -9.009  ; 74193:inst1|25~1         ; 74193:inst4|25~_emulated ; UPclk        ; rst         ; 0.500        ; -0.024     ; 9.465      ;
; -9.009  ; 74193:inst4|25~_emulated ; 74193:inst4|26~_emulated ; UPclk        ; rst         ; 1.000        ; -2.434     ; 7.555      ;
; -8.998  ; 74193:inst4|26~_emulated ; 74193:inst4|25~_emulated ; UPclk        ; rst         ; 1.000        ; -2.398     ; 7.580      ;
; -8.989  ; 74193:inst4|25~_emulated ; 74193:inst4|23~_emulated ; UPclk        ; rst         ; 1.000        ; -1.871     ; 8.098      ;
; -8.984  ; 74193:inst4|23~_emulated ; 74193:inst1|24~_emulated ; rst          ; rst         ; 0.500        ; -2.676     ; 6.808      ;
; -8.977  ; 74193:inst4|24~1         ; 74193:inst1|25~_emulated ; UPclk        ; rst         ; 0.500        ; -2.159     ; 7.298      ;
; -8.971  ; 74193:inst1|25~1         ; 74193:inst1|24~_emulated ; UPclk        ; rst         ; 1.000        ; -0.635     ; 9.316      ;
; -8.961  ; 74193:inst1|23~_emulated ; 74193:inst4|24~_emulated ; rst          ; rst         ; 0.500        ; -1.338     ; 8.123      ;
; -8.956  ; 74193:inst4|23~_emulated ; 74193:inst4|24~_emulated ; UPclk        ; rst         ; 1.000        ; -2.967     ; 6.969      ;
; -8.954  ; 74193:inst1|23~1         ; 74193:inst4|25~_emulated ; UPclk        ; rst         ; 0.500        ; -1.320     ; 8.114      ;
; -8.950  ; 74193:inst1|24~_emulated ; 74193:inst1|25~_emulated ; rst          ; rst         ; 0.500        ; -0.529     ; 8.921      ;
; -8.948  ; 74193:inst4|25~1         ; 74193:inst1|25~_emulated ; UPclk        ; rst         ; 0.500        ; -2.181     ; 7.247      ;
; -8.945  ; 74193:inst1|25~1         ; 74193:inst4|26~_emulated ; UPclk        ; rst         ; 0.500        ; -0.042     ; 9.383      ;
; -8.925  ; 74193:inst1|25~1         ; 74193:inst4|23~_emulated ; UPclk        ; rst         ; 0.500        ; 0.521      ; 9.926      ;
; -8.916  ; 74193:inst1|23~1         ; 74193:inst1|24~_emulated ; UPclk        ; rst         ; 1.000        ; -1.931     ; 7.965      ;
; -8.914  ; 74193:inst4|26~_emulated ; 74193:inst4|23~_emulated ; UPclk        ; rst         ; 1.000        ; -1.853     ; 8.041      ;
; -8.904  ; 74193:inst4|26~1         ; 74193:inst1|23~_emulated ; UPclk        ; rst         ; 0.500        ; -0.931     ; 8.453      ;
; -8.890  ; 74193:inst1|23~1         ; 74193:inst4|26~_emulated ; UPclk        ; rst         ; 0.500        ; -1.338     ; 8.032      ;
+---------+--------------------------+--------------------------+--------------+-------------+--------------+------------+------------+


+-----------------------------------------------------------------------------------------------------------------------------------------+
; Slow 1200mV -40C Model Hold: 'UPclk'                                                                                                    ;
+--------+---------------------------+------------------------------+--------------+-------------+--------------+------------+------------+
; Slack  ; From Node                 ; To Node                      ; Launch Clock ; Latch Clock ; Relationship ; Clock Skew ; Data Delay ;
+--------+---------------------------+------------------------------+--------------+-------------+--------------+------------+------------+
; -2.895 ; 74193:inst4|23~1          ; 74193:inst4|23~_emulated     ; rst          ; UPclk       ; 0.000        ; 3.613      ; 0.926      ;
; -2.728 ; 74193:inst4|24~1          ; 74193:inst4|24~_emulated     ; rst          ; UPclk       ; 0.000        ; 3.008      ; 0.488      ;
; -2.447 ; 74193:inst4|26~1          ; 74193:inst4|26~_emulated     ; rst          ; UPclk       ; -0.500       ; 3.219      ; 0.480      ;
; -2.302 ; 74193:inst1|23~1          ; 74193:inst1|23~_emulated     ; rst          ; UPclk       ; 0.000        ; 3.469      ; 1.375      ;
; -2.291 ; 74193:inst4|25~1          ; 74193:inst4|25~_emulated     ; rst          ; UPclk       ; -0.500       ; 3.077      ; 0.494      ;
; -2.256 ; 74193:inst1|24~1          ; 74193:inst1|24~_emulated     ; rst          ; UPclk       ; 0.000        ; 2.546      ; 0.498      ;
; -1.566 ; 74193:inst1|25~1          ; 74193:inst1|25~_emulated     ; rst          ; UPclk       ; -0.500       ; 3.749      ; 1.891      ;
; -1.526 ; 74193:inst1|24~_emulated  ; 74193:inst1|24~_emulated     ; UPclk        ; UPclk       ; 0.000        ; 4.833      ; 3.475      ;
; -1.424 ; rst                       ; 74193:inst4|23~_emulated     ; rst          ; UPclk       ; 0.000        ; 7.756      ; 6.540      ;
; -1.199 ; rst                       ; 74193:inst4|26~_emulated     ; rst          ; UPclk       ; 0.000        ; 7.353      ; 6.362      ;
; -1.191 ; rst                       ; 74193:inst4|24~_emulated     ; rst          ; UPclk       ; 0.000        ; 7.281      ; 6.298      ;
; -1.107 ; 74193:inst1|25~_emulated  ; 74193:inst1|25~_emulated     ; UPclk        ; UPclk       ; -0.500       ; 4.634      ; 3.215      ;
; -1.107 ; 74193:inst4|26~_emulated  ; 74193:inst4|26~_emulated     ; UPclk        ; UPclk       ; -0.500       ; 4.524      ; 3.105      ;
; -1.096 ; rst                       ; 74193:inst4|25~_emulated     ; rst          ; UPclk       ; 0.000        ; 7.371      ; 6.483      ;
; -0.943 ; rst                       ; 74193:inst1|25~_emulated     ; rst          ; UPclk       ; 0.000        ; 6.648      ; 5.913      ;
; -0.934 ; 74193:inst4|23~1          ; 74193:inst4|23~_emulated     ; UPclk        ; UPclk       ; 0.000        ; 1.692      ; 0.926      ;
; -0.920 ; rst                       ; 74193:inst4|26~_emulated     ; rst          ; UPclk       ; -0.500       ; 7.353      ; 6.141      ;
; -0.862 ; rst                       ; 74193:inst1|24~_emulated     ; rst          ; UPclk       ; 0.000        ; 6.831      ; 6.177      ;
; -0.817 ; 74193:inst1|23~_emulated  ; 74193:inst1|23~_emulated     ; UPclk        ; UPclk       ; 0.000        ; 4.765      ; 4.116      ;
; -0.816 ; rst                       ; 74193:inst4|25~_emulated     ; rst          ; UPclk       ; -0.500       ; 7.371      ; 6.263      ;
; -0.767 ; 74193:inst4|24~1          ; 74193:inst4|24~_emulated     ; UPclk        ; UPclk       ; 0.000        ; 1.087      ; 0.488      ;
; -0.699 ; rst                       ; 74193:inst4|23~_emulated     ; rst          ; UPclk       ; -0.500       ; 7.756      ; 6.765      ;
; -0.697 ; 74193:inst4|23~_emulated  ; 74193:inst4|23~_emulated     ; UPclk        ; UPclk       ; 0.000        ; 4.051      ; 3.522      ;
; -0.693 ; 74193:inst4|24~_emulated  ; 74193:inst4|24~_emulated     ; UPclk        ; UPclk       ; 0.000        ; 3.901      ; 3.376      ;
; -0.668 ; rst                       ; 74193:inst1|23~_emulated     ; rst          ; UPclk       ; 0.000        ; 7.611      ; 7.151      ;
; -0.599 ; 74193:inst4|25~_emulated  ; 74193:inst4|25~_emulated     ; UPclk        ; UPclk       ; -0.500       ; 4.137      ; 3.226      ;
; -0.592 ; rst                       ; 74193:inst1|25~_emulated     ; rst          ; UPclk       ; -0.500       ; 6.648      ; 5.764      ;
; -0.506 ; 74193:inst4|26~1          ; 74193:inst4|26~_emulated     ; UPclk        ; UPclk       ; -0.500       ; 1.298      ; 0.480      ;
; -0.494 ; rst                       ; 74193:inst4|24~_emulated     ; rst          ; UPclk       ; -0.500       ; 7.281      ; 6.495      ;
; -0.350 ; 74193:inst4|25~1          ; 74193:inst4|25~_emulated     ; UPclk        ; UPclk       ; -0.500       ; 1.156      ; 0.494      ;
; -0.341 ; 74193:inst1|23~1          ; 74193:inst1|23~_emulated     ; UPclk        ; UPclk       ; 0.000        ; 1.548      ; 1.375      ;
; -0.308 ; 74193:inst1|24~1          ; 74193:inst1|24~_emulated     ; UPclk        ; UPclk       ; 0.000        ; 0.638      ; 0.498      ;
; -0.164 ; rst                       ; 74193:inst1|24~_emulated     ; rst          ; UPclk       ; -0.500       ; 6.831      ; 6.375      ;
; 0.052  ; rst                       ; 74193:inst1|23~_emulated     ; rst          ; UPclk       ; -0.500       ; 7.611      ; 7.371      ;
; 0.375  ; 74193:inst1|25~1          ; 74193:inst1|25~_emulated     ; UPclk        ; UPclk       ; -0.500       ; 1.828      ; 1.891      ;
; 0.481  ; 74193:inst4|26~_emulated  ; 74193:inst4|26~_emulated     ; rst          ; UPclk       ; 0.000        ; 2.416      ; 3.105      ;
; 0.523  ; display:inst5|duration[7] ; display:inst5|duration[7]    ; UPclk        ; UPclk       ; 0.000        ; 0.077      ; 0.768      ;
; 0.524  ; UPclk                     ; 74193:inst4|23~_emulated     ; UPclk        ; UPclk       ; 0.000        ; 7.756      ; 8.448      ;
; 0.578  ; display:inst5|duration[5] ; display:inst5|duration[5]    ; UPclk        ; UPclk       ; 0.000        ; 0.077      ; 0.823      ;
; 0.582  ; display:inst5|duration[3] ; display:inst5|duration[3]    ; UPclk        ; UPclk       ; 0.000        ; 0.077      ; 0.827      ;
; 0.582  ; display:inst5|duration[1] ; display:inst5|duration[1]    ; UPclk        ; UPclk       ; 0.000        ; 0.077      ; 0.827      ;
; 0.583  ; display:inst5|duration[6] ; display:inst5|duration[6]    ; UPclk        ; UPclk       ; 0.000        ; 0.077      ; 0.828      ;
; 0.584  ; display:inst5|duration[4] ; display:inst5|duration[4]    ; UPclk        ; UPclk       ; 0.000        ; 0.077      ; 0.829      ;
; 0.584  ; display:inst5|duration[2] ; display:inst5|duration[2]    ; UPclk        ; UPclk       ; 0.000        ; 0.077      ; 0.829      ;
; 0.602  ; 74193:inst4|25~_emulated  ; 74193:inst4|25~_emulated     ; rst          ; UPclk       ; 0.000        ; 2.416      ; 3.226      ;
; 0.610  ; 74193:inst1|25~_emulated  ; 74193:inst1|25~_emulated     ; rst          ; UPclk       ; 0.000        ; 2.397      ; 3.215      ;
; 0.676  ; 74193:inst4|24~_emulated  ; 74193:inst4|24~_emulated     ; rst          ; UPclk       ; 0.000        ; 2.492      ; 3.376      ;
; 0.723  ; 7474:inst|9               ; 7474:inst|9                  ; UPclk        ; UPclk       ; 0.000        ; 0.168      ; 1.059      ;
; 0.757  ; UPclk                     ; 74193:inst4|24~_emulated     ; UPclk        ; UPclk       ; 0.000        ; 7.281      ; 8.206      ;
; 0.780  ; 74193:inst1|24~_emulated  ; 74193:inst1|24~_emulated     ; rst          ; UPclk       ; 0.000        ; 2.487      ; 3.475      ;
; 0.855  ; display:inst5|duration[5] ; display:inst5|duration[6]    ; UPclk        ; UPclk       ; 0.000        ; 0.077      ; 1.100      ;
; 0.859  ; display:inst5|duration[6] ; display:inst5|duration[7]    ; UPclk        ; UPclk       ; 0.000        ; 0.077      ; 1.104      ;
; 0.860  ; display:inst5|duration[3] ; display:inst5|duration[4]    ; UPclk        ; UPclk       ; 0.000        ; 0.077      ; 1.105      ;
; 0.860  ; display:inst5|duration[1] ; display:inst5|duration[2]    ; UPclk        ; UPclk       ; 0.000        ; 0.077      ; 1.105      ;
; 0.860  ; display:inst5|duration[4] ; display:inst5|duration[5]    ; UPclk        ; UPclk       ; 0.000        ; 0.077      ; 1.105      ;
; 0.860  ; display:inst5|duration[2] ; display:inst5|duration[3]    ; UPclk        ; UPclk       ; 0.000        ; 0.077      ; 1.105      ;
; 0.860  ; display:inst5|duration[0] ; display:inst5|duration[1]    ; UPclk        ; UPclk       ; 0.000        ; 0.077      ; 1.105      ;
; 0.874  ; display:inst5|duration[4] ; display:inst5|duration[6]    ; UPclk        ; UPclk       ; 0.000        ; 0.077      ; 1.119      ;
; 0.874  ; display:inst5|duration[2] ; display:inst5|duration[4]    ; UPclk        ; UPclk       ; 0.000        ; 0.077      ; 1.119      ;
; 0.874  ; display:inst5|duration[0] ; display:inst5|duration[2]    ; UPclk        ; UPclk       ; 0.000        ; 0.077      ; 1.119      ;
; 0.881  ; 74193:inst4|23~_emulated  ; 74193:inst4|23~_emulated     ; rst          ; UPclk       ; 0.000        ; 2.433      ; 3.522      ;
; 0.887  ; display:inst5|duration[3] ; display:inst5|oldduration[3] ; UPclk        ; UPclk       ; 0.000        ; -0.283     ; 0.772      ;
; 0.888  ; display:inst5|duration[5] ; display:inst5|oldduration[5] ; UPclk        ; UPclk       ; 0.000        ; -0.283     ; 0.773      ;
; 0.889  ; display:inst5|enable      ; display:inst5|enable         ; UPclk        ; UPclk       ; 0.000        ; 0.077      ; 1.134      ;
; 0.896  ; display:inst5|duration[0] ; display:inst5|duration[0]    ; UPclk        ; UPclk       ; 0.000        ; 0.077      ; 1.141      ;
; 0.896  ; display:inst5|oldpsi      ; display:inst5|enable         ; UPclk        ; UPclk       ; 0.000        ; 0.077      ; 1.141      ;
; 0.903  ; display:inst5|duration[0] ; display:inst5|oldduration[0] ; UPclk        ; UPclk       ; 0.000        ; -0.283     ; 0.788      ;
; 0.912  ; display:inst5|duration[4] ; display:inst5|oldduration[4] ; UPclk        ; UPclk       ; 0.000        ; -0.283     ; 0.797      ;
; 0.942  ; UPclk                     ; 74193:inst4|26~_emulated     ; UPclk        ; UPclk       ; 0.000        ; 7.353      ; 8.463      ;
; 0.945  ; display:inst5|duration[5] ; display:inst5|duration[7]    ; UPclk        ; UPclk       ; 0.000        ; 0.077      ; 1.190      ;
; 0.950  ; display:inst5|duration[3] ; display:inst5|duration[5]    ; UPclk        ; UPclk       ; 0.000        ; 0.077      ; 1.195      ;
; 0.950  ; display:inst5|duration[1] ; display:inst5|duration[3]    ; UPclk        ; UPclk       ; 0.000        ; 0.077      ; 1.195      ;
; 0.964  ; display:inst5|duration[3] ; display:inst5|duration[6]    ; UPclk        ; UPclk       ; 0.000        ; 0.077      ; 1.209      ;
; 0.964  ; display:inst5|duration[1] ; display:inst5|duration[4]    ; UPclk        ; UPclk       ; 0.000        ; 0.077      ; 1.209      ;
; 0.964  ; display:inst5|duration[4] ; display:inst5|duration[7]    ; UPclk        ; UPclk       ; 0.000        ; 0.077      ; 1.209      ;
; 0.964  ; display:inst5|duration[2] ; display:inst5|duration[5]    ; UPclk        ; UPclk       ; 0.000        ; 0.077      ; 1.209      ;
; 0.964  ; display:inst5|duration[0] ; display:inst5|duration[3]    ; UPclk        ; UPclk       ; 0.000        ; 0.077      ; 1.209      ;
; 0.978  ; display:inst5|duration[2] ; display:inst5|duration[6]    ; UPclk        ; UPclk       ; 0.000        ; 0.077      ; 1.223      ;
; 0.978  ; display:inst5|duration[0] ; display:inst5|duration[4]    ; UPclk        ; UPclk       ; 0.000        ; 0.077      ; 1.223      ;
; 1.008  ; UPclk                     ; 74193:inst4|26~_emulated     ; UPclk        ; UPclk       ; -0.500       ; 7.353      ; 8.049      ;
; 1.036  ; display:inst5|duration[7] ; display:inst5|oldduration[7] ; UPclk        ; UPclk       ; 0.000        ; -0.283     ; 0.921      ;
; 1.045  ; UPclk                     ; 74193:inst4|25~_emulated     ; UPclk        ; UPclk       ; 0.000        ; 7.371      ; 8.584      ;
; 1.052  ; display:inst5|duration[2] ; display:inst5|oldduration[2] ; UPclk        ; UPclk       ; 0.000        ; -0.283     ; 0.937      ;
; 1.054  ; display:inst5|oldpsi      ; display:inst5|duration[7]    ; UPclk        ; UPclk       ; 0.000        ; 0.077      ; 1.299      ;
; 1.054  ; display:inst5|oldpsi      ; display:inst5|duration[6]    ; UPclk        ; UPclk       ; 0.000        ; 0.077      ; 1.299      ;
; 1.054  ; display:inst5|oldpsi      ; display:inst5|duration[5]    ; UPclk        ; UPclk       ; 0.000        ; 0.077      ; 1.299      ;
; 1.054  ; display:inst5|oldpsi      ; display:inst5|duration[4]    ; UPclk        ; UPclk       ; 0.000        ; 0.077      ; 1.299      ;
; 1.054  ; display:inst5|oldpsi      ; display:inst5|duration[3]    ; UPclk        ; UPclk       ; 0.000        ; 0.077      ; 1.299      ;
; 1.054  ; display:inst5|oldpsi      ; display:inst5|duration[2]    ; UPclk        ; UPclk       ; 0.000        ; 0.077      ; 1.299      ;
; 1.054  ; display:inst5|oldpsi      ; display:inst5|duration[1]    ; UPclk        ; UPclk       ; 0.000        ; 0.077      ; 1.299      ;
; 1.054  ; display:inst5|oldpsi      ; display:inst5|duration[0]    ; UPclk        ; UPclk       ; 0.000        ; 0.077      ; 1.299      ;
; 1.054  ; display:inst5|duration[3] ; display:inst5|duration[7]    ; UPclk        ; UPclk       ; 0.000        ; 0.077      ; 1.299      ;
; 1.054  ; display:inst5|duration[1] ; display:inst5|duration[5]    ; UPclk        ; UPclk       ; 0.000        ; 0.077      ; 1.299      ;
; 1.068  ; display:inst5|duration[1] ; display:inst5|duration[6]    ; UPclk        ; UPclk       ; 0.000        ; 0.077      ; 1.313      ;
; 1.068  ; display:inst5|duration[2] ; display:inst5|duration[7]    ; UPclk        ; UPclk       ; 0.000        ; 0.077      ; 1.313      ;
; 1.068  ; display:inst5|duration[0] ; display:inst5|duration[5]    ; UPclk        ; UPclk       ; 0.000        ; 0.077      ; 1.313      ;
; 1.082  ; display:inst5|duration[0] ; display:inst5|duration[6]    ; UPclk        ; UPclk       ; 0.000        ; 0.077      ; 1.327      ;
; 1.086  ; UPclk                     ; 74193:inst1|24~_emulated     ; UPclk        ; UPclk       ; 0.000        ; 6.831      ; 8.085      ;
; 1.112  ; UPclk                     ; 74193:inst4|25~_emulated     ; UPclk        ; UPclk       ; -0.500       ; 7.371      ; 8.171      ;
; 1.158  ; display:inst5|duration[1] ; display:inst5|duration[7]    ; UPclk        ; UPclk       ; 0.000        ; 0.077      ; 1.403      ;
+--------+---------------------------+------------------------------+--------------+-------------+--------------+------------+------------+


+------------------------------------------------------------------------------------------------------------------------------------+
; Slow 1200mV -40C Model Hold: 'rst'                                                                                                 ;
+--------+--------------------------+--------------------------+--------------+-------------+--------------+------------+------------+
; Slack  ; From Node                ; To Node                  ; Launch Clock ; Latch Clock ; Relationship ; Clock Skew ; Data Delay ;
+--------+--------------------------+--------------------------+--------------+-------------+--------------+------------+------------+
; -2.404 ; 7474:inst|9              ; 7474:inst|9              ; UPclk        ; rst         ; 0.000        ; 3.255      ; 1.059      ;
; -1.639 ; 74193:inst4|23~1         ; 74193:inst4|23~_emulated ; rst          ; rst         ; -0.500       ; 2.877      ; 0.926      ;
; -1.607 ; 74193:inst4|24~1         ; 74193:inst4|24~_emulated ; rst          ; rst         ; -0.500       ; 2.407      ; 0.488      ;
; -1.427 ; 74193:inst4|25~1         ; 74193:inst4|25~_emulated ; rst          ; rst         ; -0.500       ; 2.233      ; 0.494      ;
; -1.315 ; 7474:inst|9              ; 7474:inst|9              ; rst          ; rst         ; 0.000        ; 2.206      ; 1.059      ;
; -1.213 ; 74193:inst4|26~1         ; 74193:inst4|26~_emulated ; rst          ; rst         ; -0.500       ; 2.005      ; 0.480      ;
; -0.804 ; 74193:inst4|23~1         ; 74193:inst4|23~_emulated ; rst          ; rst         ; 0.000        ; 1.562      ; 0.926      ;
; -0.637 ; 74193:inst4|24~1         ; 74193:inst4|24~_emulated ; rst          ; rst         ; 0.000        ; 0.957      ; 0.488      ;
; -0.492 ; rst                      ; 74193:inst4|23~_emulated ; rst          ; rst         ; 0.000        ; 7.089      ; 6.765      ;
; -0.422 ; rst                      ; 74193:inst4|24~_emulated ; rst          ; rst         ; 0.000        ; 6.749      ; 6.495      ;
; -0.298 ; 74193:inst1|23~1         ; 74193:inst1|23~_emulated ; rst          ; rst         ; -0.500       ; 1.985      ; 1.375      ;
; -0.281 ; rst                      ; 74193:inst4|25~_emulated ; rst          ; rst         ; 0.000        ; 6.596      ; 6.483      ;
; -0.237 ; rst                      ; 74193:inst4|23~_emulated ; rst          ; rst         ; -0.500       ; 7.089      ; 6.540      ;
; -0.211 ; 74193:inst1|23~1         ; 74193:inst1|23~_emulated ; rst          ; rst         ; 0.000        ; 1.418      ; 1.375      ;
; -0.165 ; 74193:inst1|24~1         ; 74193:inst1|24~_emulated ; rst          ; rst         ; 0.000        ; 0.495      ; 0.498      ;
; -0.139 ; rst                      ; 74193:inst4|24~_emulated ; rst          ; rst         ; -0.500       ; 6.749      ; 6.298      ;
; -0.021 ; rst                      ; 74193:inst4|25~_emulated ; rst          ; rst         ; -0.500       ; 6.596      ; 6.263      ;
; -0.014 ; rst                      ; 74193:inst4|26~_emulated ; rst          ; rst         ; 0.000        ; 6.208      ; 6.362      ;
; 0.005  ; 74193:inst4|26~_emulated ; 74193:inst4|26~_emulated ; UPclk        ; rst         ; -0.500       ; 3.392      ; 3.105      ;
; 0.143  ; 74193:inst4|25~_emulated ; 74193:inst4|25~_emulated ; UPclk        ; rst         ; -0.500       ; 3.375      ; 3.226      ;
; 0.180  ; 74193:inst4|23~1         ; 74193:inst4|23~_emulated ; UPclk        ; rst         ; -0.500       ; 1.038      ; 0.926      ;
; 0.212  ; 74193:inst4|24~1         ; 74193:inst4|24~_emulated ; UPclk        ; rst         ; -0.500       ; 0.568      ; 0.488      ;
; 0.245  ; rst                      ; 74193:inst4|26~_emulated ; rst          ; rst         ; -0.500       ; 6.208      ; 6.141      ;
; 0.286  ; 74193:inst4|24~_emulated ; 74193:inst4|24~_emulated ; UPclk        ; rst         ; -0.500       ; 3.382      ; 3.376      ;
; 0.392  ; 74193:inst4|25~1         ; 74193:inst4|25~_emulated ; UPclk        ; rst         ; -0.500       ; 0.394      ; 0.494      ;
; 0.416  ; 74193:inst1|24~_emulated ; 74193:inst1|24~_emulated ; UPclk        ; rst         ; 0.000        ; 2.851      ; 3.475      ;
; 0.417  ; 74193:inst4|23~_emulated ; 74193:inst4|23~_emulated ; UPclk        ; rst         ; -0.500       ; 3.397      ; 3.522      ;
; 0.598  ; rst                      ; 74193:inst4|23~_emulated ; rst          ; rst         ; 0.000        ; 5.774      ; 6.540      ;
; 0.606  ; 74193:inst4|26~1         ; 74193:inst4|26~_emulated ; UPclk        ; rst         ; -0.500       ; 0.166      ; 0.480      ;
; 0.707  ; 74193:inst1|25~1         ; 74193:inst1|25~_emulated ; rst          ; rst         ; -0.500       ; 1.496      ; 1.891      ;
; 0.831  ; rst                      ; 74193:inst4|24~_emulated ; rst          ; rst         ; 0.000        ; 5.299      ; 6.298      ;
; 0.995  ; 74193:inst4|23~1         ; 74193:inst4|23~_emulated ; UPclk        ; rst         ; 0.000        ; -0.277     ; 0.926      ;
; 1.007  ; rst                      ; 74193:inst1|23~_emulated ; rst          ; rst         ; 0.000        ; 6.196      ; 7.371      ;
; 1.045  ; 74193:inst1|23~_emulated ; 74193:inst1|23~_emulated ; UPclk        ; rst         ; -0.500       ; 3.363      ; 4.116      ;
; 1.057  ; 74193:inst1|25~_emulated ; 74193:inst1|25~_emulated ; UPclk        ; rst         ; -0.500       ; 2.450      ; 3.215      ;
; 1.112  ; 74193:inst1|23~_emulated ; 74193:inst1|23~_emulated ; UPclk        ; rst         ; 0.000        ; 2.796      ; 4.116      ;
; 1.160  ; rst                      ; 74193:inst1|24~_emulated ; rst          ; rst         ; 0.000        ; 4.849      ; 6.177      ;
; 1.162  ; 74193:inst4|24~1         ; 74193:inst4|24~_emulated ; UPclk        ; rst         ; 0.000        ; -0.882     ; 0.488      ;
; 1.232  ; 74193:inst4|23~_emulated ; 74193:inst4|23~_emulated ; UPclk        ; rst         ; 0.000        ; 2.082      ; 3.522      ;
; 1.236  ; 74193:inst4|24~_emulated ; 74193:inst4|24~_emulated ; UPclk        ; rst         ; 0.000        ; 1.932      ; 3.376      ;
; 1.267  ; rst                      ; 74193:inst1|23~_emulated ; rst          ; rst         ; -0.500       ; 6.196      ; 7.151      ;
; 1.281  ; rst                      ; 74193:inst1|25~_emulated ; rst          ; rst         ; 0.000        ; 4.464      ; 5.913      ;
; 1.303  ; rst                      ; 74193:inst4|23~_emulated ; rst          ; rst         ; -0.500       ; 5.774      ; 6.765      ;
; 1.354  ; rst                      ; 74193:inst1|23~_emulated ; rst          ; rst         ; 0.000        ; 5.629      ; 7.151      ;
; 1.488  ; 74193:inst4|25~_emulated ; 74193:inst4|25~_emulated ; rst          ; rst         ; 0.000        ; 1.570      ; 3.226      ;
; 1.508  ; rst                      ; 74193:inst4|24~_emulated ; rst          ; rst         ; -0.500       ; 5.299      ; 6.495      ;
; 1.521  ; 74193:inst1|23~1         ; 74193:inst1|23~_emulated ; UPclk        ; rst         ; -0.500       ; 0.146      ; 1.375      ;
; 1.569  ; UPclk                    ; 74193:inst4|23~_emulated ; UPclk        ; rst         ; 0.000        ; 7.089      ; 8.866      ;
; 1.588  ; 74193:inst1|23~1         ; 74193:inst1|23~_emulated ; UPclk        ; rst         ; 0.000        ; -0.421     ; 1.375      ;
; 1.612  ; rst                      ; 74193:inst1|25~_emulated ; rst          ; rst         ; -0.500       ; 4.464      ; 5.764      ;
; 1.634  ; 74193:inst1|24~1         ; 74193:inst1|24~_emulated ; UPclk        ; rst         ; 0.000        ; -1.344     ; 0.498      ;
; 1.639  ; UPclk                    ; 74193:inst4|24~_emulated ; UPclk        ; rst         ; 0.000        ; 6.749      ; 8.596      ;
; 1.651  ; UPclk                    ; 74193:inst4|23~_emulated ; UPclk        ; rst         ; -0.500       ; 7.089      ; 8.448      ;
; 1.737  ; 74193:inst4|26~_emulated ; 74193:inst4|26~_emulated ; rst          ; rst         ; 0.000        ; 1.200      ; 3.105      ;
; 1.749  ; UPclk                    ; 74193:inst4|24~_emulated ; UPclk        ; rst         ; -0.500       ; 6.749      ; 8.206      ;
; 1.780  ; UPclk                    ; 74193:inst4|25~_emulated ; UPclk        ; rst         ; 0.000        ; 6.596      ; 8.584      ;
; 1.797  ; 74193:inst4|24~_emulated ; 74193:inst4|24~_emulated ; rst          ; rst         ; -0.500       ; 1.891      ; 3.376      ;
; 1.836  ; 74193:inst4|23~_emulated ; 74193:inst4|23~_emulated ; rst          ; rst         ; 0.000        ; 1.518      ; 3.522      ;
; 1.838  ; rst                      ; 74193:inst1|24~_emulated ; rst          ; rst         ; -0.500       ; 4.849      ; 6.375      ;
; 1.867  ; UPclk                    ; 74193:inst4|25~_emulated ; UPclk        ; rst         ; -0.500       ; 6.596      ; 8.171      ;
; 2.047  ; UPclk                    ; 74193:inst4|26~_emulated ; UPclk        ; rst         ; 0.000        ; 6.208      ; 8.463      ;
; 2.054  ; rst                      ; 74193:inst1|23~_emulated ; rst          ; rst         ; -0.500       ; 5.629      ; 7.371      ;
; 2.133  ; UPclk                    ; 74193:inst4|26~_emulated ; UPclk        ; rst         ; -0.500       ; 6.208      ; 8.049      ;
; 2.137  ; 74193:inst4|23~_emulated ; 74193:inst4|23~_emulated ; rst          ; rst         ; -0.500       ; 1.697      ; 3.522      ;
; 2.466  ; UPclk                    ; 74193:inst4|23~_emulated ; UPclk        ; rst         ; 0.000        ; 5.774      ; 8.448      ;
; 2.526  ; 74193:inst1|25~1         ; 74193:inst1|25~_emulated ; UPclk        ; rst         ; -0.500       ; -0.343     ; 1.891      ;
; 2.699  ; UPclk                    ; 74193:inst4|24~_emulated ; UPclk        ; rst         ; 0.000        ; 5.299      ; 8.206      ;
; 2.767  ; 74193:inst4|24~_emulated ; 74193:inst4|24~_emulated ; rst          ; rst         ; 0.000        ; 0.441      ; 3.376      ;
; 2.871  ; 74193:inst1|24~_emulated ; 74193:inst1|24~_emulated ; rst          ; rst         ; 0.000        ; 0.436      ; 3.475      ;
; 2.972  ; 74193:inst4|23~_emulated ; 74193:inst4|23~_emulated ; rst          ; rst         ; 0.000        ; 0.382      ; 3.522      ;
; 2.981  ; 74193:inst1|25~_emulated ; 74193:inst1|25~_emulated ; rst          ; rst         ; 0.000        ; 0.066      ; 3.215      ;
; 3.018  ; 74193:inst4|26~_emulated ; 74193:inst4|23~_emulated ; UPclk        ; rst         ; -0.500       ; 4.273      ; 6.999      ;
; 3.028  ; UPclk                    ; 74193:inst1|24~_emulated ; UPclk        ; rst         ; 0.000        ; 4.849      ; 8.085      ;
; 3.068  ; UPclk                    ; 74193:inst1|23~_emulated ; UPclk        ; rst         ; 0.000        ; 6.196      ; 9.472      ;
; 3.116  ; 74193:inst4|26~_emulated ; 74193:inst4|24~_emulated ; UPclk        ; rst         ; -0.500       ; 3.933      ; 6.757      ;
; 3.137  ; 74193:inst4|24~_emulated ; 74193:inst4|24~_emulated ; rst          ; rst         ; 0.000        ; 0.071      ; 3.376      ;
; 3.155  ; UPclk                    ; 74193:inst1|23~_emulated ; UPclk        ; rst         ; -0.500       ; 6.196      ; 9.059      ;
; 3.222  ; UPclk                    ; 74193:inst1|23~_emulated ; UPclk        ; rst         ; 0.000        ; 5.629      ; 9.059      ;
; 3.234  ; 74193:inst4|26~_emulated ; 74193:inst4|25~_emulated ; UPclk        ; rst         ; -0.500       ; 3.780      ; 6.722      ;
; 3.342  ; UPclk                    ; 74193:inst1|25~_emulated ; UPclk        ; rst         ; 0.000        ; 4.464      ; 8.014      ;
; 3.366  ; 74193:inst1|23~_emulated ; 74193:inst1|23~_emulated ; rst          ; rst         ; -0.500       ; 1.062      ; 4.116      ;
; 3.384  ; UPclk                    ; 74193:inst4|23~_emulated ; UPclk        ; rst         ; -0.500       ; 5.774      ; 8.866      ;
; 3.388  ; 74193:inst1|26~_emulated ; 74193:inst4|23~_emulated ; UPclk        ; rst         ; -0.500       ; 5.305      ; 8.401      ;
; 3.403  ; 74193:inst4|23~_emulated ; 74193:inst4|24~_emulated ; UPclk        ; rst         ; -0.500       ; 3.057      ; 6.168      ;
; 3.407  ; 74193:inst1|23~_emulated ; 74193:inst4|23~_emulated ; UPclk        ; rst         ; -0.500       ; 4.256      ; 7.371      ;
; 3.453  ; 74193:inst1|23~_emulated ; 74193:inst1|23~_emulated ; rst          ; rst         ; 0.000        ; 0.495      ; 4.116      ;
; 3.478  ; 74193:inst4|25~_emulated ; 74193:inst4|25~_emulated ; UPclk        ; rst         ; 0.000        ; -0.460     ; 3.226      ;
; 3.479  ; 74193:inst4|25~_emulated ; 74193:inst4|23~_emulated ; UPclk        ; rst         ; -0.500       ; 3.868      ; 7.055      ;
; 3.486  ; 74193:inst1|26~_emulated ; 74193:inst4|24~_emulated ; UPclk        ; rst         ; -0.500       ; 4.965      ; 8.159      ;
; 3.500  ; UPclk                    ; 74193:inst1|25~_emulated ; UPclk        ; rst         ; -0.500       ; 4.464      ; 7.672      ;
; 3.505  ; 74193:inst1|23~_emulated ; 74193:inst4|24~_emulated ; UPclk        ; rst         ; -0.500       ; 3.916      ; 7.129      ;
; 3.521  ; 74193:inst4|23~_emulated ; 74193:inst4|25~_emulated ; UPclk        ; rst         ; -0.500       ; 2.904      ; 6.133      ;
; 3.577  ; 74193:inst4|25~_emulated ; 74193:inst4|24~_emulated ; UPclk        ; rst         ; -0.500       ; 3.528      ; 6.813      ;
; 3.589  ; UPclk                    ; 74193:inst4|24~_emulated ; UPclk        ; rst         ; -0.500       ; 5.299      ; 8.596      ;
; 3.604  ; 74193:inst1|26~_emulated ; 74193:inst4|25~_emulated ; UPclk        ; rst         ; -0.500       ; 4.812      ; 8.124      ;
; 3.623  ; 74193:inst1|23~_emulated ; 74193:inst4|25~_emulated ; UPclk        ; rst         ; -0.500       ; 3.763      ; 7.094      ;
; 3.629  ; 74193:inst4|23~_emulated ; 74193:inst4|23~_emulated ; rst          ; rst         ; -0.500       ; 0.205      ; 3.522      ;
; 3.727  ; 74193:inst4|26~_emulated ; 74193:inst4|26~_emulated ; UPclk        ; rst         ; 0.000        ; -0.830     ; 3.105      ;
; 3.780  ; 74193:inst4|24~_emulated ; 74193:inst4|23~_emulated ; UPclk        ; rst         ; -0.500       ; 3.722      ; 7.210      ;
; 3.787  ; 74193:inst4|23~_emulated ; 74193:inst4|26~_emulated ; UPclk        ; rst         ; -0.500       ; 2.516      ; 6.011      ;
+--------+--------------------------+--------------------------+--------------+-------------+--------------+------------+------------+


+-------------------------------------------------------------------------------------------------------------------------------------+
; Slow 1200mV -40C Model Recovery: 'UPclk'                                                                                            ;
+---------+--------------------------+--------------------------+--------------+-------------+--------------+------------+------------+
; Slack   ; From Node                ; To Node                  ; Launch Clock ; Latch Clock ; Relationship ; Clock Skew ; Data Delay ;
+---------+--------------------------+--------------------------+--------------+-------------+--------------+------------+------------+
; -11.317 ; 74193:inst1|25~_emulated ; 74193:inst1|26~_emulated ; UPclk        ; UPclk       ; 0.500        ; -4.864     ; 6.953      ;
; -11.102 ; 74193:inst1|25~_emulated ; 74193:inst1|24~_emulated ; UPclk        ; UPclk       ; 0.500        ; -4.650     ; 6.952      ;
; -11.087 ; 74193:inst1|25~_emulated ; 74193:inst1|25~_emulated ; UPclk        ; UPclk       ; 0.500        ; -4.634     ; 6.953      ;
; -10.989 ; 74193:inst1|24~_emulated ; 74193:inst1|26~_emulated ; UPclk        ; UPclk       ; 1.000        ; -5.047     ; 6.942      ;
; -10.774 ; 74193:inst1|24~_emulated ; 74193:inst1|24~_emulated ; UPclk        ; UPclk       ; 1.000        ; -4.833     ; 6.941      ;
; -10.759 ; 74193:inst1|24~_emulated ; 74193:inst1|25~_emulated ; UPclk        ; UPclk       ; 1.000        ; -4.817     ; 6.942      ;
; -10.426 ; 74193:inst1|24~1         ; 74193:inst1|26~_emulated ; UPclk        ; UPclk       ; 1.000        ; -4.639     ; 6.787      ;
; -10.420 ; 74193:inst1|23~_emulated ; 74193:inst1|26~_emulated ; UPclk        ; UPclk       ; 1.000        ; -5.827     ; 5.593      ;
; -10.258 ; 74193:inst1|25~_emulated ; 74193:inst4|26~_emulated ; UPclk        ; UPclk       ; 0.500        ; -3.819     ; 6.939      ;
; -10.241 ; 74193:inst1|25~_emulated ; 74193:inst1|23~_emulated ; UPclk        ; UPclk       ; 0.500        ; -3.802     ; 6.939      ;
; -10.229 ; 74193:inst4|25~_emulated ; 74193:inst1|26~_emulated ; UPclk        ; UPclk       ; 0.500        ; -5.587     ; 5.142      ;
; -10.211 ; 74193:inst1|24~1         ; 74193:inst1|24~_emulated ; UPclk        ; UPclk       ; 1.000        ; -4.425     ; 6.786      ;
; -10.205 ; 74193:inst1|23~_emulated ; 74193:inst1|24~_emulated ; UPclk        ; UPclk       ; 1.000        ; -5.613     ; 5.592      ;
; -10.196 ; 74193:inst1|24~1         ; 74193:inst1|25~_emulated ; UPclk        ; UPclk       ; 1.000        ; -4.409     ; 6.787      ;
; -10.190 ; 74193:inst1|23~_emulated ; 74193:inst1|25~_emulated ; UPclk        ; UPclk       ; 1.000        ; -5.597     ; 5.593      ;
; -10.152 ; 74193:inst4|26~_emulated ; 74193:inst1|26~_emulated ; UPclk        ; UPclk       ; 0.500        ; -5.569     ; 5.083      ;
; -10.014 ; 74193:inst4|25~_emulated ; 74193:inst1|24~_emulated ; UPclk        ; UPclk       ; 0.500        ; -5.373     ; 5.141      ;
; -9.999  ; 74193:inst4|25~_emulated ; 74193:inst1|25~_emulated ; UPclk        ; UPclk       ; 0.500        ; -5.357     ; 5.142      ;
; -9.943  ; 74193:inst1|24~_emulated ; 74193:inst4|26~_emulated ; UPclk        ; UPclk       ; 1.000        ; -4.015     ; 6.928      ;
; -9.937  ; 74193:inst4|26~_emulated ; 74193:inst1|24~_emulated ; UPclk        ; UPclk       ; 0.500        ; -5.355     ; 5.082      ;
; -9.926  ; 74193:inst1|24~_emulated ; 74193:inst1|23~_emulated ; UPclk        ; UPclk       ; 1.000        ; -3.998     ; 6.928      ;
; -9.922  ; 74193:inst4|26~_emulated ; 74193:inst1|25~_emulated ; UPclk        ; UPclk       ; 0.500        ; -5.339     ; 5.083      ;
; -9.853  ; 74193:inst1|25~_emulated ; 74193:inst4|25~_emulated ; UPclk        ; UPclk       ; 0.500        ; -3.414     ; 6.939      ;
; -9.823  ; 74193:inst4|24~_emulated ; 74193:inst1|26~_emulated ; UPclk        ; UPclk       ; 1.000        ; -5.497     ; 5.326      ;
; -9.811  ; 74193:inst4|24~_emulated ; 74193:inst1|26~_emulated ; rst          ; UPclk       ; 0.500        ; -4.965     ; 5.326      ;
; -9.707  ; 74193:inst1|25~_emulated ; 74193:inst4|24~_emulated ; UPclk        ; UPclk       ; 0.500        ; -3.268     ; 6.939      ;
; -9.608  ; 74193:inst4|24~_emulated ; 74193:inst1|24~_emulated ; UPclk        ; UPclk       ; 1.000        ; -5.283     ; 5.325      ;
; -9.596  ; 74193:inst4|24~_emulated ; 74193:inst1|24~_emulated ; rst          ; UPclk       ; 0.500        ; -4.751     ; 5.325      ;
; -9.593  ; 74193:inst4|24~_emulated ; 74193:inst1|25~_emulated ; UPclk        ; UPclk       ; 1.000        ; -5.267     ; 5.326      ;
; -9.581  ; 74193:inst4|24~_emulated ; 74193:inst1|25~_emulated ; rst          ; UPclk       ; 0.500        ; -4.735     ; 5.326      ;
; -9.538  ; 74193:inst1|24~_emulated ; 74193:inst4|25~_emulated ; UPclk        ; UPclk       ; 1.000        ; -3.610     ; 6.928      ;
; -9.525  ; 74193:inst1|23~_emulated ; 74193:inst1|26~_emulated ; rst          ; UPclk       ; 0.500        ; -4.412     ; 5.593      ;
; -9.474  ; 74193:inst4|25~_emulated ; 74193:inst1|26~_emulated ; rst          ; UPclk       ; 0.500        ; -4.812     ; 5.142      ;
; -9.443  ; 74193:inst4|23~_emulated ; 74193:inst1|26~_emulated ; UPclk        ; UPclk       ; 1.000        ; -5.972     ; 4.471      ;
; -9.392  ; 74193:inst1|24~_emulated ; 74193:inst4|24~_emulated ; UPclk        ; UPclk       ; 1.000        ; -3.464     ; 6.928      ;
; -9.382  ; 74193:inst1|25~_emulated ; 74193:inst4|23~_emulated ; UPclk        ; UPclk       ; 0.500        ; -2.943     ; 6.939      ;
; -9.367  ; 74193:inst1|24~1         ; 74193:inst4|26~_emulated ; UPclk        ; UPclk       ; 1.000        ; -3.594     ; 6.773      ;
; -9.361  ; 74193:inst1|23~_emulated ; 74193:inst4|26~_emulated ; UPclk        ; UPclk       ; 1.000        ; -4.782     ; 5.579      ;
; -9.350  ; 74193:inst1|24~1         ; 74193:inst1|23~_emulated ; UPclk        ; UPclk       ; 1.000        ; -3.577     ; 6.773      ;
; -9.344  ; 74193:inst1|23~_emulated ; 74193:inst1|23~_emulated ; UPclk        ; UPclk       ; 1.000        ; -4.765     ; 5.579      ;
; -9.310  ; 74193:inst1|23~_emulated ; 74193:inst1|24~_emulated ; rst          ; UPclk       ; 0.500        ; -4.198     ; 5.592      ;
; -9.296  ; 74193:inst4|23~_emulated ; 74193:inst1|26~_emulated ; rst          ; UPclk       ; 0.500        ; -5.305     ; 4.471      ;
; -9.295  ; 74193:inst1|23~_emulated ; 74193:inst1|25~_emulated ; rst          ; UPclk       ; 0.500        ; -4.182     ; 5.593      ;
; -9.259  ; 74193:inst4|25~_emulated ; 74193:inst1|24~_emulated ; rst          ; UPclk       ; 0.500        ; -4.598     ; 5.141      ;
; -9.244  ; 74193:inst4|25~_emulated ; 74193:inst1|25~_emulated ; rst          ; UPclk       ; 0.500        ; -4.582     ; 5.142      ;
; -9.228  ; 74193:inst4|23~_emulated ; 74193:inst1|24~_emulated ; UPclk        ; UPclk       ; 1.000        ; -5.758     ; 4.470      ;
; -9.213  ; 74193:inst4|23~_emulated ; 74193:inst1|25~_emulated ; UPclk        ; UPclk       ; 1.000        ; -5.742     ; 4.471      ;
; -9.169  ; 74193:inst4|25~_emulated ; 74193:inst4|26~_emulated ; UPclk        ; UPclk       ; 0.500        ; -4.542     ; 5.127      ;
; -9.153  ; 74193:inst1|25~_emulated ; 74193:inst1|26~_emulated ; rst          ; UPclk       ; 0.500        ; -2.680     ; 6.953      ;
; -9.152  ; 74193:inst4|25~_emulated ; 74193:inst1|23~_emulated ; UPclk        ; UPclk       ; 0.500        ; -4.525     ; 5.127      ;
; -9.142  ; 74193:inst1|25~1         ; 74193:inst1|26~_emulated ; UPclk        ; UPclk       ; 1.000        ; -3.195     ; 6.947      ;
; -9.092  ; 74193:inst4|26~_emulated ; 74193:inst4|26~_emulated ; UPclk        ; UPclk       ; 0.500        ; -4.524     ; 5.068      ;
; -9.087  ; 74193:inst1|23~1         ; 74193:inst1|26~_emulated ; UPclk        ; UPclk       ; 1.000        ; -4.491     ; 5.596      ;
; -9.081  ; 74193:inst4|23~_emulated ; 74193:inst1|24~_emulated ; rst          ; UPclk       ; 0.500        ; -5.091     ; 4.470      ;
; -9.075  ; 74193:inst4|26~_emulated ; 74193:inst1|23~_emulated ; UPclk        ; UPclk       ; 0.500        ; -4.507     ; 5.068      ;
; -9.067  ; 74193:inst1|24~_emulated ; 74193:inst4|23~_emulated ; UPclk        ; UPclk       ; 1.000        ; -3.139     ; 6.928      ;
; -9.066  ; 74193:inst4|23~_emulated ; 74193:inst1|25~_emulated ; rst          ; UPclk       ; 0.500        ; -5.075     ; 4.471      ;
; -9.027  ; 74193:inst1|24~_emulated ; 74193:inst1|26~_emulated ; rst          ; UPclk       ; 1.000        ; -3.065     ; 6.942      ;
; -9.027  ; 74193:inst4|26~_emulated ; 74193:inst1|26~_emulated ; rst          ; UPclk       ; 0.500        ; -4.424     ; 5.083      ;
; -8.962  ; 74193:inst1|24~1         ; 74193:inst4|25~_emulated ; UPclk        ; UPclk       ; 1.000        ; -3.189     ; 6.773      ;
; -8.957  ; 74193:inst4|24~1         ; 74193:inst1|26~_emulated ; UPclk        ; UPclk       ; 1.000        ; -4.626     ; 5.331      ;
; -8.956  ; 74193:inst1|23~_emulated ; 74193:inst4|25~_emulated ; UPclk        ; UPclk       ; 1.000        ; -4.377     ; 5.579      ;
; -8.938  ; 74193:inst1|25~_emulated ; 74193:inst1|24~_emulated ; rst          ; UPclk       ; 0.500        ; -2.466     ; 6.952      ;
; -8.927  ; 74193:inst1|25~1         ; 74193:inst1|24~_emulated ; UPclk        ; UPclk       ; 1.000        ; -2.981     ; 6.946      ;
; -8.923  ; 74193:inst1|25~_emulated ; 74193:inst1|25~_emulated ; rst          ; UPclk       ; 0.500        ; -2.450     ; 6.953      ;
; -8.920  ; 74193:inst4|25~1         ; 74193:inst1|26~_emulated ; UPclk        ; UPclk       ; 1.000        ; -4.648     ; 5.272      ;
; -8.912  ; 74193:inst1|25~1         ; 74193:inst1|25~_emulated ; UPclk        ; UPclk       ; 1.000        ; -2.965     ; 6.947      ;
; -8.872  ; 74193:inst1|23~1         ; 74193:inst1|24~_emulated ; UPclk        ; UPclk       ; 1.000        ; -4.277     ; 5.595      ;
; -8.857  ; 74193:inst1|23~1         ; 74193:inst1|25~_emulated ; UPclk        ; UPclk       ; 1.000        ; -4.261     ; 5.596      ;
; -8.816  ; 74193:inst1|24~1         ; 74193:inst4|24~_emulated ; UPclk        ; UPclk       ; 1.000        ; -3.043     ; 6.773      ;
; -8.812  ; 74193:inst1|24~_emulated ; 74193:inst1|24~_emulated ; rst          ; UPclk       ; 1.000        ; -2.851     ; 6.941      ;
; -8.812  ; 74193:inst4|26~_emulated ; 74193:inst1|24~_emulated ; rst          ; UPclk       ; 0.500        ; -4.210     ; 5.082      ;
; -8.810  ; 74193:inst1|23~_emulated ; 74193:inst4|24~_emulated ; UPclk        ; UPclk       ; 1.000        ; -4.231     ; 5.579      ;
; -8.797  ; 74193:inst1|24~_emulated ; 74193:inst1|25~_emulated ; rst          ; UPclk       ; 1.000        ; -2.835     ; 6.942      ;
; -8.797  ; 74193:inst4|26~_emulated ; 74193:inst1|25~_emulated ; rst          ; UPclk       ; 0.500        ; -4.194     ; 5.083      ;
; -8.765  ; 74193:inst4|24~_emulated ; 74193:inst4|26~_emulated ; rst          ; UPclk       ; 0.500        ; -3.933     ; 5.312      ;
; -8.764  ; 74193:inst4|24~_emulated ; 74193:inst4|26~_emulated ; UPclk        ; UPclk       ; 1.000        ; -4.452     ; 5.312      ;
; -8.764  ; 74193:inst4|25~_emulated ; 74193:inst4|25~_emulated ; UPclk        ; UPclk       ; 0.500        ; -4.137     ; 5.127      ;
; -8.748  ; 74193:inst4|24~_emulated ; 74193:inst1|23~_emulated ; rst          ; UPclk       ; 0.500        ; -3.916     ; 5.312      ;
; -8.747  ; 74193:inst4|24~_emulated ; 74193:inst1|23~_emulated ; UPclk        ; UPclk       ; 1.000        ; -4.435     ; 5.312      ;
; -8.742  ; 74193:inst4|24~1         ; 74193:inst1|24~_emulated ; UPclk        ; UPclk       ; 1.000        ; -4.412     ; 5.330      ;
; -8.738  ; 74193:inst1|26~1         ; 74193:inst1|26~_emulated ; UPclk        ; UPclk       ; 1.000        ; -3.196     ; 6.542      ;
; -8.727  ; 74193:inst4|24~1         ; 74193:inst1|25~_emulated ; UPclk        ; UPclk       ; 1.000        ; -4.396     ; 5.331      ;
; -8.705  ; 74193:inst4|25~1         ; 74193:inst1|24~_emulated ; UPclk        ; UPclk       ; 1.000        ; -4.434     ; 5.271      ;
; -8.690  ; 74193:inst4|25~1         ; 74193:inst1|25~_emulated ; UPclk        ; UPclk       ; 1.000        ; -4.418     ; 5.272      ;
; -8.687  ; 74193:inst4|26~_emulated ; 74193:inst4|25~_emulated ; UPclk        ; UPclk       ; 0.500        ; -4.119     ; 5.068      ;
; -8.617  ; 74193:inst4|25~_emulated ; 74193:inst4|24~_emulated ; UPclk        ; UPclk       ; 0.500        ; -3.991     ; 5.126      ;
; -8.540  ; 74193:inst4|26~_emulated ; 74193:inst4|24~_emulated ; UPclk        ; UPclk       ; 0.500        ; -3.973     ; 5.067      ;
; -8.523  ; 74193:inst1|26~1         ; 74193:inst1|24~_emulated ; UPclk        ; UPclk       ; 1.000        ; -2.982     ; 6.541      ;
; -8.508  ; 74193:inst1|26~1         ; 74193:inst1|25~_emulated ; UPclk        ; UPclk       ; 1.000        ; -2.966     ; 6.542      ;
; -8.491  ; 74193:inst1|24~1         ; 74193:inst4|23~_emulated ; UPclk        ; UPclk       ; 1.000        ; -2.718     ; 6.773      ;
; -8.485  ; 74193:inst1|23~_emulated ; 74193:inst4|23~_emulated ; UPclk        ; UPclk       ; 1.000        ; -3.906     ; 5.579      ;
; -8.479  ; 74193:inst1|23~_emulated ; 74193:inst4|26~_emulated ; rst          ; UPclk       ; 0.500        ; -3.380     ; 5.579      ;
; -8.464  ; 74193:inst1|24~1         ; 74193:inst1|26~_emulated ; rst          ; UPclk       ; 1.000        ; -2.657     ; 6.787      ;
; -8.462  ; 74193:inst1|23~_emulated ; 74193:inst1|23~_emulated ; rst          ; UPclk       ; 0.500        ; -3.363     ; 5.579      ;
; -8.458  ; 74193:inst1|23~_emulated ; 74193:inst1|26~_emulated ; rst          ; UPclk       ; 1.000        ; -3.845     ; 5.593      ;
; -8.437  ; 74193:inst4|26~1         ; 74193:inst1|26~_emulated ; UPclk        ; UPclk       ; 1.000        ; -4.482     ; 4.955      ;
; -8.427  ; 74193:inst4|25~_emulated ; 74193:inst4|26~_emulated ; rst          ; UPclk       ; 0.500        ; -3.780     ; 5.127      ;
; -8.410  ; 74193:inst4|25~_emulated ; 74193:inst1|23~_emulated ; rst          ; UPclk       ; 0.500        ; -3.763     ; 5.127      ;
; -8.383  ; 74193:inst4|23~_emulated ; 74193:inst4|26~_emulated ; UPclk        ; UPclk       ; 1.000        ; -4.927     ; 4.456      ;
+---------+--------------------------+--------------------------+--------------+-------------+--------------+------------+------------+


+------------------------------------------------------------------------------------------------------------------------------------+
; Slow 1200mV -40C Model Recovery: 'rst'                                                                                             ;
+--------+--------------------------+--------------------------+--------------+-------------+--------------+------------+------------+
; Slack  ; From Node                ; To Node                  ; Launch Clock ; Latch Clock ; Relationship ; Clock Skew ; Data Delay ;
+--------+--------------------------+--------------------------+--------------+-------------+--------------+------------+------------+
; -9.042 ; 74193:inst1|24~_emulated ; 74193:inst1|25~_emulated ; UPclk        ; rst         ; 0.500        ; -2.580     ; 6.942      ;
; -8.776 ; 74193:inst1|25~_emulated ; 74193:inst1|24~_emulated ; UPclk        ; rst         ; 0.500        ; -2.304     ; 6.952      ;
; -8.479 ; 74193:inst1|24~1         ; 74193:inst1|25~_emulated ; UPclk        ; rst         ; 0.500        ; -2.172     ; 6.787      ;
; -8.473 ; 74193:inst1|23~_emulated ; 74193:inst1|25~_emulated ; UPclk        ; rst         ; 0.500        ; -3.360     ; 5.593      ;
; -8.448 ; 74193:inst1|24~_emulated ; 74193:inst1|24~_emulated ; UPclk        ; rst         ; 1.000        ; -2.487     ; 6.941      ;
; -8.370 ; 74193:inst1|25~_emulated ; 74193:inst1|25~_emulated ; UPclk        ; rst         ; 1.000        ; -2.397     ; 6.953      ;
; -8.342 ; 74193:inst1|24~_emulated ; 74193:inst4|26~_emulated ; UPclk        ; rst         ; 0.500        ; -1.894     ; 6.928      ;
; -8.324 ; 74193:inst1|24~_emulated ; 74193:inst4|25~_emulated ; UPclk        ; rst         ; 0.500        ; -1.876     ; 6.928      ;
; -8.318 ; 74193:inst1|25~_emulated ; 74193:inst4|24~_emulated ; UPclk        ; rst         ; 0.500        ; -1.859     ; 6.939      ;
; -8.042 ; 74193:inst1|25~_emulated ; 74193:inst1|23~_emulated ; UPclk        ; rst         ; 0.500        ; -1.583     ; 6.939      ;
; -7.990 ; 74193:inst1|24~_emulated ; 74193:inst4|24~_emulated ; UPclk        ; rst         ; 1.000        ; -2.042     ; 6.928      ;
; -7.944 ; 74193:inst1|24~_emulated ; 74193:inst1|23~_emulated ; UPclk        ; rst         ; 0.500        ; -1.496     ; 6.928      ;
; -7.885 ; 74193:inst1|24~1         ; 74193:inst1|24~_emulated ; UPclk        ; rst         ; 1.000        ; -2.079     ; 6.786      ;
; -7.879 ; 74193:inst1|23~_emulated ; 74193:inst1|24~_emulated ; UPclk        ; rst         ; 1.000        ; -3.267     ; 5.592      ;
; -7.876 ; 74193:inst4|24~_emulated ; 74193:inst1|25~_emulated ; UPclk        ; rst         ; 0.500        ; -3.030     ; 5.326      ;
; -7.784 ; 74193:inst1|25~_emulated ; 74193:inst4|23~_emulated ; UPclk        ; rst         ; 0.500        ; -1.325     ; 6.939      ;
; -7.779 ; 74193:inst1|24~_emulated ; 74193:inst4|23~_emulated ; UPclk        ; rst         ; 0.500        ; -1.331     ; 6.928      ;
; -7.779 ; 74193:inst1|24~1         ; 74193:inst4|26~_emulated ; UPclk        ; rst         ; 0.500        ; -1.486     ; 6.773      ;
; -7.773 ; 74193:inst1|23~_emulated ; 74193:inst4|26~_emulated ; UPclk        ; rst         ; 0.500        ; -2.674     ; 5.579      ;
; -7.761 ; 74193:inst1|24~1         ; 74193:inst4|25~_emulated ; UPclk        ; rst         ; 0.500        ; -1.468     ; 6.773      ;
; -7.755 ; 74193:inst1|23~_emulated ; 74193:inst4|25~_emulated ; UPclk        ; rst         ; 0.500        ; -2.656     ; 5.579      ;
; -7.734 ; 74193:inst1|24~_emulated ; 74193:inst4|24~_emulated ; UPclk        ; rst         ; 0.500        ; -1.286     ; 6.928      ;
; -7.714 ; 74193:inst1|24~_emulated ; 74193:inst1|23~_emulated ; UPclk        ; rst         ; 1.000        ; -1.766     ; 6.928      ;
; -7.688 ; 74193:inst4|25~_emulated ; 74193:inst1|24~_emulated ; UPclk        ; rst         ; 0.500        ; -3.027     ; 5.141      ;
; -7.670 ; 74193:inst1|25~_emulated ; 74193:inst4|26~_emulated ; UPclk        ; rst         ; 1.000        ; -1.711     ; 6.939      ;
; -7.652 ; 74193:inst1|25~_emulated ; 74193:inst4|25~_emulated ; UPclk        ; rst         ; 1.000        ; -1.693     ; 6.939      ;
; -7.611 ; 74193:inst4|26~_emulated ; 74193:inst1|24~_emulated ; UPclk        ; rst         ; 0.500        ; -3.009     ; 5.082      ;
; -7.496 ; 74193:inst4|23~_emulated ; 74193:inst1|25~_emulated ; UPclk        ; rst         ; 0.500        ; -3.505     ; 4.471      ;
; -7.456 ; 74193:inst1|24~_emulated ; 74193:inst4|23~_emulated ; UPclk        ; rst         ; 1.000        ; -1.508     ; 6.928      ;
; -7.427 ; 74193:inst1|24~1         ; 74193:inst4|24~_emulated ; UPclk        ; rst         ; 1.000        ; -1.634     ; 6.773      ;
; -7.421 ; 74193:inst1|23~_emulated ; 74193:inst4|24~_emulated ; UPclk        ; rst         ; 1.000        ; -2.822     ; 5.579      ;
; -7.381 ; 74193:inst1|24~1         ; 74193:inst1|23~_emulated ; UPclk        ; rst         ; 0.500        ; -1.088     ; 6.773      ;
; -7.375 ; 74193:inst1|23~_emulated ; 74193:inst1|23~_emulated ; UPclk        ; rst         ; 0.500        ; -2.276     ; 5.579      ;
; -7.282 ; 74193:inst4|24~_emulated ; 74193:inst1|24~_emulated ; UPclk        ; rst         ; 1.000        ; -2.937     ; 5.325      ;
; -7.282 ; 74193:inst4|25~_emulated ; 74193:inst1|25~_emulated ; UPclk        ; rst         ; 1.000        ; -3.120     ; 5.142      ;
; -7.272 ; 74193:inst1|25~_emulated ; 74193:inst1|23~_emulated ; UPclk        ; rst         ; 1.000        ; -1.313     ; 6.939      ;
; -7.228 ; 74193:inst4|25~_emulated ; 74193:inst4|24~_emulated ; UPclk        ; rst         ; 0.500        ; -2.582     ; 5.126      ;
; -7.216 ; 74193:inst1|24~1         ; 74193:inst4|23~_emulated ; UPclk        ; rst         ; 0.500        ; -0.923     ; 6.773      ;
; -7.210 ; 74193:inst1|23~_emulated ; 74193:inst4|23~_emulated ; UPclk        ; rst         ; 0.500        ; -2.111     ; 5.579      ;
; -7.205 ; 74193:inst4|26~_emulated ; 74193:inst1|25~_emulated ; UPclk        ; rst         ; 1.000        ; -3.102     ; 5.083      ;
; -7.195 ; 74193:inst1|25~1         ; 74193:inst1|25~_emulated ; UPclk        ; rst         ; 0.500        ; -0.728     ; 6.947      ;
; -7.176 ; 74193:inst4|24~_emulated ; 74193:inst4|26~_emulated ; UPclk        ; rst         ; 0.500        ; -2.344     ; 5.312      ;
; -7.171 ; 74193:inst1|24~1         ; 74193:inst4|24~_emulated ; UPclk        ; rst         ; 0.500        ; -0.878     ; 6.773      ;
; -7.165 ; 74193:inst1|23~_emulated ; 74193:inst4|24~_emulated ; UPclk        ; rst         ; 0.500        ; -2.066     ; 5.579      ;
; -7.161 ; 74193:inst4|24~_emulated ; 74193:inst1|24~_emulated ; rst          ; rst         ; 0.500        ; -2.336     ; 5.325      ;
; -7.158 ; 74193:inst4|24~_emulated ; 74193:inst4|25~_emulated ; UPclk        ; rst         ; 0.500        ; -2.326     ; 5.312      ;
; -7.151 ; 74193:inst1|24~1         ; 74193:inst1|23~_emulated ; UPclk        ; rst         ; 1.000        ; -1.358     ; 6.773      ;
; -7.151 ; 74193:inst4|26~_emulated ; 74193:inst4|24~_emulated ; UPclk        ; rst         ; 0.500        ; -2.564     ; 5.067      ;
; -7.145 ; 74193:inst1|23~_emulated ; 74193:inst1|23~_emulated ; UPclk        ; rst         ; 1.000        ; -2.546     ; 5.579      ;
; -7.140 ; 74193:inst1|23~1         ; 74193:inst1|25~_emulated ; UPclk        ; rst         ; 0.500        ; -2.024     ; 5.596      ;
; -7.107 ; 74193:inst1|25~_emulated ; 74193:inst4|23~_emulated ; UPclk        ; rst         ; 1.000        ; -1.148     ; 6.939      ;
; -7.062 ; 74193:inst1|25~_emulated ; 74193:inst4|24~_emulated ; UPclk        ; rst         ; 1.000        ; -1.103     ; 6.939      ;
; -7.010 ; 74193:inst4|24~1         ; 74193:inst1|25~_emulated ; UPclk        ; rst         ; 0.500        ; -2.159     ; 5.331      ;
; -6.973 ; 74193:inst4|25~1         ; 74193:inst1|25~_emulated ; UPclk        ; rst         ; 0.500        ; -2.181     ; 5.272      ;
; -6.971 ; 74193:inst1|24~_emulated ; 74193:inst1|25~_emulated ; rst          ; rst         ; 0.500        ; -0.529     ; 6.942      ;
; -6.953 ; 74193:inst4|25~_emulated ; 74193:inst1|23~_emulated ; UPclk        ; rst         ; 0.500        ; -2.306     ; 5.127      ;
; -6.902 ; 74193:inst4|23~_emulated ; 74193:inst1|24~_emulated ; UPclk        ; rst         ; 1.000        ; -3.412     ; 4.470      ;
; -6.893 ; 74193:inst1|24~1         ; 74193:inst4|23~_emulated ; UPclk        ; rst         ; 1.000        ; -1.100     ; 6.773      ;
; -6.887 ; 74193:inst1|23~_emulated ; 74193:inst4|23~_emulated ; UPclk        ; rst         ; 1.000        ; -2.288     ; 5.579      ;
; -6.876 ; 74193:inst4|26~_emulated ; 74193:inst1|23~_emulated ; UPclk        ; rst         ; 0.500        ; -2.288     ; 5.068      ;
; -6.875 ; 74193:inst1|23~_emulated ; 74193:inst1|24~_emulated ; rst          ; rst         ; 0.500        ; -1.783     ; 5.592      ;
; -6.824 ; 74193:inst4|24~_emulated ; 74193:inst4|24~_emulated ; UPclk        ; rst         ; 1.000        ; -2.492     ; 5.312      ;
; -6.824 ; 74193:inst4|25~_emulated ; 74193:inst1|24~_emulated ; rst          ; rst         ; 0.500        ; -2.183     ; 5.141      ;
; -6.795 ; 74193:inst4|23~_emulated ; 74193:inst4|26~_emulated ; UPclk        ; rst         ; 0.500        ; -2.819     ; 4.456      ;
; -6.791 ; 74193:inst1|26~1         ; 74193:inst1|25~_emulated ; UPclk        ; rst         ; 0.500        ; -0.729     ; 6.542      ;
; -6.778 ; 74193:inst4|24~_emulated ; 74193:inst1|23~_emulated ; UPclk        ; rst         ; 0.500        ; -1.946     ; 5.312      ;
; -6.777 ; 74193:inst4|23~_emulated ; 74193:inst4|25~_emulated ; UPclk        ; rst         ; 0.500        ; -2.801     ; 4.456      ;
; -6.753 ; 74193:inst4|24~_emulated ; 74193:inst1|25~_emulated ; rst          ; rst         ; 1.000        ; -2.427     ; 5.326      ;
; -6.703 ; 74193:inst4|24~_emulated ; 74193:inst4|24~_emulated ; rst          ; rst         ; 0.500        ; -1.891     ; 5.312      ;
; -6.695 ; 74193:inst4|25~_emulated ; 74193:inst4|23~_emulated ; UPclk        ; rst         ; 0.500        ; -2.048     ; 5.127      ;
; -6.646 ; 74193:inst4|23~_emulated ; 74193:inst1|24~_emulated ; rst          ; rst         ; 0.500        ; -2.676     ; 4.470      ;
; -6.618 ; 74193:inst4|26~_emulated ; 74193:inst4|23~_emulated ; UPclk        ; rst         ; 0.500        ; -2.030     ; 5.068      ;
; -6.613 ; 74193:inst4|24~_emulated ; 74193:inst4|23~_emulated ; UPclk        ; rst         ; 0.500        ; -1.781     ; 5.312      ;
; -6.601 ; 74193:inst1|25~1         ; 74193:inst1|24~_emulated ; UPclk        ; rst         ; 1.000        ; -0.635     ; 6.946      ;
; -6.581 ; 74193:inst4|25~_emulated ; 74193:inst4|26~_emulated ; UPclk        ; rst         ; 1.000        ; -2.434     ; 5.127      ;
; -6.568 ; 74193:inst4|24~_emulated ; 74193:inst4|24~_emulated ; UPclk        ; rst         ; 0.500        ; -1.736     ; 5.312      ;
; -6.563 ; 74193:inst4|25~_emulated ; 74193:inst4|25~_emulated ; UPclk        ; rst         ; 1.000        ; -2.416     ; 5.127      ;
; -6.548 ; 74193:inst4|24~_emulated ; 74193:inst1|23~_emulated ; UPclk        ; rst         ; 1.000        ; -2.216     ; 5.312      ;
; -6.546 ; 74193:inst1|23~1         ; 74193:inst1|24~_emulated ; UPclk        ; rst         ; 1.000        ; -1.931     ; 5.595      ;
; -6.504 ; 74193:inst4|26~_emulated ; 74193:inst4|26~_emulated ; UPclk        ; rst         ; 1.000        ; -2.416     ; 5.068      ;
; -6.503 ; 74193:inst1|25~_emulated ; 74193:inst1|24~_emulated ; rst          ; rst         ; 0.500        ; -0.051     ; 6.952      ;
; -6.495 ; 74193:inst1|25~1         ; 74193:inst4|26~_emulated ; UPclk        ; rst         ; 0.500        ; -0.042     ; 6.933      ;
; -6.490 ; 74193:inst4|26~1         ; 74193:inst1|25~_emulated ; UPclk        ; rst         ; 0.500        ; -2.015     ; 4.955      ;
; -6.486 ; 74193:inst4|26~_emulated ; 74193:inst4|25~_emulated ; UPclk        ; rst         ; 1.000        ; -2.398     ; 5.068      ;
; -6.477 ; 74193:inst1|25~1         ; 74193:inst4|25~_emulated ; UPclk        ; rst         ; 0.500        ; -0.024     ; 6.933      ;
; -6.467 ; 74193:inst1|23~_emulated ; 74193:inst1|25~_emulated ; rst          ; rst         ; 1.000        ; -1.874     ; 5.593      ;
; -6.442 ; 74193:inst4|23~_emulated ; 74193:inst4|24~_emulated ; UPclk        ; rst         ; 1.000        ; -2.967     ; 4.455      ;
; -6.440 ; 74193:inst1|23~1         ; 74193:inst4|26~_emulated ; UPclk        ; rst         ; 0.500        ; -1.338     ; 5.582      ;
; -6.427 ; 74193:inst4|24~_emulated ; 74193:inst1|23~_emulated ; rst          ; rst         ; 0.500        ; -1.615     ; 5.312      ;
; -6.422 ; 74193:inst1|23~1         ; 74193:inst4|25~_emulated ; UPclk        ; rst         ; 0.500        ; -1.320     ; 5.582      ;
; -6.417 ; 74193:inst1|23~_emulated ; 74193:inst4|24~_emulated ; rst          ; rst         ; 0.500        ; -1.338     ; 5.579      ;
; -6.416 ; 74193:inst4|24~1         ; 74193:inst1|24~_emulated ; UPclk        ; rst         ; 1.000        ; -2.066     ; 5.330      ;
; -6.416 ; 74193:inst4|25~_emulated ; 74193:inst1|25~_emulated ; rst          ; rst         ; 1.000        ; -2.274     ; 5.142      ;
; -6.408 ; 74193:inst1|24~1         ; 74193:inst1|25~_emulated ; rst          ; rst         ; 0.500        ; -0.121     ; 6.787      ;
; -6.402 ; 74193:inst1|23~_emulated ; 74193:inst1|25~_emulated ; rst          ; rst         ; 0.500        ; -1.309     ; 5.593      ;
; -6.397 ; 74193:inst4|23~_emulated ; 74193:inst1|23~_emulated ; UPclk        ; rst         ; 0.500        ; -2.421     ; 4.456      ;
; -6.379 ; 74193:inst4|25~1         ; 74193:inst1|24~_emulated ; UPclk        ; rst         ; 1.000        ; -2.088     ; 5.271      ;
; -6.377 ; 74193:inst1|24~_emulated ; 74193:inst1|24~_emulated ; rst          ; rst         ; 1.000        ; -0.436     ; 6.941      ;
; -6.377 ; 74193:inst4|26~_emulated ; 74193:inst1|24~_emulated ; rst          ; rst         ; 0.500        ; -1.795     ; 5.082      ;
; -6.364 ; 74193:inst4|25~_emulated ; 74193:inst4|24~_emulated ; rst          ; rst         ; 0.500        ; -1.738     ; 5.126      ;
+--------+--------------------------+--------------------------+--------------+-------------+--------------+------------+------------+


+------------------------------------------------------------------------------------------------------------------------------------+
; Slow 1200mV -40C Model Removal: 'UPclk'                                                                                            ;
+--------+--------------------------+--------------------------+--------------+-------------+--------------+------------+------------+
; Slack  ; From Node                ; To Node                  ; Launch Clock ; Latch Clock ; Relationship ; Clock Skew ; Data Delay ;
+--------+--------------------------+--------------------------+--------------+-------------+--------------+------------+------------+
; -3.595 ; rst                      ; 74193:inst4|23~_emulated ; rst          ; UPclk       ; 0.000        ; 7.756      ; 4.369      ;
; -3.450 ; rst                      ; 74193:inst1|23~_emulated ; rst          ; UPclk       ; 0.000        ; 7.611      ; 4.369      ;
; -3.130 ; rst                      ; 74193:inst4|25~_emulated ; rst          ; UPclk       ; 0.000        ; 7.371      ; 4.449      ;
; -3.121 ; rst                      ; 74193:inst4|24~_emulated ; rst          ; UPclk       ; 0.000        ; 7.281      ; 4.368      ;
; -3.112 ; rst                      ; 74193:inst4|26~_emulated ; rst          ; UPclk       ; 0.000        ; 7.353      ; 4.449      ;
; -3.015 ; rst                      ; 74193:inst4|23~_emulated ; rst          ; UPclk       ; -0.500       ; 7.756      ; 4.449      ;
; -2.870 ; rst                      ; 74193:inst1|23~_emulated ; rst          ; UPclk       ; -0.500       ; 7.611      ; 4.449      ;
; -2.710 ; rst                      ; 74193:inst4|25~_emulated ; rst          ; UPclk       ; -0.500       ; 7.371      ; 4.369      ;
; -2.692 ; rst                      ; 74193:inst4|26~_emulated ; rst          ; UPclk       ; -0.500       ; 7.353      ; 4.369      ;
; -2.657 ; rst                      ; 74193:inst1|24~_emulated ; rst          ; UPclk       ; 0.000        ; 6.831      ; 4.382      ;
; -2.540 ; rst                      ; 74193:inst4|24~_emulated ; rst          ; UPclk       ; -0.500       ; 7.281      ; 4.449      ;
; -2.394 ; rst                      ; 74193:inst1|25~_emulated ; rst          ; UPclk       ; 0.000        ; 6.648      ; 4.462      ;
; -2.077 ; rst                      ; 74193:inst1|24~_emulated ; rst          ; UPclk       ; -0.500       ; 6.831      ; 4.462      ;
; -1.973 ; rst                      ; 74193:inst1|25~_emulated ; rst          ; UPclk       ; -0.500       ; 6.648      ; 4.383      ;
; -1.647 ; UPclk                    ; 74193:inst4|23~_emulated ; UPclk        ; UPclk       ; 0.000        ; 7.756      ; 6.277      ;
; -1.502 ; UPclk                    ; 74193:inst1|23~_emulated ; UPclk        ; UPclk       ; 0.000        ; 7.611      ; 6.277      ;
; -1.173 ; UPclk                    ; 74193:inst4|24~_emulated ; UPclk        ; UPclk       ; 0.000        ; 7.281      ; 6.276      ;
; -0.989 ; UPclk                    ; 74193:inst4|25~_emulated ; UPclk        ; UPclk       ; 0.000        ; 7.371      ; 6.550      ;
; -0.971 ; UPclk                    ; 74193:inst4|26~_emulated ; UPclk        ; UPclk       ; 0.000        ; 7.353      ; 6.550      ;
; -0.894 ; UPclk                    ; 74193:inst4|23~_emulated ; UPclk        ; UPclk       ; -0.500       ; 7.756      ; 6.550      ;
; -0.782 ; UPclk                    ; 74193:inst4|25~_emulated ; UPclk        ; UPclk       ; -0.500       ; 7.371      ; 6.277      ;
; -0.764 ; UPclk                    ; 74193:inst4|26~_emulated ; UPclk        ; UPclk       ; -0.500       ; 7.353      ; 6.277      ;
; -0.749 ; UPclk                    ; 74193:inst1|23~_emulated ; UPclk        ; UPclk       ; -0.500       ; 7.611      ; 6.550      ;
; -0.709 ; UPclk                    ; 74193:inst1|24~_emulated ; UPclk        ; UPclk       ; 0.000        ; 6.831      ; 6.290      ;
; -0.419 ; UPclk                    ; 74193:inst4|24~_emulated ; UPclk        ; UPclk       ; -0.500       ; 7.281      ; 6.550      ;
; -0.289 ; 74193:inst4|26~_emulated ; 74193:inst4|23~_emulated ; UPclk        ; UPclk       ; 0.000        ; 4.927      ; 4.806      ;
; -0.253 ; UPclk                    ; 74193:inst1|25~_emulated ; UPclk        ; UPclk       ; 0.000        ; 6.648      ; 6.563      ;
; -0.144 ; 74193:inst4|26~_emulated ; 74193:inst1|23~_emulated ; UPclk        ; UPclk       ; 0.000        ; 4.782      ; 4.806      ;
; -0.045 ; UPclk                    ; 74193:inst1|25~_emulated ; UPclk        ; UPclk       ; -0.500       ; 6.648      ; 6.291      ;
; -0.011 ; 74193:inst4|23~_emulated ; 74193:inst4|23~_emulated ; UPclk        ; UPclk       ; 0.000        ; 4.051      ; 4.208      ;
; 0.044  ; UPclk                    ; 74193:inst1|24~_emulated ; UPclk        ; UPclk       ; -0.500       ; 6.831      ; 6.563      ;
; 0.090  ; 74193:inst1|26~_emulated ; 74193:inst4|23~_emulated ; UPclk        ; UPclk       ; 0.000        ; 5.972      ; 6.230      ;
; 0.122  ; 74193:inst1|23~_emulated ; 74193:inst4|23~_emulated ; UPclk        ; UPclk       ; 0.000        ; 4.910      ; 5.200      ;
; 0.134  ; 74193:inst4|23~_emulated ; 74193:inst1|23~_emulated ; UPclk        ; UPclk       ; 0.000        ; 3.906      ; 4.208      ;
; 0.172  ; 74193:inst4|25~_emulated ; 74193:inst4|23~_emulated ; UPclk        ; UPclk       ; 0.000        ; 4.522      ; 4.862      ;
; 0.186  ; 74193:inst4|26~_emulated ; 74193:inst4|24~_emulated ; UPclk        ; UPclk       ; 0.000        ; 4.452      ; 4.806      ;
; 0.235  ; 74193:inst1|26~_emulated ; 74193:inst1|23~_emulated ; UPclk        ; UPclk       ; 0.000        ; 5.827      ; 6.230      ;
; 0.267  ; 74193:inst1|23~_emulated ; 74193:inst1|23~_emulated ; UPclk        ; UPclk       ; 0.000        ; 4.765      ; 5.200      ;
; 0.317  ; 74193:inst4|25~_emulated ; 74193:inst1|23~_emulated ; UPclk        ; UPclk       ; 0.000        ; 4.377      ; 4.862      ;
; 0.385  ; 74193:inst4|23~1         ; 74193:inst4|23~_emulated ; rst          ; UPclk       ; 0.000        ; 3.613      ; 4.206      ;
; 0.464  ; 74193:inst4|23~_emulated ; 74193:inst4|24~_emulated ; UPclk        ; UPclk       ; 0.000        ; 3.576      ; 4.208      ;
; 0.495  ; 74193:inst4|24~_emulated ; 74193:inst4|23~_emulated ; UPclk        ; UPclk       ; 0.000        ; 4.376      ; 5.039      ;
; 0.530  ; 74193:inst4|23~1         ; 74193:inst1|23~_emulated ; rst          ; UPclk       ; 0.000        ; 3.468      ; 4.206      ;
; 0.532  ; 74193:inst1|24~_emulated ; 74193:inst4|23~_emulated ; UPclk        ; UPclk       ; 0.000        ; 5.758      ; 6.458      ;
; 0.537  ; 74193:inst1|25~_emulated ; 74193:inst4|23~_emulated ; UPclk        ; UPclk       ; 0.000        ; 5.742      ; 6.447      ;
; 0.564  ; 74193:inst1|26~_emulated ; 74193:inst4|24~_emulated ; UPclk        ; UPclk       ; 0.000        ; 5.497      ; 6.229      ;
; 0.576  ; 74193:inst4|26~_emulated ; 74193:inst4|25~_emulated ; UPclk        ; UPclk       ; -0.500       ; 4.542      ; 4.806      ;
; 0.594  ; 74193:inst4|26~_emulated ; 74193:inst4|26~_emulated ; UPclk        ; UPclk       ; -0.500       ; 4.524      ; 4.806      ;
; 0.596  ; 74193:inst1|23~_emulated ; 74193:inst4|24~_emulated ; UPclk        ; UPclk       ; 0.000        ; 4.435      ; 5.199      ;
; 0.636  ; 74193:inst4|26~_emulated ; 74193:inst1|24~_emulated ; UPclk        ; UPclk       ; 0.000        ; 4.015      ; 4.819      ;
; 0.640  ; 74193:inst4|24~_emulated ; 74193:inst1|23~_emulated ; UPclk        ; UPclk       ; 0.000        ; 4.231      ; 5.039      ;
; 0.647  ; 74193:inst4|25~_emulated ; 74193:inst4|24~_emulated ; UPclk        ; UPclk       ; 0.000        ; 4.047      ; 4.862      ;
; 0.677  ; 74193:inst1|24~_emulated ; 74193:inst1|23~_emulated ; UPclk        ; UPclk       ; 0.000        ; 5.613      ; 6.458      ;
; 0.682  ; 74193:inst1|25~_emulated ; 74193:inst1|23~_emulated ; UPclk        ; UPclk       ; 0.000        ; 5.597      ; 6.447      ;
; 0.819  ; rst                      ; 74193:inst4|25~_emulated ; rst          ; UPclk       ; 0.000        ; 3.342      ; 4.369      ;
; 0.846  ; 74193:inst4|26~1         ; 74193:inst4|23~_emulated ; rst          ; UPclk       ; 0.000        ; 3.622      ; 4.676      ;
; 0.854  ; 74193:inst4|23~_emulated ; 74193:inst4|25~_emulated ; UPclk        ; UPclk       ; -0.500       ; 3.666      ; 4.208      ;
; 0.860  ; 74193:inst4|23~1         ; 74193:inst4|24~_emulated ; rst          ; UPclk       ; 0.000        ; 3.138      ; 4.206      ;
; 0.872  ; 74193:inst4|23~_emulated ; 74193:inst4|26~_emulated ; UPclk        ; UPclk       ; -0.500       ; 3.648      ; 4.208      ;
; 0.914  ; 74193:inst4|23~_emulated ; 74193:inst1|24~_emulated ; UPclk        ; UPclk       ; 0.000        ; 3.139      ; 4.221      ;
; 0.955  ; 74193:inst1|26~_emulated ; 74193:inst4|25~_emulated ; UPclk        ; UPclk       ; -0.500       ; 5.587      ; 6.230      ;
; 0.969  ; 74193:inst4|24~_emulated ; 74193:inst4|24~_emulated ; UPclk        ; UPclk       ; 0.000        ; 3.901      ; 5.038      ;
; 0.973  ; 74193:inst1|26~_emulated ; 74193:inst4|26~_emulated ; UPclk        ; UPclk       ; -0.500       ; 5.569      ; 6.230      ;
; 0.987  ; 74193:inst1|23~_emulated ; 74193:inst4|25~_emulated ; UPclk        ; UPclk       ; -0.500       ; 4.525      ; 5.200      ;
; 0.991  ; 74193:inst4|26~1         ; 74193:inst1|23~_emulated ; rst          ; UPclk       ; 0.000        ; 3.477      ; 4.676      ;
; 1.005  ; 74193:inst1|23~_emulated ; 74193:inst4|26~_emulated ; UPclk        ; UPclk       ; -0.500       ; 4.507      ; 5.200      ;
; 1.006  ; 74193:inst1|24~_emulated ; 74193:inst4|24~_emulated ; UPclk        ; UPclk       ; 0.000        ; 5.283      ; 6.457      ;
; 1.011  ; 74193:inst1|25~_emulated ; 74193:inst4|24~_emulated ; UPclk        ; UPclk       ; 0.000        ; 5.267      ; 6.446      ;
; 1.028  ; 74193:inst1|26~_emulated ; 74193:inst1|24~_emulated ; UPclk        ; UPclk       ; 0.000        ; 5.047      ; 6.243      ;
; 1.037  ; 74193:inst4|25~_emulated ; 74193:inst4|25~_emulated ; UPclk        ; UPclk       ; -0.500       ; 4.137      ; 4.862      ;
; 1.047  ; 74193:inst1|23~_emulated ; 74193:inst1|24~_emulated ; UPclk        ; UPclk       ; 0.000        ; 3.998      ; 5.213      ;
; 1.051  ; 74193:inst1|26~1         ; 74193:inst4|23~_emulated ; rst          ; UPclk       ; 0.000        ; 4.856      ; 6.115      ;
; 1.055  ; 74193:inst4|25~_emulated ; 74193:inst4|26~_emulated ; UPclk        ; UPclk       ; -0.500       ; 4.119      ; 4.862      ;
; 1.097  ; 74193:inst4|25~_emulated ; 74193:inst1|24~_emulated ; UPclk        ; UPclk       ; 0.000        ; 3.610      ; 4.875      ;
; 1.196  ; 74193:inst1|26~1         ; 74193:inst1|23~_emulated ; rst          ; UPclk       ; 0.000        ; 4.711      ; 6.115      ;
; 1.207  ; rst                      ; 74193:inst4|26~_emulated ; rst          ; UPclk       ; 0.000        ; 2.954      ; 4.369      ;
; 1.270  ; 74193:inst4|23~1         ; 74193:inst4|25~_emulated ; rst          ; UPclk       ; -0.500       ; 3.228      ; 4.206      ;
; 1.276  ; 74193:inst4|25~1         ; 74193:inst4|23~_emulated ; rst          ; UPclk       ; 0.000        ; 3.462      ; 4.946      ;
; 1.288  ; 74193:inst4|23~1         ; 74193:inst4|26~_emulated ; rst          ; UPclk       ; -0.500       ; 3.210      ; 4.206      ;
; 1.312  ; 74193:inst4|26~_emulated ; 74193:inst1|25~_emulated ; UPclk        ; UPclk       ; -0.500       ; 3.819      ; 4.819      ;
; 1.321  ; 74193:inst4|26~1         ; 74193:inst4|24~_emulated ; rst          ; UPclk       ; 0.000        ; 3.147      ; 4.676      ;
; 1.323  ; 74193:inst4|23~1         ; 74193:inst1|24~_emulated ; rst          ; UPclk       ; 0.000        ; 2.688      ; 4.219      ;
; 1.341  ; 74193:inst4|24~1         ; 74193:inst4|23~_emulated ; rst          ; UPclk       ; 0.000        ; 3.483      ; 5.032      ;
; 1.360  ; 74193:inst4|24~_emulated ; 74193:inst4|25~_emulated ; UPclk        ; UPclk       ; -0.500       ; 3.991      ; 5.039      ;
; 1.378  ; 74193:inst1|25~1         ; 74193:inst4|23~_emulated ; rst          ; UPclk       ; 0.000        ; 4.857      ; 6.443      ;
; 1.378  ; 74193:inst4|24~_emulated ; 74193:inst4|26~_emulated ; UPclk        ; UPclk       ; -0.500       ; 3.973      ; 5.039      ;
; 1.395  ; 74193:inst1|23~1         ; 74193:inst4|23~_emulated ; rst          ; UPclk       ; 0.000        ; 3.614      ; 5.217      ;
; 1.397  ; 74193:inst1|24~_emulated ; 74193:inst4|25~_emulated ; UPclk        ; UPclk       ; -0.500       ; 5.373      ; 6.458      ;
; 1.399  ; rst                      ; 74193:inst4|25~_emulated ; rst          ; UPclk       ; -0.500       ; 3.342      ; 4.449      ;
; 1.402  ; 74193:inst1|25~_emulated ; 74193:inst4|25~_emulated ; UPclk        ; UPclk       ; -0.500       ; 5.357      ; 6.447      ;
; 1.415  ; 74193:inst1|24~_emulated ; 74193:inst4|26~_emulated ; UPclk        ; UPclk       ; -0.500       ; 5.355      ; 6.458      ;
; 1.420  ; 74193:inst4|24~_emulated ; 74193:inst1|24~_emulated ; UPclk        ; UPclk       ; 0.000        ; 3.464      ; 5.052      ;
; 1.420  ; 74193:inst1|25~_emulated ; 74193:inst4|26~_emulated ; UPclk        ; UPclk       ; -0.500       ; 5.339      ; 6.447      ;
; 1.421  ; 74193:inst4|25~1         ; 74193:inst1|23~_emulated ; rst          ; UPclk       ; 0.000        ; 3.317      ; 4.946      ;
; 1.470  ; 74193:inst1|24~_emulated ; 74193:inst1|24~_emulated ; UPclk        ; UPclk       ; 0.000        ; 4.833      ; 6.471      ;
; 1.475  ; 74193:inst1|25~_emulated ; 74193:inst1|24~_emulated ; UPclk        ; UPclk       ; 0.000        ; 4.817      ; 6.460      ;
; 1.486  ; 74193:inst4|24~1         ; 74193:inst1|23~_emulated ; rst          ; UPclk       ; 0.000        ; 3.338      ; 5.032      ;
; 1.523  ; 74193:inst1|25~1         ; 74193:inst1|23~_emulated ; rst          ; UPclk       ; 0.000        ; 4.712      ; 6.443      ;
; 1.525  ; 74193:inst1|26~1         ; 74193:inst4|24~_emulated ; rst          ; UPclk       ; 0.000        ; 4.381      ; 6.114      ;
; 1.540  ; 74193:inst1|23~1         ; 74193:inst1|23~_emulated ; rst          ; UPclk       ; 0.000        ; 3.469      ; 5.217      ;
+--------+--------------------------+--------------------------+--------------+-------------+--------------+------------+------------+


+------------------------------------------------------------------------------------------------------------------------------------+
; Slow 1200mV -40C Model Removal: 'rst'                                                                                              ;
+--------+--------------------------+--------------------------+--------------+-------------+--------------+------------+------------+
; Slack  ; From Node                ; To Node                  ; Launch Clock ; Latch Clock ; Relationship ; Clock Skew ; Data Delay ;
+--------+--------------------------+--------------------------+--------------+-------------+--------------+------------+------------+
; -2.808 ; rst                      ; 74193:inst4|23~_emulated ; rst          ; rst         ; 0.000        ; 7.089      ; 4.449      ;
; -2.468 ; rst                      ; 74193:inst4|24~_emulated ; rst          ; rst         ; 0.000        ; 6.749      ; 4.449      ;
; -2.408 ; rst                      ; 74193:inst4|23~_emulated ; rst          ; rst         ; -0.500       ; 7.089      ; 4.369      ;
; -2.315 ; rst                      ; 74193:inst4|25~_emulated ; rst          ; rst         ; 0.000        ; 6.596      ; 4.449      ;
; -2.069 ; rst                      ; 74193:inst4|24~_emulated ; rst          ; rst         ; -0.500       ; 6.749      ; 4.368      ;
; -1.927 ; rst                      ; 74193:inst4|26~_emulated ; rst          ; rst         ; 0.000        ; 6.208      ; 4.449      ;
; -1.915 ; rst                      ; 74193:inst4|25~_emulated ; rst          ; rst         ; -0.500       ; 6.596      ; 4.369      ;
; -1.915 ; rst                      ; 74193:inst1|23~_emulated ; rst          ; rst         ; 0.000        ; 6.196      ; 4.449      ;
; -1.573 ; rst                      ; 74193:inst4|23~_emulated ; rst          ; rst         ; 0.000        ; 5.774      ; 4.369      ;
; -1.527 ; rst                      ; 74193:inst4|26~_emulated ; rst          ; rst         ; -0.500       ; 6.208      ; 4.369      ;
; -1.515 ; rst                      ; 74193:inst1|23~_emulated ; rst          ; rst         ; -0.500       ; 6.196      ; 4.369      ;
; -1.428 ; rst                      ; 74193:inst1|23~_emulated ; rst          ; rst         ; 0.000        ; 5.629      ; 4.369      ;
; -1.099 ; rst                      ; 74193:inst4|24~_emulated ; rst          ; rst         ; 0.000        ; 5.299      ; 4.368      ;
; -1.013 ; rst                      ; 74193:inst4|23~_emulated ; rst          ; rst         ; -0.500       ; 5.774      ; 4.449      ;
; -0.868 ; rst                      ; 74193:inst1|23~_emulated ; rst          ; rst         ; -0.500       ; 5.629      ; 4.449      ;
; -0.747 ; UPclk                    ; 74193:inst4|23~_emulated ; UPclk        ; rst         ; 0.000        ; 7.089      ; 6.550      ;
; -0.635 ; rst                      ; 74193:inst1|24~_emulated ; rst          ; rst         ; 0.000        ; 4.849      ; 4.382      ;
; -0.538 ; rst                      ; 74193:inst4|24~_emulated ; rst          ; rst         ; -0.500       ; 5.299      ; 4.449      ;
; -0.520 ; UPclk                    ; 74193:inst4|23~_emulated ; UPclk        ; rst         ; -0.500       ; 7.089      ; 6.277      ;
; -0.407 ; UPclk                    ; 74193:inst4|24~_emulated ; UPclk        ; rst         ; 0.000        ; 6.749      ; 6.550      ;
; -0.254 ; UPclk                    ; 74193:inst4|25~_emulated ; UPclk        ; rst         ; 0.000        ; 6.596      ; 6.550      ;
; -0.181 ; UPclk                    ; 74193:inst4|24~_emulated ; UPclk        ; rst         ; -0.500       ; 6.749      ; 6.276      ;
; -0.170 ; rst                      ; 74193:inst1|25~_emulated ; rst          ; rst         ; 0.000        ; 4.464      ; 4.462      ;
; -0.075 ; rst                      ; 74193:inst1|24~_emulated ; rst          ; rst         ; -0.500       ; 4.849      ; 4.462      ;
; -0.027 ; UPclk                    ; 74193:inst4|25~_emulated ; UPclk        ; rst         ; -0.500       ; 6.596      ; 6.277      ;
; 0.134  ; UPclk                    ; 74193:inst4|26~_emulated ; UPclk        ; rst         ; 0.000        ; 6.208      ; 6.550      ;
; 0.146  ; UPclk                    ; 74193:inst1|23~_emulated ; UPclk        ; rst         ; 0.000        ; 6.196      ; 6.550      ;
; 0.231  ; rst                      ; 74193:inst1|25~_emulated ; rst          ; rst         ; -0.500       ; 4.464      ; 4.383      ;
; 0.295  ; UPclk                    ; 74193:inst4|23~_emulated ; UPclk        ; rst         ; 0.000        ; 5.774      ; 6.277      ;
; 0.361  ; UPclk                    ; 74193:inst4|26~_emulated ; UPclk        ; rst         ; -0.500       ; 6.208      ; 6.277      ;
; 0.373  ; UPclk                    ; 74193:inst1|23~_emulated ; UPclk        ; rst         ; -0.500       ; 6.196      ; 6.277      ;
; 0.440  ; UPclk                    ; 74193:inst1|23~_emulated ; UPclk        ; rst         ; 0.000        ; 5.629      ; 6.277      ;
; 0.769  ; UPclk                    ; 74193:inst4|24~_emulated ; UPclk        ; rst         ; 0.000        ; 5.299      ; 6.276      ;
; 0.825  ; 74193:inst4|26~_emulated ; 74193:inst4|23~_emulated ; UPclk        ; rst         ; -0.500       ; 4.273      ; 4.806      ;
; 1.068  ; UPclk                    ; 74193:inst4|23~_emulated ; UPclk        ; rst         ; -0.500       ; 5.774      ; 6.550      ;
; 1.103  ; 74193:inst4|23~_emulated ; 74193:inst4|23~_emulated ; UPclk        ; rst         ; -0.500       ; 3.397      ; 4.208      ;
; 1.165  ; 74193:inst4|26~_emulated ; 74193:inst4|24~_emulated ; UPclk        ; rst         ; -0.500       ; 3.933      ; 4.806      ;
; 1.213  ; UPclk                    ; 74193:inst1|23~_emulated ; UPclk        ; rst         ; -0.500       ; 5.629      ; 6.550      ;
; 1.217  ; 74193:inst1|26~_emulated ; 74193:inst4|23~_emulated ; UPclk        ; rst         ; -0.500       ; 5.305      ; 6.230      ;
; 1.233  ; UPclk                    ; 74193:inst1|24~_emulated ; UPclk        ; rst         ; 0.000        ; 4.849      ; 6.290      ;
; 1.236  ; 74193:inst1|23~_emulated ; 74193:inst4|23~_emulated ; UPclk        ; rst         ; -0.500       ; 4.256      ; 5.200      ;
; 1.286  ; 74193:inst4|25~_emulated ; 74193:inst4|23~_emulated ; UPclk        ; rst         ; -0.500       ; 3.868      ; 4.862      ;
; 1.318  ; 74193:inst4|26~_emulated ; 74193:inst4|25~_emulated ; UPclk        ; rst         ; -0.500       ; 3.780      ; 4.806      ;
; 1.443  ; 74193:inst4|23~_emulated ; 74193:inst4|24~_emulated ; UPclk        ; rst         ; -0.500       ; 3.057      ; 4.208      ;
; 1.543  ; UPclk                    ; 74193:inst4|24~_emulated ; UPclk        ; rst         ; -0.500       ; 5.299      ; 6.550      ;
; 1.556  ; 74193:inst1|26~_emulated ; 74193:inst4|24~_emulated ; UPclk        ; rst         ; -0.500       ; 4.965      ; 6.229      ;
; 1.575  ; 74193:inst1|23~_emulated ; 74193:inst4|24~_emulated ; UPclk        ; rst         ; -0.500       ; 3.916      ; 5.199      ;
; 1.596  ; 74193:inst4|23~_emulated ; 74193:inst4|25~_emulated ; UPclk        ; rst         ; -0.500       ; 2.904      ; 4.208      ;
; 1.609  ; 74193:inst4|24~_emulated ; 74193:inst4|23~_emulated ; UPclk        ; rst         ; -0.500       ; 3.722      ; 5.039      ;
; 1.626  ; 74193:inst4|25~_emulated ; 74193:inst4|24~_emulated ; UPclk        ; rst         ; -0.500       ; 3.528      ; 4.862      ;
; 1.640  ; 74193:inst4|26~_emulated ; 74193:inst4|23~_emulated ; UPclk        ; rst         ; 0.000        ; 2.958      ; 4.806      ;
; 1.641  ; 74193:inst4|23~1         ; 74193:inst4|23~_emulated ; rst          ; rst         ; -0.500       ; 2.877      ; 4.206      ;
; 1.659  ; 74193:inst1|24~_emulated ; 74193:inst4|23~_emulated ; UPclk        ; rst         ; -0.500       ; 5.091      ; 6.458      ;
; 1.664  ; 74193:inst1|25~_emulated ; 74193:inst4|23~_emulated ; UPclk        ; rst         ; -0.500       ; 5.075      ; 6.447      ;
; 1.706  ; 74193:inst4|26~_emulated ; 74193:inst4|26~_emulated ; UPclk        ; rst         ; -0.500       ; 3.392      ; 4.806      ;
; 1.710  ; 74193:inst1|26~_emulated ; 74193:inst4|25~_emulated ; UPclk        ; rst         ; -0.500       ; 4.812      ; 6.230      ;
; 1.718  ; 74193:inst4|26~_emulated ; 74193:inst1|23~_emulated ; UPclk        ; rst         ; -0.500       ; 3.380      ; 4.806      ;
; 1.729  ; 74193:inst1|23~_emulated ; 74193:inst4|25~_emulated ; UPclk        ; rst         ; -0.500       ; 3.763      ; 5.200      ;
; 1.779  ; 74193:inst4|25~_emulated ; 74193:inst4|25~_emulated ; UPclk        ; rst         ; -0.500       ; 3.375      ; 4.862      ;
; 1.785  ; 74193:inst4|26~_emulated ; 74193:inst1|23~_emulated ; UPclk        ; rst         ; 0.000        ; 2.813      ; 4.806      ;
; 1.891  ; UPclk                    ; 74193:inst1|25~_emulated ; UPclk        ; rst         ; 0.000        ; 4.464      ; 6.563      ;
; 1.918  ; 74193:inst4|23~_emulated ; 74193:inst4|23~_emulated ; UPclk        ; rst         ; 0.000        ; 2.082      ; 4.208      ;
; 1.948  ; 74193:inst4|24~_emulated ; 74193:inst4|24~_emulated ; UPclk        ; rst         ; -0.500       ; 3.382      ; 5.038      ;
; 1.981  ; 74193:inst4|23~1         ; 74193:inst4|24~_emulated ; rst          ; rst         ; -0.500       ; 2.537      ; 4.206      ;
; 1.984  ; 74193:inst4|23~_emulated ; 74193:inst4|26~_emulated ; UPclk        ; rst         ; -0.500       ; 2.516      ; 4.208      ;
; 1.996  ; 74193:inst4|23~_emulated ; 74193:inst1|23~_emulated ; UPclk        ; rst         ; -0.500       ; 2.504      ; 4.208      ;
; 1.998  ; 74193:inst1|24~_emulated ; 74193:inst4|24~_emulated ; UPclk        ; rst         ; -0.500       ; 4.751      ; 6.457      ;
; 2.003  ; 74193:inst1|25~_emulated ; 74193:inst4|24~_emulated ; UPclk        ; rst         ; -0.500       ; 4.735      ; 6.446      ;
; 2.006  ; UPclk                    ; 74193:inst1|24~_emulated ; UPclk        ; rst         ; -0.500       ; 4.849      ; 6.563      ;
; 2.032  ; 74193:inst1|26~_emulated ; 74193:inst4|23~_emulated ; UPclk        ; rst         ; 0.000        ; 3.990      ; 6.230      ;
; 2.051  ; 74193:inst1|23~_emulated ; 74193:inst4|23~_emulated ; UPclk        ; rst         ; 0.000        ; 2.941      ; 5.200      ;
; 2.063  ; 74193:inst4|23~_emulated ; 74193:inst1|23~_emulated ; UPclk        ; rst         ; 0.000        ; 1.937      ; 4.208      ;
; 2.098  ; 74193:inst1|26~_emulated ; 74193:inst4|26~_emulated ; UPclk        ; rst         ; -0.500       ; 4.424      ; 6.230      ;
; 2.101  ; 74193:inst4|25~_emulated ; 74193:inst4|23~_emulated ; UPclk        ; rst         ; 0.000        ; 2.553      ; 4.862      ;
; 2.102  ; 74193:inst4|24~_emulated ; 74193:inst4|25~_emulated ; UPclk        ; rst         ; -0.500       ; 3.229      ; 5.039      ;
; 2.102  ; 74193:inst4|26~1         ; 74193:inst4|23~_emulated ; rst          ; rst         ; -0.500       ; 2.886      ; 4.676      ;
; 2.110  ; 74193:inst1|26~_emulated ; 74193:inst1|23~_emulated ; UPclk        ; rst         ; -0.500       ; 4.412      ; 6.230      ;
; 2.115  ; 74193:inst4|26~_emulated ; 74193:inst4|24~_emulated ; UPclk        ; rst         ; 0.000        ; 2.483      ; 4.806      ;
; 2.117  ; 74193:inst1|23~_emulated ; 74193:inst4|26~_emulated ; UPclk        ; rst         ; -0.500       ; 3.375      ; 5.200      ;
; 2.119  ; UPclk                    ; 74193:inst1|25~_emulated ; UPclk        ; rst         ; -0.500       ; 4.464      ; 6.291      ;
; 2.129  ; 74193:inst1|23~_emulated ; 74193:inst1|23~_emulated ; UPclk        ; rst         ; -0.500       ; 3.363      ; 5.200      ;
; 2.134  ; 74193:inst4|23~1         ; 74193:inst4|25~_emulated ; rst          ; rst         ; -0.500       ; 2.384      ; 4.206      ;
; 2.152  ; 74193:inst1|24~_emulated ; 74193:inst4|25~_emulated ; UPclk        ; rst         ; -0.500       ; 4.598      ; 6.458      ;
; 2.157  ; 74193:inst1|25~_emulated ; 74193:inst4|25~_emulated ; UPclk        ; rst         ; -0.500       ; 4.582      ; 6.447      ;
; 2.167  ; 74193:inst4|25~_emulated ; 74193:inst4|26~_emulated ; UPclk        ; rst         ; -0.500       ; 2.987      ; 4.862      ;
; 2.177  ; 74193:inst1|26~_emulated ; 74193:inst1|23~_emulated ; UPclk        ; rst         ; 0.000        ; 3.845      ; 6.230      ;
; 2.179  ; 74193:inst4|25~_emulated ; 74193:inst1|23~_emulated ; UPclk        ; rst         ; -0.500       ; 2.975      ; 4.862      ;
; 2.196  ; 74193:inst1|23~_emulated ; 74193:inst1|23~_emulated ; UPclk        ; rst         ; 0.000        ; 2.796      ; 5.200      ;
; 2.246  ; 74193:inst4|25~_emulated ; 74193:inst1|23~_emulated ; UPclk        ; rst         ; 0.000        ; 2.408      ; 4.862      ;
; 2.307  ; 74193:inst1|26~1         ; 74193:inst4|23~_emulated ; rst          ; rst         ; -0.500       ; 4.120      ; 6.115      ;
; 2.393  ; 74193:inst4|23~_emulated ; 74193:inst4|24~_emulated ; UPclk        ; rst         ; 0.000        ; 1.607      ; 4.208      ;
; 2.424  ; 74193:inst4|24~_emulated ; 74193:inst4|23~_emulated ; UPclk        ; rst         ; 0.000        ; 2.407      ; 5.039      ;
; 2.442  ; 74193:inst4|26~1         ; 74193:inst4|24~_emulated ; rst          ; rst         ; -0.500       ; 2.546      ; 4.676      ;
; 2.474  ; 74193:inst1|24~_emulated ; 74193:inst4|23~_emulated ; UPclk        ; rst         ; 0.000        ; 3.776      ; 6.458      ;
; 2.476  ; 74193:inst4|23~1         ; 74193:inst4|23~_emulated ; rst          ; rst         ; 0.000        ; 1.562      ; 4.206      ;
; 2.479  ; 74193:inst1|25~_emulated ; 74193:inst4|23~_emulated ; UPclk        ; rst         ; 0.000        ; 3.760      ; 6.447      ;
; 2.490  ; 74193:inst4|24~_emulated ; 74193:inst4|26~_emulated ; UPclk        ; rst         ; -0.500       ; 2.841      ; 5.039      ;
; 2.502  ; 74193:inst4|24~_emulated ; 74193:inst1|23~_emulated ; UPclk        ; rst         ; -0.500       ; 2.829      ; 5.039      ;
; 2.506  ; 74193:inst1|26~_emulated ; 74193:inst4|24~_emulated ; UPclk        ; rst         ; 0.000        ; 3.515      ; 6.229      ;
; 2.522  ; 74193:inst4|23~1         ; 74193:inst4|26~_emulated ; rst          ; rst         ; -0.500       ; 1.996      ; 4.206      ;
+--------+--------------------------+--------------------------+--------------+-------------+--------------+------------+------------+


------------------------------------------------
; Slow 1200mV -40C Model Metastability Summary ;
------------------------------------------------
No synchronizer chains to report.


+--------------------------------------+
; Fast 1200mV -40C Model Setup Summary ;
+-------+--------+---------------------+
; Clock ; Slack  ; End Point TNS       ;
+-------+--------+---------------------+
; UPclk ; -7.395 ; -81.175             ;
; rst   ; -6.250 ; -39.932             ;
+-------+--------+---------------------+


+-------------------------------------+
; Fast 1200mV -40C Model Hold Summary ;
+-------+--------+--------------------+
; Clock ; Slack  ; End Point TNS      ;
+-------+--------+--------------------+
; UPclk ; -1.513 ; -8.322             ;
; rst   ; -1.351 ; -5.231             ;
+-------+--------+--------------------+


+-----------------------------------------+
; Fast 1200mV -40C Model Recovery Summary ;
+-------+--------+------------------------+
; Clock ; Slack  ; End Point TNS          ;
+-------+--------+------------------------+
; UPclk ; -6.043 ; -44.082                ;
; rst   ; -4.739 ; -29.604                ;
+-------+--------+------------------------+


+----------------------------------------+
; Fast 1200mV -40C Model Removal Summary ;
+-------+--------+-----------------------+
; Clock ; Slack  ; End Point TNS         ;
+-------+--------+-----------------------+
; UPclk ; -1.889 ; -10.336               ;
; rst   ; -1.419 ; -5.950                ;
+-------+--------+-----------------------+


+----------------------------------------------------+
; Fast 1200mV -40C Model Minimum Pulse Width Summary ;
+-------+--------+-----------------------------------+
; Clock ; Slack  ; End Point TNS                     ;
+-------+--------+-----------------------------------+
; UPclk ; -3.000 ; -79.973                           ;
; rst   ; -3.000 ; -24.720                           ;
+-------+--------+-----------------------------------+


+------------------------------------------------------------------------------------------------------------------------------------+
; Fast 1200mV -40C Model Setup: 'UPclk'                                                                                              ;
+--------+--------------------------+--------------------------+--------------+-------------+--------------+------------+------------+
; Slack  ; From Node                ; To Node                  ; Launch Clock ; Latch Clock ; Relationship ; Clock Skew ; Data Delay ;
+--------+--------------------------+--------------------------+--------------+-------------+--------------+------------+------------+
; -7.395 ; 74193:inst1|25~_emulated ; 74193:inst1|23~_emulated ; UPclk        ; UPclk       ; 0.500        ; -2.279     ; 5.604      ;
; -7.195 ; 74193:inst1|25~_emulated ; 74193:inst1|24~_emulated ; UPclk        ; UPclk       ; 0.500        ; -2.717     ; 4.966      ;
; -6.892 ; 74193:inst1|25~_emulated ; 74193:inst1|26~_emulated ; UPclk        ; UPclk       ; 0.500        ; -2.809     ; 4.571      ;
; -6.836 ; 74193:inst4|24~_emulated ; 74193:inst1|23~_emulated ; rst          ; UPclk       ; 0.500        ; -2.540     ; 4.764      ;
; -6.812 ; 74193:inst4|25~_emulated ; 74193:inst1|23~_emulated ; UPclk        ; UPclk       ; 0.500        ; -2.626     ; 4.674      ;
; -6.795 ; 74193:inst1|24~_emulated ; 74193:inst1|23~_emulated ; UPclk        ; UPclk       ; 1.000        ; -2.174     ; 5.609      ;
; -6.727 ; 74193:inst4|25~_emulated ; 74193:inst1|23~_emulated ; rst          ; UPclk       ; 0.500        ; -2.521     ; 4.674      ;
; -6.723 ; 74193:inst4|26~_emulated ; 74193:inst1|23~_emulated ; UPclk        ; UPclk       ; 0.500        ; -2.580     ; 4.631      ;
; -6.659 ; 74193:inst1|25~_emulated ; 74193:inst4|26~_emulated ; UPclk        ; UPclk       ; 0.500        ; -2.185     ; 4.962      ;
; -6.632 ; 74193:inst1|24~1         ; 74193:inst1|23~_emulated ; UPclk        ; UPclk       ; 1.000        ; -2.072     ; 5.548      ;
; -6.628 ; 74193:inst4|24~_emulated ; 74193:inst1|24~_emulated ; rst          ; UPclk       ; 0.500        ; -2.970     ; 4.126      ;
; -6.612 ; 74193:inst4|25~_emulated ; 74193:inst1|24~_emulated ; UPclk        ; UPclk       ; 0.500        ; -3.064     ; 4.036      ;
; -6.579 ; 74193:inst4|23~_emulated ; 74193:inst1|23~_emulated ; rst          ; UPclk       ; 0.500        ; -2.735     ; 4.312      ;
; -6.523 ; 74193:inst4|26~_emulated ; 74193:inst1|24~_emulated ; UPclk        ; UPclk       ; 0.500        ; -3.018     ; 3.993      ;
; -6.521 ; 74193:inst1|25~_emulated ; 74193:inst4|24~_emulated ; UPclk        ; UPclk       ; 0.500        ; -1.931     ; 5.078      ;
; -6.519 ; 74193:inst4|25~_emulated ; 74193:inst1|24~_emulated ; rst          ; UPclk       ; 0.500        ; -2.951     ; 4.036      ;
; -6.500 ; 74193:inst1|25~_emulated ; 74193:inst1|23~_emulated ; rst          ; UPclk       ; 0.500        ; -1.364     ; 5.604      ;
; -6.489 ; 74193:inst1|25~_emulated ; 74193:inst4|23~_emulated ; UPclk        ; UPclk       ; 0.500        ; -1.744     ; 5.233      ;
; -6.460 ; 74193:inst4|26~_emulated ; 74193:inst1|23~_emulated ; rst          ; UPclk       ; 0.500        ; -2.297     ; 4.631      ;
; -6.442 ; 74193:inst1|25~_emulated ; 74193:inst4|25~_emulated ; UPclk        ; UPclk       ; 0.500        ; -1.948     ; 4.982      ;
; -6.371 ; 74193:inst4|23~_emulated ; 74193:inst1|24~_emulated ; rst          ; UPclk       ; 0.500        ; -3.165     ; 3.674      ;
; -6.364 ; 74193:inst1|23~_emulated ; 74193:inst1|24~_emulated ; rst          ; UPclk       ; 0.500        ; -2.608     ; 4.224      ;
; -6.325 ; 74193:inst4|24~_emulated ; 74193:inst1|26~_emulated ; rst          ; UPclk       ; 0.500        ; -3.062     ; 3.731      ;
; -6.309 ; 74193:inst4|25~_emulated ; 74193:inst1|26~_emulated ; UPclk        ; UPclk       ; 0.500        ; -3.156     ; 3.641      ;
; -6.298 ; 74193:inst4|24~_emulated ; 74193:inst1|25~_emulated ; rst          ; UPclk       ; 0.500        ; -2.906     ; 3.860      ;
; -6.292 ; 74193:inst1|25~_emulated ; 74193:inst1|24~_emulated ; rst          ; UPclk       ; 0.500        ; -1.794     ; 4.966      ;
; -6.284 ; 74193:inst1|24~_emulated ; 74193:inst1|26~_emulated ; UPclk        ; UPclk       ; 1.000        ; -2.696     ; 4.576      ;
; -6.283 ; 74193:inst4|25~_emulated ; 74193:inst1|25~_emulated ; UPclk        ; UPclk       ; 0.500        ; -3.000     ; 3.771      ;
; -6.257 ; 74193:inst1|24~_emulated ; 74193:inst1|25~_emulated ; UPclk        ; UPclk       ; 1.000        ; -2.540     ; 4.705      ;
; -6.252 ; 74193:inst4|26~_emulated ; 74193:inst1|24~_emulated ; rst          ; UPclk       ; 0.500        ; -2.727     ; 3.993      ;
; -6.244 ; 74193:inst1|23~_emulated ; 74193:inst1|24~_emulated ; UPclk        ; UPclk       ; 1.000        ; -3.008     ; 4.224      ;
; -6.230 ; 74193:inst4|24~_emulated ; 74193:inst1|23~_emulated ; UPclk        ; UPclk       ; 1.000        ; -2.454     ; 4.764      ;
; -6.220 ; 74193:inst4|26~_emulated ; 74193:inst1|26~_emulated ; UPclk        ; UPclk       ; 0.500        ; -3.110     ; 3.598      ;
; -6.216 ; 74193:inst4|25~_emulated ; 74193:inst1|26~_emulated ; rst          ; UPclk       ; 0.500        ; -3.043     ; 3.641      ;
; -6.208 ; 74193:inst4|26~_emulated ; 74193:inst1|25~_emulated ; UPclk        ; UPclk       ; 0.500        ; -2.954     ; 3.742      ;
; -6.190 ; 74193:inst4|25~_emulated ; 74193:inst1|25~_emulated ; rst          ; UPclk       ; 0.500        ; -2.887     ; 3.771      ;
; -6.129 ; 74193:inst1|24~1         ; 74193:inst1|26~_emulated ; UPclk        ; UPclk       ; 1.000        ; -2.602     ; 4.515      ;
; -6.102 ; 74193:inst1|24~1         ; 74193:inst1|25~_emulated ; UPclk        ; UPclk       ; 1.000        ; -2.446     ; 4.644      ;
; -6.100 ; 74193:inst4|24~_emulated ; 74193:inst4|26~_emulated ; rst          ; UPclk       ; 0.500        ; -2.446     ; 4.122      ;
; -6.080 ; 74193:inst4|23~_emulated ; 74193:inst1|25~_emulated ; rst          ; UPclk       ; 0.500        ; -3.101     ; 3.447      ;
; -6.076 ; 74193:inst4|25~_emulated ; 74193:inst4|26~_emulated ; UPclk        ; UPclk       ; 0.500        ; -2.532     ; 4.032      ;
; -6.068 ; 74193:inst4|23~_emulated ; 74193:inst1|26~_emulated ; rst          ; UPclk       ; 0.500        ; -3.257     ; 3.279      ;
; -6.061 ; 74193:inst1|23~_emulated ; 74193:inst1|26~_emulated ; rst          ; UPclk       ; 0.500        ; -2.700     ; 3.829      ;
; -6.059 ; 74193:inst1|24~_emulated ; 74193:inst4|26~_emulated ; UPclk        ; UPclk       ; 1.000        ; -2.080     ; 4.967      ;
; -6.043 ; 74193:inst1|23~_emulated ; 74193:inst1|25~_emulated ; rst          ; UPclk       ; 0.500        ; -2.544     ; 3.967      ;
; -6.030 ; 74193:inst4|24~_emulated ; 74193:inst1|24~_emulated ; UPclk        ; UPclk       ; 1.000        ; -2.892     ; 4.126      ;
; -6.015 ; 74193:inst4|23~_emulated ; 74193:inst1|23~_emulated ; UPclk        ; UPclk       ; 1.000        ; -2.691     ; 4.312      ;
; -5.991 ; 74193:inst4|25~_emulated ; 74193:inst4|26~_emulated ; rst          ; UPclk       ; 0.500        ; -2.427     ; 4.032      ;
; -5.989 ; 74193:inst1|25~_emulated ; 74193:inst1|26~_emulated ; rst          ; UPclk       ; 0.500        ; -1.886     ; 4.571      ;
; -5.949 ; 74193:inst4|26~_emulated ; 74193:inst1|26~_emulated ; rst          ; UPclk       ; 0.500        ; -2.819     ; 3.598      ;
; -5.941 ; 74193:inst1|23~_emulated ; 74193:inst1|26~_emulated ; UPclk        ; UPclk       ; 1.000        ; -3.100     ; 3.829      ;
; -5.938 ; 74193:inst4|25~_emulated ; 74193:inst4|24~_emulated ; UPclk        ; UPclk       ; 0.500        ; -2.278     ; 4.148      ;
; -5.937 ; 74193:inst4|26~_emulated ; 74193:inst1|25~_emulated ; rst          ; UPclk       ; 0.500        ; -2.663     ; 3.742      ;
; -5.930 ; 74193:inst4|24~_emulated ; 74193:inst4|23~_emulated ; rst          ; UPclk       ; 0.500        ; -2.005     ; 4.393      ;
; -5.923 ; 74193:inst1|23~_emulated ; 74193:inst1|25~_emulated ; UPclk        ; UPclk       ; 1.000        ; -2.944     ; 3.967      ;
; -5.921 ; 74193:inst1|24~_emulated ; 74193:inst4|24~_emulated ; UPclk        ; UPclk       ; 1.000        ; -1.826     ; 5.083      ;
; -5.906 ; 74193:inst4|25~_emulated ; 74193:inst4|23~_emulated ; UPclk        ; UPclk       ; 0.500        ; -2.091     ; 4.303      ;
; -5.896 ; 74193:inst1|24~1         ; 74193:inst4|26~_emulated ; UPclk        ; UPclk       ; 1.000        ; -1.978     ; 4.906      ;
; -5.889 ; 74193:inst1|24~_emulated ; 74193:inst4|23~_emulated ; UPclk        ; UPclk       ; 1.000        ; -1.639     ; 5.238      ;
; -5.883 ; 74193:inst4|24~_emulated ; 74193:inst4|25~_emulated ; rst          ; UPclk       ; 0.500        ; -2.209     ; 4.142      ;
; -5.865 ; 74193:inst4|24~1         ; 74193:inst1|23~_emulated ; UPclk        ; UPclk       ; 1.000        ; -2.061     ; 4.792      ;
; -5.859 ; 74193:inst1|25~1         ; 74193:inst1|23~_emulated ; UPclk        ; UPclk       ; 1.000        ; -1.226     ; 5.621      ;
; -5.853 ; 74193:inst4|25~_emulated ; 74193:inst4|24~_emulated ; rst          ; UPclk       ; 0.500        ; -2.173     ; 4.148      ;
; -5.851 ; 74193:inst4|25~1         ; 74193:inst1|23~_emulated ; UPclk        ; UPclk       ; 1.000        ; -2.075     ; 4.764      ;
; -5.849 ; 74193:inst4|26~_emulated ; 74193:inst4|24~_emulated ; UPclk        ; UPclk       ; 0.500        ; -2.232     ; 4.105      ;
; -5.843 ; 74193:inst4|23~_emulated ; 74193:inst4|26~_emulated ; rst          ; UPclk       ; 0.500        ; -2.641     ; 3.670      ;
; -5.842 ; 74193:inst1|24~_emulated ; 74193:inst4|25~_emulated ; UPclk        ; UPclk       ; 1.000        ; -1.843     ; 4.987      ;
; -5.836 ; 74193:inst1|23~_emulated ; 74193:inst4|26~_emulated ; rst          ; UPclk       ; 0.500        ; -2.084     ; 4.220      ;
; -5.821 ; 74193:inst4|25~_emulated ; 74193:inst4|23~_emulated ; rst          ; UPclk       ; 0.500        ; -1.986     ; 4.303      ;
; -5.817 ; 74193:inst4|26~_emulated ; 74193:inst4|23~_emulated ; UPclk        ; UPclk       ; 0.500        ; -2.045     ; 4.260      ;
; -5.815 ; 74193:inst4|23~_emulated ; 74193:inst1|24~_emulated ; UPclk        ; UPclk       ; 1.000        ; -3.129     ; 3.674      ;
; -5.770 ; 74193:inst4|26~_emulated ; 74193:inst4|25~_emulated ; UPclk        ; UPclk       ; 0.500        ; -2.249     ; 4.009      ;
; -5.764 ; 74193:inst1|25~_emulated ; 74193:inst4|26~_emulated ; rst          ; UPclk       ; 0.500        ; -1.270     ; 4.962      ;
; -5.758 ; 74193:inst1|24~1         ; 74193:inst4|24~_emulated ; UPclk        ; UPclk       ; 1.000        ; -1.724     ; 5.022      ;
; -5.727 ; 74193:inst4|24~_emulated ; 74193:inst1|26~_emulated ; UPclk        ; UPclk       ; 1.000        ; -2.984     ; 3.731      ;
; -5.726 ; 74193:inst1|24~1         ; 74193:inst4|23~_emulated ; UPclk        ; UPclk       ; 1.000        ; -1.537     ; 5.177      ;
; -5.721 ; 74193:inst1|24~_emulated ; 74193:inst1|23~_emulated ; rst          ; UPclk       ; 1.000        ; -1.080     ; 5.609      ;
; -5.708 ; 74193:inst1|23~_emulated ; 74193:inst4|26~_emulated ; UPclk        ; UPclk       ; 1.000        ; -2.476     ; 4.220      ;
; -5.705 ; 74193:inst4|23~_emulated ; 74193:inst4|24~_emulated ; rst          ; UPclk       ; 0.500        ; -2.387     ; 3.786      ;
; -5.700 ; 74193:inst4|24~_emulated ; 74193:inst1|25~_emulated ; UPclk        ; UPclk       ; 1.000        ; -2.828     ; 3.860      ;
; -5.698 ; 74193:inst1|23~_emulated ; 74193:inst4|24~_emulated ; rst          ; UPclk       ; 0.500        ; -1.830     ; 4.336      ;
; -5.679 ; 74193:inst1|24~1         ; 74193:inst4|25~_emulated ; UPclk        ; UPclk       ; 1.000        ; -1.741     ; 4.926      ;
; -5.678 ; 74193:inst1|23~1         ; 74193:inst1|24~_emulated ; UPclk        ; UPclk       ; 1.000        ; -2.435     ; 4.231      ;
; -5.666 ; 74193:inst1|23~_emulated ; 74193:inst4|23~_emulated ; rst          ; UPclk       ; 0.500        ; -1.643     ; 4.491      ;
; -5.665 ; 74193:inst4|24~1         ; 74193:inst1|24~_emulated ; UPclk        ; UPclk       ; 1.000        ; -2.499     ; 4.154      ;
; -5.659 ; 74193:inst1|25~1         ; 74193:inst1|24~_emulated ; UPclk        ; UPclk       ; 1.000        ; -1.664     ; 4.983      ;
; -5.651 ; 74193:inst1|26~1         ; 74193:inst1|23~_emulated ; UPclk        ; UPclk       ; 1.000        ; -1.228     ; 5.411      ;
; -5.651 ; 74193:inst4|25~1         ; 74193:inst1|24~_emulated ; UPclk        ; UPclk       ; 1.000        ; -2.513     ; 4.126      ;
; -5.633 ; 74193:inst4|23~_emulated ; 74193:inst4|25~_emulated ; rst          ; UPclk       ; 0.500        ; -2.404     ; 3.697      ;
; -5.626 ; 74193:inst1|25~_emulated ; 74193:inst4|24~_emulated ; rst          ; UPclk       ; 0.500        ; -1.016     ; 5.078      ;
; -5.619 ; 74193:inst1|23~_emulated ; 74193:inst4|25~_emulated ; rst          ; UPclk       ; 0.500        ; -1.847     ; 4.240      ;
; -5.594 ; 74193:inst1|25~_emulated ; 74193:inst4|23~_emulated ; rst          ; UPclk       ; 0.500        ; -0.829     ; 5.233      ;
; -5.586 ; 74193:inst4|26~_emulated ; 74193:inst4|24~_emulated ; rst          ; UPclk       ; 0.500        ; -1.949     ; 4.105      ;
; -5.571 ; 74193:inst4|26~1         ; 74193:inst1|23~_emulated ; UPclk        ; UPclk       ; 1.000        ; -1.991     ; 4.568      ;
; -5.570 ; 74193:inst1|23~_emulated ; 74193:inst4|24~_emulated ; UPclk        ; UPclk       ; 1.000        ; -2.222     ; 4.336      ;
; -5.566 ; 74193:inst1|24~1         ; 74193:inst1|23~_emulated ; rst          ; UPclk       ; 1.000        ; -0.986     ; 5.548      ;
; -5.554 ; 74193:inst4|26~_emulated ; 74193:inst4|23~_emulated ; rst          ; UPclk       ; 0.500        ; -1.762     ; 4.260      ;
; -5.547 ; 74193:inst1|25~_emulated ; 74193:inst4|25~_emulated ; rst          ; UPclk       ; 0.500        ; -1.033     ; 4.982      ;
; -5.538 ; 74193:inst1|23~_emulated ; 74193:inst4|23~_emulated ; UPclk        ; UPclk       ; 1.000        ; -2.035     ; 4.491      ;
; -5.524 ; 74193:inst4|23~_emulated ; 74193:inst1|25~_emulated ; UPclk        ; UPclk       ; 1.000        ; -3.065     ; 3.447      ;
+--------+--------------------------+--------------------------+--------------+-------------+--------------+------------+------------+


+------------------------------------------------------------------------------------------------------------------------------------+
; Fast 1200mV -40C Model Setup: 'rst'                                                                                                ;
+--------+--------------------------+--------------------------+--------------+-------------+--------------+------------+------------+
; Slack  ; From Node                ; To Node                  ; Launch Clock ; Latch Clock ; Relationship ; Clock Skew ; Data Delay ;
+--------+--------------------------+--------------------------+--------------+-------------+--------------+------------+------------+
; -6.250 ; 74193:inst1|25~_emulated ; 74193:inst1|23~_emulated ; UPclk        ; rst         ; 0.500        ; -1.114     ; 5.604      ;
; -5.984 ; 74193:inst1|25~_emulated ; 74193:inst1|24~_emulated ; UPclk        ; rst         ; 0.500        ; -1.486     ; 4.966      ;
; -5.802 ; 74193:inst1|25~_emulated ; 74193:inst4|24~_emulated ; UPclk        ; rst         ; 0.500        ; -1.192     ; 5.078      ;
; -5.681 ; 74193:inst1|25~_emulated ; 74193:inst4|23~_emulated ; UPclk        ; rst         ; 0.500        ; -0.916     ; 5.233      ;
; -5.667 ; 74193:inst4|25~_emulated ; 74193:inst1|23~_emulated ; UPclk        ; rst         ; 0.500        ; -1.461     ; 4.674      ;
; -5.642 ; 74193:inst1|24~_emulated ; 74193:inst1|23~_emulated ; UPclk        ; rst         ; 1.000        ; -1.001     ; 5.609      ;
; -5.602 ; 74193:inst4|24~_emulated ; 74193:inst1|23~_emulated ; rst          ; rst         ; 0.500        ; -1.326     ; 4.764      ;
; -5.578 ; 74193:inst4|26~_emulated ; 74193:inst1|23~_emulated ; UPclk        ; rst         ; 0.500        ; -1.415     ; 4.631      ;
; -5.578 ; 74193:inst1|24~_emulated ; 74193:inst1|23~_emulated ; UPclk        ; rst         ; 0.500        ; -0.437     ; 5.609      ;
; -5.493 ; 74193:inst4|25~_emulated ; 74193:inst1|23~_emulated ; rst          ; rst         ; 0.500        ; -1.307     ; 4.674      ;
; -5.487 ; 74193:inst1|24~1         ; 74193:inst1|23~_emulated ; UPclk        ; rst         ; 1.000        ; -0.907     ; 5.548      ;
; -5.423 ; 74193:inst1|24~1         ; 74193:inst1|23~_emulated ; UPclk        ; rst         ; 0.500        ; -0.343     ; 5.548      ;
; -5.401 ; 74193:inst4|25~_emulated ; 74193:inst1|24~_emulated ; UPclk        ; rst         ; 0.500        ; -1.833     ; 4.036      ;
; -5.345 ; 74193:inst4|23~_emulated ; 74193:inst1|23~_emulated ; rst          ; rst         ; 0.500        ; -1.521     ; 4.312      ;
; -5.336 ; 74193:inst4|24~_emulated ; 74193:inst1|24~_emulated ; rst          ; rst         ; 0.500        ; -1.698     ; 4.126      ;
; -5.312 ; 74193:inst4|26~_emulated ; 74193:inst1|24~_emulated ; UPclk        ; rst         ; 0.500        ; -1.787     ; 3.993      ;
; -5.266 ; 74193:inst1|25~_emulated ; 74193:inst1|23~_emulated ; rst          ; rst         ; 0.500        ; -0.150     ; 5.604      ;
; -5.227 ; 74193:inst4|25~_emulated ; 74193:inst1|24~_emulated ; rst          ; rst         ; 0.500        ; -1.679     ; 4.036      ;
; -5.226 ; 74193:inst4|26~_emulated ; 74193:inst1|23~_emulated ; rst          ; rst         ; 0.500        ; -1.083     ; 4.631      ;
; -5.219 ; 74193:inst4|25~_emulated ; 74193:inst4|24~_emulated ; UPclk        ; rst         ; 0.500        ; -1.539     ; 4.148      ;
; -5.194 ; 74193:inst1|24~_emulated ; 74193:inst4|24~_emulated ; UPclk        ; rst         ; 1.000        ; -1.079     ; 5.083      ;
; -5.186 ; 74193:inst1|25~_emulated ; 74193:inst1|23~_emulated ; UPclk        ; rst         ; 1.000        ; -0.550     ; 5.604      ;
; -5.165 ; 74193:inst1|24~_emulated ; 74193:inst1|25~_emulated ; UPclk        ; rst         ; 0.500        ; -0.928     ; 4.705      ;
; -5.142 ; 74193:inst1|24~_emulated ; 74193:inst4|23~_emulated ; UPclk        ; rst         ; 0.500        ; -0.372     ; 5.238      ;
; -5.137 ; 74193:inst1|24~_emulated ; 74193:inst4|26~_emulated ; UPclk        ; rst         ; 0.500        ; -0.638     ; 4.967      ;
; -5.130 ; 74193:inst4|26~_emulated ; 74193:inst4|24~_emulated ; UPclk        ; rst         ; 0.500        ; -1.493     ; 4.105      ;
; -5.112 ; 74193:inst1|24~_emulated ; 74193:inst4|25~_emulated ; UPclk        ; rst         ; 0.500        ; -0.593     ; 4.987      ;
; -5.098 ; 74193:inst4|25~_emulated ; 74193:inst4|23~_emulated ; UPclk        ; rst         ; 0.500        ; -1.263     ; 4.303      ;
; -5.085 ; 74193:inst4|24~_emulated ; 74193:inst1|23~_emulated ; UPclk        ; rst         ; 1.000        ; -1.289     ; 4.764      ;
; -5.079 ; 74193:inst4|23~_emulated ; 74193:inst1|24~_emulated ; rst          ; rst         ; 0.500        ; -1.893     ; 3.674      ;
; -5.073 ; 74193:inst1|24~_emulated ; 74193:inst4|23~_emulated ; UPclk        ; rst         ; 1.000        ; -0.803     ; 5.238      ;
; -5.072 ; 74193:inst1|23~_emulated ; 74193:inst1|24~_emulated ; rst          ; rst         ; 0.500        ; -1.336     ; 4.224      ;
; -5.045 ; 74193:inst4|25~_emulated ; 74193:inst4|24~_emulated ; rst          ; rst         ; 0.500        ; -1.385     ; 4.148      ;
; -5.039 ; 74193:inst1|24~1         ; 74193:inst4|24~_emulated ; UPclk        ; rst         ; 1.000        ; -0.985     ; 5.022      ;
; -5.033 ; 74193:inst1|23~_emulated ; 74193:inst1|24~_emulated ; UPclk        ; rst         ; 1.000        ; -1.777     ; 4.224      ;
; -5.033 ; 74193:inst4|24~_emulated ; 74193:inst4|23~_emulated ; rst          ; rst         ; 0.500        ; -1.128     ; 4.393      ;
; -5.021 ; 74193:inst4|24~_emulated ; 74193:inst1|23~_emulated ; UPclk        ; rst         ; 0.500        ; -0.725     ; 4.764      ;
; -5.010 ; 74193:inst1|24~1         ; 74193:inst1|25~_emulated ; UPclk        ; rst         ; 0.500        ; -0.834     ; 4.644      ;
; -5.009 ; 74193:inst4|26~_emulated ; 74193:inst4|23~_emulated ; UPclk        ; rst         ; 0.500        ; -1.217     ; 4.260      ;
; -5.000 ; 74193:inst1|25~_emulated ; 74193:inst1|24~_emulated ; rst          ; rst         ; 0.500        ; -0.522     ; 4.966      ;
; -4.987 ; 74193:inst1|24~1         ; 74193:inst4|23~_emulated ; UPclk        ; rst         ; 0.500        ; -0.278     ; 5.177      ;
; -4.982 ; 74193:inst1|24~1         ; 74193:inst4|26~_emulated ; UPclk        ; rst         ; 0.500        ; -0.544     ; 4.906      ;
; -4.960 ; 74193:inst4|26~_emulated ; 74193:inst1|24~_emulated ; rst          ; rst         ; 0.500        ; -1.455     ; 3.993      ;
; -4.957 ; 74193:inst1|24~1         ; 74193:inst4|25~_emulated ; UPclk        ; rst         ; 0.500        ; -0.499     ; 4.926      ;
; -4.952 ; 74193:inst1|24~_emulated ; 74193:inst4|24~_emulated ; UPclk        ; rst         ; 0.500        ; -0.337     ; 5.083      ;
; -4.924 ; 74193:inst4|25~_emulated ; 74193:inst4|23~_emulated ; rst          ; rst         ; 0.500        ; -1.109     ; 4.303      ;
; -4.918 ; 74193:inst1|24~1         ; 74193:inst4|23~_emulated ; UPclk        ; rst         ; 1.000        ; -0.709     ; 5.177      ;
; -4.897 ; 74193:inst4|23~_emulated ; 74193:inst4|24~_emulated ; rst          ; rst         ; 0.500        ; -1.599     ; 3.786      ;
; -4.890 ; 74193:inst1|23~_emulated ; 74193:inst4|24~_emulated ; rst          ; rst         ; 0.500        ; -1.042     ; 4.336      ;
; -4.870 ; 74193:inst4|23~_emulated ; 74193:inst1|23~_emulated ; UPclk        ; rst         ; 1.000        ; -1.526     ; 4.312      ;
; -4.851 ; 74193:inst1|23~_emulated ; 74193:inst4|24~_emulated ; UPclk        ; rst         ; 1.000        ; -1.483     ; 4.336      ;
; -4.831 ; 74193:inst1|23~_emulated ; 74193:inst1|25~_emulated ; UPclk        ; rst         ; 0.500        ; -1.332     ; 3.967      ;
; -4.819 ; 74193:inst4|24~_emulated ; 74193:inst1|24~_emulated ; UPclk        ; rst         ; 1.000        ; -1.661     ; 4.126      ;
; -4.818 ; 74193:inst1|25~_emulated ; 74193:inst4|24~_emulated ; rst          ; rst         ; 0.500        ; -0.228     ; 5.078      ;
; -4.806 ; 74193:inst4|23~_emulated ; 74193:inst1|23~_emulated ; UPclk        ; rst         ; 0.500        ; -0.962     ; 4.312      ;
; -4.799 ; 74193:inst1|23~_emulated ; 74193:inst4|23~_emulated ; UPclk        ; rst         ; 0.500        ; -0.776     ; 4.491      ;
; -4.797 ; 74193:inst1|24~1         ; 74193:inst4|24~_emulated ; UPclk        ; rst         ; 0.500        ; -0.243     ; 5.022      ;
; -4.794 ; 74193:inst1|23~_emulated ; 74193:inst4|26~_emulated ; UPclk        ; rst         ; 0.500        ; -1.042     ; 4.220      ;
; -4.778 ; 74193:inst4|26~_emulated ; 74193:inst4|24~_emulated ; rst          ; rst         ; 0.500        ; -1.161     ; 4.105      ;
; -4.769 ; 74193:inst1|23~_emulated ; 74193:inst4|23~_emulated ; rst          ; rst         ; 0.500        ; -0.766     ; 4.491      ;
; -4.769 ; 74193:inst1|23~_emulated ; 74193:inst4|25~_emulated ; UPclk        ; rst         ; 0.500        ; -0.997     ; 4.240      ;
; -4.750 ; 74193:inst1|25~_emulated ; 74193:inst4|23~_emulated ; UPclk        ; rst         ; 1.000        ; -0.485     ; 5.233      ;
; -4.745 ; 74193:inst1|25~_emulated ; 74193:inst4|26~_emulated ; UPclk        ; rst         ; 1.000        ; -0.751     ; 4.962      ;
; -4.730 ; 74193:inst1|23~_emulated ; 74193:inst4|23~_emulated ; UPclk        ; rst         ; 1.000        ; -1.207     ; 4.491      ;
; -4.720 ; 74193:inst4|24~1         ; 74193:inst1|23~_emulated ; UPclk        ; rst         ; 1.000        ; -0.896     ; 4.792      ;
; -4.720 ; 74193:inst1|25~_emulated ; 74193:inst4|25~_emulated ; UPclk        ; rst         ; 1.000        ; -0.706     ; 4.982      ;
; -4.714 ; 74193:inst1|25~1         ; 74193:inst1|23~_emulated ; UPclk        ; rst         ; 1.000        ; -0.061     ; 5.621      ;
; -4.706 ; 74193:inst4|25~1         ; 74193:inst1|23~_emulated ; UPclk        ; rst         ; 1.000        ; -0.910     ; 4.764      ;
; -4.697 ; 74193:inst1|25~_emulated ; 74193:inst4|23~_emulated ; rst          ; rst         ; 0.500        ; 0.048      ; 5.233      ;
; -4.657 ; 74193:inst4|26~_emulated ; 74193:inst4|23~_emulated ; rst          ; rst         ; 0.500        ; -0.885     ; 4.260      ;
; -4.656 ; 74193:inst4|24~1         ; 74193:inst1|23~_emulated ; UPclk        ; rst         ; 0.500        ; -0.332     ; 4.792      ;
; -4.650 ; 74193:inst1|25~1         ; 74193:inst1|23~_emulated ; UPclk        ; rst         ; 0.500        ; 0.503      ; 5.621      ;
; -4.642 ; 74193:inst4|25~1         ; 74193:inst1|23~_emulated ; UPclk        ; rst         ; 0.500        ; -0.346     ; 4.764      ;
; -4.609 ; 74193:inst1|23~_emulated ; 74193:inst4|24~_emulated ; UPclk        ; rst         ; 0.500        ; -0.741     ; 4.336      ;
; -4.608 ; 74193:inst4|24~_emulated ; 74193:inst1|25~_emulated ; UPclk        ; rst         ; 0.500        ; -1.216     ; 3.860      ;
; -4.604 ; 74193:inst4|23~_emulated ; 74193:inst1|24~_emulated ; UPclk        ; rst         ; 1.000        ; -1.898     ; 3.674      ;
; -4.603 ; 74193:inst4|25~_emulated ; 74193:inst1|23~_emulated ; UPclk        ; rst         ; 1.000        ; -0.897     ; 4.674      ;
; -4.585 ; 74193:inst4|24~_emulated ; 74193:inst4|23~_emulated ; UPclk        ; rst         ; 0.500        ; -0.660     ; 4.393      ;
; -4.580 ; 74193:inst4|24~_emulated ; 74193:inst4|26~_emulated ; UPclk        ; rst         ; 0.500        ; -0.926     ; 4.122      ;
; -4.560 ; 74193:inst1|25~_emulated ; 74193:inst4|24~_emulated ; UPclk        ; rst         ; 1.000        ; -0.450     ; 5.078      ;
; -4.555 ; 74193:inst4|24~_emulated ; 74193:inst4|25~_emulated ; UPclk        ; rst         ; 0.500        ; -0.881     ; 4.142      ;
; -4.534 ; 74193:inst4|24~_emulated ; 74193:inst1|23~_emulated ; rst          ; rst         ; 1.000        ; -0.758     ; 4.764      ;
; -4.516 ; 74193:inst4|24~_emulated ; 74193:inst4|23~_emulated ; UPclk        ; rst         ; 1.000        ; -1.091     ; 4.393      ;
; -4.514 ; 74193:inst4|26~_emulated ; 74193:inst1|23~_emulated ; UPclk        ; rst         ; 1.000        ; -0.851     ; 4.631      ;
; -4.506 ; 74193:inst1|26~1         ; 74193:inst1|23~_emulated ; UPclk        ; rst         ; 1.000        ; -0.063     ; 5.411      ;
; -4.487 ; 74193:inst1|24~_emulated ; 74193:inst1|23~_emulated ; rst          ; rst         ; 1.000        ; 0.134      ; 5.609      ;
; -4.467 ; 74193:inst1|23~1         ; 74193:inst1|24~_emulated ; UPclk        ; rst         ; 1.000        ; -1.204     ; 4.231      ;
; -4.454 ; 74193:inst4|24~1         ; 74193:inst1|24~_emulated ; UPclk        ; rst         ; 1.000        ; -1.268     ; 4.154      ;
; -4.448 ; 74193:inst1|25~1         ; 74193:inst1|24~_emulated ; UPclk        ; rst         ; 1.000        ; -0.433     ; 4.983      ;
; -4.442 ; 74193:inst1|26~1         ; 74193:inst1|23~_emulated ; UPclk        ; rst         ; 0.500        ; 0.501      ; 5.411      ;
; -4.440 ; 74193:inst4|25~1         ; 74193:inst1|24~_emulated ; UPclk        ; rst         ; 1.000        ; -1.282     ; 4.126      ;
; -4.432 ; 74193:inst4|23~_emulated ; 74193:inst1|25~_emulated ; UPclk        ; rst         ; 0.500        ; -1.453     ; 3.447      ;
; -4.426 ; 74193:inst4|26~1         ; 74193:inst1|23~_emulated ; UPclk        ; rst         ; 1.000        ; -0.826     ; 4.568      ;
; -4.425 ; 74193:inst4|25~_emulated ; 74193:inst1|23~_emulated ; rst          ; rst         ; 1.000        ; -0.739     ; 4.674      ;
; -4.423 ; 74193:inst1|24~_emulated ; 74193:inst1|23~_emulated ; rst          ; rst         ; 0.500        ; 0.698      ; 5.609      ;
; -4.422 ; 74193:inst4|23~_emulated ; 74193:inst4|24~_emulated ; UPclk        ; rst         ; 1.000        ; -1.604     ; 3.786      ;
; -4.365 ; 74193:inst4|23~_emulated ; 74193:inst4|26~_emulated ; UPclk        ; rst         ; 0.500        ; -1.163     ; 3.670      ;
; -4.362 ; 74193:inst4|26~1         ; 74193:inst1|23~_emulated ; UPclk        ; rst         ; 0.500        ; -0.262     ; 4.568      ;
; -4.347 ; 74193:inst4|23~_emulated ; 74193:inst4|25~_emulated ; UPclk        ; rst         ; 0.500        ; -1.118     ; 3.697      ;
; -4.332 ; 74193:inst1|24~1         ; 74193:inst1|23~_emulated ; rst          ; rst         ; 1.000        ; 0.228      ; 5.548      ;
+--------+--------------------------+--------------------------+--------------+-------------+--------------+------------+------------+


+-----------------------------------------------------------------------------------------------------------------------------------------+
; Fast 1200mV -40C Model Hold: 'UPclk'                                                                                                    ;
+--------+---------------------------+------------------------------+--------------+-------------+--------------+------------+------------+
; Slack  ; From Node                 ; To Node                      ; Launch Clock ; Latch Clock ; Relationship ; Clock Skew ; Data Delay ;
+--------+---------------------------+------------------------------+--------------+-------------+--------------+------------+------------+
; -1.513 ; 74193:inst4|23~1          ; 74193:inst4|23~_emulated     ; rst          ; UPclk       ; 0.000        ; 1.875      ; 0.484      ;
; -1.449 ; 74193:inst4|24~1          ; 74193:inst4|24~_emulated     ; rst          ; UPclk       ; 0.000        ; 1.577      ; 0.250      ;
; -1.157 ; 74193:inst4|26~1          ; 74193:inst4|26~_emulated     ; rst          ; UPclk       ; -0.500       ; 1.770      ; 0.235      ;
; -1.147 ; 74193:inst1|23~1          ; 74193:inst1|23~_emulated     ; rst          ; UPclk       ; 0.000        ; 1.755      ; 0.730      ;
; -1.146 ; 74193:inst1|24~1          ; 74193:inst1|24~_emulated     ; rst          ; UPclk       ; 0.000        ; 1.279      ; 0.255      ;
; -1.109 ; 74193:inst4|25~1          ; 74193:inst4|25~_emulated     ; rst          ; UPclk       ; -0.500       ; 1.736      ; 0.249      ;
; -0.807 ; 74193:inst1|24~_emulated  ; 74193:inst1|24~_emulated     ; UPclk        ; UPclk       ; 0.000        ; 2.604      ; 1.879      ;
; -0.801 ; 74193:inst1|25~1          ; 74193:inst1|25~_emulated     ; rst          ; UPclk       ; -0.500       ; 2.204      ; 1.025      ;
; -0.690 ; rst                       ; 74193:inst4|23~_emulated     ; rst          ; UPclk       ; 0.000        ; 4.135      ; 3.567      ;
; -0.579 ; rst                       ; 74193:inst4|24~_emulated     ; rst          ; UPclk       ; 0.000        ; 3.898      ; 3.441      ;
; -0.515 ; 74193:inst1|25~_emulated  ; 74193:inst1|25~_emulated     ; UPclk        ; UPclk       ; -0.500       ; 2.653      ; 1.740      ;
; -0.416 ; 74193:inst4|26~_emulated  ; 74193:inst4|26~_emulated     ; UPclk        ; UPclk       ; -0.500       ; 2.486      ; 1.672      ;
; -0.408 ; 74193:inst4|23~1          ; 74193:inst4|23~_emulated     ; UPclk        ; UPclk       ; 0.000        ; 0.810      ; 0.484      ;
; -0.403 ; 74193:inst1|23~_emulated  ; 74193:inst1|23~_emulated     ; UPclk        ; UPclk       ; 0.000        ; 2.570      ; 2.249      ;
; -0.396 ; rst                       ; 74193:inst1|24~_emulated     ; rst          ; UPclk       ; 0.000        ; 3.610      ; 3.336      ;
; -0.378 ; rst                       ; 74193:inst4|26~_emulated     ; rst          ; UPclk       ; 0.000        ; 4.024      ; 3.768      ;
; -0.349 ; rst                       ; 74193:inst4|25~_emulated     ; rst          ; UPclk       ; 0.000        ; 4.070      ; 3.843      ;
; -0.344 ; 74193:inst4|24~1          ; 74193:inst4|24~_emulated     ; UPclk        ; UPclk       ; 0.000        ; 0.512      ; 0.250      ;
; -0.341 ; 74193:inst4|24~_emulated  ; 74193:inst4|24~_emulated     ; UPclk        ; UPclk       ; 0.000        ; 2.106      ; 1.847      ;
; -0.334 ; 74193:inst4|23~_emulated  ; 74193:inst4|23~_emulated     ; UPclk        ; UPclk       ; 0.000        ; 2.156      ; 1.904      ;
; -0.305 ; rst                       ; 74193:inst4|26~_emulated     ; rst          ; UPclk       ; -0.500       ; 4.024      ; 3.341      ;
; -0.284 ; rst                       ; 74193:inst1|25~_emulated     ; rst          ; UPclk       ; 0.000        ; 3.723      ; 3.561      ;
; -0.276 ; rst                       ; 74193:inst4|25~_emulated     ; rst          ; UPclk       ; -0.500       ; 4.070      ; 3.416      ;
; -0.242 ; rst                       ; 74193:inst1|25~_emulated     ; rst          ; UPclk       ; -0.500       ; 3.723      ; 3.103      ;
; -0.218 ; rst                       ; 74193:inst1|23~_emulated     ; rst          ; UPclk       ; 0.000        ; 4.014      ; 3.918      ;
; -0.151 ; 74193:inst4|25~_emulated  ; 74193:inst4|25~_emulated     ; UPclk        ; UPclk       ; -0.500       ; 2.295      ; 1.746      ;
; -0.072 ; 74193:inst4|26~1          ; 74193:inst4|26~_emulated     ; UPclk        ; UPclk       ; -0.500       ; 0.705      ; 0.235      ;
; -0.049 ; 74193:inst1|24~1          ; 74193:inst1|24~_emulated     ; UPclk        ; UPclk       ; 0.000        ; 0.222      ; 0.255      ;
; -0.042 ; 74193:inst1|23~1          ; 74193:inst1|23~_emulated     ; UPclk        ; UPclk       ; 0.000        ; 0.690      ; 0.730      ;
; -0.024 ; 74193:inst4|25~1          ; 74193:inst4|25~_emulated     ; UPclk        ; UPclk       ; -0.500       ; 0.671      ; 0.249      ;
; 0.237  ; rst                       ; 74193:inst4|23~_emulated     ; rst          ; UPclk       ; -0.500       ; 4.135      ; 3.994      ;
; 0.244  ; display:inst5|duration[7] ; display:inst5|duration[7]    ; UPclk        ; UPclk       ; 0.000        ; 0.042      ; 0.368      ;
; 0.281  ; display:inst5|duration[5] ; display:inst5|duration[5]    ; UPclk        ; UPclk       ; 0.000        ; 0.042      ; 0.405      ;
; 0.281  ; display:inst5|duration[3] ; display:inst5|duration[3]    ; UPclk        ; UPclk       ; 0.000        ; 0.042      ; 0.405      ;
; 0.281  ; display:inst5|duration[1] ; display:inst5|duration[1]    ; UPclk        ; UPclk       ; 0.000        ; 0.042      ; 0.405      ;
; 0.282  ; display:inst5|duration[6] ; display:inst5|duration[6]    ; UPclk        ; UPclk       ; 0.000        ; 0.042      ; 0.406      ;
; 0.282  ; display:inst5|duration[4] ; display:inst5|duration[4]    ; UPclk        ; UPclk       ; 0.000        ; 0.042      ; 0.406      ;
; 0.282  ; display:inst5|duration[2] ; display:inst5|duration[2]    ; UPclk        ; UPclk       ; 0.000        ; 0.042      ; 0.406      ;
; 0.284  ; 74193:inst1|25~1          ; 74193:inst1|25~_emulated     ; UPclk        ; UPclk       ; -0.500       ; 1.139      ; 1.025      ;
; 0.358  ; 74193:inst4|24~_emulated  ; 74193:inst4|24~_emulated     ; rst          ; UPclk       ; 0.000        ; 1.367      ; 1.847      ;
; 0.370  ; 7474:inst|9               ; 7474:inst|9                  ; UPclk        ; UPclk       ; 0.000        ; 0.091      ; 0.543      ;
; 0.370  ; rst                       ; 74193:inst4|24~_emulated     ; rst          ; UPclk       ; -0.500       ; 3.898      ; 3.890      ;
; 0.384  ; 74193:inst1|24~_emulated  ; 74193:inst1|24~_emulated     ; rst          ; UPclk       ; 0.000        ; 1.373      ; 1.879      ;
; 0.407  ; UPclk                     ; 74193:inst4|23~_emulated     ; UPclk        ; UPclk       ; 0.000        ; 4.135      ; 4.624      ;
; 0.419  ; display:inst5|enable      ; display:inst5|enable         ; UPclk        ; UPclk       ; 0.000        ; 0.042      ; 0.543      ;
; 0.425  ; display:inst5|duration[5] ; display:inst5|duration[6]    ; UPclk        ; UPclk       ; 0.000        ; 0.042      ; 0.549      ;
; 0.425  ; display:inst5|duration[3] ; display:inst5|duration[4]    ; UPclk        ; UPclk       ; 0.000        ; 0.042      ; 0.549      ;
; 0.425  ; display:inst5|duration[1] ; display:inst5|duration[2]    ; UPclk        ; UPclk       ; 0.000        ; 0.042      ; 0.549      ;
; 0.426  ; display:inst5|oldpsi      ; display:inst5|enable         ; UPclk        ; UPclk       ; 0.000        ; 0.042      ; 0.550      ;
; 0.433  ; display:inst5|duration[3] ; display:inst5|oldduration[3] ; UPclk        ; UPclk       ; 0.000        ; -0.140     ; 0.375      ;
; 0.434  ; display:inst5|duration[5] ; display:inst5|oldduration[5] ; UPclk        ; UPclk       ; 0.000        ; -0.140     ; 0.376      ;
; 0.435  ; display:inst5|duration[6] ; display:inst5|duration[7]    ; UPclk        ; UPclk       ; 0.000        ; 0.042      ; 0.559      ;
; 0.435  ; display:inst5|duration[4] ; display:inst5|duration[5]    ; UPclk        ; UPclk       ; 0.000        ; 0.042      ; 0.559      ;
; 0.435  ; display:inst5|duration[2] ; display:inst5|duration[3]    ; UPclk        ; UPclk       ; 0.000        ; 0.042      ; 0.559      ;
; 0.437  ; display:inst5|duration[0] ; display:inst5|duration[1]    ; UPclk        ; UPclk       ; 0.000        ; 0.042      ; 0.561      ;
; 0.437  ; display:inst5|duration[4] ; display:inst5|duration[6]    ; UPclk        ; UPclk       ; 0.000        ; 0.042      ; 0.561      ;
; 0.437  ; display:inst5|duration[2] ; display:inst5|duration[4]    ; UPclk        ; UPclk       ; 0.000        ; 0.042      ; 0.561      ;
; 0.439  ; display:inst5|duration[0] ; display:inst5|duration[2]    ; UPclk        ; UPclk       ; 0.000        ; 0.042      ; 0.563      ;
; 0.440  ; display:inst5|duration[0] ; display:inst5|oldduration[0] ; UPclk        ; UPclk       ; 0.000        ; -0.140     ; 0.382      ;
; 0.445  ; display:inst5|duration[4] ; display:inst5|oldduration[4] ; UPclk        ; UPclk       ; 0.000        ; -0.140     ; 0.387      ;
; 0.450  ; display:inst5|duration[0] ; display:inst5|duration[0]    ; UPclk        ; UPclk       ; 0.000        ; 0.042      ; 0.574      ;
; 0.454  ; 74193:inst4|23~_emulated  ; 74193:inst4|23~_emulated     ; rst          ; UPclk       ; 0.000        ; 1.328      ; 1.904      ;
; 0.469  ; display:inst5|oldpsi      ; display:inst5|duration[7]    ; UPclk        ; UPclk       ; 0.000        ; 0.042      ; 0.593      ;
; 0.469  ; display:inst5|oldpsi      ; display:inst5|duration[6]    ; UPclk        ; UPclk       ; 0.000        ; 0.042      ; 0.593      ;
; 0.469  ; display:inst5|oldpsi      ; display:inst5|duration[5]    ; UPclk        ; UPclk       ; 0.000        ; 0.042      ; 0.593      ;
; 0.469  ; display:inst5|oldpsi      ; display:inst5|duration[4]    ; UPclk        ; UPclk       ; 0.000        ; 0.042      ; 0.593      ;
; 0.469  ; display:inst5|oldpsi      ; display:inst5|duration[3]    ; UPclk        ; UPclk       ; 0.000        ; 0.042      ; 0.593      ;
; 0.469  ; display:inst5|oldpsi      ; display:inst5|duration[2]    ; UPclk        ; UPclk       ; 0.000        ; 0.042      ; 0.593      ;
; 0.469  ; display:inst5|oldpsi      ; display:inst5|duration[1]    ; UPclk        ; UPclk       ; 0.000        ; 0.042      ; 0.593      ;
; 0.469  ; display:inst5|oldpsi      ; display:inst5|duration[0]    ; UPclk        ; UPclk       ; 0.000        ; 0.042      ; 0.593      ;
; 0.483  ; display:inst5|duration[5] ; display:inst5|duration[7]    ; UPclk        ; UPclk       ; 0.000        ; 0.042      ; 0.607      ;
; 0.483  ; display:inst5|duration[3] ; display:inst5|duration[5]    ; UPclk        ; UPclk       ; 0.000        ; 0.042      ; 0.607      ;
; 0.483  ; display:inst5|duration[1] ; display:inst5|duration[3]    ; UPclk        ; UPclk       ; 0.000        ; 0.042      ; 0.607      ;
; 0.485  ; display:inst5|duration[3] ; display:inst5|duration[6]    ; UPclk        ; UPclk       ; 0.000        ; 0.042      ; 0.609      ;
; 0.485  ; display:inst5|duration[1] ; display:inst5|duration[4]    ; UPclk        ; UPclk       ; 0.000        ; 0.042      ; 0.609      ;
; 0.490  ; display:inst5|duration[7] ; display:inst5|oldduration[7] ; UPclk        ; UPclk       ; 0.000        ; -0.140     ; 0.432      ;
; 0.495  ; display:inst5|duration[4] ; display:inst5|duration[7]    ; UPclk        ; UPclk       ; 0.000        ; 0.042      ; 0.619      ;
; 0.495  ; display:inst5|duration[2] ; display:inst5|duration[5]    ; UPclk        ; UPclk       ; 0.000        ; 0.042      ; 0.619      ;
; 0.497  ; display:inst5|duration[0] ; display:inst5|duration[3]    ; UPclk        ; UPclk       ; 0.000        ; 0.042      ; 0.621      ;
; 0.497  ; display:inst5|duration[2] ; display:inst5|duration[6]    ; UPclk        ; UPclk       ; 0.000        ; 0.042      ; 0.621      ;
; 0.498  ; 74193:inst4|26~_emulated  ; 74193:inst4|26~_emulated     ; rst          ; UPclk       ; 0.000        ; 1.052      ; 1.672      ;
; 0.499  ; display:inst5|duration[0] ; display:inst5|duration[4]    ; UPclk        ; UPclk       ; 0.000        ; 0.042      ; 0.623      ;
; 0.501  ; display:inst5|duration[2] ; display:inst5|oldduration[2] ; UPclk        ; UPclk       ; 0.000        ; -0.140     ; 0.443      ;
; 0.518  ; UPclk                     ; 74193:inst4|24~_emulated     ; UPclk        ; UPclk       ; 0.000        ; 3.898      ; 4.498      ;
; 0.543  ; display:inst5|duration[3] ; display:inst5|duration[7]    ; UPclk        ; UPclk       ; 0.000        ; 0.042      ; 0.667      ;
; 0.543  ; display:inst5|duration[1] ; display:inst5|duration[5]    ; UPclk        ; UPclk       ; 0.000        ; 0.042      ; 0.667      ;
; 0.545  ; display:inst5|duration[1] ; display:inst5|duration[6]    ; UPclk        ; UPclk       ; 0.000        ; 0.042      ; 0.669      ;
; 0.552  ; UPclk                     ; 74193:inst4|26~_emulated     ; UPclk        ; UPclk       ; 0.000        ; 4.024      ; 4.658      ;
; 0.555  ; display:inst5|duration[2] ; display:inst5|duration[7]    ; UPclk        ; UPclk       ; 0.000        ; 0.042      ; 0.679      ;
; 0.557  ; display:inst5|duration[0] ; display:inst5|duration[5]    ; UPclk        ; UPclk       ; 0.000        ; 0.042      ; 0.681      ;
; 0.559  ; display:inst5|duration[0] ; display:inst5|duration[6]    ; UPclk        ; UPclk       ; 0.000        ; 0.042      ; 0.683      ;
; 0.561  ; rst                       ; 74193:inst1|24~_emulated     ; rst          ; UPclk       ; -0.500       ; 3.610      ; 3.793      ;
; 0.571  ; 74193:inst4|25~_emulated  ; 74193:inst4|25~_emulated     ; rst          ; UPclk       ; 0.000        ; 1.053      ; 1.746      ;
; 0.577  ; 74193:inst1|25~_emulated  ; 74193:inst1|25~_emulated     ; rst          ; UPclk       ; 0.000        ; 1.041      ; 1.740      ;
; 0.581  ; UPclk                     ; 74193:inst4|25~_emulated     ; UPclk        ; UPclk       ; 0.000        ; 4.070      ; 4.733      ;
; 0.592  ; display:inst5|duration[1] ; display:inst5|oldduration[1] ; UPclk        ; UPclk       ; 0.000        ; -0.140     ; 0.534      ;
; 0.594  ; display:inst5|duration[6] ; display:inst5|oldduration[6] ; UPclk        ; UPclk       ; 0.000        ; -0.140     ; 0.536      ;
; 0.603  ; display:inst5|duration[1] ; display:inst5|duration[7]    ; UPclk        ; UPclk       ; 0.000        ; 0.042      ; 0.727      ;
; 0.617  ; display:inst5|duration[0] ; display:inst5|duration[7]    ; UPclk        ; UPclk       ; 0.000        ; 0.042      ; 0.741      ;
; 0.625  ; 74193:inst4|25~1          ; 74193:inst4|25~_emulated     ; rst          ; UPclk       ; 0.000        ; -0.498     ; 0.249      ;
+--------+---------------------------+------------------------------+--------------+-------------+--------------+------------+------------+


+------------------------------------------------------------------------------------------------------------------------------------+
; Fast 1200mV -40C Model Hold: 'rst'                                                                                                 ;
+--------+--------------------------+--------------------------+--------------+-------------+--------------+------------+------------+
; Slack  ; From Node                ; To Node                  ; Launch Clock ; Latch Clock ; Relationship ; Clock Skew ; Data Delay ;
+--------+--------------------------+--------------------------+--------------+-------------+--------------+------------+------------+
; -1.351 ; 7474:inst|9              ; 7474:inst|9              ; UPclk        ; rst         ; 0.000        ; 1.772      ; 0.543      ;
; -0.988 ; 74193:inst4|23~1         ; 74193:inst4|23~_emulated ; rst          ; rst         ; -0.500       ; 1.870      ; 0.484      ;
; -0.966 ; 74193:inst4|24~1         ; 74193:inst4|24~_emulated ; rst          ; rst         ; -0.500       ; 1.614      ; 0.250      ;
; -0.935 ; 74193:inst4|25~1         ; 74193:inst4|25~_emulated ; rst          ; rst         ; -0.500       ; 1.582      ; 0.249      ;
; -0.805 ; 74193:inst4|26~1         ; 74193:inst4|26~_emulated ; rst          ; rst         ; -0.500       ; 1.438      ; 0.235      ;
; -0.738 ; 7474:inst|9              ; 7474:inst|9              ; rst          ; rst         ; 0.000        ; 1.199      ; 0.543      ;
; -0.338 ; 74193:inst4|23~1         ; 74193:inst4|23~_emulated ; rst          ; rst         ; 0.000        ; 0.740      ; 0.484      ;
; -0.274 ; 74193:inst4|24~1         ; 74193:inst4|24~_emulated ; rst          ; rst         ; 0.000        ; 0.442      ; 0.250      ;
; -0.259 ; rst                      ; 74193:inst4|23~_emulated ; rst          ; rst         ; 0.000        ; 4.171      ; 3.994      ;
; -0.206 ; rst                      ; 74193:inst4|23~_emulated ; rst          ; rst         ; -0.500       ; 4.171      ; 3.567      ;
; -0.196 ; rst                      ; 74193:inst4|25~_emulated ; rst          ; rst         ; 0.000        ; 3.957      ; 3.843      ;
; -0.186 ; 74193:inst1|23~1         ; 74193:inst1|23~_emulated ; rst          ; rst         ; -0.500       ; 1.314      ; 0.730      ;
; -0.168 ; rst                      ; 74193:inst4|24~_emulated ; rst          ; rst         ; 0.000        ; 3.976      ; 3.890      ;
; -0.153 ; 74193:inst4|26~_emulated ; 74193:inst4|26~_emulated ; UPclk        ; rst         ; -0.500       ; 2.203      ; 1.672      ;
; -0.143 ; rst                      ; 74193:inst4|25~_emulated ; rst          ; rst         ; -0.500       ; 3.957      ; 3.416      ;
; -0.137 ; rst                      ; 74193:inst4|24~_emulated ; rst          ; rst         ; -0.500       ; 3.976      ; 3.441      ;
; -0.066 ; 74193:inst4|25~_emulated ; 74193:inst4|25~_emulated ; UPclk        ; rst         ; -0.500       ; 2.190      ; 1.746      ;
; -0.047 ; rst                      ; 74193:inst4|26~_emulated ; rst          ; rst         ; 0.000        ; 3.733      ; 3.768      ;
; 0.006  ; rst                      ; 74193:inst4|26~_emulated ; rst          ; rst         ; -0.500       ; 3.733      ; 3.341      ;
; 0.008  ; 74193:inst4|23~1         ; 74193:inst4|23~_emulated ; UPclk        ; rst         ; -0.500       ; 0.854      ; 0.484      ;
; 0.028  ; 74193:inst1|23~1         ; 74193:inst1|23~_emulated ; rst          ; rst         ; 0.000        ; 0.620      ; 0.730      ;
; 0.029  ; 74193:inst1|24~1         ; 74193:inst1|24~_emulated ; rst          ; rst         ; 0.000        ; 0.144      ; 0.255      ;
; 0.030  ; 74193:inst4|24~1         ; 74193:inst4|24~_emulated ; UPclk        ; rst         ; -0.500       ; 0.598      ; 0.250      ;
; 0.033  ; 74193:inst4|24~_emulated ; 74193:inst4|24~_emulated ; UPclk        ; rst         ; -0.500       ; 2.192      ; 1.847      ;
; 0.061  ; 74193:inst4|25~1         ; 74193:inst4|25~_emulated ; UPclk        ; rst         ; -0.500       ; 0.566      ; 0.249      ;
; 0.082  ; 74193:inst4|23~_emulated ; 74193:inst4|23~_emulated ; UPclk        ; rst         ; -0.500       ; 2.200      ; 1.904      ;
; 0.183  ; 74193:inst1|25~1         ; 74193:inst1|25~_emulated ; rst          ; rst         ; -0.500       ; 1.240      ; 1.025      ;
; 0.191  ; 74193:inst4|26~1         ; 74193:inst4|26~_emulated ; UPclk        ; rst         ; -0.500       ; 0.422      ; 0.235      ;
; 0.247  ; 74193:inst1|24~_emulated ; 74193:inst1|24~_emulated ; UPclk        ; rst         ; 0.000        ; 1.510      ; 1.879      ;
; 0.388  ; 74193:inst1|25~_emulated ; 74193:inst1|25~_emulated ; UPclk        ; rst         ; -0.500       ; 1.730      ; 1.740      ;
; 0.444  ; rst                      ; 74193:inst4|23~_emulated ; rst          ; rst         ; 0.000        ; 3.041      ; 3.567      ;
; 0.449  ; 74193:inst1|23~_emulated ; 74193:inst1|23~_emulated ; UPclk        ; rst         ; -0.500       ; 2.178      ; 2.249      ;
; 0.555  ; rst                      ; 74193:inst4|24~_emulated ; rst          ; rst         ; 0.000        ; 2.804      ; 3.441      ;
; 0.591  ; UPclk                    ; 74193:inst4|23~_emulated ; UPclk        ; rst         ; 0.000        ; 4.171      ; 4.884      ;
; 0.638  ; 74193:inst4|23~1         ; 74193:inst4|23~_emulated ; UPclk        ; rst         ; 0.000        ; -0.276     ; 0.484      ;
; 0.643  ; 74193:inst1|23~_emulated ; 74193:inst1|23~_emulated ; UPclk        ; rst         ; 0.000        ; 1.484      ; 2.249      ;
; 0.648  ; rst                      ; 74193:inst1|23~_emulated ; rst          ; rst         ; 0.000        ; 3.614      ; 4.344      ;
; 0.654  ; UPclk                    ; 74193:inst4|25~_emulated ; UPclk        ; rst         ; 0.000        ; 3.957      ; 4.733      ;
; 0.679  ; rst                      ; 74193:inst1|25~_emulated ; rst          ; rst         ; 0.000        ; 2.800      ; 3.561      ;
; 0.682  ; UPclk                    ; 74193:inst4|24~_emulated ; UPclk        ; rst         ; 0.000        ; 3.976      ; 4.780      ;
; 0.701  ; rst                      ; 74193:inst1|25~_emulated ; rst          ; rst         ; -0.500       ; 2.800      ; 3.103      ;
; 0.702  ; 74193:inst4|24~1         ; 74193:inst4|24~_emulated ; UPclk        ; rst         ; 0.000        ; -0.574     ; 0.250      ;
; 0.702  ; rst                      ; 74193:inst1|23~_emulated ; rst          ; rst         ; -0.500       ; 3.614      ; 3.918      ;
; 0.705  ; 74193:inst4|24~_emulated ; 74193:inst4|24~_emulated ; UPclk        ; rst         ; 0.000        ; 1.020      ; 1.847      ;
; 0.712  ; 74193:inst4|23~_emulated ; 74193:inst4|23~_emulated ; UPclk        ; rst         ; 0.000        ; 1.070      ; 1.904      ;
; 0.738  ; rst                      ; 74193:inst1|24~_emulated ; rst          ; rst         ; 0.000        ; 2.516      ; 3.336      ;
; 0.769  ; 74193:inst4|25~_emulated ; 74193:inst4|25~_emulated ; rst          ; rst         ; 0.000        ; 0.895      ; 1.746      ;
; 0.803  ; UPclk                    ; 74193:inst4|26~_emulated ; UPclk        ; rst         ; 0.000        ; 3.733      ; 4.658      ;
; 0.810  ; 74193:inst1|23~1         ; 74193:inst1|23~_emulated ; UPclk        ; rst         ; -0.500       ; 0.298      ; 0.730      ;
; 0.831  ; UPclk                    ; 74193:inst4|23~_emulated ; UPclk        ; rst         ; -0.500       ; 4.171      ; 4.624      ;
; 0.841  ; 74193:inst4|24~_emulated ; 74193:inst4|24~_emulated ; rst          ; rst         ; -0.500       ; 1.404      ; 1.847      ;
; 0.874  ; 74193:inst4|26~_emulated ; 74193:inst4|26~_emulated ; rst          ; rst         ; 0.000        ; 0.716      ; 1.672      ;
; 0.894  ; UPclk                    ; 74193:inst4|25~_emulated ; UPclk        ; rst         ; -0.500       ; 3.957      ; 4.473      ;
; 0.900  ; UPclk                    ; 74193:inst4|24~_emulated ; UPclk        ; rst         ; -0.500       ; 3.976      ; 4.498      ;
; 0.916  ; rst                      ; 74193:inst1|23~_emulated ; rst          ; rst         ; 0.000        ; 2.920      ; 3.918      ;
; 0.934  ; 74193:inst4|23~_emulated ; 74193:inst4|23~_emulated ; rst          ; rst         ; 0.000        ; 0.888      ; 1.904      ;
; 0.979  ; 74193:inst4|23~_emulated ; 74193:inst4|23~_emulated ; rst          ; rst         ; -0.500       ; 1.323      ; 1.904      ;
; 1.004  ; 74193:inst1|23~1         ; 74193:inst1|23~_emulated ; UPclk        ; rst         ; 0.000        ; -0.396     ; 0.730      ;
; 1.005  ; 74193:inst1|24~1         ; 74193:inst1|24~_emulated ; UPclk        ; rst         ; 0.000        ; -0.872     ; 0.255      ;
; 1.043  ; UPclk                    ; 74193:inst4|26~_emulated ; UPclk        ; rst         ; -0.500       ; 3.733      ; 4.398      ;
; 1.179  ; 74193:inst1|25~1         ; 74193:inst1|25~_emulated ; UPclk        ; rst         ; -0.500       ; 0.224      ; 1.025      ;
; 1.351  ; rst                      ; 74193:inst4|23~_emulated ; rst          ; rst         ; -0.500       ; 3.041      ; 3.994      ;
; 1.461  ; UPclk                    ; 74193:inst4|23~_emulated ; UPclk        ; rst         ; 0.000        ; 3.041      ; 4.624      ;
; 1.468  ; 74193:inst4|26~_emulated ; 74193:inst4|23~_emulated ; UPclk        ; rst         ; -0.500       ; 2.641      ; 3.731      ;
; 1.484  ; rst                      ; 74193:inst4|24~_emulated ; rst          ; rst         ; -0.500       ; 2.804      ; 3.890      ;
; 1.498  ; UPclk                    ; 74193:inst1|23~_emulated ; UPclk        ; rst         ; 0.000        ; 3.614      ; 5.234      ;
; 1.529  ; UPclk                    ; 74193:inst1|25~_emulated ; UPclk        ; rst         ; 0.000        ; 2.800      ; 4.451      ;
; 1.531  ; 74193:inst4|26~_emulated ; 74193:inst4|25~_emulated ; UPclk        ; rst         ; -0.500       ; 2.427      ; 3.580      ;
; 1.533  ; 74193:inst4|24~_emulated ; 74193:inst4|24~_emulated ; rst          ; rst         ; 0.000        ; 0.232      ; 1.847      ;
; 1.559  ; 74193:inst1|24~_emulated ; 74193:inst1|24~_emulated ; rst          ; rst         ; 0.000        ; 0.238      ; 1.879      ;
; 1.559  ; 74193:inst4|26~_emulated ; 74193:inst4|24~_emulated ; UPclk        ; rst         ; -0.500       ; 2.446      ; 3.627      ;
; 1.572  ; UPclk                    ; 74193:inst4|24~_emulated ; UPclk        ; rst         ; 0.000        ; 2.804      ; 4.498      ;
; 1.574  ; 74193:inst4|25~_emulated ; 74193:inst4|25~_emulated ; UPclk        ; rst         ; 0.000        ; 0.050      ; 1.746      ;
; 1.589  ; 74193:inst1|26~_emulated ; 74193:inst4|23~_emulated ; UPclk        ; rst         ; -0.500       ; 3.257      ; 4.468      ;
; 1.594  ; 74193:inst1|23~_emulated ; 74193:inst4|23~_emulated ; UPclk        ; rst         ; -0.500       ; 2.735      ; 3.951      ;
; 1.622  ; 74193:inst1|25~_emulated ; 74193:inst1|25~_emulated ; rst          ; rst         ; 0.000        ; 0.036      ; 1.740      ;
; 1.629  ; 74193:inst4|23~_emulated ; 74193:inst4|23~_emulated ; rst          ; rst         ; 0.000        ; 0.193      ; 1.904      ;
; 1.652  ; 74193:inst1|26~_emulated ; 74193:inst4|25~_emulated ; UPclk        ; rst         ; -0.500       ; 3.043      ; 4.317      ;
; 1.657  ; 74193:inst1|23~_emulated ; 74193:inst4|25~_emulated ; UPclk        ; rst         ; -0.500       ; 2.521      ; 3.800      ;
; 1.675  ; rst                      ; 74193:inst1|24~_emulated ; rst          ; rst         ; -0.500       ; 2.516      ; 3.793      ;
; 1.679  ; 74193:inst4|26~_emulated ; 74193:inst4|26~_emulated ; UPclk        ; rst         ; 0.000        ; -0.129     ; 1.672      ;
; 1.680  ; 74193:inst1|26~_emulated ; 74193:inst4|24~_emulated ; UPclk        ; rst         ; -0.500       ; 3.062      ; 4.364      ;
; 1.683  ; 74193:inst1|23~_emulated ; 74193:inst1|23~_emulated ; rst          ; rst         ; -0.500       ; 0.964      ; 2.249      ;
; 1.685  ; 74193:inst1|23~_emulated ; 74193:inst4|24~_emulated ; UPclk        ; rst         ; -0.500       ; 2.540      ; 3.847      ;
; 1.691  ; 74193:inst4|23~_emulated ; 74193:inst4|25~_emulated ; UPclk        ; rst         ; -0.500       ; 1.986      ; 3.299      ;
; 1.719  ; 74193:inst4|23~_emulated ; 74193:inst4|24~_emulated ; UPclk        ; rst         ; -0.500       ; 2.005      ; 3.346      ;
; 1.727  ; 74193:inst4|24~_emulated ; 74193:inst4|24~_emulated ; rst          ; rst         ; 0.000        ; 0.038      ; 1.847      ;
; 1.734  ; 74193:inst4|25~_emulated ; 74193:inst4|23~_emulated ; UPclk        ; rst         ; -0.500       ; 2.404      ; 3.760      ;
; 1.738  ; UPclk                    ; 74193:inst1|25~_emulated ; UPclk        ; rst         ; -0.500       ; 2.800      ; 4.160      ;
; 1.739  ; UPclk                    ; 74193:inst1|23~_emulated ; UPclk        ; rst         ; -0.500       ; 3.614      ; 4.975      ;
; 1.755  ; UPclk                    ; 74193:inst1|24~_emulated ; UPclk        ; rst         ; 0.000        ; 2.516      ; 4.393      ;
; 1.791  ; 74193:inst1|24~_emulated ; 74193:inst4|23~_emulated ; UPclk        ; rst         ; -0.500       ; 3.165      ; 4.578      ;
; 1.801  ; 74193:inst1|26~_emulated ; 74193:inst4|26~_emulated ; UPclk        ; rst         ; -0.500       ; 2.819      ; 4.242      ;
; 1.806  ; 74193:inst1|23~_emulated ; 74193:inst4|26~_emulated ; UPclk        ; rst         ; -0.500       ; 2.297      ; 3.725      ;
; 1.822  ; rst                      ; 74193:inst1|23~_emulated ; rst          ; rst         ; -0.500       ; 2.920      ; 4.344      ;
; 1.825  ; 74193:inst4|25~_emulated ; 74193:inst4|24~_emulated ; UPclk        ; rst         ; -0.500       ; 2.209      ; 3.656      ;
; 1.830  ; 74193:inst4|24~_emulated ; 74193:inst4|23~_emulated ; UPclk        ; rst         ; -0.500       ; 2.387      ; 3.839      ;
; 1.840  ; 74193:inst4|23~_emulated ; 74193:inst4|26~_emulated ; UPclk        ; rst         ; -0.500       ; 1.762      ; 3.224      ;
; 1.854  ; 74193:inst1|24~_emulated ; 74193:inst4|25~_emulated ; UPclk        ; rst         ; -0.500       ; 2.951      ; 4.427      ;
; 1.860  ; 74193:inst1|25~_emulated ; 74193:inst4|23~_emulated ; UPclk        ; rst         ; -0.500       ; 3.101      ; 4.583      ;
+--------+--------------------------+--------------------------+--------------+-------------+--------------+------------+------------+


+------------------------------------------------------------------------------------------------------------------------------------+
; Fast 1200mV -40C Model Recovery: 'UPclk'                                                                                           ;
+--------+--------------------------+--------------------------+--------------+-------------+--------------+------------+------------+
; Slack  ; From Node                ; To Node                  ; Launch Clock ; Latch Clock ; Relationship ; Clock Skew ; Data Delay ;
+--------+--------------------------+--------------------------+--------------+-------------+--------------+------------+------------+
; -6.043 ; 74193:inst1|25~_emulated ; 74193:inst1|26~_emulated ; UPclk        ; UPclk       ; 0.500        ; -2.809     ; 3.722      ;
; -5.950 ; 74193:inst1|25~_emulated ; 74193:inst1|24~_emulated ; UPclk        ; UPclk       ; 0.500        ; -2.717     ; 3.721      ;
; -5.887 ; 74193:inst1|25~_emulated ; 74193:inst1|25~_emulated ; UPclk        ; UPclk       ; 0.500        ; -2.653     ; 3.722      ;
; -5.502 ; 74193:inst1|25~_emulated ; 74193:inst1|23~_emulated ; UPclk        ; UPclk       ; 0.500        ; -2.279     ; 3.711      ;
; -5.476 ; 74193:inst4|24~_emulated ; 74193:inst1|26~_emulated ; rst          ; UPclk       ; 0.500        ; -3.062     ; 2.882      ;
; -5.460 ; 74193:inst4|25~_emulated ; 74193:inst1|26~_emulated ; UPclk        ; UPclk       ; 0.500        ; -3.156     ; 2.792      ;
; -5.435 ; 74193:inst1|24~_emulated ; 74193:inst1|26~_emulated ; UPclk        ; UPclk       ; 1.000        ; -2.696     ; 3.727      ;
; -5.408 ; 74193:inst1|25~_emulated ; 74193:inst4|26~_emulated ; UPclk        ; UPclk       ; 0.500        ; -2.185     ; 3.711      ;
; -5.383 ; 74193:inst4|24~_emulated ; 74193:inst1|24~_emulated ; rst          ; UPclk       ; 0.500        ; -2.970     ; 2.881      ;
; -5.371 ; 74193:inst4|26~_emulated ; 74193:inst1|26~_emulated ; UPclk        ; UPclk       ; 0.500        ; -3.110     ; 2.749      ;
; -5.367 ; 74193:inst4|25~_emulated ; 74193:inst1|24~_emulated ; UPclk        ; UPclk       ; 0.500        ; -3.064     ; 2.791      ;
; -5.367 ; 74193:inst4|25~_emulated ; 74193:inst1|26~_emulated ; rst          ; UPclk       ; 0.500        ; -3.043     ; 2.792      ;
; -5.342 ; 74193:inst1|24~_emulated ; 74193:inst1|24~_emulated ; UPclk        ; UPclk       ; 1.000        ; -2.604     ; 3.726      ;
; -5.320 ; 74193:inst4|24~_emulated ; 74193:inst1|25~_emulated ; rst          ; UPclk       ; 0.500        ; -2.906     ; 2.882      ;
; -5.304 ; 74193:inst4|25~_emulated ; 74193:inst1|25~_emulated ; UPclk        ; UPclk       ; 0.500        ; -3.000     ; 2.792      ;
; -5.280 ; 74193:inst1|24~1         ; 74193:inst1|26~_emulated ; UPclk        ; UPclk       ; 1.000        ; -2.602     ; 3.666      ;
; -5.279 ; 74193:inst1|24~_emulated ; 74193:inst1|25~_emulated ; UPclk        ; UPclk       ; 1.000        ; -2.540     ; 3.727      ;
; -5.278 ; 74193:inst4|26~_emulated ; 74193:inst1|24~_emulated ; UPclk        ; UPclk       ; 0.500        ; -3.018     ; 2.748      ;
; -5.274 ; 74193:inst4|25~_emulated ; 74193:inst1|24~_emulated ; rst          ; UPclk       ; 0.500        ; -2.951     ; 2.791      ;
; -5.223 ; 74193:inst4|23~_emulated ; 74193:inst1|26~_emulated ; rst          ; UPclk       ; 0.500        ; -3.257     ; 2.434      ;
; -5.215 ; 74193:inst4|26~_emulated ; 74193:inst1|25~_emulated ; UPclk        ; UPclk       ; 0.500        ; -2.954     ; 2.749      ;
; -5.212 ; 74193:inst1|23~_emulated ; 74193:inst1|26~_emulated ; rst          ; UPclk       ; 0.500        ; -2.700     ; 2.980      ;
; -5.211 ; 74193:inst4|25~_emulated ; 74193:inst1|25~_emulated ; rst          ; UPclk       ; 0.500        ; -2.887     ; 2.792      ;
; -5.187 ; 74193:inst1|24~1         ; 74193:inst1|24~_emulated ; UPclk        ; UPclk       ; 1.000        ; -2.510     ; 3.665      ;
; -5.171 ; 74193:inst1|25~_emulated ; 74193:inst4|25~_emulated ; UPclk        ; UPclk       ; 0.500        ; -1.948     ; 3.711      ;
; -5.154 ; 74193:inst1|25~_emulated ; 74193:inst4|24~_emulated ; UPclk        ; UPclk       ; 0.500        ; -1.931     ; 3.711      ;
; -5.140 ; 74193:inst1|25~_emulated ; 74193:inst1|26~_emulated ; rst          ; UPclk       ; 0.500        ; -1.886     ; 3.722      ;
; -5.130 ; 74193:inst4|23~_emulated ; 74193:inst1|24~_emulated ; rst          ; UPclk       ; 0.500        ; -3.165     ; 2.433      ;
; -5.124 ; 74193:inst1|24~1         ; 74193:inst1|25~_emulated ; UPclk        ; UPclk       ; 1.000        ; -2.446     ; 3.666      ;
; -5.119 ; 74193:inst1|23~_emulated ; 74193:inst1|24~_emulated ; rst          ; UPclk       ; 0.500        ; -2.608     ; 2.979      ;
; -5.100 ; 74193:inst4|26~_emulated ; 74193:inst1|26~_emulated ; rst          ; UPclk       ; 0.500        ; -2.819     ; 2.749      ;
; -5.092 ; 74193:inst1|23~_emulated ; 74193:inst1|26~_emulated ; UPclk        ; UPclk       ; 1.000        ; -3.100     ; 2.980      ;
; -5.067 ; 74193:inst4|23~_emulated ; 74193:inst1|25~_emulated ; rst          ; UPclk       ; 0.500        ; -3.101     ; 2.434      ;
; -5.056 ; 74193:inst1|23~_emulated ; 74193:inst1|25~_emulated ; rst          ; UPclk       ; 0.500        ; -2.544     ; 2.980      ;
; -5.047 ; 74193:inst1|25~_emulated ; 74193:inst1|24~_emulated ; rst          ; UPclk       ; 0.500        ; -1.794     ; 3.721      ;
; -5.007 ; 74193:inst4|26~_emulated ; 74193:inst1|24~_emulated ; rst          ; UPclk       ; 0.500        ; -2.727     ; 2.748      ;
; -4.999 ; 74193:inst1|23~_emulated ; 74193:inst1|24~_emulated ; UPclk        ; UPclk       ; 1.000        ; -3.008     ; 2.979      ;
; -4.984 ; 74193:inst1|25~_emulated ; 74193:inst1|25~_emulated ; rst          ; UPclk       ; 0.500        ; -1.730     ; 3.722      ;
; -4.967 ; 74193:inst1|25~_emulated ; 74193:inst4|23~_emulated ; UPclk        ; UPclk       ; 0.500        ; -1.744     ; 3.711      ;
; -4.944 ; 74193:inst4|26~_emulated ; 74193:inst1|25~_emulated ; rst          ; UPclk       ; 0.500        ; -2.663     ; 2.749      ;
; -4.943 ; 74193:inst4|24~_emulated ; 74193:inst1|23~_emulated ; rst          ; UPclk       ; 0.500        ; -2.540     ; 2.871      ;
; -4.936 ; 74193:inst1|23~_emulated ; 74193:inst1|25~_emulated ; UPclk        ; UPclk       ; 1.000        ; -2.944     ; 2.980      ;
; -4.919 ; 74193:inst4|25~_emulated ; 74193:inst1|23~_emulated ; UPclk        ; UPclk       ; 0.500        ; -2.626     ; 2.781      ;
; -4.902 ; 74193:inst1|24~_emulated ; 74193:inst1|23~_emulated ; UPclk        ; UPclk       ; 1.000        ; -2.174     ; 3.716      ;
; -4.878 ; 74193:inst4|24~_emulated ; 74193:inst1|26~_emulated ; UPclk        ; UPclk       ; 1.000        ; -2.984     ; 2.882      ;
; -4.849 ; 74193:inst4|24~_emulated ; 74193:inst4|26~_emulated ; rst          ; UPclk       ; 0.500        ; -2.446     ; 2.871      ;
; -4.834 ; 74193:inst4|25~_emulated ; 74193:inst1|23~_emulated ; rst          ; UPclk       ; 0.500        ; -2.521     ; 2.781      ;
; -4.830 ; 74193:inst4|26~_emulated ; 74193:inst1|23~_emulated ; UPclk        ; UPclk       ; 0.500        ; -2.580     ; 2.738      ;
; -4.825 ; 74193:inst4|25~_emulated ; 74193:inst4|26~_emulated ; UPclk        ; UPclk       ; 0.500        ; -2.532     ; 2.781      ;
; -4.808 ; 74193:inst1|24~_emulated ; 74193:inst4|26~_emulated ; UPclk        ; UPclk       ; 1.000        ; -2.080     ; 3.716      ;
; -4.785 ; 74193:inst4|24~_emulated ; 74193:inst1|24~_emulated ; UPclk        ; UPclk       ; 1.000        ; -2.892     ; 2.881      ;
; -4.740 ; 74193:inst4|25~_emulated ; 74193:inst4|26~_emulated ; rst          ; UPclk       ; 0.500        ; -2.427     ; 2.781      ;
; -4.739 ; 74193:inst1|24~1         ; 74193:inst1|23~_emulated ; UPclk        ; UPclk       ; 1.000        ; -2.072     ; 3.655      ;
; -4.736 ; 74193:inst4|26~_emulated ; 74193:inst4|26~_emulated ; UPclk        ; UPclk       ; 0.500        ; -2.486     ; 2.738      ;
; -4.722 ; 74193:inst4|24~_emulated ; 74193:inst1|25~_emulated ; UPclk        ; UPclk       ; 1.000        ; -2.828     ; 2.882      ;
; -4.691 ; 74193:inst4|23~_emulated ; 74193:inst1|23~_emulated ; rst          ; UPclk       ; 0.500        ; -2.735     ; 2.424      ;
; -4.679 ; 74193:inst1|23~_emulated ; 74193:inst1|23~_emulated ; rst          ; UPclk       ; 0.500        ; -2.178     ; 2.969      ;
; -4.667 ; 74193:inst4|23~_emulated ; 74193:inst1|26~_emulated ; UPclk        ; UPclk       ; 1.000        ; -3.221     ; 2.434      ;
; -4.645 ; 74193:inst1|24~1         ; 74193:inst4|26~_emulated ; UPclk        ; UPclk       ; 1.000        ; -1.978     ; 3.655      ;
; -4.612 ; 74193:inst4|24~_emulated ; 74193:inst4|25~_emulated ; rst          ; UPclk       ; 0.500        ; -2.209     ; 2.871      ;
; -4.607 ; 74193:inst1|25~_emulated ; 74193:inst1|23~_emulated ; rst          ; UPclk       ; 0.500        ; -1.364     ; 3.711      ;
; -4.597 ; 74193:inst4|23~_emulated ; 74193:inst4|26~_emulated ; rst          ; UPclk       ; 0.500        ; -2.641     ; 2.424      ;
; -4.595 ; 74193:inst4|24~_emulated ; 74193:inst4|24~_emulated ; rst          ; UPclk       ; 0.500        ; -2.192     ; 2.871      ;
; -4.588 ; 74193:inst4|25~_emulated ; 74193:inst4|25~_emulated ; UPclk        ; UPclk       ; 0.500        ; -2.295     ; 2.781      ;
; -4.585 ; 74193:inst1|23~_emulated ; 74193:inst4|26~_emulated ; rst          ; UPclk       ; 0.500        ; -2.084     ; 2.969      ;
; -4.574 ; 74193:inst4|23~_emulated ; 74193:inst1|24~_emulated ; UPclk        ; UPclk       ; 1.000        ; -3.129     ; 2.433      ;
; -4.571 ; 74193:inst1|24~_emulated ; 74193:inst4|25~_emulated ; UPclk        ; UPclk       ; 1.000        ; -1.843     ; 3.716      ;
; -4.571 ; 74193:inst4|25~_emulated ; 74193:inst4|24~_emulated ; UPclk        ; UPclk       ; 0.500        ; -2.278     ; 2.781      ;
; -4.567 ; 74193:inst4|26~_emulated ; 74193:inst1|23~_emulated ; rst          ; UPclk       ; 0.500        ; -2.297     ; 2.738      ;
; -4.554 ; 74193:inst1|24~_emulated ; 74193:inst4|24~_emulated ; UPclk        ; UPclk       ; 1.000        ; -1.826     ; 3.716      ;
; -4.551 ; 74193:inst1|23~_emulated ; 74193:inst1|23~_emulated ; UPclk        ; UPclk       ; 1.000        ; -2.570     ; 2.969      ;
; -4.526 ; 74193:inst1|23~1         ; 74193:inst1|26~_emulated ; UPclk        ; UPclk       ; 1.000        ; -2.527     ; 2.987      ;
; -4.513 ; 74193:inst4|24~1         ; 74193:inst1|26~_emulated ; UPclk        ; UPclk       ; 1.000        ; -2.591     ; 2.910      ;
; -4.513 ; 74193:inst1|25~_emulated ; 74193:inst4|26~_emulated ; rst          ; UPclk       ; 0.500        ; -1.270     ; 3.711      ;
; -4.511 ; 74193:inst4|23~_emulated ; 74193:inst1|25~_emulated ; UPclk        ; UPclk       ; 1.000        ; -3.065     ; 2.434      ;
; -4.507 ; 74193:inst1|25~1         ; 74193:inst1|26~_emulated ; UPclk        ; UPclk       ; 1.000        ; -1.756     ; 3.739      ;
; -4.503 ; 74193:inst4|25~_emulated ; 74193:inst4|25~_emulated ; rst          ; UPclk       ; 0.500        ; -2.190     ; 2.781      ;
; -4.499 ; 74193:inst4|25~1         ; 74193:inst1|26~_emulated ; UPclk        ; UPclk       ; 1.000        ; -2.605     ; 2.882      ;
; -4.499 ; 74193:inst4|26~_emulated ; 74193:inst4|25~_emulated ; UPclk        ; UPclk       ; 0.500        ; -2.249     ; 2.738      ;
; -4.486 ; 74193:inst4|25~_emulated ; 74193:inst4|24~_emulated ; rst          ; UPclk       ; 0.500        ; -2.173     ; 2.781      ;
; -4.482 ; 74193:inst4|26~_emulated ; 74193:inst4|24~_emulated ; UPclk        ; UPclk       ; 0.500        ; -2.232     ; 2.738      ;
; -4.473 ; 74193:inst4|26~_emulated ; 74193:inst4|26~_emulated ; rst          ; UPclk       ; 0.500        ; -2.203     ; 2.738      ;
; -4.457 ; 74193:inst1|23~_emulated ; 74193:inst4|26~_emulated ; UPclk        ; UPclk       ; 1.000        ; -2.476     ; 2.969      ;
; -4.433 ; 74193:inst1|23~1         ; 74193:inst1|24~_emulated ; UPclk        ; UPclk       ; 1.000        ; -2.435     ; 2.986      ;
; -4.420 ; 74193:inst4|24~1         ; 74193:inst1|24~_emulated ; UPclk        ; UPclk       ; 1.000        ; -2.499     ; 2.909      ;
; -4.414 ; 74193:inst1|25~1         ; 74193:inst1|24~_emulated ; UPclk        ; UPclk       ; 1.000        ; -1.664     ; 3.738      ;
; -4.408 ; 74193:inst1|24~1         ; 74193:inst4|25~_emulated ; UPclk        ; UPclk       ; 1.000        ; -1.741     ; 3.655      ;
; -4.408 ; 74193:inst4|24~_emulated ; 74193:inst4|23~_emulated ; rst          ; UPclk       ; 0.500        ; -2.005     ; 2.871      ;
; -4.406 ; 74193:inst4|25~1         ; 74193:inst1|24~_emulated ; UPclk        ; UPclk       ; 1.000        ; -2.513     ; 2.881      ;
; -4.391 ; 74193:inst1|24~1         ; 74193:inst4|24~_emulated ; UPclk        ; UPclk       ; 1.000        ; -1.724     ; 3.655      ;
; -4.384 ; 74193:inst4|25~_emulated ; 74193:inst4|23~_emulated ; UPclk        ; UPclk       ; 0.500        ; -2.091     ; 2.781      ;
; -4.370 ; 74193:inst1|23~1         ; 74193:inst1|25~_emulated ; UPclk        ; UPclk       ; 1.000        ; -2.371     ; 2.987      ;
; -4.367 ; 74193:inst1|24~_emulated ; 74193:inst4|23~_emulated ; UPclk        ; UPclk       ; 1.000        ; -1.639     ; 3.716      ;
; -4.361 ; 74193:inst1|24~_emulated ; 74193:inst1|26~_emulated ; rst          ; UPclk       ; 1.000        ; -1.602     ; 3.727      ;
; -4.360 ; 74193:inst4|23~_emulated ; 74193:inst4|25~_emulated ; rst          ; UPclk       ; 0.500        ; -2.404     ; 2.424      ;
; -4.357 ; 74193:inst4|24~1         ; 74193:inst1|25~_emulated ; UPclk        ; UPclk       ; 1.000        ; -2.435     ; 2.910      ;
; -4.351 ; 74193:inst1|25~1         ; 74193:inst1|25~_emulated ; UPclk        ; UPclk       ; 1.000        ; -1.600     ; 3.739      ;
; -4.348 ; 74193:inst1|23~_emulated ; 74193:inst4|25~_emulated ; rst          ; UPclk       ; 0.500        ; -1.847     ; 2.969      ;
; -4.343 ; 74193:inst4|25~1         ; 74193:inst1|25~_emulated ; UPclk        ; UPclk       ; 1.000        ; -2.449     ; 2.882      ;
; -4.342 ; 74193:inst4|23~_emulated ; 74193:inst4|24~_emulated ; rst          ; UPclk       ; 0.500        ; -2.387     ; 2.423      ;
+--------+--------------------------+--------------------------+--------------+-------------+--------------+------------+------------+


+------------------------------------------------------------------------------------------------------------------------------------+
; Fast 1200mV -40C Model Recovery: 'rst'                                                                                             ;
+--------+--------------------------+--------------------------+--------------+-------------+--------------+------------+------------+
; Slack  ; From Node                ; To Node                  ; Launch Clock ; Latch Clock ; Relationship ; Clock Skew ; Data Delay ;
+--------+--------------------------+--------------------------+--------------+-------------+--------------+------------+------------+
; -4.739 ; 74193:inst1|25~_emulated ; 74193:inst1|24~_emulated ; UPclk        ; rst         ; 0.500        ; -1.486     ; 3.721      ;
; -4.435 ; 74193:inst1|25~_emulated ; 74193:inst4|24~_emulated ; UPclk        ; rst         ; 0.500        ; -1.192     ; 3.711      ;
; -4.357 ; 74193:inst1|25~_emulated ; 74193:inst1|23~_emulated ; UPclk        ; rst         ; 0.500        ; -1.114     ; 3.711      ;
; -4.187 ; 74193:inst1|24~_emulated ; 74193:inst1|25~_emulated ; UPclk        ; rst         ; 0.500        ; -0.928     ; 3.727      ;
; -4.159 ; 74193:inst1|25~_emulated ; 74193:inst4|23~_emulated ; UPclk        ; rst         ; 0.500        ; -0.916     ; 3.711      ;
; -4.156 ; 74193:inst4|25~_emulated ; 74193:inst1|24~_emulated ; UPclk        ; rst         ; 0.500        ; -1.833     ; 2.791      ;
; -4.131 ; 74193:inst1|24~_emulated ; 74193:inst1|24~_emulated ; UPclk        ; rst         ; 1.000        ; -1.373     ; 3.726      ;
; -4.091 ; 74193:inst4|24~_emulated ; 74193:inst1|24~_emulated ; rst          ; rst         ; 0.500        ; -1.698     ; 2.881      ;
; -4.067 ; 74193:inst4|26~_emulated ; 74193:inst1|24~_emulated ; UPclk        ; rst         ; 0.500        ; -1.787     ; 2.748      ;
; -4.032 ; 74193:inst1|24~1         ; 74193:inst1|25~_emulated ; UPclk        ; rst         ; 0.500        ; -0.834     ; 3.666      ;
; -3.982 ; 74193:inst4|25~_emulated ; 74193:inst1|24~_emulated ; rst          ; rst         ; 0.500        ; -1.679     ; 2.791      ;
; -3.976 ; 74193:inst1|24~1         ; 74193:inst1|24~_emulated ; UPclk        ; rst         ; 1.000        ; -1.279     ; 3.665      ;
; -3.886 ; 74193:inst1|24~_emulated ; 74193:inst4|26~_emulated ; UPclk        ; rst         ; 0.500        ; -0.638     ; 3.716      ;
; -3.852 ; 74193:inst4|25~_emulated ; 74193:inst4|24~_emulated ; UPclk        ; rst         ; 0.500        ; -1.539     ; 2.781      ;
; -3.844 ; 74193:inst1|23~_emulated ; 74193:inst1|25~_emulated ; UPclk        ; rst         ; 0.500        ; -1.332     ; 2.980      ;
; -3.841 ; 74193:inst1|24~_emulated ; 74193:inst4|25~_emulated ; UPclk        ; rst         ; 0.500        ; -0.593     ; 3.716      ;
; -3.838 ; 74193:inst4|23~_emulated ; 74193:inst1|24~_emulated ; rst          ; rst         ; 0.500        ; -1.893     ; 2.433      ;
; -3.827 ; 74193:inst1|24~_emulated ; 74193:inst4|24~_emulated ; UPclk        ; rst         ; 1.000        ; -1.079     ; 3.716      ;
; -3.827 ; 74193:inst1|23~_emulated ; 74193:inst1|24~_emulated ; rst          ; rst         ; 0.500        ; -1.336     ; 2.979      ;
; -3.795 ; 74193:inst1|25~_emulated ; 74193:inst1|25~_emulated ; UPclk        ; rst         ; 1.000        ; -1.041     ; 3.722      ;
; -3.788 ; 74193:inst1|23~_emulated ; 74193:inst1|24~_emulated ; UPclk        ; rst         ; 1.000        ; -1.777     ; 2.979      ;
; -3.787 ; 74193:inst4|24~_emulated ; 74193:inst4|24~_emulated ; rst          ; rst         ; 0.500        ; -1.404     ; 2.871      ;
; -3.774 ; 74193:inst4|25~_emulated ; 74193:inst1|23~_emulated ; UPclk        ; rst         ; 0.500        ; -1.461     ; 2.781      ;
; -3.763 ; 74193:inst4|26~_emulated ; 74193:inst4|24~_emulated ; UPclk        ; rst         ; 0.500        ; -1.493     ; 2.738      ;
; -3.755 ; 74193:inst1|25~_emulated ; 74193:inst1|24~_emulated ; rst          ; rst         ; 0.500        ; -0.522     ; 3.721      ;
; -3.749 ; 74193:inst1|24~_emulated ; 74193:inst1|23~_emulated ; UPclk        ; rst         ; 1.000        ; -1.001     ; 3.716      ;
; -3.731 ; 74193:inst1|24~1         ; 74193:inst4|26~_emulated ; UPclk        ; rst         ; 0.500        ; -0.544     ; 3.655      ;
; -3.715 ; 74193:inst4|26~_emulated ; 74193:inst1|24~_emulated ; rst          ; rst         ; 0.500        ; -1.455     ; 2.748      ;
; -3.709 ; 74193:inst4|24~_emulated ; 74193:inst1|23~_emulated ; rst          ; rst         ; 0.500        ; -1.326     ; 2.871      ;
; -3.686 ; 74193:inst1|24~1         ; 74193:inst4|25~_emulated ; UPclk        ; rst         ; 0.500        ; -0.499     ; 3.655      ;
; -3.685 ; 74193:inst4|26~_emulated ; 74193:inst1|23~_emulated ; UPclk        ; rst         ; 0.500        ; -1.415     ; 2.738      ;
; -3.685 ; 74193:inst1|24~_emulated ; 74193:inst1|23~_emulated ; UPclk        ; rst         ; 0.500        ; -0.437     ; 3.716      ;
; -3.678 ; 74193:inst4|25~_emulated ; 74193:inst4|24~_emulated ; rst          ; rst         ; 0.500        ; -1.385     ; 2.781      ;
; -3.672 ; 74193:inst1|24~1         ; 74193:inst4|24~_emulated ; UPclk        ; rst         ; 1.000        ; -0.985     ; 3.655      ;
; -3.630 ; 74193:inst4|24~_emulated ; 74193:inst1|25~_emulated ; UPclk        ; rst         ; 0.500        ; -1.216     ; 2.882      ;
; -3.620 ; 74193:inst1|24~_emulated ; 74193:inst4|23~_emulated ; UPclk        ; rst         ; 0.500        ; -0.372     ; 3.716      ;
; -3.600 ; 74193:inst4|25~_emulated ; 74193:inst1|23~_emulated ; rst          ; rst         ; 0.500        ; -1.307     ; 2.781      ;
; -3.594 ; 74193:inst1|24~1         ; 74193:inst1|23~_emulated ; UPclk        ; rst         ; 1.000        ; -0.907     ; 3.655      ;
; -3.585 ; 74193:inst1|24~_emulated ; 74193:inst4|24~_emulated ; UPclk        ; rst         ; 0.500        ; -0.337     ; 3.716      ;
; -3.576 ; 74193:inst4|25~_emulated ; 74193:inst4|23~_emulated ; UPclk        ; rst         ; 0.500        ; -1.263     ; 2.781      ;
; -3.574 ; 74193:inst4|24~_emulated ; 74193:inst1|24~_emulated ; UPclk        ; rst         ; 1.000        ; -1.661     ; 2.881      ;
; -3.551 ; 74193:inst1|24~_emulated ; 74193:inst4|23~_emulated ; UPclk        ; rst         ; 1.000        ; -0.803     ; 3.716      ;
; -3.543 ; 74193:inst1|23~_emulated ; 74193:inst4|26~_emulated ; UPclk        ; rst         ; 0.500        ; -1.042     ; 2.969      ;
; -3.534 ; 74193:inst4|23~_emulated ; 74193:inst4|24~_emulated ; rst          ; rst         ; 0.500        ; -1.599     ; 2.423      ;
; -3.530 ; 74193:inst1|24~1         ; 74193:inst1|23~_emulated ; UPclk        ; rst         ; 0.500        ; -0.343     ; 3.655      ;
; -3.523 ; 74193:inst1|23~_emulated ; 74193:inst4|24~_emulated ; rst          ; rst         ; 0.500        ; -1.042     ; 2.969      ;
; -3.511 ; 74193:inst4|24~_emulated ; 74193:inst4|23~_emulated ; rst          ; rst         ; 0.500        ; -1.128     ; 2.871      ;
; -3.498 ; 74193:inst1|23~_emulated ; 74193:inst4|25~_emulated ; UPclk        ; rst         ; 0.500        ; -0.997     ; 2.969      ;
; -3.494 ; 74193:inst1|25~_emulated ; 74193:inst4|26~_emulated ; UPclk        ; rst         ; 1.000        ; -0.751     ; 3.711      ;
; -3.487 ; 74193:inst4|26~_emulated ; 74193:inst4|23~_emulated ; UPclk        ; rst         ; 0.500        ; -1.217     ; 2.738      ;
; -3.484 ; 74193:inst1|23~_emulated ; 74193:inst4|24~_emulated ; UPclk        ; rst         ; 1.000        ; -1.483     ; 2.969      ;
; -3.465 ; 74193:inst1|24~1         ; 74193:inst4|23~_emulated ; UPclk        ; rst         ; 0.500        ; -0.278     ; 3.655      ;
; -3.457 ; 74193:inst4|23~_emulated ; 74193:inst1|23~_emulated ; rst          ; rst         ; 0.500        ; -1.521     ; 2.424      ;
; -3.451 ; 74193:inst1|25~_emulated ; 74193:inst4|24~_emulated ; rst          ; rst         ; 0.500        ; -0.228     ; 3.711      ;
; -3.449 ; 74193:inst1|25~_emulated ; 74193:inst4|25~_emulated ; UPclk        ; rst         ; 1.000        ; -0.706     ; 3.711      ;
; -3.445 ; 74193:inst1|23~_emulated ; 74193:inst1|23~_emulated ; rst          ; rst         ; 0.500        ; -0.964     ; 2.969      ;
; -3.430 ; 74193:inst1|24~1         ; 74193:inst4|24~_emulated ; UPclk        ; rst         ; 0.500        ; -0.243     ; 3.655      ;
; -3.419 ; 74193:inst4|23~_emulated ; 74193:inst1|25~_emulated ; UPclk        ; rst         ; 0.500        ; -1.453     ; 2.434      ;
; -3.411 ; 74193:inst4|26~_emulated ; 74193:inst4|24~_emulated ; rst          ; rst         ; 0.500        ; -1.161     ; 2.738      ;
; -3.406 ; 74193:inst1|23~_emulated ; 74193:inst1|23~_emulated ; UPclk        ; rst         ; 1.000        ; -1.405     ; 2.969      ;
; -3.402 ; 74193:inst4|25~_emulated ; 74193:inst4|23~_emulated ; rst          ; rst         ; 0.500        ; -1.109     ; 2.781      ;
; -3.396 ; 74193:inst1|24~1         ; 74193:inst4|23~_emulated ; UPclk        ; rst         ; 1.000        ; -0.709     ; 3.655      ;
; -3.373 ; 74193:inst1|25~_emulated ; 74193:inst1|23~_emulated ; rst          ; rst         ; 0.500        ; -0.150     ; 3.711      ;
; -3.363 ; 74193:inst4|23~_emulated ; 74193:inst1|24~_emulated ; UPclk        ; rst         ; 1.000        ; -1.898     ; 2.433      ;
; -3.342 ; 74193:inst1|23~_emulated ; 74193:inst1|23~_emulated ; UPclk        ; rst         ; 0.500        ; -0.841     ; 2.969      ;
; -3.333 ; 74193:inst4|26~_emulated ; 74193:inst1|23~_emulated ; rst          ; rst         ; 0.500        ; -1.083     ; 2.738      ;
; -3.329 ; 74193:inst4|24~_emulated ; 74193:inst4|26~_emulated ; UPclk        ; rst         ; 0.500        ; -0.926     ; 2.871      ;
; -3.293 ; 74193:inst1|25~_emulated ; 74193:inst1|23~_emulated ; UPclk        ; rst         ; 1.000        ; -0.550     ; 3.711      ;
; -3.284 ; 74193:inst4|24~_emulated ; 74193:inst4|25~_emulated ; UPclk        ; rst         ; 0.500        ; -0.881     ; 2.871      ;
; -3.278 ; 74193:inst1|23~1         ; 74193:inst1|25~_emulated ; UPclk        ; rst         ; 0.500        ; -0.759     ; 2.987      ;
; -3.277 ; 74193:inst1|23~_emulated ; 74193:inst4|23~_emulated ; UPclk        ; rst         ; 0.500        ; -0.776     ; 2.969      ;
; -3.270 ; 74193:inst4|24~_emulated ; 74193:inst4|24~_emulated ; UPclk        ; rst         ; 1.000        ; -1.367     ; 2.871      ;
; -3.265 ; 74193:inst4|24~1         ; 74193:inst1|25~_emulated ; UPclk        ; rst         ; 0.500        ; -0.823     ; 2.910      ;
; -3.259 ; 74193:inst4|23~_emulated ; 74193:inst4|23~_emulated ; rst          ; rst         ; 0.500        ; -1.323     ; 2.424      ;
; -3.259 ; 74193:inst1|25~1         ; 74193:inst1|25~_emulated ; UPclk        ; rst         ; 0.500        ; 0.012      ; 3.739      ;
; -3.251 ; 74193:inst4|25~1         ; 74193:inst1|25~_emulated ; UPclk        ; rst         ; 0.500        ; -0.837     ; 2.882      ;
; -3.247 ; 74193:inst1|23~_emulated ; 74193:inst4|23~_emulated ; rst          ; rst         ; 0.500        ; -0.766     ; 2.969      ;
; -3.242 ; 74193:inst1|23~_emulated ; 74193:inst4|24~_emulated ; UPclk        ; rst         ; 0.500        ; -0.741     ; 2.969      ;
; -3.228 ; 74193:inst1|25~_emulated ; 74193:inst4|23~_emulated ; UPclk        ; rst         ; 1.000        ; -0.485     ; 3.711      ;
; -3.222 ; 74193:inst1|23~1         ; 74193:inst1|24~_emulated ; UPclk        ; rst         ; 1.000        ; -1.204     ; 2.986      ;
; -3.212 ; 74193:inst4|25~_emulated ; 74193:inst1|25~_emulated ; UPclk        ; rst         ; 1.000        ; -1.388     ; 2.792      ;
; -3.209 ; 74193:inst4|24~1         ; 74193:inst1|24~_emulated ; UPclk        ; rst         ; 1.000        ; -1.268     ; 2.909      ;
; -3.208 ; 74193:inst1|23~_emulated ; 74193:inst4|23~_emulated ; UPclk        ; rst         ; 1.000        ; -1.207     ; 2.969      ;
; -3.203 ; 74193:inst1|25~1         ; 74193:inst1|24~_emulated ; UPclk        ; rst         ; 1.000        ; -0.433     ; 3.738      ;
; -3.195 ; 74193:inst4|25~1         ; 74193:inst1|24~_emulated ; UPclk        ; rst         ; 1.000        ; -1.282     ; 2.881      ;
; -3.193 ; 74193:inst1|25~_emulated ; 74193:inst4|24~_emulated ; UPclk        ; rst         ; 1.000        ; -0.450     ; 3.711      ;
; -3.192 ; 74193:inst4|24~_emulated ; 74193:inst1|23~_emulated ; UPclk        ; rst         ; 1.000        ; -1.289     ; 2.871      ;
; -3.175 ; 74193:inst1|25~_emulated ; 74193:inst4|23~_emulated ; rst          ; rst         ; 0.500        ; 0.048      ; 3.711      ;
; -3.143 ; 74193:inst4|24~_emulated ; 74193:inst1|25~_emulated ; rst          ; rst         ; 1.000        ; -1.249     ; 2.882      ;
; -3.135 ; 74193:inst4|26~_emulated ; 74193:inst4|23~_emulated ; rst          ; rst         ; 0.500        ; -0.885     ; 2.738      ;
; -3.128 ; 74193:inst4|24~_emulated ; 74193:inst1|23~_emulated ; UPclk        ; rst         ; 0.500        ; -0.725     ; 2.871      ;
; -3.123 ; 74193:inst4|26~_emulated ; 74193:inst1|25~_emulated ; UPclk        ; rst         ; 1.000        ; -1.342     ; 2.749      ;
; -3.119 ; 74193:inst4|23~_emulated ; 74193:inst4|26~_emulated ; UPclk        ; rst         ; 0.500        ; -1.163     ; 2.424      ;
; -3.074 ; 74193:inst4|23~_emulated ; 74193:inst4|25~_emulated ; UPclk        ; rst         ; 0.500        ; -1.118     ; 2.424      ;
; -3.063 ; 74193:inst4|24~_emulated ; 74193:inst4|23~_emulated ; UPclk        ; rst         ; 0.500        ; -0.660     ; 2.871      ;
; -3.059 ; 74193:inst4|23~_emulated ; 74193:inst4|24~_emulated ; UPclk        ; rst         ; 1.000        ; -1.604     ; 2.423      ;
; -3.051 ; 74193:inst1|26~1         ; 74193:inst1|25~_emulated ; UPclk        ; rst         ; 0.500        ; 0.010      ; 3.529      ;
; -3.034 ; 74193:inst4|25~_emulated ; 74193:inst1|25~_emulated ; rst          ; rst         ; 1.000        ; -1.230     ; 2.792      ;
; -3.032 ; 74193:inst1|24~_emulated ; 74193:inst1|25~_emulated ; rst          ; rst         ; 0.500        ; 0.207      ; 3.727      ;
; -3.028 ; 74193:inst4|24~_emulated ; 74193:inst4|24~_emulated ; UPclk        ; rst         ; 0.500        ; -0.625     ; 2.871      ;
+--------+--------------------------+--------------------------+--------------+-------------+--------------+------------+------------+


+------------------------------------------------------------------------------------------------------------------------------------+
; Fast 1200mV -40C Model Removal: 'UPclk'                                                                                            ;
+--------+--------------------------+--------------------------+--------------+-------------+--------------+------------+------------+
; Slack  ; From Node                ; To Node                  ; Launch Clock ; Latch Clock ; Relationship ; Clock Skew ; Data Delay ;
+--------+--------------------------+--------------------------+--------------+-------------+--------------+------------+------------+
; -1.889 ; rst                      ; 74193:inst4|23~_emulated ; rst          ; UPclk       ; 0.000        ; 4.135      ; 2.368      ;
; -1.768 ; rst                      ; 74193:inst1|23~_emulated ; rst          ; UPclk       ; 0.000        ; 4.014      ; 2.368      ;
; -1.653 ; rst                      ; 74193:inst4|24~_emulated ; rst          ; UPclk       ; 0.000        ; 3.898      ; 2.367      ;
; -1.358 ; rst                      ; 74193:inst4|25~_emulated ; rst          ; UPclk       ; 0.000        ; 4.070      ; 2.834      ;
; -1.355 ; rst                      ; 74193:inst1|24~_emulated ; rst          ; UPclk       ; 0.000        ; 3.610      ; 2.377      ;
; -1.324 ; rst                      ; 74193:inst4|25~_emulated ; rst          ; UPclk       ; -0.500       ; 4.070      ; 2.368      ;
; -1.312 ; rst                      ; 74193:inst4|26~_emulated ; rst          ; UPclk       ; 0.000        ; 4.024      ; 2.834      ;
; -1.278 ; rst                      ; 74193:inst4|26~_emulated ; rst          ; UPclk       ; -0.500       ; 4.024      ; 2.368      ;
; -1.001 ; rst                      ; 74193:inst1|25~_emulated ; rst          ; UPclk       ; 0.000        ; 3.723      ; 2.844      ;
; -0.967 ; rst                      ; 74193:inst1|25~_emulated ; rst          ; UPclk       ; -0.500       ; 3.723      ; 2.378      ;
; -0.923 ; rst                      ; 74193:inst4|23~_emulated ; rst          ; UPclk       ; -0.500       ; 4.135      ; 2.834      ;
; -0.802 ; rst                      ; 74193:inst1|23~_emulated ; rst          ; UPclk       ; -0.500       ; 4.014      ; 2.834      ;
; -0.792 ; UPclk                    ; 74193:inst4|23~_emulated ; UPclk        ; UPclk       ; 0.000        ; 4.135      ; 3.425      ;
; -0.686 ; rst                      ; 74193:inst4|24~_emulated ; rst          ; UPclk       ; -0.500       ; 3.898      ; 2.834      ;
; -0.671 ; UPclk                    ; 74193:inst1|23~_emulated ; UPclk        ; UPclk       ; 0.000        ; 4.014      ; 3.425      ;
; -0.556 ; UPclk                    ; 74193:inst4|24~_emulated ; UPclk        ; UPclk       ; 0.000        ; 3.898      ; 3.424      ;
; -0.428 ; UPclk                    ; 74193:inst4|25~_emulated ; UPclk        ; UPclk       ; 0.000        ; 4.070      ; 3.724      ;
; -0.389 ; rst                      ; 74193:inst1|24~_emulated ; rst          ; UPclk       ; -0.500       ; 3.610      ; 2.843      ;
; -0.382 ; UPclk                    ; 74193:inst4|26~_emulated ; UPclk        ; UPclk       ; 0.000        ; 4.024      ; 3.724      ;
; -0.258 ; UPclk                    ; 74193:inst1|24~_emulated ; UPclk        ; UPclk       ; 0.000        ; 3.610      ; 3.434      ;
; -0.247 ; UPclk                    ; 74193:inst4|25~_emulated ; UPclk        ; UPclk       ; -0.500       ; 4.070      ; 3.425      ;
; -0.201 ; UPclk                    ; 74193:inst4|26~_emulated ; UPclk        ; UPclk       ; -0.500       ; 4.024      ; 3.425      ;
; -0.108 ; 74193:inst4|26~_emulated ; 74193:inst4|23~_emulated ; UPclk        ; UPclk       ; 0.000        ; 2.597      ; 2.571      ;
; -0.071 ; UPclk                    ; 74193:inst1|25~_emulated ; UPclk        ; UPclk       ; 0.000        ; 3.723      ; 3.734      ;
; -0.013 ; UPclk                    ; 74193:inst4|23~_emulated ; UPclk        ; UPclk       ; -0.500       ; 4.135      ; 3.724      ;
; 0.005  ; 74193:inst1|26~_emulated ; 74193:inst4|23~_emulated ; UPclk        ; UPclk       ; 0.000        ; 3.221      ; 3.308      ;
; 0.013  ; 74193:inst4|26~_emulated ; 74193:inst1|23~_emulated ; UPclk        ; UPclk       ; 0.000        ; 2.476      ; 2.571      ;
; 0.018  ; 74193:inst1|23~_emulated ; 74193:inst4|23~_emulated ; UPclk        ; UPclk       ; 0.000        ; 2.691      ; 2.791      ;
; 0.048  ; 74193:inst4|23~_emulated ; 74193:inst4|23~_emulated ; UPclk        ; UPclk       ; 0.000        ; 2.156      ; 2.286      ;
; 0.108  ; UPclk                    ; 74193:inst1|23~_emulated ; UPclk        ; UPclk       ; -0.500       ; 4.014      ; 3.724      ;
; 0.110  ; UPclk                    ; 74193:inst1|25~_emulated ; UPclk        ; UPclk       ; -0.500       ; 3.723      ; 3.435      ;
; 0.126  ; 74193:inst1|26~_emulated ; 74193:inst1|23~_emulated ; UPclk        ; UPclk       ; 0.000        ; 3.100      ; 3.308      ;
; 0.129  ; 74193:inst4|26~_emulated ; 74193:inst4|24~_emulated ; UPclk        ; UPclk       ; 0.000        ; 2.360      ; 2.571      ;
; 0.139  ; 74193:inst1|23~_emulated ; 74193:inst1|23~_emulated ; UPclk        ; UPclk       ; 0.000        ; 2.570      ; 2.791      ;
; 0.158  ; 74193:inst4|25~_emulated ; 74193:inst4|23~_emulated ; UPclk        ; UPclk       ; 0.000        ; 2.360      ; 2.600      ;
; 0.169  ; 74193:inst4|23~_emulated ; 74193:inst1|23~_emulated ; UPclk        ; UPclk       ; 0.000        ; 2.035      ; 2.286      ;
; 0.207  ; 74193:inst1|24~_emulated ; 74193:inst4|23~_emulated ; UPclk        ; UPclk       ; 0.000        ; 3.129      ; 3.418      ;
; 0.224  ; UPclk                    ; 74193:inst4|24~_emulated ; UPclk        ; UPclk       ; -0.500       ; 3.898      ; 3.724      ;
; 0.242  ; 74193:inst1|26~_emulated ; 74193:inst4|24~_emulated ; UPclk        ; UPclk       ; 0.000        ; 2.984      ; 3.308      ;
; 0.254  ; 74193:inst4|24~_emulated ; 74193:inst4|23~_emulated ; UPclk        ; UPclk       ; 0.000        ; 2.343      ; 2.679      ;
; 0.255  ; 74193:inst1|23~_emulated ; 74193:inst4|24~_emulated ; UPclk        ; UPclk       ; 0.000        ; 2.454      ; 2.791      ;
; 0.276  ; 74193:inst1|25~_emulated ; 74193:inst4|23~_emulated ; UPclk        ; UPclk       ; 0.000        ; 3.065      ; 3.423      ;
; 0.279  ; 74193:inst4|25~_emulated ; 74193:inst1|23~_emulated ; UPclk        ; UPclk       ; 0.000        ; 2.239      ; 2.600      ;
; 0.284  ; 74193:inst4|23~_emulated ; 74193:inst4|24~_emulated ; UPclk        ; UPclk       ; 0.000        ; 1.919      ; 2.285      ;
; 0.296  ; 74193:inst4|23~1         ; 74193:inst4|23~_emulated ; rst          ; UPclk       ; 0.000        ; 1.875      ; 2.293      ;
; 0.328  ; 74193:inst1|24~_emulated ; 74193:inst1|23~_emulated ; UPclk        ; UPclk       ; 0.000        ; 3.008      ; 3.418      ;
; 0.375  ; 74193:inst4|24~_emulated ; 74193:inst1|23~_emulated ; UPclk        ; UPclk       ; 0.000        ; 2.222      ; 2.679      ;
; 0.395  ; 74193:inst4|25~_emulated ; 74193:inst4|24~_emulated ; UPclk        ; UPclk       ; 0.000        ; 2.123      ; 2.600      ;
; 0.397  ; 74193:inst1|25~_emulated ; 74193:inst1|23~_emulated ; UPclk        ; UPclk       ; 0.000        ; 2.944      ; 3.423      ;
; 0.410  ; rst                      ; 74193:inst4|25~_emulated ; rst          ; UPclk       ; 0.000        ; 1.836      ; 2.368      ;
; 0.417  ; 74193:inst4|23~1         ; 74193:inst1|23~_emulated ; rst          ; UPclk       ; 0.000        ; 1.754      ; 2.293      ;
; 0.418  ; 74193:inst4|26~_emulated ; 74193:inst1|24~_emulated ; UPclk        ; UPclk       ; 0.000        ; 2.080      ; 2.580      ;
; 0.437  ; 74193:inst4|26~_emulated ; 74193:inst4|25~_emulated ; UPclk        ; UPclk       ; -0.500       ; 2.532      ; 2.571      ;
; 0.444  ; 74193:inst1|24~_emulated ; 74193:inst4|24~_emulated ; UPclk        ; UPclk       ; 0.000        ; 2.892      ; 3.418      ;
; 0.483  ; 74193:inst4|26~_emulated ; 74193:inst4|26~_emulated ; UPclk        ; UPclk       ; -0.500       ; 2.486      ; 2.571      ;
; 0.491  ; 74193:inst4|24~_emulated ; 74193:inst4|24~_emulated ; UPclk        ; UPclk       ; 0.000        ; 2.106      ; 2.679      ;
; 0.503  ; 74193:inst4|26~1         ; 74193:inst4|23~_emulated ; rst          ; UPclk       ; 0.000        ; 1.881      ; 2.506      ;
; 0.513  ; 74193:inst1|25~_emulated ; 74193:inst4|24~_emulated ; UPclk        ; UPclk       ; 0.000        ; 2.828      ; 3.423      ;
; 0.513  ; 74193:inst1|26~1         ; 74193:inst4|23~_emulated ; rst          ; UPclk       ; 0.000        ; 2.614      ; 3.249      ;
; 0.521  ; UPclk                    ; 74193:inst1|24~_emulated ; UPclk        ; UPclk       ; -0.500       ; 3.610      ; 3.733      ;
; 0.532  ; 74193:inst4|23~1         ; 74193:inst4|24~_emulated ; rst          ; UPclk       ; 0.000        ; 1.638      ; 2.292      ;
; 0.539  ; 74193:inst1|26~_emulated ; 74193:inst1|24~_emulated ; UPclk        ; UPclk       ; 0.000        ; 2.696      ; 3.317      ;
; 0.544  ; 74193:inst1|23~_emulated ; 74193:inst1|24~_emulated ; UPclk        ; UPclk       ; 0.000        ; 2.174      ; 2.800      ;
; 0.550  ; 74193:inst1|26~_emulated ; 74193:inst4|25~_emulated ; UPclk        ; UPclk       ; -0.500       ; 3.156      ; 3.308      ;
; 0.563  ; 74193:inst1|23~_emulated ; 74193:inst4|25~_emulated ; UPclk        ; UPclk       ; -0.500       ; 2.626      ; 2.791      ;
; 0.574  ; 74193:inst4|23~_emulated ; 74193:inst1|24~_emulated ; UPclk        ; UPclk       ; 0.000        ; 1.639      ; 2.295      ;
; 0.593  ; 74193:inst4|23~_emulated ; 74193:inst4|25~_emulated ; UPclk        ; UPclk       ; -0.500       ; 2.091      ; 2.286      ;
; 0.596  ; 74193:inst1|26~_emulated ; 74193:inst4|26~_emulated ; UPclk        ; UPclk       ; -0.500       ; 3.110      ; 3.308      ;
; 0.609  ; 74193:inst1|23~_emulated ; 74193:inst4|26~_emulated ; UPclk        ; UPclk       ; -0.500       ; 2.580      ; 2.791      ;
; 0.624  ; 74193:inst4|26~1         ; 74193:inst1|23~_emulated ; rst          ; UPclk       ; 0.000        ; 1.760      ; 2.506      ;
; 0.634  ; rst                      ; 74193:inst4|26~_emulated ; rst          ; UPclk       ; 0.000        ; 1.612      ; 2.368      ;
; 0.634  ; 74193:inst1|26~1         ; 74193:inst1|23~_emulated ; rst          ; UPclk       ; 0.000        ; 2.493      ; 3.249      ;
; 0.639  ; 74193:inst4|23~_emulated ; 74193:inst4|26~_emulated ; UPclk        ; UPclk       ; -0.500       ; 2.045      ; 2.286      ;
; 0.684  ; 74193:inst4|25~_emulated ; 74193:inst1|24~_emulated ; UPclk        ; UPclk       ; 0.000        ; 1.843      ; 2.609      ;
; 0.694  ; 74193:inst1|25~1         ; 74193:inst4|23~_emulated ; rst          ; UPclk       ; 0.000        ; 2.616      ; 3.432      ;
; 0.703  ; 74193:inst4|25~_emulated ; 74193:inst4|25~_emulated ; UPclk        ; UPclk       ; -0.500       ; 2.295      ; 2.600      ;
; 0.740  ; 74193:inst4|26~1         ; 74193:inst4|24~_emulated ; rst          ; UPclk       ; 0.000        ; 1.644      ; 2.506      ;
; 0.741  ; 74193:inst1|24~_emulated ; 74193:inst1|24~_emulated ; UPclk        ; UPclk       ; 0.000        ; 2.604      ; 3.427      ;
; 0.745  ; 74193:inst4|25~1         ; 74193:inst4|23~_emulated ; rst          ; UPclk       ; 0.000        ; 1.801      ; 2.668      ;
; 0.749  ; 74193:inst4|25~_emulated ; 74193:inst4|26~_emulated ; UPclk        ; UPclk       ; -0.500       ; 2.249      ; 2.600      ;
; 0.750  ; 74193:inst1|26~1         ; 74193:inst4|24~_emulated ; rst          ; UPclk       ; 0.000        ; 2.377      ; 3.249      ;
; 0.751  ; 74193:inst4|24~1         ; 74193:inst4|23~_emulated ; rst          ; UPclk       ; 0.000        ; 1.814      ; 2.687      ;
; 0.752  ; 74193:inst1|24~_emulated ; 74193:inst4|25~_emulated ; UPclk        ; UPclk       ; -0.500       ; 3.064      ; 3.418      ;
; 0.780  ; 74193:inst4|24~_emulated ; 74193:inst1|24~_emulated ; UPclk        ; UPclk       ; 0.000        ; 1.826      ; 2.688      ;
; 0.793  ; 74193:inst1|23~1         ; 74193:inst4|23~_emulated ; rst          ; UPclk       ; 0.000        ; 1.876      ; 2.791      ;
; 0.794  ; 74193:inst4|26~_emulated ; 74193:inst1|25~_emulated ; UPclk        ; UPclk       ; -0.500       ; 2.185      ; 2.581      ;
; 0.798  ; 74193:inst1|24~_emulated ; 74193:inst4|26~_emulated ; UPclk        ; UPclk       ; -0.500       ; 3.018      ; 3.418      ;
; 0.799  ; 74193:inst4|24~_emulated ; 74193:inst4|25~_emulated ; UPclk        ; UPclk       ; -0.500       ; 2.278      ; 2.679      ;
; 0.810  ; 74193:inst1|25~_emulated ; 74193:inst1|24~_emulated ; UPclk        ; UPclk       ; 0.000        ; 2.540      ; 3.432      ;
; 0.815  ; 74193:inst1|25~1         ; 74193:inst1|23~_emulated ; rst          ; UPclk       ; 0.000        ; 2.495      ; 3.432      ;
; 0.821  ; 74193:inst1|25~_emulated ; 74193:inst4|25~_emulated ; UPclk        ; UPclk       ; -0.500       ; 3.000      ; 3.423      ;
; 0.830  ; 74193:inst4|23~1         ; 74193:inst1|24~_emulated ; rst          ; UPclk       ; 0.000        ; 1.350      ; 2.302      ;
; 0.836  ; 74193:inst4|23~_emulated ; 74193:inst4|23~_emulated ; rst          ; UPclk       ; 0.000        ; 1.328      ; 2.286      ;
; 0.845  ; 74193:inst4|24~_emulated ; 74193:inst4|26~_emulated ; UPclk        ; UPclk       ; -0.500       ; 2.232      ; 2.679      ;
; 0.861  ; 74193:inst4|23~1         ; 74193:inst4|25~_emulated ; rst          ; UPclk       ; -0.500       ; 1.810      ; 2.293      ;
; 0.866  ; 74193:inst4|25~1         ; 74193:inst1|23~_emulated ; rst          ; UPclk       ; 0.000        ; 1.680      ; 2.668      ;
; 0.867  ; 74193:inst1|25~_emulated ; 74193:inst4|26~_emulated ; UPclk        ; UPclk       ; -0.500       ; 2.954      ; 3.423      ;
; 0.872  ; 74193:inst4|24~1         ; 74193:inst1|23~_emulated ; rst          ; UPclk       ; 0.000        ; 1.693      ; 2.687      ;
; 0.907  ; 74193:inst1|26~_emulated ; 74193:inst1|25~_emulated ; UPclk        ; UPclk       ; -0.500       ; 2.809      ; 3.318      ;
; 0.907  ; 74193:inst4|23~1         ; 74193:inst4|26~_emulated ; rst          ; UPclk       ; -0.500       ; 1.764      ; 2.293      ;
+--------+--------------------------+--------------------------+--------------+-------------+--------------+------------+------------+


+------------------------------------------------------------------------------------------------------------------------------------+
; Fast 1200mV -40C Model Removal: 'rst'                                                                                              ;
+--------+--------------------------+--------------------------+--------------+-------------+--------------+------------+------------+
; Slack  ; From Node                ; To Node                  ; Launch Clock ; Latch Clock ; Relationship ; Clock Skew ; Data Delay ;
+--------+--------------------------+--------------------------+--------------+-------------+--------------+------------+------------+
; -1.419 ; rst                      ; 74193:inst4|23~_emulated ; rst          ; rst         ; 0.000        ; 4.171      ; 2.834      ;
; -1.405 ; rst                      ; 74193:inst4|23~_emulated ; rst          ; rst         ; -0.500       ; 4.171      ; 2.368      ;
; -1.224 ; rst                      ; 74193:inst4|24~_emulated ; rst          ; rst         ; 0.000        ; 3.976      ; 2.834      ;
; -1.211 ; rst                      ; 74193:inst4|24~_emulated ; rst          ; rst         ; -0.500       ; 3.976      ; 2.367      ;
; -1.205 ; rst                      ; 74193:inst4|25~_emulated ; rst          ; rst         ; 0.000        ; 3.957      ; 2.834      ;
; -1.191 ; rst                      ; 74193:inst4|25~_emulated ; rst          ; rst         ; -0.500       ; 3.957      ; 2.368      ;
; -0.981 ; rst                      ; 74193:inst4|26~_emulated ; rst          ; rst         ; 0.000        ; 3.733      ; 2.834      ;
; -0.967 ; rst                      ; 74193:inst4|26~_emulated ; rst          ; rst         ; -0.500       ; 3.733      ; 2.368      ;
; -0.862 ; rst                      ; 74193:inst1|23~_emulated ; rst          ; rst         ; 0.000        ; 3.614      ; 2.834      ;
; -0.848 ; rst                      ; 74193:inst1|23~_emulated ; rst          ; rst         ; -0.500       ; 3.614      ; 2.368      ;
; -0.755 ; rst                      ; 74193:inst4|23~_emulated ; rst          ; rst         ; 0.000        ; 3.041      ; 2.368      ;
; -0.634 ; rst                      ; 74193:inst1|23~_emulated ; rst          ; rst         ; 0.000        ; 2.920      ; 2.368      ;
; -0.569 ; UPclk                    ; 74193:inst4|23~_emulated ; UPclk        ; rst         ; 0.000        ; 4.171      ; 3.724      ;
; -0.519 ; rst                      ; 74193:inst4|24~_emulated ; rst          ; rst         ; 0.000        ; 2.804      ; 2.367      ;
; -0.374 ; UPclk                    ; 74193:inst4|24~_emulated ; UPclk        ; rst         ; 0.000        ; 3.976      ; 3.724      ;
; -0.368 ; UPclk                    ; 74193:inst4|23~_emulated ; UPclk        ; rst         ; -0.500       ; 4.171      ; 3.425      ;
; -0.355 ; UPclk                    ; 74193:inst4|25~_emulated ; UPclk        ; rst         ; 0.000        ; 3.957      ; 3.724      ;
; -0.221 ; rst                      ; 74193:inst1|24~_emulated ; rst          ; rst         ; 0.000        ; 2.516      ; 2.377      ;
; -0.174 ; UPclk                    ; 74193:inst4|24~_emulated ; UPclk        ; rst         ; -0.500       ; 3.976      ; 3.424      ;
; -0.154 ; UPclk                    ; 74193:inst4|25~_emulated ; UPclk        ; rst         ; -0.500       ; 3.957      ; 3.425      ;
; -0.131 ; UPclk                    ; 74193:inst4|26~_emulated ; UPclk        ; rst         ; 0.000        ; 3.733      ; 3.724      ;
; -0.038 ; rst                      ; 74193:inst1|25~_emulated ; rst          ; rst         ; 0.000        ; 2.800      ; 2.844      ;
; -0.024 ; rst                      ; 74193:inst1|25~_emulated ; rst          ; rst         ; -0.500       ; 2.800      ; 2.378      ;
; -0.012 ; UPclk                    ; 74193:inst1|23~_emulated ; UPclk        ; rst         ; 0.000        ; 3.614      ; 3.724      ;
; 0.070  ; UPclk                    ; 74193:inst4|26~_emulated ; UPclk        ; rst         ; -0.500       ; 3.733      ; 3.425      ;
; 0.189  ; UPclk                    ; 74193:inst1|23~_emulated ; UPclk        ; rst         ; -0.500       ; 3.614      ; 3.425      ;
; 0.191  ; rst                      ; 74193:inst4|23~_emulated ; rst          ; rst         ; -0.500       ; 3.041      ; 2.834      ;
; 0.262  ; UPclk                    ; 74193:inst4|23~_emulated ; UPclk        ; rst         ; 0.000        ; 3.041      ; 3.425      ;
; 0.308  ; 74193:inst4|26~_emulated ; 74193:inst4|23~_emulated ; UPclk        ; rst         ; -0.500       ; 2.641      ; 2.571      ;
; 0.312  ; rst                      ; 74193:inst1|23~_emulated ; rst          ; rst         ; -0.500       ; 2.920      ; 2.834      ;
; 0.383  ; UPclk                    ; 74193:inst1|23~_emulated ; UPclk        ; rst         ; 0.000        ; 2.920      ; 3.425      ;
; 0.428  ; rst                      ; 74193:inst4|24~_emulated ; rst          ; rst         ; -0.500       ; 2.804      ; 2.834      ;
; 0.429  ; 74193:inst1|26~_emulated ; 74193:inst4|23~_emulated ; UPclk        ; rst         ; -0.500       ; 3.257      ; 3.308      ;
; 0.434  ; 74193:inst1|23~_emulated ; 74193:inst4|23~_emulated ; UPclk        ; rst         ; -0.500       ; 2.735      ; 2.791      ;
; 0.464  ; 74193:inst4|23~_emulated ; 74193:inst4|23~_emulated ; UPclk        ; rst         ; -0.500       ; 2.200      ; 2.286      ;
; 0.498  ; UPclk                    ; 74193:inst4|24~_emulated ; UPclk        ; rst         ; 0.000        ; 2.804      ; 3.424      ;
; 0.503  ; 74193:inst4|26~_emulated ; 74193:inst4|24~_emulated ; UPclk        ; rst         ; -0.500       ; 2.446      ; 2.571      ;
; 0.522  ; 74193:inst4|26~_emulated ; 74193:inst4|25~_emulated ; UPclk        ; rst         ; -0.500       ; 2.427      ; 2.571      ;
; 0.574  ; 74193:inst4|25~_emulated ; 74193:inst4|23~_emulated ; UPclk        ; rst         ; -0.500       ; 2.404      ; 2.600      ;
; 0.624  ; 74193:inst1|26~_emulated ; 74193:inst4|24~_emulated ; UPclk        ; rst         ; -0.500       ; 3.062      ; 3.308      ;
; 0.629  ; 74193:inst1|23~_emulated ; 74193:inst4|24~_emulated ; UPclk        ; rst         ; -0.500       ; 2.540      ; 2.791      ;
; 0.631  ; 74193:inst1|24~_emulated ; 74193:inst4|23~_emulated ; UPclk        ; rst         ; -0.500       ; 3.165      ; 3.418      ;
; 0.643  ; 74193:inst1|26~_emulated ; 74193:inst4|25~_emulated ; UPclk        ; rst         ; -0.500       ; 3.043      ; 3.308      ;
; 0.648  ; 74193:inst1|23~_emulated ; 74193:inst4|25~_emulated ; UPclk        ; rst         ; -0.500       ; 2.521      ; 2.791      ;
; 0.658  ; 74193:inst4|23~_emulated ; 74193:inst4|24~_emulated ; UPclk        ; rst         ; -0.500       ; 2.005      ; 2.285      ;
; 0.670  ; 74193:inst4|24~_emulated ; 74193:inst4|23~_emulated ; UPclk        ; rst         ; -0.500       ; 2.387      ; 2.679      ;
; 0.678  ; 74193:inst4|23~_emulated ; 74193:inst4|25~_emulated ; UPclk        ; rst         ; -0.500       ; 1.986      ; 2.286      ;
; 0.700  ; 74193:inst1|25~_emulated ; 74193:inst4|23~_emulated ; UPclk        ; rst         ; -0.500       ; 3.101      ; 3.423      ;
; 0.725  ; rst                      ; 74193:inst1|24~_emulated ; rst          ; rst         ; -0.500       ; 2.516      ; 2.843      ;
; 0.746  ; 74193:inst4|26~_emulated ; 74193:inst4|26~_emulated ; UPclk        ; rst         ; -0.500       ; 2.203      ; 2.571      ;
; 0.769  ; 74193:inst4|25~_emulated ; 74193:inst4|24~_emulated ; UPclk        ; rst         ; -0.500       ; 2.209      ; 2.600      ;
; 0.788  ; 74193:inst4|25~_emulated ; 74193:inst4|25~_emulated ; UPclk        ; rst         ; -0.500       ; 2.190      ; 2.600      ;
; 0.796  ; UPclk                    ; 74193:inst1|24~_emulated ; UPclk        ; rst         ; 0.000        ; 2.516      ; 3.434      ;
; 0.812  ; UPclk                    ; 74193:inst1|25~_emulated ; UPclk        ; rst         ; 0.000        ; 2.800      ; 3.734      ;
; 0.821  ; 74193:inst4|23~1         ; 74193:inst4|23~_emulated ; rst          ; rst         ; -0.500       ; 1.870      ; 2.293      ;
; 0.826  ; 74193:inst1|24~_emulated ; 74193:inst4|24~_emulated ; UPclk        ; rst         ; -0.500       ; 2.970      ; 3.418      ;
; 0.845  ; 74193:inst1|24~_emulated ; 74193:inst4|25~_emulated ; UPclk        ; rst         ; -0.500       ; 2.951      ; 3.418      ;
; 0.865  ; 74193:inst4|26~_emulated ; 74193:inst1|23~_emulated ; UPclk        ; rst         ; -0.500       ; 2.084      ; 2.571      ;
; 0.865  ; 74193:inst4|24~_emulated ; 74193:inst4|24~_emulated ; UPclk        ; rst         ; -0.500       ; 2.192      ; 2.679      ;
; 0.867  ; 74193:inst1|26~_emulated ; 74193:inst4|26~_emulated ; UPclk        ; rst         ; -0.500       ; 2.819      ; 3.308      ;
; 0.872  ; 74193:inst1|23~_emulated ; 74193:inst4|26~_emulated ; UPclk        ; rst         ; -0.500       ; 2.297      ; 2.791      ;
; 0.884  ; 74193:inst4|24~_emulated ; 74193:inst4|25~_emulated ; UPclk        ; rst         ; -0.500       ; 2.173      ; 2.679      ;
; 0.895  ; 74193:inst1|25~_emulated ; 74193:inst4|24~_emulated ; UPclk        ; rst         ; -0.500       ; 2.906      ; 3.423      ;
; 0.902  ; 74193:inst4|23~_emulated ; 74193:inst4|26~_emulated ; UPclk        ; rst         ; -0.500       ; 1.762      ; 2.286      ;
; 0.914  ; 74193:inst1|25~_emulated ; 74193:inst4|25~_emulated ; UPclk        ; rst         ; -0.500       ; 2.887      ; 3.423      ;
; 0.938  ; 74193:inst4|26~_emulated ; 74193:inst4|23~_emulated ; UPclk        ; rst         ; 0.000        ; 1.511      ; 2.571      ;
; 0.986  ; 74193:inst1|26~_emulated ; 74193:inst1|23~_emulated ; UPclk        ; rst         ; -0.500       ; 2.700      ; 3.308      ;
; 0.991  ; 74193:inst1|23~_emulated ; 74193:inst1|23~_emulated ; UPclk        ; rst         ; -0.500       ; 2.178      ; 2.791      ;
; 1.012  ; 74193:inst4|25~_emulated ; 74193:inst4|26~_emulated ; UPclk        ; rst         ; -0.500       ; 1.966      ; 2.600      ;
; 1.013  ; UPclk                    ; 74193:inst1|25~_emulated ; UPclk        ; rst         ; -0.500       ; 2.800      ; 3.435      ;
; 1.015  ; 74193:inst4|23~1         ; 74193:inst4|24~_emulated ; rst          ; rst         ; -0.500       ; 1.675      ; 2.292      ;
; 1.021  ; 74193:inst4|23~_emulated ; 74193:inst1|23~_emulated ; UPclk        ; rst         ; -0.500       ; 1.643      ; 2.286      ;
; 1.028  ; 74193:inst4|26~1         ; 74193:inst4|23~_emulated ; rst          ; rst         ; -0.500       ; 1.876      ; 2.506      ;
; 1.035  ; 74193:inst4|23~1         ; 74193:inst4|25~_emulated ; rst          ; rst         ; -0.500       ; 1.656      ; 2.293      ;
; 1.038  ; 74193:inst1|26~1         ; 74193:inst4|23~_emulated ; rst          ; rst         ; -0.500       ; 2.609      ; 3.249      ;
; 1.059  ; 74193:inst4|26~_emulated ; 74193:inst1|23~_emulated ; UPclk        ; rst         ; 0.000        ; 1.390      ; 2.571      ;
; 1.059  ; 74193:inst1|26~_emulated ; 74193:inst4|23~_emulated ; UPclk        ; rst         ; 0.000        ; 2.127      ; 3.308      ;
; 1.061  ; UPclk                    ; 74193:inst4|23~_emulated ; UPclk        ; rst         ; -0.500       ; 3.041      ; 3.724      ;
; 1.064  ; 74193:inst1|23~_emulated ; 74193:inst4|23~_emulated ; UPclk        ; rst         ; 0.000        ; 1.605      ; 2.791      ;
; 1.069  ; 74193:inst1|24~_emulated ; 74193:inst4|26~_emulated ; UPclk        ; rst         ; -0.500       ; 2.727      ; 3.418      ;
; 1.094  ; 74193:inst4|23~_emulated ; 74193:inst4|23~_emulated ; UPclk        ; rst         ; 0.000        ; 1.070      ; 2.286      ;
; 1.108  ; 74193:inst4|24~_emulated ; 74193:inst4|26~_emulated ; UPclk        ; rst         ; -0.500       ; 1.949      ; 2.679      ;
; 1.131  ; 74193:inst4|25~_emulated ; 74193:inst1|23~_emulated ; UPclk        ; rst         ; -0.500       ; 1.847      ; 2.600      ;
; 1.138  ; 74193:inst1|25~_emulated ; 74193:inst4|26~_emulated ; UPclk        ; rst         ; -0.500       ; 2.663      ; 3.423      ;
; 1.175  ; 74193:inst4|26~_emulated ; 74193:inst4|24~_emulated ; UPclk        ; rst         ; 0.000        ; 1.274      ; 2.571      ;
; 1.180  ; 74193:inst1|26~_emulated ; 74193:inst1|23~_emulated ; UPclk        ; rst         ; 0.000        ; 2.006      ; 3.308      ;
; 1.182  ; UPclk                    ; 74193:inst1|23~_emulated ; UPclk        ; rst         ; -0.500       ; 2.920      ; 3.724      ;
; 1.185  ; 74193:inst1|23~_emulated ; 74193:inst1|23~_emulated ; UPclk        ; rst         ; 0.000        ; 1.484      ; 2.791      ;
; 1.188  ; 74193:inst1|24~_emulated ; 74193:inst1|23~_emulated ; UPclk        ; rst         ; -0.500       ; 2.608      ; 3.418      ;
; 1.204  ; 74193:inst4|25~_emulated ; 74193:inst4|23~_emulated ; UPclk        ; rst         ; 0.000        ; 1.274      ; 2.600      ;
; 1.215  ; 74193:inst4|23~_emulated ; 74193:inst1|23~_emulated ; UPclk        ; rst         ; 0.000        ; 0.949      ; 2.286      ;
; 1.219  ; 74193:inst1|25~1         ; 74193:inst4|23~_emulated ; rst          ; rst         ; -0.500       ; 2.611      ; 3.432      ;
; 1.223  ; 74193:inst4|26~1         ; 74193:inst4|24~_emulated ; rst          ; rst         ; -0.500       ; 1.681      ; 2.506      ;
; 1.227  ; 74193:inst4|24~_emulated ; 74193:inst1|23~_emulated ; UPclk        ; rst         ; -0.500       ; 1.830      ; 2.679      ;
; 1.233  ; 74193:inst1|26~1         ; 74193:inst4|24~_emulated ; rst          ; rst         ; -0.500       ; 2.414      ; 3.249      ;
; 1.242  ; 74193:inst4|26~1         ; 74193:inst4|25~_emulated ; rst          ; rst         ; -0.500       ; 1.662      ; 2.506      ;
; 1.252  ; 74193:inst1|26~1         ; 74193:inst4|25~_emulated ; rst          ; rst         ; -0.500       ; 2.395      ; 3.249      ;
; 1.257  ; 74193:inst1|25~_emulated ; 74193:inst1|23~_emulated ; UPclk        ; rst         ; -0.500       ; 2.544      ; 3.423      ;
; 1.259  ; 74193:inst4|23~1         ; 74193:inst4|26~_emulated ; rst          ; rst         ; -0.500       ; 1.432      ; 2.293      ;
; 1.261  ; 74193:inst1|24~_emulated ; 74193:inst4|23~_emulated ; UPclk        ; rst         ; 0.000        ; 2.035      ; 3.418      ;
+--------+--------------------------+--------------------------+--------------+-------------+--------------+------------+------------+


------------------------------------------------
; Fast 1200mV -40C Model Metastability Summary ;
------------------------------------------------
No synchronizer chains to report.


+----------------------------------------------------------------------------------+
; Multicorner Timing Analysis Summary                                              ;
+------------------+----------+---------+----------+---------+---------------------+
; Clock            ; Setup    ; Hold    ; Recovery ; Removal ; Minimum Pulse Width ;
+------------------+----------+---------+----------+---------+---------------------+
; Worst-case Slack ; -15.460  ; -3.255  ; -12.978  ; -4.107  ; -5.484              ;
;  UPclk           ; -15.460  ; -3.255  ; -12.978  ; -4.107  ; -5.484              ;
;  rst             ; -12.908  ; -2.839  ; -10.272  ; -3.204  ; -3.000              ;
; Design-wide TNS  ; -282.837 ; -28.736 ; -161.991 ; -37.363 ; -198.129            ;
;  UPclk           ; -193.825 ; -18.106 ; -94.933  ; -23.493 ; -160.387            ;
;  rst             ; -89.012  ; -10.630 ; -67.058  ; -13.870 ; -37.742             ;
+------------------+----------+---------+----------+---------+---------------------+


+------------------------------------------------------------------------------------------------------------------------------------------------------------------------------------------------------------------------------------------------------------------------------------------------------------------------------------------------------------------------------------------------------------------+
; Board Trace Model Assignments                                                                                                                                                                                                                                                                                                                                                                                    ;
+---------------+--------------+-------------------+-------------------------+-------------------------+---------------+---------------------+----------------+------------------+--------+------------------+------------------------+------------------------+--------------+---------------+-----------------+-------+---------------------+--------------------+---------------+-----------------+-------------+
; Pin           ; I/O Standard ; Near Tline Length ; Near Tline L per Length ; Near Tline C per Length ; Near Series R ; Near Differential R ; Near Pull-up R ; Near Pull-down R ; Near C ; Far Tline Length ; Far Tline L per Length ; Far Tline C per Length ; Far Series R ; Far Pull-up R ; Far Pull-down R ; Far C ; Termination Voltage ; Far Differential R ; EBD File Name ; EBD Signal Name ; EBD Far-end ;
+---------------+--------------+-------------------+-------------------------+-------------------------+---------------+---------------------+----------------+------------------+--------+------------------+------------------------+------------------------+--------------+---------------+-----------------+-------+---------------------+--------------------+---------------+-----------------+-------------+
; div_clk       ; 2.5 V        ; 0 in              ; 0 H/in                  ; 0 F/in                  ; short         ; -                   ; open           ; open             ; open   ; 0 in             ; 0 H/in                 ; 0 F/in                 ; short        ; open          ; open            ; open  ; 0 V                 ; -                  ; n/a           ; n/a             ; n/a         ;
; dispout[7]    ; 2.5 V        ; 0 in              ; 0 H/in                  ; 0 F/in                  ; short         ; -                   ; open           ; open             ; open   ; 0 in             ; 0 H/in                 ; 0 F/in                 ; short        ; open          ; open            ; open  ; 0 V                 ; -                  ; n/a           ; n/a             ; n/a         ;
; dispout[6]    ; 2.5 V        ; 0 in              ; 0 H/in                  ; 0 F/in                  ; short         ; -                   ; open           ; open             ; open   ; 0 in             ; 0 H/in                 ; 0 F/in                 ; short        ; open          ; open            ; open  ; 0 V                 ; -                  ; n/a           ; n/a             ; n/a         ;
; dispout[5]    ; 2.5 V        ; 0 in              ; 0 H/in                  ; 0 F/in                  ; short         ; -                   ; open           ; open             ; open   ; 0 in             ; 0 H/in                 ; 0 F/in                 ; short        ; open          ; open            ; open  ; 0 V                 ; -                  ; n/a           ; n/a             ; n/a         ;
; dispout[4]    ; 2.5 V        ; 0 in              ; 0 H/in                  ; 0 F/in                  ; short         ; -                   ; open           ; open             ; open   ; 0 in             ; 0 H/in                 ; 0 F/in                 ; short        ; open          ; open            ; open  ; 0 V                 ; -                  ; n/a           ; n/a             ; n/a         ;
; dispout[3]    ; 2.5 V        ; 0 in              ; 0 H/in                  ; 0 F/in                  ; short         ; -                   ; open           ; open             ; open   ; 0 in             ; 0 H/in                 ; 0 F/in                 ; short        ; open          ; open            ; open  ; 0 V                 ; -                  ; n/a           ; n/a             ; n/a         ;
; dispout[2]    ; 2.5 V        ; 0 in              ; 0 H/in                  ; 0 F/in                  ; short         ; -                   ; open           ; open             ; open   ; 0 in             ; 0 H/in                 ; 0 F/in                 ; short        ; open          ; open            ; open  ; 0 V                 ; -                  ; n/a           ; n/a             ; n/a         ;
; dispout[1]    ; 2.5 V        ; 0 in              ; 0 H/in                  ; 0 F/in                  ; short         ; -                   ; open           ; open             ; open   ; 0 in             ; 0 H/in                 ; 0 F/in                 ; short        ; open          ; open            ; open  ; 0 V                 ; -                  ; n/a           ; n/a             ; n/a         ;
; dispout[0]    ; 2.5 V        ; 0 in              ; 0 H/in                  ; 0 F/in                  ; short         ; -                   ; open           ; open             ; open   ; 0 in             ; 0 H/in                 ; 0 F/in                 ; short        ; open          ; open            ; open  ; 0 V                 ; -                  ; n/a           ; n/a             ; n/a         ;
; out[7]        ; 2.5 V        ; 0 in              ; 0 H/in                  ; 0 F/in                  ; short         ; -                   ; open           ; open             ; open   ; 0 in             ; 0 H/in                 ; 0 F/in                 ; short        ; open          ; open            ; open  ; 0 V                 ; -                  ; n/a           ; n/a             ; n/a         ;
; out[6]        ; 2.5 V        ; 0 in              ; 0 H/in                  ; 0 F/in                  ; short         ; -                   ; open           ; open             ; open   ; 0 in             ; 0 H/in                 ; 0 F/in                 ; short        ; open          ; open            ; open  ; 0 V                 ; -                  ; n/a           ; n/a             ; n/a         ;
; out[5]        ; 2.5 V        ; 0 in              ; 0 H/in                  ; 0 F/in                  ; short         ; -                   ; open           ; open             ; open   ; 0 in             ; 0 H/in                 ; 0 F/in                 ; short        ; open          ; open            ; open  ; 0 V                 ; -                  ; n/a           ; n/a             ; n/a         ;
; out[4]        ; 2.5 V        ; 0 in              ; 0 H/in                  ; 0 F/in                  ; short         ; -                   ; open           ; open             ; open   ; 0 in             ; 0 H/in                 ; 0 F/in                 ; short        ; open          ; open            ; open  ; 0 V                 ; -                  ; n/a           ; n/a             ; n/a         ;
; out[3]        ; 2.5 V        ; 0 in              ; 0 H/in                  ; 0 F/in                  ; short         ; -                   ; open           ; open             ; open   ; 0 in             ; 0 H/in                 ; 0 F/in                 ; short        ; open          ; open            ; open  ; 0 V                 ; -                  ; n/a           ; n/a             ; n/a         ;
; out[2]        ; 2.5 V        ; 0 in              ; 0 H/in                  ; 0 F/in                  ; short         ; -                   ; open           ; open             ; open   ; 0 in             ; 0 H/in                 ; 0 F/in                 ; short        ; open          ; open            ; open  ; 0 V                 ; -                  ; n/a           ; n/a             ; n/a         ;
; out[1]        ; 2.5 V        ; 0 in              ; 0 H/in                  ; 0 F/in                  ; short         ; -                   ; open           ; open             ; open   ; 0 in             ; 0 H/in                 ; 0 F/in                 ; short        ; open          ; open            ; open  ; 0 V                 ; -                  ; n/a           ; n/a             ; n/a         ;
; out[0]        ; 2.5 V        ; 0 in              ; 0 H/in                  ; 0 F/in                  ; short         ; -                   ; open           ; open             ; open   ; 0 in             ; 0 H/in                 ; 0 F/in                 ; short        ; open          ; open            ; open  ; 0 V                 ; -                  ; n/a           ; n/a             ; n/a         ;
; ~ALTERA_DCLK~ ; 2.5 V        ; 0 in              ; 0 H/in                  ; 0 F/in                  ; short         ; -                   ; open           ; open             ; open   ; 0 in             ; 0 H/in                 ; 0 F/in                 ; short        ; open          ; open            ; open  ; 0 V                 ; -                  ; n/a           ; n/a             ; n/a         ;
; ~ALTERA_nCEO~ ; 2.5 V        ; 0 in              ; 0 H/in                  ; 0 F/in                  ; short         ; -                   ; open           ; open             ; open   ; 0 in             ; 0 H/in                 ; 0 F/in                 ; short        ; open          ; open            ; open  ; 0 V                 ; -                  ; n/a           ; n/a             ; n/a         ;
+---------------+--------------+-------------------+-------------------------+-------------------------+---------------+---------------------+----------------+------------------+--------+------------------+------------------------+------------------------+--------------+---------------+-----------------+-------+---------------------+--------------------+---------------+-----------------+-------------+


+----------------------------------------------------------------------------+
; Input Transition Times                                                     ;
+-------------------------+--------------+-----------------+-----------------+
; Pin                     ; I/O Standard ; 10-90 Rise Time ; 90-10 Fall Time ;
+-------------------------+--------------+-----------------+-----------------+
; UPclk                   ; 2.5 V        ; 2000 ps         ; 2000 ps         ;
; disprst                 ; 2.5 V        ; 2000 ps         ; 2000 ps         ;
; in[7]                   ; 2.5 V        ; 2000 ps         ; 2000 ps         ;
; in[6]                   ; 2.5 V        ; 2000 ps         ; 2000 ps         ;
; in[5]                   ; 2.5 V        ; 2000 ps         ; 2000 ps         ;
; in[4]                   ; 2.5 V        ; 2000 ps         ; 2000 ps         ;
; in[3]                   ; 2.5 V        ; 2000 ps         ; 2000 ps         ;
; in[2]                   ; 2.5 V        ; 2000 ps         ; 2000 ps         ;
; in[1]                   ; 2.5 V        ; 2000 ps         ; 2000 ps         ;
; in[0]                   ; 2.5 V        ; 2000 ps         ; 2000 ps         ;
; rst                     ; 2.5 V        ; 2000 ps         ; 2000 ps         ;
; DNclk                   ; 2.5 V        ; 2000 ps         ; 2000 ps         ;
; ~ALTERA_ASDO_DATA1~     ; 2.5 V        ; 2000 ps         ; 2000 ps         ;
; ~ALTERA_FLASH_nCE_nCSO~ ; 2.5 V        ; 2000 ps         ; 2000 ps         ;
; ~ALTERA_DATA0~          ; 2.5 V        ; 2000 ps         ; 2000 ps         ;
+-------------------------+--------------+-----------------+-----------------+


+--------------------------------------------------------------------------------------------------------------------------------------------------------------------------------------------------------------------------------------------------------------------------------------------------------------------------------------------------------------------------------------------------------------------------------------------------------------------------------------------------------------------------------------------------------------------------------------------------------------------------------------------------------------------------------------------+
; Signal Integrity Metrics (Slow 1200mv n40c Model)                                                                                                                                                                                                                                                                                                                                                                                                                                                                                                                                                                                                                                          ;
+---------------+--------------+---------------------+---------------------+------------------------------+------------------------------+---------------------+---------------------+--------------------------------------+--------------------------------------+-----------------------------+-----------------------------+----------------------------+----------------------------+-----------------------------+-----------------------------+--------------------+--------------------+-------------------------------------+-------------------------------------+----------------------------+----------------------------+---------------------------+---------------------------+
; Pin           ; I/O Standard ; Board Delay on Rise ; Board Delay on Fall ; Steady State Voh at FPGA Pin ; Steady State Vol at FPGA Pin ; Voh Max at FPGA Pin ; Vol Min at FPGA Pin ; Ringback Voltage on Rise at FPGA Pin ; Ringback Voltage on Fall at FPGA Pin ; 10-90 Rise Time at FPGA Pin ; 90-10 Fall Time at FPGA Pin ; Monotonic Rise at FPGA Pin ; Monotonic Fall at FPGA Pin ; Steady State Voh at Far-end ; Steady State Vol at Far-end ; Voh Max at Far-end ; Vol Min at Far-end ; Ringback Voltage on Rise at Far-end ; Ringback Voltage on Fall at Far-end ; 10-90 Rise Time at Far-end ; 90-10 Fall Time at Far-end ; Monotonic Rise at Far-end ; Monotonic Fall at Far-end ;
+---------------+--------------+---------------------+---------------------+------------------------------+------------------------------+---------------------+---------------------+--------------------------------------+--------------------------------------+-----------------------------+-----------------------------+----------------------------+----------------------------+-----------------------------+-----------------------------+--------------------+--------------------+-------------------------------------+-------------------------------------+----------------------------+----------------------------+---------------------------+---------------------------+
; div_clk       ; 2.5 V        ; 0 s                 ; 0 s                 ; 2.32 V                       ; 1.4e-09 V                    ; 2.39 V              ; -0.0122 V           ; 0.154 V                              ; 0.017 V                              ; 4.74e-10 s                  ; 4.5e-10 s                   ; No                         ; Yes                        ; 2.32 V                      ; 1.4e-09 V                   ; 2.39 V             ; -0.0122 V          ; 0.154 V                             ; 0.017 V                             ; 4.74e-10 s                 ; 4.5e-10 s                  ; No                        ; Yes                       ;
; dispout[7]    ; 2.5 V        ; 0 s                 ; 0 s                 ; 2.32 V                       ; 1.74e-09 V                   ; 2.4 V               ; -0.0195 V           ; 0.196 V                              ; 0.023 V                              ; 2.87e-10 s                  ; 3.09e-10 s                  ; Yes                        ; Yes                        ; 2.32 V                      ; 1.74e-09 V                  ; 2.4 V              ; -0.0195 V          ; 0.196 V                             ; 0.023 V                             ; 2.87e-10 s                 ; 3.09e-10 s                 ; Yes                       ; Yes                       ;
; dispout[6]    ; 2.5 V        ; 0 s                 ; 0 s                 ; 2.32 V                       ; 1.74e-09 V                   ; 2.34 V              ; -0.00643 V          ; 0.21 V                               ; 0.072 V                              ; 2.63e-09 s                  ; 2.47e-09 s                  ; No                         ; Yes                        ; 2.32 V                      ; 1.74e-09 V                  ; 2.34 V             ; -0.00643 V         ; 0.21 V                              ; 0.072 V                             ; 2.63e-09 s                 ; 2.47e-09 s                 ; No                        ; Yes                       ;
; dispout[5]    ; 2.5 V        ; 0 s                 ; 0 s                 ; 2.32 V                       ; 1.74e-09 V                   ; 2.4 V               ; -0.0195 V           ; 0.196 V                              ; 0.023 V                              ; 2.87e-10 s                  ; 3.09e-10 s                  ; Yes                        ; Yes                        ; 2.32 V                      ; 1.74e-09 V                  ; 2.4 V              ; -0.0195 V          ; 0.196 V                             ; 0.023 V                             ; 2.87e-10 s                 ; 3.09e-10 s                 ; Yes                       ; Yes                       ;
; dispout[4]    ; 2.5 V        ; 0 s                 ; 0 s                 ; 2.32 V                       ; 1.74e-09 V                   ; 2.4 V               ; -0.0195 V           ; 0.196 V                              ; 0.023 V                              ; 2.87e-10 s                  ; 3.09e-10 s                  ; Yes                        ; Yes                        ; 2.32 V                      ; 1.74e-09 V                  ; 2.4 V              ; -0.0195 V          ; 0.196 V                             ; 0.023 V                             ; 2.87e-10 s                 ; 3.09e-10 s                 ; Yes                       ; Yes                       ;
; dispout[3]    ; 2.5 V        ; 0 s                 ; 0 s                 ; 2.32 V                       ; 1.74e-09 V                   ; 2.4 V               ; -0.0195 V           ; 0.196 V                              ; 0.023 V                              ; 2.87e-10 s                  ; 3.09e-10 s                  ; Yes                        ; Yes                        ; 2.32 V                      ; 1.74e-09 V                  ; 2.4 V              ; -0.0195 V          ; 0.196 V                             ; 0.023 V                             ; 2.87e-10 s                 ; 3.09e-10 s                 ; Yes                       ; Yes                       ;
; dispout[2]    ; 2.5 V        ; 0 s                 ; 0 s                 ; 2.32 V                       ; 1.74e-09 V                   ; 2.4 V               ; -0.0195 V           ; 0.196 V                              ; 0.023 V                              ; 2.87e-10 s                  ; 3.09e-10 s                  ; Yes                        ; Yes                        ; 2.32 V                      ; 1.74e-09 V                  ; 2.4 V              ; -0.0195 V          ; 0.196 V                             ; 0.023 V                             ; 2.87e-10 s                 ; 3.09e-10 s                 ; Yes                       ; Yes                       ;
; dispout[1]    ; 2.5 V        ; 0 s                 ; 0 s                 ; 2.32 V                       ; 1.74e-09 V                   ; 2.4 V               ; -0.0195 V           ; 0.196 V                              ; 0.023 V                              ; 2.87e-10 s                  ; 3.09e-10 s                  ; Yes                        ; Yes                        ; 2.32 V                      ; 1.74e-09 V                  ; 2.4 V              ; -0.0195 V          ; 0.196 V                             ; 0.023 V                             ; 2.87e-10 s                 ; 3.09e-10 s                 ; Yes                       ; Yes                       ;
; dispout[0]    ; 2.5 V        ; 0 s                 ; 0 s                 ; 2.32 V                       ; 1.74e-09 V                   ; 2.4 V               ; -0.0195 V           ; 0.196 V                              ; 0.023 V                              ; 2.87e-10 s                  ; 3.09e-10 s                  ; Yes                        ; Yes                        ; 2.32 V                      ; 1.74e-09 V                  ; 2.4 V              ; -0.0195 V          ; 0.196 V                             ; 0.023 V                             ; 2.87e-10 s                 ; 3.09e-10 s                 ; Yes                       ; Yes                       ;
; out[7]        ; 2.5 V        ; 0 s                 ; 0 s                 ; 2.32 V                       ; 1.74e-09 V                   ; 2.4 V               ; -0.0195 V           ; 0.196 V                              ; 0.023 V                              ; 2.87e-10 s                  ; 3.09e-10 s                  ; Yes                        ; Yes                        ; 2.32 V                      ; 1.74e-09 V                  ; 2.4 V              ; -0.0195 V          ; 0.196 V                             ; 0.023 V                             ; 2.87e-10 s                 ; 3.09e-10 s                 ; Yes                       ; Yes                       ;
; out[6]        ; 2.5 V        ; 0 s                 ; 0 s                 ; 2.32 V                       ; 1.74e-09 V                   ; 2.4 V               ; -0.0195 V           ; 0.196 V                              ; 0.023 V                              ; 2.87e-10 s                  ; 3.09e-10 s                  ; Yes                        ; Yes                        ; 2.32 V                      ; 1.74e-09 V                  ; 2.4 V              ; -0.0195 V          ; 0.196 V                             ; 0.023 V                             ; 2.87e-10 s                 ; 3.09e-10 s                 ; Yes                       ; Yes                       ;
; out[5]        ; 2.5 V        ; 0 s                 ; 0 s                 ; 2.32 V                       ; 1.74e-09 V                   ; 2.4 V               ; -0.0195 V           ; 0.196 V                              ; 0.023 V                              ; 2.87e-10 s                  ; 3.09e-10 s                  ; Yes                        ; Yes                        ; 2.32 V                      ; 1.74e-09 V                  ; 2.4 V              ; -0.0195 V          ; 0.196 V                             ; 0.023 V                             ; 2.87e-10 s                 ; 3.09e-10 s                 ; Yes                       ; Yes                       ;
; out[4]        ; 2.5 V        ; 0 s                 ; 0 s                 ; 2.32 V                       ; 1.74e-09 V                   ; 2.4 V               ; -0.0195 V           ; 0.196 V                              ; 0.023 V                              ; 2.87e-10 s                  ; 3.09e-10 s                  ; Yes                        ; Yes                        ; 2.32 V                      ; 1.74e-09 V                  ; 2.4 V              ; -0.0195 V          ; 0.196 V                             ; 0.023 V                             ; 2.87e-10 s                 ; 3.09e-10 s                 ; Yes                       ; Yes                       ;
; out[3]        ; 2.5 V        ; 0 s                 ; 0 s                 ; 2.32 V                       ; 1.4e-09 V                    ; 2.34 V              ; -0.00664 V          ; 0.204 V                              ; 0.106 V                              ; 2.63e-09 s                  ; 2.46e-09 s                  ; No                         ; Yes                        ; 2.32 V                      ; 1.4e-09 V                   ; 2.34 V             ; -0.00664 V         ; 0.204 V                             ; 0.106 V                             ; 2.63e-09 s                 ; 2.46e-09 s                 ; No                        ; Yes                       ;
; out[2]        ; 2.5 V        ; 0 s                 ; 0 s                 ; 2.32 V                       ; 1.4e-09 V                    ; 2.34 V              ; -0.00664 V          ; 0.204 V                              ; 0.106 V                              ; 2.63e-09 s                  ; 2.46e-09 s                  ; No                         ; Yes                        ; 2.32 V                      ; 1.4e-09 V                   ; 2.34 V             ; -0.00664 V         ; 0.204 V                             ; 0.106 V                             ; 2.63e-09 s                 ; 2.46e-09 s                 ; No                        ; Yes                       ;
; out[1]        ; 2.5 V        ; 0 s                 ; 0 s                 ; 2.32 V                       ; 1.4e-09 V                    ; 2.4 V               ; -0.0306 V           ; 0.178 V                              ; 0.087 V                              ; 2.81e-10 s                  ; 2.95e-10 s                  ; Yes                        ; Yes                        ; 2.32 V                      ; 1.4e-09 V                   ; 2.4 V              ; -0.0306 V          ; 0.178 V                             ; 0.087 V                             ; 2.81e-10 s                 ; 2.95e-10 s                 ; Yes                       ; Yes                       ;
; out[0]        ; 2.5 V        ; 0 s                 ; 0 s                 ; 2.32 V                       ; 1.4e-09 V                    ; 2.39 V              ; -0.0122 V           ; 0.154 V                              ; 0.017 V                              ; 4.74e-10 s                  ; 4.5e-10 s                   ; No                         ; Yes                        ; 2.32 V                      ; 1.4e-09 V                   ; 2.39 V             ; -0.0122 V          ; 0.154 V                             ; 0.017 V                             ; 4.74e-10 s                 ; 4.5e-10 s                  ; No                        ; Yes                       ;
; ~ALTERA_DCLK~ ; 2.5 V        ; 0 s                 ; 0 s                 ; 2.32 V                       ; 1.16e-09 V                   ; 2.39 V              ; -0.0798 V           ; 0.13 V                               ; 0.103 V                              ; 2.71e-10 s                  ; 2.5e-10 s                   ; Yes                        ; Yes                        ; 2.32 V                      ; 1.16e-09 V                  ; 2.39 V             ; -0.0798 V          ; 0.13 V                              ; 0.103 V                             ; 2.71e-10 s                 ; 2.5e-10 s                  ; Yes                       ; Yes                       ;
; ~ALTERA_nCEO~ ; 2.5 V        ; 0 s                 ; 0 s                 ; 2.32 V                       ; 1.64e-09 V                   ; 2.39 V              ; -0.00331 V          ; 0.132 V                              ; 0.006 V                              ; 4.59e-10 s                  ; 5.62e-10 s                  ; No                         ; Yes                        ; 2.32 V                      ; 1.64e-09 V                  ; 2.39 V             ; -0.00331 V         ; 0.132 V                             ; 0.006 V                             ; 4.59e-10 s                 ; 5.62e-10 s                 ; No                        ; Yes                       ;
+---------------+--------------+---------------------+---------------------+------------------------------+------------------------------+---------------------+---------------------+--------------------------------------+--------------------------------------+-----------------------------+-----------------------------+----------------------------+----------------------------+-----------------------------+-----------------------------+--------------------+--------------------+-------------------------------------+-------------------------------------+----------------------------+----------------------------+---------------------------+---------------------------+


+--------------------------------------------------------------------------------------------------------------------------------------------------------------------------------------------------------------------------------------------------------------------------------------------------------------------------------------------------------------------------------------------------------------------------------------------------------------------------------------------------------------------------------------------------------------------------------------------------------------------------------------------------------------------------------------------+
; Signal Integrity Metrics (Slow 1200mv 125c Model)                                                                                                                                                                                                                                                                                                                                                                                                                                                                                                                                                                                                                                          ;
+---------------+--------------+---------------------+---------------------+------------------------------+------------------------------+---------------------+---------------------+--------------------------------------+--------------------------------------+-----------------------------+-----------------------------+----------------------------+----------------------------+-----------------------------+-----------------------------+--------------------+--------------------+-------------------------------------+-------------------------------------+----------------------------+----------------------------+---------------------------+---------------------------+
; Pin           ; I/O Standard ; Board Delay on Rise ; Board Delay on Fall ; Steady State Voh at FPGA Pin ; Steady State Vol at FPGA Pin ; Voh Max at FPGA Pin ; Vol Min at FPGA Pin ; Ringback Voltage on Rise at FPGA Pin ; Ringback Voltage on Fall at FPGA Pin ; 10-90 Rise Time at FPGA Pin ; 90-10 Fall Time at FPGA Pin ; Monotonic Rise at FPGA Pin ; Monotonic Fall at FPGA Pin ; Steady State Voh at Far-end ; Steady State Vol at Far-end ; Voh Max at Far-end ; Vol Min at Far-end ; Ringback Voltage on Rise at Far-end ; Ringback Voltage on Fall at Far-end ; 10-90 Rise Time at Far-end ; 90-10 Fall Time at Far-end ; Monotonic Rise at Far-end ; Monotonic Fall at Far-end ;
+---------------+--------------+---------------------+---------------------+------------------------------+------------------------------+---------------------+---------------------+--------------------------------------+--------------------------------------+-----------------------------+-----------------------------+----------------------------+----------------------------+-----------------------------+-----------------------------+--------------------+--------------------+-------------------------------------+-------------------------------------+----------------------------+----------------------------+---------------------------+---------------------------+
; div_clk       ; 2.5 V        ; 0 s                 ; 0 s                 ; 2.32 V                       ; 2.91e-06 V                   ; 2.34 V              ; -0.0096 V           ; 0.063 V                              ; 0.023 V                              ; 6.92e-10 s                  ; 6.75e-10 s                  ; Yes                        ; Yes                        ; 2.32 V                      ; 2.91e-06 V                  ; 2.34 V             ; -0.0096 V          ; 0.063 V                             ; 0.023 V                             ; 6.92e-10 s                 ; 6.75e-10 s                 ; Yes                       ; Yes                       ;
; dispout[7]    ; 2.5 V        ; 0 s                 ; 0 s                 ; 2.32 V                       ; 4.32e-06 V                   ; 2.35 V              ; -0.0124 V           ; 0.057 V                              ; 0.05 V                               ; 4.87e-10 s                  ; 5.02e-10 s                  ; Yes                        ; Yes                        ; 2.32 V                      ; 4.32e-06 V                  ; 2.35 V             ; -0.0124 V          ; 0.057 V                             ; 0.05 V                              ; 4.87e-10 s                 ; 5.02e-10 s                 ; Yes                       ; Yes                       ;
; dispout[6]    ; 2.5 V        ; 0 s                 ; 0 s                 ; 2.32 V                       ; 4.32e-06 V                   ; 2.33 V              ; -0.00204 V          ; 0.094 V                              ; 0.055 V                              ; 3.78e-09 s                  ; 3.62e-09 s                  ; Yes                        ; Yes                        ; 2.32 V                      ; 4.32e-06 V                  ; 2.33 V             ; -0.00204 V         ; 0.094 V                             ; 0.055 V                             ; 3.78e-09 s                 ; 3.62e-09 s                 ; Yes                       ; Yes                       ;
; dispout[5]    ; 2.5 V        ; 0 s                 ; 0 s                 ; 2.32 V                       ; 4.32e-06 V                   ; 2.35 V              ; -0.0124 V           ; 0.057 V                              ; 0.05 V                               ; 4.87e-10 s                  ; 5.02e-10 s                  ; Yes                        ; Yes                        ; 2.32 V                      ; 4.32e-06 V                  ; 2.35 V             ; -0.0124 V          ; 0.057 V                             ; 0.05 V                              ; 4.87e-10 s                 ; 5.02e-10 s                 ; Yes                       ; Yes                       ;
; dispout[4]    ; 2.5 V        ; 0 s                 ; 0 s                 ; 2.32 V                       ; 4.32e-06 V                   ; 2.35 V              ; -0.0124 V           ; 0.057 V                              ; 0.05 V                               ; 4.87e-10 s                  ; 5.02e-10 s                  ; Yes                        ; Yes                        ; 2.32 V                      ; 4.32e-06 V                  ; 2.35 V             ; -0.0124 V          ; 0.057 V                             ; 0.05 V                              ; 4.87e-10 s                 ; 5.02e-10 s                 ; Yes                       ; Yes                       ;
; dispout[3]    ; 2.5 V        ; 0 s                 ; 0 s                 ; 2.32 V                       ; 4.32e-06 V                   ; 2.35 V              ; -0.0124 V           ; 0.057 V                              ; 0.05 V                               ; 4.87e-10 s                  ; 5.02e-10 s                  ; Yes                        ; Yes                        ; 2.32 V                      ; 4.32e-06 V                  ; 2.35 V             ; -0.0124 V          ; 0.057 V                             ; 0.05 V                              ; 4.87e-10 s                 ; 5.02e-10 s                 ; Yes                       ; Yes                       ;
; dispout[2]    ; 2.5 V        ; 0 s                 ; 0 s                 ; 2.32 V                       ; 4.32e-06 V                   ; 2.35 V              ; -0.0124 V           ; 0.057 V                              ; 0.05 V                               ; 4.87e-10 s                  ; 5.02e-10 s                  ; Yes                        ; Yes                        ; 2.32 V                      ; 4.32e-06 V                  ; 2.35 V             ; -0.0124 V          ; 0.057 V                             ; 0.05 V                              ; 4.87e-10 s                 ; 5.02e-10 s                 ; Yes                       ; Yes                       ;
; dispout[1]    ; 2.5 V        ; 0 s                 ; 0 s                 ; 2.32 V                       ; 4.32e-06 V                   ; 2.35 V              ; -0.0124 V           ; 0.057 V                              ; 0.05 V                               ; 4.87e-10 s                  ; 5.02e-10 s                  ; Yes                        ; Yes                        ; 2.32 V                      ; 4.32e-06 V                  ; 2.35 V             ; -0.0124 V          ; 0.057 V                             ; 0.05 V                              ; 4.87e-10 s                 ; 5.02e-10 s                 ; Yes                       ; Yes                       ;
; dispout[0]    ; 2.5 V        ; 0 s                 ; 0 s                 ; 2.32 V                       ; 4.32e-06 V                   ; 2.35 V              ; -0.0124 V           ; 0.057 V                              ; 0.05 V                               ; 4.87e-10 s                  ; 5.02e-10 s                  ; Yes                        ; Yes                        ; 2.32 V                      ; 4.32e-06 V                  ; 2.35 V             ; -0.0124 V          ; 0.057 V                             ; 0.05 V                              ; 4.87e-10 s                 ; 5.02e-10 s                 ; Yes                       ; Yes                       ;
; out[7]        ; 2.5 V        ; 0 s                 ; 0 s                 ; 2.32 V                       ; 4.32e-06 V                   ; 2.35 V              ; -0.0124 V           ; 0.057 V                              ; 0.05 V                               ; 4.87e-10 s                  ; 5.02e-10 s                  ; Yes                        ; Yes                        ; 2.32 V                      ; 4.32e-06 V                  ; 2.35 V             ; -0.0124 V          ; 0.057 V                             ; 0.05 V                              ; 4.87e-10 s                 ; 5.02e-10 s                 ; Yes                       ; Yes                       ;
; out[6]        ; 2.5 V        ; 0 s                 ; 0 s                 ; 2.32 V                       ; 4.32e-06 V                   ; 2.35 V              ; -0.0124 V           ; 0.057 V                              ; 0.05 V                               ; 4.87e-10 s                  ; 5.02e-10 s                  ; Yes                        ; Yes                        ; 2.32 V                      ; 4.32e-06 V                  ; 2.35 V             ; -0.0124 V          ; 0.057 V                             ; 0.05 V                              ; 4.87e-10 s                 ; 5.02e-10 s                 ; Yes                       ; Yes                       ;
; out[5]        ; 2.5 V        ; 0 s                 ; 0 s                 ; 2.32 V                       ; 4.32e-06 V                   ; 2.35 V              ; -0.0124 V           ; 0.057 V                              ; 0.05 V                               ; 4.87e-10 s                  ; 5.02e-10 s                  ; Yes                        ; Yes                        ; 2.32 V                      ; 4.32e-06 V                  ; 2.35 V             ; -0.0124 V          ; 0.057 V                             ; 0.05 V                              ; 4.87e-10 s                 ; 5.02e-10 s                 ; Yes                       ; Yes                       ;
; out[4]        ; 2.5 V        ; 0 s                 ; 0 s                 ; 2.32 V                       ; 4.32e-06 V                   ; 2.35 V              ; -0.0124 V           ; 0.057 V                              ; 0.05 V                               ; 4.87e-10 s                  ; 5.02e-10 s                  ; Yes                        ; Yes                        ; 2.32 V                      ; 4.32e-06 V                  ; 2.35 V             ; -0.0124 V          ; 0.057 V                             ; 0.05 V                              ; 4.87e-10 s                 ; 5.02e-10 s                 ; Yes                       ; Yes                       ;
; out[3]        ; 2.5 V        ; 0 s                 ; 0 s                 ; 2.32 V                       ; 2.91e-06 V                   ; 2.33 V              ; -0.00204 V          ; 0.091 V                              ; 0.053 V                              ; 3.77e-09 s                  ; 3.59e-09 s                  ; Yes                        ; Yes                        ; 2.32 V                      ; 2.91e-06 V                  ; 2.33 V             ; -0.00204 V         ; 0.091 V                             ; 0.053 V                             ; 3.77e-09 s                 ; 3.59e-09 s                 ; Yes                       ; Yes                       ;
; out[2]        ; 2.5 V        ; 0 s                 ; 0 s                 ; 2.32 V                       ; 2.91e-06 V                   ; 2.33 V              ; -0.00204 V          ; 0.091 V                              ; 0.053 V                              ; 3.77e-09 s                  ; 3.59e-09 s                  ; Yes                        ; Yes                        ; 2.32 V                      ; 2.91e-06 V                  ; 2.33 V             ; -0.00204 V         ; 0.091 V                             ; 0.053 V                             ; 3.77e-09 s                 ; 3.59e-09 s                 ; Yes                       ; Yes                       ;
; out[1]        ; 2.5 V        ; 0 s                 ; 0 s                 ; 2.32 V                       ; 2.91e-06 V                   ; 2.35 V              ; -0.00923 V          ; 0.127 V                              ; 0.041 V                              ; 4.74e-10 s                  ; 4.81e-10 s                  ; Yes                        ; Yes                        ; 2.32 V                      ; 2.91e-06 V                  ; 2.35 V             ; -0.00923 V         ; 0.127 V                             ; 0.041 V                             ; 4.74e-10 s                 ; 4.81e-10 s                 ; Yes                       ; Yes                       ;
; out[0]        ; 2.5 V        ; 0 s                 ; 0 s                 ; 2.32 V                       ; 2.91e-06 V                   ; 2.34 V              ; -0.0096 V           ; 0.063 V                              ; 0.023 V                              ; 6.92e-10 s                  ; 6.75e-10 s                  ; Yes                        ; Yes                        ; 2.32 V                      ; 2.91e-06 V                  ; 2.34 V             ; -0.0096 V          ; 0.063 V                             ; 0.023 V                             ; 6.92e-10 s                 ; 6.75e-10 s                 ; Yes                       ; Yes                       ;
; ~ALTERA_DCLK~ ; 2.5 V        ; 0 s                 ; 0 s                 ; 2.32 V                       ; 2.33e-06 V                   ; 2.35 V              ; -0.00598 V          ; 0.095 V                              ; 0.012 V                              ; 4.54e-10 s                  ; 3.98e-10 s                  ; Yes                        ; Yes                        ; 2.32 V                      ; 2.33e-06 V                  ; 2.35 V             ; -0.00598 V         ; 0.095 V                             ; 0.012 V                             ; 4.54e-10 s                 ; 3.98e-10 s                 ; Yes                       ; Yes                       ;
; ~ALTERA_nCEO~ ; 2.5 V        ; 0 s                 ; 0 s                 ; 2.32 V                       ; 3.86e-06 V                   ; 2.34 V              ; -0.00776 V          ; 0.107 V                              ; 0.033 V                              ; 6.63e-10 s                  ; 8.55e-10 s                  ; Yes                        ; Yes                        ; 2.32 V                      ; 3.86e-06 V                  ; 2.34 V             ; -0.00776 V         ; 0.107 V                             ; 0.033 V                             ; 6.63e-10 s                 ; 8.55e-10 s                 ; Yes                       ; Yes                       ;
+---------------+--------------+---------------------+---------------------+------------------------------+------------------------------+---------------------+---------------------+--------------------------------------+--------------------------------------+-----------------------------+-----------------------------+----------------------------+----------------------------+-----------------------------+-----------------------------+--------------------+--------------------+-------------------------------------+-------------------------------------+----------------------------+----------------------------+---------------------------+---------------------------+


+--------------------------------------------------------------------------------------------------------------------------------------------------------------------------------------------------------------------------------------------------------------------------------------------------------------------------------------------------------------------------------------------------------------------------------------------------------------------------------------------------------------------------------------------------------------------------------------------------------------------------------------------------------------------------------------------+
; Signal Integrity Metrics (Fast 1200mv n40c Model)                                                                                                                                                                                                                                                                                                                                                                                                                                                                                                                                                                                                                                          ;
+---------------+--------------+---------------------+---------------------+------------------------------+------------------------------+---------------------+---------------------+--------------------------------------+--------------------------------------+-----------------------------+-----------------------------+----------------------------+----------------------------+-----------------------------+-----------------------------+--------------------+--------------------+-------------------------------------+-------------------------------------+----------------------------+----------------------------+---------------------------+---------------------------+
; Pin           ; I/O Standard ; Board Delay on Rise ; Board Delay on Fall ; Steady State Voh at FPGA Pin ; Steady State Vol at FPGA Pin ; Voh Max at FPGA Pin ; Vol Min at FPGA Pin ; Ringback Voltage on Rise at FPGA Pin ; Ringback Voltage on Fall at FPGA Pin ; 10-90 Rise Time at FPGA Pin ; 90-10 Fall Time at FPGA Pin ; Monotonic Rise at FPGA Pin ; Monotonic Fall at FPGA Pin ; Steady State Voh at Far-end ; Steady State Vol at Far-end ; Voh Max at Far-end ; Vol Min at Far-end ; Ringback Voltage on Rise at Far-end ; Ringback Voltage on Fall at Far-end ; 10-90 Rise Time at Far-end ; 90-10 Fall Time at Far-end ; Monotonic Rise at Far-end ; Monotonic Fall at Far-end ;
+---------------+--------------+---------------------+---------------------+------------------------------+------------------------------+---------------------+---------------------+--------------------------------------+--------------------------------------+-----------------------------+-----------------------------+----------------------------+----------------------------+-----------------------------+-----------------------------+--------------------+--------------------+-------------------------------------+-------------------------------------+----------------------------+----------------------------+---------------------------+---------------------------+
; div_clk       ; 2.5 V        ; 0 s                 ; 0 s                 ; 2.62 V                       ; 2.24e-09 V                   ; 2.74 V              ; -0.0529 V           ; 0.285 V                              ; 0.071 V                              ; 2.99e-10 s                  ; 3.3e-10 s                   ; No                         ; Yes                        ; 2.62 V                      ; 2.24e-09 V                  ; 2.74 V             ; -0.0529 V          ; 0.285 V                             ; 0.071 V                             ; 2.99e-10 s                 ; 3.3e-10 s                  ; No                        ; Yes                       ;
; dispout[7]    ; 2.5 V        ; 0 s                 ; 0 s                 ; 2.62 V                       ; 3.18e-09 V                   ; 2.74 V              ; -0.0527 V           ; 0.162 V                              ; 0.083 V                              ; 2.61e-10 s                  ; 2.44e-10 s                  ; Yes                        ; Yes                        ; 2.62 V                      ; 3.18e-09 V                  ; 2.74 V             ; -0.0527 V          ; 0.162 V                             ; 0.083 V                             ; 2.61e-10 s                 ; 2.44e-10 s                 ; Yes                       ; Yes                       ;
; dispout[6]    ; 2.5 V        ; 0 s                 ; 0 s                 ; 2.62 V                       ; 3.18e-09 V                   ; 2.65 V              ; -0.0147 V           ; 0.207 V                              ; 0.176 V                              ; 2.16e-09 s                  ; 2.03e-09 s                  ; No                         ; Yes                        ; 2.62 V                      ; 3.18e-09 V                  ; 2.65 V             ; -0.0147 V          ; 0.207 V                             ; 0.176 V                             ; 2.16e-09 s                 ; 2.03e-09 s                 ; No                        ; Yes                       ;
; dispout[5]    ; 2.5 V        ; 0 s                 ; 0 s                 ; 2.62 V                       ; 3.18e-09 V                   ; 2.74 V              ; -0.0527 V           ; 0.162 V                              ; 0.083 V                              ; 2.61e-10 s                  ; 2.44e-10 s                  ; Yes                        ; Yes                        ; 2.62 V                      ; 3.18e-09 V                  ; 2.74 V             ; -0.0527 V          ; 0.162 V                             ; 0.083 V                             ; 2.61e-10 s                 ; 2.44e-10 s                 ; Yes                       ; Yes                       ;
; dispout[4]    ; 2.5 V        ; 0 s                 ; 0 s                 ; 2.62 V                       ; 3.18e-09 V                   ; 2.74 V              ; -0.0527 V           ; 0.162 V                              ; 0.083 V                              ; 2.61e-10 s                  ; 2.44e-10 s                  ; Yes                        ; Yes                        ; 2.62 V                      ; 3.18e-09 V                  ; 2.74 V             ; -0.0527 V          ; 0.162 V                             ; 0.083 V                             ; 2.61e-10 s                 ; 2.44e-10 s                 ; Yes                       ; Yes                       ;
; dispout[3]    ; 2.5 V        ; 0 s                 ; 0 s                 ; 2.62 V                       ; 3.18e-09 V                   ; 2.74 V              ; -0.0527 V           ; 0.162 V                              ; 0.083 V                              ; 2.61e-10 s                  ; 2.44e-10 s                  ; Yes                        ; Yes                        ; 2.62 V                      ; 3.18e-09 V                  ; 2.74 V             ; -0.0527 V          ; 0.162 V                             ; 0.083 V                             ; 2.61e-10 s                 ; 2.44e-10 s                 ; Yes                       ; Yes                       ;
; dispout[2]    ; 2.5 V        ; 0 s                 ; 0 s                 ; 2.62 V                       ; 3.18e-09 V                   ; 2.74 V              ; -0.0527 V           ; 0.162 V                              ; 0.083 V                              ; 2.61e-10 s                  ; 2.44e-10 s                  ; Yes                        ; Yes                        ; 2.62 V                      ; 3.18e-09 V                  ; 2.74 V             ; -0.0527 V          ; 0.162 V                             ; 0.083 V                             ; 2.61e-10 s                 ; 2.44e-10 s                 ; Yes                       ; Yes                       ;
; dispout[1]    ; 2.5 V        ; 0 s                 ; 0 s                 ; 2.62 V                       ; 3.18e-09 V                   ; 2.74 V              ; -0.0527 V           ; 0.162 V                              ; 0.083 V                              ; 2.61e-10 s                  ; 2.44e-10 s                  ; Yes                        ; Yes                        ; 2.62 V                      ; 3.18e-09 V                  ; 2.74 V             ; -0.0527 V          ; 0.162 V                             ; 0.083 V                             ; 2.61e-10 s                 ; 2.44e-10 s                 ; Yes                       ; Yes                       ;
; dispout[0]    ; 2.5 V        ; 0 s                 ; 0 s                 ; 2.62 V                       ; 3.18e-09 V                   ; 2.74 V              ; -0.0527 V           ; 0.162 V                              ; 0.083 V                              ; 2.61e-10 s                  ; 2.44e-10 s                  ; Yes                        ; Yes                        ; 2.62 V                      ; 3.18e-09 V                  ; 2.74 V             ; -0.0527 V          ; 0.162 V                             ; 0.083 V                             ; 2.61e-10 s                 ; 2.44e-10 s                 ; Yes                       ; Yes                       ;
; out[7]        ; 2.5 V        ; 0 s                 ; 0 s                 ; 2.62 V                       ; 3.18e-09 V                   ; 2.74 V              ; -0.0527 V           ; 0.162 V                              ; 0.083 V                              ; 2.61e-10 s                  ; 2.44e-10 s                  ; Yes                        ; Yes                        ; 2.62 V                      ; 3.18e-09 V                  ; 2.74 V             ; -0.0527 V          ; 0.162 V                             ; 0.083 V                             ; 2.61e-10 s                 ; 2.44e-10 s                 ; Yes                       ; Yes                       ;
; out[6]        ; 2.5 V        ; 0 s                 ; 0 s                 ; 2.62 V                       ; 3.18e-09 V                   ; 2.74 V              ; -0.0527 V           ; 0.162 V                              ; 0.083 V                              ; 2.61e-10 s                  ; 2.44e-10 s                  ; Yes                        ; Yes                        ; 2.62 V                      ; 3.18e-09 V                  ; 2.74 V             ; -0.0527 V          ; 0.162 V                             ; 0.083 V                             ; 2.61e-10 s                 ; 2.44e-10 s                 ; Yes                       ; Yes                       ;
; out[5]        ; 2.5 V        ; 0 s                 ; 0 s                 ; 2.62 V                       ; 3.18e-09 V                   ; 2.74 V              ; -0.0527 V           ; 0.162 V                              ; 0.083 V                              ; 2.61e-10 s                  ; 2.44e-10 s                  ; Yes                        ; Yes                        ; 2.62 V                      ; 3.18e-09 V                  ; 2.74 V             ; -0.0527 V          ; 0.162 V                             ; 0.083 V                             ; 2.61e-10 s                 ; 2.44e-10 s                 ; Yes                       ; Yes                       ;
; out[4]        ; 2.5 V        ; 0 s                 ; 0 s                 ; 2.62 V                       ; 3.18e-09 V                   ; 2.74 V              ; -0.0527 V           ; 0.162 V                              ; 0.083 V                              ; 2.61e-10 s                  ; 2.44e-10 s                  ; Yes                        ; Yes                        ; 2.62 V                      ; 3.18e-09 V                  ; 2.74 V             ; -0.0527 V          ; 0.162 V                             ; 0.083 V                             ; 2.61e-10 s                 ; 2.44e-10 s                 ; Yes                       ; Yes                       ;
; out[3]        ; 2.5 V        ; 0 s                 ; 0 s                 ; 2.62 V                       ; 2.24e-09 V                   ; 2.65 V              ; -0.0149 V           ; 0.207 V                              ; 0.176 V                              ; 2.15e-09 s                  ; 2.03e-09 s                  ; No                         ; Yes                        ; 2.62 V                      ; 2.24e-09 V                  ; 2.65 V             ; -0.0149 V          ; 0.207 V                             ; 0.176 V                             ; 2.15e-09 s                 ; 2.03e-09 s                 ; No                        ; Yes                       ;
; out[2]        ; 2.5 V        ; 0 s                 ; 0 s                 ; 2.62 V                       ; 2.24e-09 V                   ; 2.65 V              ; -0.0149 V           ; 0.207 V                              ; 0.176 V                              ; 2.15e-09 s                  ; 2.03e-09 s                  ; No                         ; Yes                        ; 2.62 V                      ; 2.24e-09 V                  ; 2.65 V             ; -0.0149 V          ; 0.207 V                             ; 0.176 V                             ; 2.15e-09 s                 ; 2.03e-09 s                 ; No                        ; Yes                       ;
; out[1]        ; 2.5 V        ; 0 s                 ; 0 s                 ; 2.62 V                       ; 2.24e-09 V                   ; 2.76 V              ; -0.0537 V           ; 0.17 V                               ; 0.079 V                              ; 2.61e-10 s                  ; 2.39e-10 s                  ; No                         ; Yes                        ; 2.62 V                      ; 2.24e-09 V                  ; 2.76 V             ; -0.0537 V          ; 0.17 V                              ; 0.079 V                             ; 2.61e-10 s                 ; 2.39e-10 s                 ; No                        ; Yes                       ;
; out[0]        ; 2.5 V        ; 0 s                 ; 0 s                 ; 2.62 V                       ; 2.24e-09 V                   ; 2.74 V              ; -0.0529 V           ; 0.285 V                              ; 0.071 V                              ; 2.99e-10 s                  ; 3.3e-10 s                   ; No                         ; Yes                        ; 2.62 V                      ; 2.24e-09 V                  ; 2.74 V             ; -0.0529 V          ; 0.285 V                             ; 0.071 V                             ; 2.99e-10 s                 ; 3.3e-10 s                  ; No                        ; Yes                       ;
; ~ALTERA_DCLK~ ; 2.5 V        ; 0 s                 ; 0 s                 ; 2.62 V                       ; 1.87e-09 V                   ; 2.79 V              ; -0.0524 V           ; 0.19 V                               ; 0.066 V                              ; 2.63e-10 s                  ; 1.96e-10 s                  ; No                         ; Yes                        ; 2.62 V                      ; 1.87e-09 V                  ; 2.79 V             ; -0.0524 V          ; 0.19 V                              ; 0.066 V                             ; 2.63e-10 s                 ; 1.96e-10 s                 ; No                        ; Yes                       ;
; ~ALTERA_nCEO~ ; 2.5 V        ; 0 s                 ; 0 s                 ; 2.62 V                       ; 2.91e-09 V                   ; 2.73 V              ; -0.0159 V           ; 0.231 V                              ; 0.026 V                              ; 2.89e-10 s                  ; 4.54e-10 s                  ; Yes                        ; Yes                        ; 2.62 V                      ; 2.91e-09 V                  ; 2.73 V             ; -0.0159 V          ; 0.231 V                             ; 0.026 V                             ; 2.89e-10 s                 ; 4.54e-10 s                 ; Yes                       ; Yes                       ;
+---------------+--------------+---------------------+---------------------+------------------------------+------------------------------+---------------------+---------------------+--------------------------------------+--------------------------------------+-----------------------------+-----------------------------+----------------------------+----------------------------+-----------------------------+-----------------------------+--------------------+--------------------+-------------------------------------+-------------------------------------+----------------------------+----------------------------+---------------------------+---------------------------+


+-------------------------------------------------------------------+
; Setup Transfers                                                   ;
+------------+----------+----------+----------+----------+----------+
; From Clock ; To Clock ; RR Paths ; FR Paths ; RF Paths ; FF Paths ;
+------------+----------+----------+----------+----------+----------+
; rst        ; rst      ; 99       ; 49       ; 126      ; 63       ;
; UPclk      ; rst      ; 127      ; 28       ; 162      ; 36       ;
; rst        ; UPclk    ; 165      ; 77       ; 84       ; 42       ;
; UPclk      ; UPclk    ; 271      ; 44       ; 108      ; 24       ;
+------------+----------+----------+----------+----------+----------+
Entries labeled "false path" only account for clock-to-clock false paths and not path-based false paths. As a result, actual path counts may be lower than reported.


+-------------------------------------------------------------------+
; Hold Transfers                                                    ;
+------------+----------+----------+----------+----------+----------+
; From Clock ; To Clock ; RR Paths ; FR Paths ; RF Paths ; FF Paths ;
+------------+----------+----------+----------+----------+----------+
; rst        ; rst      ; 99       ; 49       ; 126      ; 63       ;
; UPclk      ; rst      ; 127      ; 28       ; 162      ; 36       ;
; rst        ; UPclk    ; 165      ; 77       ; 84       ; 42       ;
; UPclk      ; UPclk    ; 271      ; 44       ; 108      ; 24       ;
+------------+----------+----------+----------+----------+----------+
Entries labeled "false path" only account for clock-to-clock false paths and not path-based false paths. As a result, actual path counts may be lower than reported.


+-------------------------------------------------------------------+
; Recovery Transfers                                                ;
+------------+----------+----------+----------+----------+----------+
; From Clock ; To Clock ; RR Paths ; FR Paths ; RF Paths ; FF Paths ;
+------------+----------+----------+----------+----------+----------+
; rst        ; rst      ; 91       ; 49       ; 117      ; 63       ;
; UPclk      ; rst      ; 119      ; 28       ; 153      ; 36       ;
; rst        ; UPclk    ; 143      ; 77       ; 78       ; 42       ;
; UPclk      ; UPclk    ; 187      ; 44       ; 102      ; 24       ;
+------------+----------+----------+----------+----------+----------+
Entries labeled "false path" only account for clock-to-clock false paths and not path-based false paths. As a result, actual path counts may be lower than reported.


+-------------------------------------------------------------------+
; Removal Transfers                                                 ;
+------------+----------+----------+----------+----------+----------+
; From Clock ; To Clock ; RR Paths ; FR Paths ; RF Paths ; FF Paths ;
+------------+----------+----------+----------+----------+----------+
; rst        ; rst      ; 91       ; 49       ; 117      ; 63       ;
; UPclk      ; rst      ; 119      ; 28       ; 153      ; 36       ;
; rst        ; UPclk    ; 143      ; 77       ; 78       ; 42       ;
; UPclk      ; UPclk    ; 187      ; 44       ; 102      ; 24       ;
+------------+----------+----------+----------+----------+----------+
Entries labeled "false path" only account for clock-to-clock false paths and not path-based false paths. As a result, actual path counts may be lower than reported.


---------------
; Report TCCS ;
---------------
No dedicated SERDES Transmitter circuitry present in device or used in design


---------------
; Report RSKM ;
---------------
No non-DPA dedicated SERDES Receiver circuitry present in device or used in design


+------------------------------------------------+
; Unconstrained Paths Summary                    ;
+---------------------------------+-------+------+
; Property                        ; Setup ; Hold ;
+---------------------------------+-------+------+
; Illegal Clocks                  ; 0     ; 0    ;
; Unconstrained Clocks            ; 0     ; 0    ;
; Unconstrained Input Ports       ; 11    ; 11   ;
; Unconstrained Input Port Paths  ; 161   ; 161  ;
; Unconstrained Output Ports      ; 17    ; 17   ;
; Unconstrained Output Port Paths ; 217   ; 217  ;
+---------------------------------+-------+------+


+-------------------------------------+
; Clock Status Summary                ;
+--------+-------+------+-------------+
; Target ; Clock ; Type ; Status      ;
+--------+-------+------+-------------+
; UPclk  ; UPclk ; Base ; Constrained ;
; rst    ; rst   ; Base ; Constrained ;
+--------+-------+------+-------------+


+---------------------------------------------------------------------------------------------------+
; Unconstrained Input Ports                                                                         ;
+------------+--------------------------------------------------------------------------------------+
; Input Port ; Comment                                                                              ;
+------------+--------------------------------------------------------------------------------------+
; UPclk      ; No input delay, min/max delays, false-path exceptions, or max skew assignments found ;
; disprst    ; No input delay, min/max delays, false-path exceptions, or max skew assignments found ;
; in[0]      ; No input delay, min/max delays, false-path exceptions, or max skew assignments found ;
; in[1]      ; No input delay, min/max delays, false-path exceptions, or max skew assignments found ;
; in[2]      ; No input delay, min/max delays, false-path exceptions, or max skew assignments found ;
; in[3]      ; No input delay, min/max delays, false-path exceptions, or max skew assignments found ;
; in[4]      ; No input delay, min/max delays, false-path exceptions, or max skew assignments found ;
; in[5]      ; No input delay, min/max delays, false-path exceptions, or max skew assignments found ;
; in[6]      ; No input delay, min/max delays, false-path exceptions, or max skew assignments found ;
; in[7]      ; No input delay, min/max delays, false-path exceptions, or max skew assignments found ;
; rst        ; No input delay, min/max delays, false-path exceptions, or max skew assignments found ;
+------------+--------------------------------------------------------------------------------------+


+-----------------------------------------------------------------------------------------------------+
; Unconstrained Output Ports                                                                          ;
+-------------+---------------------------------------------------------------------------------------+
; Output Port ; Comment                                                                               ;
+-------------+---------------------------------------------------------------------------------------+
; dispout[0]  ; No output delay, min/max delays, false-path exceptions, or max skew assignments found ;
; dispout[1]  ; No output delay, min/max delays, false-path exceptions, or max skew assignments found ;
; dispout[2]  ; No output delay, min/max delays, false-path exceptions, or max skew assignments found ;
; dispout[3]  ; No output delay, min/max delays, false-path exceptions, or max skew assignments found ;
; dispout[4]  ; No output delay, min/max delays, false-path exceptions, or max skew assignments found ;
; dispout[5]  ; No output delay, min/max delays, false-path exceptions, or max skew assignments found ;
; dispout[6]  ; No output delay, min/max delays, false-path exceptions, or max skew assignments found ;
; dispout[7]  ; No output delay, min/max delays, false-path exceptions, or max skew assignments found ;
; div_clk     ; No output delay, min/max delays, false-path exceptions, or max skew assignments found ;
; out[0]      ; No output delay, min/max delays, false-path exceptions, or max skew assignments found ;
; out[1]      ; No output delay, min/max delays, false-path exceptions, or max skew assignments found ;
; out[2]      ; No output delay, min/max delays, false-path exceptions, or max skew assignments found ;
; out[3]      ; No output delay, min/max delays, false-path exceptions, or max skew assignments found ;
; out[4]      ; No output delay, min/max delays, false-path exceptions, or max skew assignments found ;
; out[5]      ; No output delay, min/max delays, false-path exceptions, or max skew assignments found ;
; out[6]      ; No output delay, min/max delays, false-path exceptions, or max skew assignments found ;
; out[7]      ; No output delay, min/max delays, false-path exceptions, or max skew assignments found ;
+-------------+---------------------------------------------------------------------------------------+


+---------------------------------------------------------------------------------------------------+
; Unconstrained Input Ports                                                                         ;
+------------+--------------------------------------------------------------------------------------+
; Input Port ; Comment                                                                              ;
+------------+--------------------------------------------------------------------------------------+
; UPclk      ; No input delay, min/max delays, false-path exceptions, or max skew assignments found ;
; disprst    ; No input delay, min/max delays, false-path exceptions, or max skew assignments found ;
; in[0]      ; No input delay, min/max delays, false-path exceptions, or max skew assignments found ;
; in[1]      ; No input delay, min/max delays, false-path exceptions, or max skew assignments found ;
; in[2]      ; No input delay, min/max delays, false-path exceptions, or max skew assignments found ;
; in[3]      ; No input delay, min/max delays, false-path exceptions, or max skew assignments found ;
; in[4]      ; No input delay, min/max delays, false-path exceptions, or max skew assignments found ;
; in[5]      ; No input delay, min/max delays, false-path exceptions, or max skew assignments found ;
; in[6]      ; No input delay, min/max delays, false-path exceptions, or max skew assignments found ;
; in[7]      ; No input delay, min/max delays, false-path exceptions, or max skew assignments found ;
; rst        ; No input delay, min/max delays, false-path exceptions, or max skew assignments found ;
+------------+--------------------------------------------------------------------------------------+


+-----------------------------------------------------------------------------------------------------+
; Unconstrained Output Ports                                                                          ;
+-------------+---------------------------------------------------------------------------------------+
; Output Port ; Comment                                                                               ;
+-------------+---------------------------------------------------------------------------------------+
; dispout[0]  ; No output delay, min/max delays, false-path exceptions, or max skew assignments found ;
; dispout[1]  ; No output delay, min/max delays, false-path exceptions, or max skew assignments found ;
; dispout[2]  ; No output delay, min/max delays, false-path exceptions, or max skew assignments found ;
; dispout[3]  ; No output delay, min/max delays, false-path exceptions, or max skew assignments found ;
; dispout[4]  ; No output delay, min/max delays, false-path exceptions, or max skew assignments found ;
; dispout[5]  ; No output delay, min/max delays, false-path exceptions, or max skew assignments found ;
; dispout[6]  ; No output delay, min/max delays, false-path exceptions, or max skew assignments found ;
; dispout[7]  ; No output delay, min/max delays, false-path exceptions, or max skew assignments found ;
; div_clk     ; No output delay, min/max delays, false-path exceptions, or max skew assignments found ;
; out[0]      ; No output delay, min/max delays, false-path exceptions, or max skew assignments found ;
; out[1]      ; No output delay, min/max delays, false-path exceptions, or max skew assignments found ;
; out[2]      ; No output delay, min/max delays, false-path exceptions, or max skew assignments found ;
; out[3]      ; No output delay, min/max delays, false-path exceptions, or max skew assignments found ;
; out[4]      ; No output delay, min/max delays, false-path exceptions, or max skew assignments found ;
; out[5]      ; No output delay, min/max delays, false-path exceptions, or max skew assignments found ;
; out[6]      ; No output delay, min/max delays, false-path exceptions, or max skew assignments found ;
; out[7]      ; No output delay, min/max delays, false-path exceptions, or max skew assignments found ;
+-------------+---------------------------------------------------------------------------------------+


+--------------------------+
; Timing Analyzer Messages ;
+--------------------------+
Info: *******************************************************************
Info: Running Quartus Prime Timing Analyzer
    Info: Version 20.1.0 Build 711 06/05/2020 SJ Lite Edition
    Info: Processing started: Mon May 25 23:42:07 2026
Info: Command: quartus_sta 3-C -c 3-C
Info: qsta_default_script.tcl version: #1
Warning (18236): Number of processors has not been specified which may cause overloading on shared machines.  Set the global assignment NUM_PARALLEL_PROCESSORS in your QSF to an appropriate value for best performance.
Info (20030): Parallel compilation is enabled and will use 12 of the 12 processors detected
Info (21077): Low junction temperature is -40 degrees C
Info (21077): High junction temperature is 125 degrees C
Warning (335093): The Timing Analyzer is analyzing 8 combinational loops as latches. For more details, run the Check Timing command in the Timing Analyzer or view the "User-Specified and Inferred Latches" table in the Analysis & Synthesis report.
Critical Warning (332012): Synopsys Design Constraints File file not found: '3-C.sdc'. A Synopsys Design Constraints File is required by the Timing Analyzer to get proper timing constraints. Without it, the Compiler will not properly optimize the design.
Info (332142): No user constrained base clocks found in the design. Calling "derive_clocks -period 1.0"
Info (332105): Deriving Clocks
    Info (332105): create_clock -period 1.000 -name UPclk UPclk
    Info (332105): create_clock -period 1.000 -name rst rst
Warning (332125): Found combinational loop of 33 nodes
    Warning (332126): Node "inst4|27|combout"
    Warning (332126): Node "inst3|4|datad"
    Warning (332126): Node "inst3|4|combout"
    Warning (332126): Node "inst4|23~2|datab"
    Warning (332126): Node "inst4|23~2|combout"
    Warning (332126): Node "inst4|27|datad"
    Warning (332126): Node "inst4|24~2|datac"
    Warning (332126): Node "inst4|24~2|combout"
    Warning (332126): Node "inst4|21~0|dataa"
    Warning (332126): Node "inst4|21~0|combout"
    Warning (332126): Node "inst4|27|datac"
    Warning (332126): Node "inst4|25~2|dataa"
    Warning (332126): Node "inst4|25~2|combout"
    Warning (332126): Node "inst4|21~0|datab"
    Warning (332126): Node "inst4|26~2|dataa"
    Warning (332126): Node "inst4|26~2|combout"
    Warning (332126): Node "inst4|21~0|datac"
    Warning (332126): Node "inst1|23~2|dataa"
    Warning (332126): Node "inst1|23~2|combout"
    Warning (332126): Node "inst1|27|datad"
    Warning (332126): Node "inst1|27|combout"
    Warning (332126): Node "inst4|21~0|datad"
    Warning (332126): Node "inst1|24~2|datab"
    Warning (332126): Node "inst1|24~2|combout"
    Warning (332126): Node "inst1|21~0|dataa"
    Warning (332126): Node "inst1|21~0|combout"
    Warning (332126): Node "inst1|27|datac"
    Warning (332126): Node "inst1|25~2|dataa"
    Warning (332126): Node "inst1|25~2|combout"
    Warning (332126): Node "inst1|21~0|datab"
    Warning (332126): Node "inst1|26~2|datab"
    Warning (332126): Node "inst1|26~2|combout"
    Warning (332126): Node "inst1|21~0|datac"
Info (332097): The following timing edges are non-unate.  The Timing Analyzer will assume pos-unate behavior for these edges in the clock network.
    Info (332098): From: inst1|21~0|datad  to: inst1|26~2|combout
    Info (332098): Cell: inst1|92  from: dataa  to: combout
    Info (332098): Cell: inst1|92  from: datac  to: combout
    Info (332098): Cell: inst1|93  from: datad  to: combout
    Info (332098): From: inst3|4|datac  to: inst1|26~2|combout
    Info (332098): Cell: inst4|92  from: datab  to: combout
    Info (332098): Cell: inst4|92  from: datad  to: combout
    Info (332098): Cell: inst4|93  from: datad  to: combout
Info (332143): No user constrained clock uncertainty found in the design. Calling "derive_clock_uncertainty"
Info (332123): Deriving Clock Uncertainty. Please refer to report_sdc in the Timing Analyzer to see clock uncertainties.
Info: Found TIMING_ANALYZER_REPORT_SCRIPT_INCLUDE_DEFAULT_ANALYSIS = ON
Info: Analyzing Slow 1200mV 125C Model
Critical Warning (332148): Timing requirements not met
    Info (11105): For recommendations on closing timing, run Report Timing Closure Recommendations in the Timing Analyzer.
Info (332146): Worst-case setup slack is -15.460
    Info (332119):     Slack       End Point TNS Clock 
    Info (332119): ========= =================== =====================
    Info (332119):   -15.460            -193.825 UPclk 
    Info (332119):   -12.908             -89.012 rst 
Info (332146): Worst-case hold slack is -3.255
    Info (332119):     Slack       End Point TNS Clock 
    Info (332119): ========= =================== =====================
    Info (332119):    -3.255             -18.106 UPclk 
    Info (332119):    -2.839             -10.630 rst 
Info (332146): Worst-case recovery slack is -12.978
    Info (332119):     Slack       End Point TNS Clock 
    Info (332119): ========= =================== =====================
    Info (332119):   -12.978             -94.933 UPclk 
    Info (332119):   -10.272             -67.058 rst 
Info (332146): Worst-case removal slack is -4.107
    Info (332119):     Slack       End Point TNS Clock 
    Info (332119): ========= =================== =====================
    Info (332119):    -4.107             -23.493 UPclk 
    Info (332119):    -3.204             -13.870 rst 
Info (332146): Worst-case minimum pulse width slack is -5.484
    Info (332119):     Slack       End Point TNS Clock 
    Info (332119): ========= =================== =====================
    Info (332119):    -5.484            -160.387 UPclk 
    Info (332119):    -3.000             -37.742 rst 
Info: Analyzing Slow 1200mV -40C Model
Info (334003): Started post-fitting delay annotation
Info (334004): Delay annotation completed successfully
Info (332097): The following timing edges are non-unate.  The Timing Analyzer will assume pos-unate behavior for these edges in the clock network.
    Info (332098): From: inst1|21~0|datad  to: inst1|26~2|combout
    Info (332098): Cell: inst1|92  from: dataa  to: combout
    Info (332098): Cell: inst1|92  from: datac  to: combout
    Info (332098): Cell: inst1|93  from: datad  to: combout
    Info (332098): From: inst3|4|datac  to: inst1|26~2|combout
    Info (332098): Cell: inst4|92  from: datab  to: combout
    Info (332098): Cell: inst4|92  from: datad  to: combout
    Info (332098): Cell: inst4|93  from: datad  to: combout
Info (332123): Deriving Clock Uncertainty. Please refer to report_sdc in the Timing Analyzer to see clock uncertainties.
Critical Warning (332148): Timing requirements not met
    Info (11105): For recommendations on closing timing, run Report Timing Closure Recommendations in the Timing Analyzer.
Info (332146): Worst-case setup slack is -13.807
    Info (332119):     Slack       End Point TNS Clock 
    Info (332119): ========= =================== =====================
    Info (332119):   -13.807            -167.473 UPclk 
    Info (332119):   -11.608             -79.460 rst 
Info (332146): Worst-case hold slack is -2.895
    Info (332119):     Slack       End Point TNS Clock 
    Info (332119): ========= =================== =====================
    Info (332119):    -2.895             -16.485 UPclk 
    Info (332119):    -2.404              -8.753 rst 
Info (332146): Worst-case recovery slack is -11.317
    Info (332119):     Slack       End Point TNS Clock 
    Info (332119): ========= =================== =====================
    Info (332119):   -11.317             -82.947 UPclk 
    Info (332119):    -9.042             -58.628 rst 
Info (332146): Worst-case removal slack is -3.595
    Info (332119):     Slack       End Point TNS Clock 
    Info (332119): ========= =================== =====================
    Info (332119):    -3.595             -21.459 UPclk 
    Info (332119):    -2.808             -12.238 rst 
Info (332146): Worst-case minimum pulse width slack is -4.751
    Info (332119):     Slack       End Point TNS Clock 
    Info (332119): ========= =================== =====================
    Info (332119):    -4.751            -139.317 UPclk 
    Info (332119):    -3.000             -29.982 rst 
Info: Analyzing Fast 1200mV -40C Model
Info (332097): The following timing edges are non-unate.  The Timing Analyzer will assume pos-unate behavior for these edges in the clock network.
    Info (332098): From: inst1|21~0|datad  to: inst1|26~2|combout
    Info (332098): Cell: inst1|92  from: dataa  to: combout
    Info (332098): Cell: inst1|92  from: datac  to: combout
    Info (332098): Cell: inst1|93  from: datad  to: combout
    Info (332098): From: inst3|4|datac  to: inst1|26~2|combout
    Info (332098): Cell: inst4|92  from: datab  to: combout
    Info (332098): Cell: inst4|92  from: datad  to: combout
    Info (332098): Cell: inst4|93  from: datad  to: combout
Info (332123): Deriving Clock Uncertainty. Please refer to report_sdc in the Timing Analyzer to see clock uncertainties.
Critical Warning (332148): Timing requirements not met
    Info (11105): For recommendations on closing timing, run Report Timing Closure Recommendations in the Timing Analyzer.
Info (332146): Worst-case setup slack is -7.395
    Info (332119):     Slack       End Point TNS Clock 
    Info (332119): ========= =================== =====================
    Info (332119):    -7.395             -81.175 UPclk 
    Info (332119):    -6.250             -39.932 rst 
Info (332146): Worst-case hold slack is -1.513
    Info (332119):     Slack       End Point TNS Clock 
    Info (332119): ========= =================== =====================
    Info (332119):    -1.513              -8.322 UPclk 
    Info (332119):    -1.351              -5.231 rst 
Info (332146): Worst-case recovery slack is -6.043
    Info (332119):     Slack       End Point TNS Clock 
    Info (332119): ========= =================== =====================
    Info (332119):    -6.043             -44.082 UPclk 
    Info (332119):    -4.739             -29.604 rst 
Info (332146): Worst-case removal slack is -1.889
    Info (332119):     Slack       End Point TNS Clock 
    Info (332119): ========= =================== =====================
    Info (332119):    -1.889             -10.336 UPclk 
    Info (332119):    -1.419              -5.950 rst 
Info (332146): Worst-case minimum pulse width slack is -3.000
    Info (332119):     Slack       End Point TNS Clock 
    Info (332119): ========= =================== =====================
    Info (332119):    -3.000             -79.973 UPclk 
    Info (332119):    -3.000             -24.720 rst 
Info (332102): Design is not fully constrained for setup requirements
Info (332102): Design is not fully constrained for hold requirements
Info: Quartus Prime Timing Analyzer was successful. 0 errors, 40 warnings
    Info: Peak virtual memory: 4857 megabytes
    Info: Processing ended: Mon May 25 23:42:09 2026
    Info: Elapsed time: 00:00:02
    Info: Total CPU time (on all processors): 00:00:02


